image,x,y,score,hit
orange_pos_001721_20260510_221828_918.png,0,0,0.621,0
orange_pos_001721_20260510_221828_918.png,20,0,0.621,0
orange_pos_001721_20260510_221828_918.png,40,0,1.221,0
orange_pos_001721_20260510_221828_918.png,60,0,0.630,0
orange_pos_001721_20260510_221828_918.png,80,0,0.621,0
orange_pos_001721_20260510_221828_918.png,100,0,0.621,0
orange_pos_001721_20260510_221828_918.png,120,0,0.621,0
orange_pos_001721_20260510_221828_918.png,140,0,0.621,0
orange_pos_001721_20260510_221828_918.png,0,20,0.621,0
orange_pos_001721_20260510_221828_918.png,20,20,0.621,0
orange_pos_001721_20260510_221828_918.png,40,20,0.872,0
orange_pos_001721_20260510_221828_918.png,60,20,0.621,0
orange_pos_001721_20260510_221828_918.png,80,20,0.621,0
orange_pos_001721_20260510_221828_918.png,100,20,0.621,0
orange_pos_001721_20260510_221828_918.png,120,20,0.621,0
orange_pos_001721_20260510_221828_918.png,140,20,0.621,0
orange_pos_001721_20260510_221828_918.png,0,40,0.643,0
orange_pos_001721_20260510_221828_918.png,20,40,0.621,0
orange_pos_001721_20260510_221828_918.png,40,40,0.621,0
orange_pos_001721_20260510_221828_918.png,60,40,0.621,0
orange_pos_001721_20260510_221828_918.png,80,40,0.621,0
orange_pos_001721_20260510_221828_918.png,100,40,0.621,0
orange_pos_001721_20260510_221828_918.png,120,40,0.621,0
orange_pos_001721_20260510_221828_918.png,140,40,0.621,0
orange_pos_001721_20260510_221828_918.png,0,60,0.621,0
orange_pos_001721_20260510_221828_918.png,20,60,0.621,0
orange_pos_001721_20260510_221828_918.png,40,60,0.731,0
orange_pos_001721_20260510_221828_918.png,60,60,0.621,0
orange_pos_001721_20260510_221828_918.png,80,60,0.621,0
orange_pos_001721_20260510_221828_918.png,100,60,0.621,0
orange_pos_001721_20260510_221828_918.png,120,60,0.621,0
orange_pos_001721_20260510_221828_918.png,140,60,0.621,0
orange_pos_001721_20260510_221828_918.png,0,80,0.621,0
orange_pos_001721_20260510_221828_918.png,20,80,0.621,0
orange_pos_001721_20260510_221828_918.png,40,80,0.770,0
orange_pos_001721_20260510_221828_918.png,60,80,0.630,0
orange_pos_001721_20260510_221828_918.png,80,80,0.621,0
orange_pos_001721_20260510_221828_918.png,100,80,0.621,0
orange_pos_001721_20260510_221828_918.png,120,80,0.621,0
orange_pos_001721_20260510_221828_918.png,140,80,0.621,0
orange_pos_001721_20260510_221828_918.png,0,100,0.621,0
orange_pos_001721_20260510_221828_918.png,20,100,0.621,0
orange_pos_001721_20260510_221828_918.png,40,100,0.627,0
orange_pos_001721_20260510_221828_918.png,60,100,0.625,0
orange_pos_001721_20260510_221828_918.png,80,100,0.621,0
orange_pos_001721_20260510_221828_918.png,100,100,0.621,0
orange_pos_001721_20260510_221828_918.png,120,100,0.621,0
orange_pos_001721_20260510_221828_918.png,140,100,0.621,0
orange_pos_001722_20260510_221830_889.png,0,0,9.633,0
orange_pos_001722_20260510_221830_889.png,20,0,10.984,0
orange_pos_001722_20260510_221830_889.png,40,0,37.030,0
orange_pos_001722_20260510_221830_889.png,60,0,37.515,0
orange_pos_001722_20260510_221830_889.png,80,0,14.662,0
orange_pos_001722_20260510_221830_889.png,100,0,4.722,0
orange_pos_001722_20260510_221830_889.png,120,0,6.535,0
orange_pos_001722_20260510_221830_889.png,140,0,19.447,0
orange_pos_001722_20260510_221830_889.png,0,20,16.599,0
orange_pos_001722_20260510_221830_889.png,20,20,9.691,0
orange_pos_001722_20260510_221830_889.png,40,20,28.308,0
orange_pos_001722_20260510_221830_889.png,60,20,16.440,0
orange_pos_001722_20260510_221830_889.png,80,20,1.066,0
orange_pos_001722_20260510_221830_889.png,100,20,0.621,0
orange_pos_001722_20260510_221830_889.png,120,20,0.621,0
orange_pos_001722_20260510_221830_889.png,140,20,10.595,0
orange_pos_001722_20260510_221830_889.png,0,40,14.039,0
orange_pos_001722_20260510_221830_889.png,20,40,13.064,0
orange_pos_001722_20260510_221830_889.png,40,40,29.849,0
orange_pos_001722_20260510_221830_889.png,60,40,11.499,0
orange_pos_001722_20260510_221830_889.png,80,40,0.634,0
orange_pos_001722_20260510_221830_889.png,100,40,0.621,0
orange_pos_001722_20260510_221830_889.png,120,40,0.621,0
orange_pos_001722_20260510_221830_889.png,140,40,11.996,0
orange_pos_001722_20260510_221830_889.png,0,60,12.220,0
orange_pos_001722_20260510_221830_889.png,20,60,11.246,0
orange_pos_001722_20260510_221830_889.png,40,60,28.590,0
orange_pos_001722_20260510_221830_889.png,60,60,14.654,0
orange_pos_001722_20260510_221830_889.png,80,60,2.430,0
orange_pos_001722_20260510_221830_889.png,100,60,0.621,0
orange_pos_001722_20260510_221830_889.png,120,60,2.105,0
orange_pos_001722_20260510_221830_889.png,140,60,14.728,0
orange_pos_001722_20260510_221830_889.png,0,80,12.025,0
orange_pos_001722_20260510_221830_889.png,20,80,12.204,0
orange_pos_001722_20260510_221830_889.png,40,80,36.064,0
orange_pos_001722_20260510_221830_889.png,60,80,23.701,0
orange_pos_001722_20260510_221830_889.png,80,80,16.221,0
orange_pos_001722_20260510_221830_889.png,100,80,11.408,0
orange_pos_001722_20260510_221830_889.png,120,80,13.973,0
orange_pos_001722_20260510_221830_889.png,140,80,24.948,0
orange_pos_001722_20260510_221830_889.png,0,100,5.971,0
orange_pos_001722_20260510_221830_889.png,20,100,15.800,0
orange_pos_001722_20260510_221830_889.png,40,100,41.022,0
orange_pos_001722_20260510_221830_889.png,60,100,35.193,0
orange_pos_001722_20260510_221830_889.png,80,100,30.960,0
orange_pos_001722_20260510_221830_889.png,100,100,29.651,0
orange_pos_001722_20260510_221830_889.png,120,100,28.663,0
orange_pos_001722_20260510_221830_889.png,140,100,33.030,0
orange_pos_001723_20260510_221831_276.png,0,0,2.301,0
orange_pos_001723_20260510_221831_276.png,20,0,1.260,0
orange_pos_001723_20260510_221831_276.png,40,0,28.739,0
orange_pos_001723_20260510_221831_276.png,60,0,30.935,0
orange_pos_001723_20260510_221831_276.png,80,0,18.691,0
orange_pos_001723_20260510_221831_276.png,100,0,8.043,0
orange_pos_001723_20260510_221831_276.png,120,0,7.721,0
orange_pos_001723_20260510_221831_276.png,140,0,11.600,0
orange_pos_001723_20260510_221831_276.png,0,20,7.820,0
orange_pos_001723_20260510_221831_276.png,20,20,2.432,0
orange_pos_001723_20260510_221831_276.png,40,20,19.576,0
orange_pos_001723_20260510_221831_276.png,60,20,12.910,0
orange_pos_001723_20260510_221831_276.png,80,20,1.415,0
orange_pos_001723_20260510_221831_276.png,100,20,0.621,0
orange_pos_001723_20260510_221831_276.png,120,20,0.631,0
orange_pos_001723_20260510_221831_276.png,140,20,8.912,0
orange_pos_001723_20260510_221831_276.png,0,40,21.114,0
orange_pos_001723_20260510_221831_276.png,20,40,17.211,0
orange_pos_001723_20260510_221831_276.png,40,40,50.465,0
orange_pos_001723_20260510_221831_276.png,60,40,30.748,0
orange_pos_001723_20260510_221831_276.png,80,40,2.638,0
orange_pos_001723_20260510_221831_276.png,100,40,0.621,0
orange_pos_001723_20260510_221831_276.png,120,40,0.919,0
orange_pos_001723_20260510_221831_276.png,140,40,32.614,0
orange_pos_001723_20260510_221831_276.png,0,60,17.510,0
orange_pos_001723_20260510_221831_276.png,20,60,17.396,0
orange_pos_001723_20260510_221831_276.png,40,60,43.916,0
orange_pos_001723_20260510_221831_276.png,60,60,26.847,0
orange_pos_001723_20260510_221831_276.png,80,60,10.121,0
orange_pos_001723_20260510_221831_276.png,100,60,1.466,0
orange_pos_001723_20260510_221831_276.png,120,60,8.697,0
orange_pos_001723_20260510_221831_276.png,140,60,30.051,0
orange_pos_001723_20260510_221831_276.png,0,80,15.778,0
orange_pos_001723_20260510_221831_276.png,20,80,12.613,0
orange_pos_001723_20260510_221831_276.png,40,80,40.789,0
orange_pos_001723_20260510_221831_276.png,60,80,29.533,0
orange_pos_001723_20260510_221831_276.png,80,80,20.643,0
orange_pos_001723_20260510_221831_276.png,100,80,17.753,0
orange_pos_001723_20260510_221831_276.png,120,80,22.048,0
orange_pos_001723_20260510_221831_276.png,140,80,30.181,0
orange_pos_001723_20260510_221831_276.png,0,100,6.747,0
orange_pos_001723_20260510_221831_276.png,20,100,14.710,0
orange_pos_001723_20260510_221831_276.png,40,100,44.665,0
orange_pos_001723_20260510_221831_276.png,60,100,37.404,0
orange_pos_001723_20260510_221831_276.png,80,100,33.316,0
orange_pos_001723_20260510_221831_276.png,100,100,28.462,0
orange_pos_001723_20260510_221831_276.png,120,100,31.716,0
orange_pos_001723_20260510_221831_276.png,140,100,34.943,0
orange_pos_001724_20260510_221833_387.png,0,0,0.621,0
orange_pos_001724_20260510_221833_387.png,20,0,0.621,0
orange_pos_001724_20260510_221833_387.png,40,0,0.726,0
orange_pos_001724_20260510_221833_387.png,60,0,0.621,0
orange_pos_001724_20260510_221833_387.png,80,0,0.621,0
orange_pos_001724_20260510_221833_387.png,100,0,0.621,0
orange_pos_001724_20260510_221833_387.png,120,0,0.621,0
orange_pos_001724_20260510_221833_387.png,140,0,0.621,0
orange_pos_001724_20260510_221833_387.png,0,20,0.621,0
orange_pos_001724_20260510_221833_387.png,20,20,0.621,0
orange_pos_001724_20260510_221833_387.png,40,20,0.646,0
orange_pos_001724_20260510_221833_387.png,60,20,0.621,0
orange_pos_001724_20260510_221833_387.png,80,20,0.621,0
orange_pos_001724_20260510_221833_387.png,100,20,0.621,0
orange_pos_001724_20260510_221833_387.png,120,20,0.621,0
orange_pos_001724_20260510_221833_387.png,140,20,0.621,0
orange_pos_001724_20260510_221833_387.png,0,40,0.621,0
orange_pos_001724_20260510_221833_387.png,20,40,0.621,0
orange_pos_001724_20260510_221833_387.png,40,40,0.983,0
orange_pos_001724_20260510_221833_387.png,60,40,0.633,0
orange_pos_001724_20260510_221833_387.png,80,40,0.621,0
orange_pos_001724_20260510_221833_387.png,100,40,0.621,0
orange_pos_001724_20260510_221833_387.png,120,40,0.621,0
orange_pos_001724_20260510_221833_387.png,140,40,0.621,0
orange_pos_001724_20260510_221833_387.png,0,60,0.621,0
orange_pos_001724_20260510_221833_387.png,20,60,0.621,0
orange_pos_001724_20260510_221833_387.png,40,60,0.665,0
orange_pos_001724_20260510_221833_387.png,60,60,0.621,0
orange_pos_001724_20260510_221833_387.png,80,60,0.621,0
orange_pos_001724_20260510_221833_387.png,100,60,0.621,0
orange_pos_001724_20260510_221833_387.png,120,60,0.621,0
orange_pos_001724_20260510_221833_387.png,140,60,0.621,0
orange_pos_001724_20260510_221833_387.png,0,80,0.621,0
orange_pos_001724_20260510_221833_387.png,20,80,0.621,0
orange_pos_001724_20260510_221833_387.png,40,80,0.622,0
orange_pos_001724_20260510_221833_387.png,60,80,0.621,0
orange_pos_001724_20260510_221833_387.png,80,80,0.621,0
orange_pos_001724_20260510_221833_387.png,100,80,0.621,0
orange_pos_001724_20260510_221833_387.png,120,80,0.621,0
orange_pos_001724_20260510_221833_387.png,140,80,0.621,0
orange_pos_001724_20260510_221833_387.png,0,100,0.621,0
orange_pos_001724_20260510_221833_387.png,20,100,0.621,0
orange_pos_001724_20260510_221833_387.png,40,100,0.622,0
orange_pos_001724_20260510_221833_387.png,60,100,0.626,0
orange_pos_001724_20260510_221833_387.png,80,100,0.621,0
orange_pos_001724_20260510_221833_387.png,100,100,0.621,0
orange_pos_001724_20260510_221833_387.png,120,100,0.621,0
orange_pos_001724_20260510_221833_387.png,140,100,0.621,0
orange_pos_001725_20260510_221833_772.png,0,0,6.592,0
orange_pos_001725_20260510_221833_772.png,20,0,5.436,0
orange_pos_001725_20260510_221833_772.png,40,0,16.011,0
orange_pos_001725_20260510_221833_772.png,60,0,16.860,0
orange_pos_001725_20260510_221833_772.png,80,0,10.559,0
orange_pos_001725_20260510_221833_772.png,100,0,5.188,0
orange_pos_001725_20260510_221833_772.png,120,0,4.903,0
orange_pos_001725_20260510_221833_772.png,140,0,9.622,0
orange_pos_001725_20260510_221833_772.png,0,20,4.066,0
orange_pos_001725_20260510_221833_772.png,20,20,3.298,0
orange_pos_001725_20260510_221833_772.png,40,20,8.142,0
orange_pos_001725_20260510_221833_772.png,60,20,6.576,0
orange_pos_001725_20260510_221833_772.png,80,20,1.319,0
orange_pos_001725_20260510_221833_772.png,100,20,0.621,0
orange_pos_001725_20260510_221833_772.png,120,20,0.746,0
orange_pos_001725_20260510_221833_772.png,140,20,5.004,0
orange_pos_001725_20260510_221833_772.png,0,40,4.552,0
orange_pos_001725_20260510_221833_772.png,20,40,4.205,0
orange_pos_001725_20260510_221833_772.png,40,40,16.337,0
orange_pos_001725_20260510_221833_772.png,60,40,7.149,0
orange_pos_001725_20260510_221833_772.png,80,40,0.668,0
orange_pos_001725_20260510_221833_772.png,100,40,0.621,0
orange_pos_001725_20260510_221833_772.png,120,40,0.627,0
orange_pos_001725_20260510_221833_772.png,140,40,6.241,0
orange_pos_001725_20260510_221833_772.png,0,60,2.402,0
orange_pos_001725_20260510_221833_772.png,20,60,1.014,0
orange_pos_001725_20260510_221833_772.png,40,60,17.451,0
orange_pos_001725_20260510_221833_772.png,60,60,8.230,0
orange_pos_001725_20260510_221833_772.png,80,60,2.919,0
orange_pos_001725_20260510_221833_772.png,100,60,0.776,0
orange_pos_001725_20260510_221833_772.png,120,60,2.182,0
orange_pos_001725_20260510_221833_772.png,140,60,8.511,0
orange_pos_001725_20260510_221833_772.png,0,80,3.822,0
orange_pos_001725_20260510_221833_772.png,20,80,2.877,0
orange_pos_001725_20260510_221833_772.png,40,80,16.740,0
orange_pos_001725_20260510_221833_772.png,60,80,11.777,0
orange_pos_001725_20260510_221833_772.png,80,80,7.332,0
orange_pos_001725_20260510_221833_772.png,100,80,6.291,0
orange_pos_001725_20260510_221833_772.png,120,80,6.978,0
orange_pos_001725_20260510_221833_772.png,140,80,10.319,0
orange_pos_001725_20260510_221833_772.png,0,100,1.322,0
orange_pos_001725_20260510_221833_772.png,20,100,3.183,0
orange_pos_001725_20260510_221833_772.png,40,100,16.177,0
orange_pos_001725_20260510_221833_772.png,60,100,11.707,0
orange_pos_001725_20260510_221833_772.png,80,100,9.229,0
orange_pos_001725_20260510_221833_772.png,100,100,7.655,0
orange_pos_001725_20260510_221833_772.png,120,100,8.865,0
orange_pos_001725_20260510_221833_772.png,140,100,8.418,0
orange_pos_001726_20260510_221837_557.png,0,0,39.877,0
orange_pos_001726_20260510_221837_557.png,20,0,3.423,0
orange_pos_001726_20260510_221837_557.png,40,0,33.520,0
orange_pos_001726_20260510_221837_557.png,60,0,55.850,0
orange_pos_001726_20260510_221837_557.png,80,0,32.646,0
orange_pos_001726_20260510_221837_557.png,100,0,19.777,0
orange_pos_001726_20260510_221837_557.png,120,0,23.588,0
orange_pos_001726_20260510_221837_557.png,140,0,33.672,0
orange_pos_001726_20260510_221837_557.png,0,20,24.838,0
orange_pos_001726_20260510_221837_557.png,20,20,2.424,0
orange_pos_001726_20260510_221837_557.png,40,20,27.971,0
orange_pos_001726_20260510_221837_557.png,60,20,31.663,0
orange_pos_001726_20260510_221837_557.png,80,20,5.905,0
orange_pos_001726_20260510_221837_557.png,100,20,0.642,0
orange_pos_001726_20260510_221837_557.png,120,20,4.514,0
orange_pos_001726_20260510_221837_557.png,140,20,24.216,0
orange_pos_001726_20260510_221837_557.png,0,40,3.466,0
orange_pos_001726_20260510_221837_557.png,20,40,1.695,0
orange_pos_001726_20260510_221837_557.png,40,40,33.528,0
orange_pos_001726_20260510_221837_557.png,60,40,29.651,0
orange_pos_001726_20260510_221837_557.png,80,40,0.722,0
orange_pos_001726_20260510_221837_557.png,100,40,0.621,0
orange_pos_001726_20260510_221837_557.png,120,40,0.841,0
orange_pos_001726_20260510_221837_557.png,140,40,26.479,0
orange_pos_001726_20260510_221837_557.png,0,60,2.674,0
orange_pos_001726_20260510_221837_557.png,20,60,1.068,0
orange_pos_001726_20260510_221837_557.png,40,60,40.269,0
orange_pos_001726_20260510_221837_557.png,60,60,28.384,0
orange_pos_001726_20260510_221837_557.png,80,60,3.756,0
orange_pos_001726_20260510_221837_557.png,100,60,1.497,0
orange_pos_001726_20260510_221837_557.png,120,60,6.332,0
orange_pos_001726_20260510_221837_557.png,140,60,33.518,0
orange_pos_001726_20260510_221837_557.png,0,80,3.328,0
orange_pos_001726_20260510_221837_557.png,20,80,3.179,0
orange_pos_001726_20260510_221837_557.png,40,80,43.924,0
orange_pos_001726_20260510_221837_557.png,60,80,28.199,0
orange_pos_001726_20260510_221837_557.png,80,80,8.797,0
orange_pos_001726_20260510_221837_557.png,100,80,13.709,0
orange_pos_001726_20260510_221837_557.png,120,80,21.910,0
orange_pos_001726_20260510_221837_557.png,140,80,36.339,0
orange_pos_001726_20260510_221837_557.png,0,100,1.688,0
orange_pos_001726_20260510_221837_557.png,20,100,6.049,0
orange_pos_001726_20260510_221837_557.png,40,100,40.787,0
orange_pos_001726_20260510_221837_557.png,60,100,27.145,0
orange_pos_001726_20260510_221837_557.png,80,100,12.851,0
orange_pos_001726_20260510_221837_557.png,100,100,14.816,0
orange_pos_001726_20260510_221837_557.png,120,100,22.582,0
orange_pos_001726_20260510_221837_557.png,140,100,28.161,0
orange_pos_001727_20260510_221838_137.png,0,0,39.877,0
orange_pos_001727_20260510_221838_137.png,20,0,3.423,0
orange_pos_001727_20260510_221838_137.png,40,0,33.520,0
orange_pos_001727_20260510_221838_137.png,60,0,55.850,0
orange_pos_001727_20260510_221838_137.png,80,0,32.646,0
orange_pos_001727_20260510_221838_137.png,100,0,19.777,0
orange_pos_001727_20260510_221838_137.png,120,0,23.588,0
orange_pos_001727_20260510_221838_137.png,140,0,33.672,0
orange_pos_001727_20260510_221838_137.png,0,20,24.838,0
orange_pos_001727_20260510_221838_137.png,20,20,2.424,0
orange_pos_001727_20260510_221838_137.png,40,20,27.971,0
orange_pos_001727_20260510_221838_137.png,60,20,31.663,0
orange_pos_001727_20260510_221838_137.png,80,20,5.905,0
orange_pos_001727_20260510_221838_137.png,100,20,0.642,0
orange_pos_001727_20260510_221838_137.png,120,20,4.514,0
orange_pos_001727_20260510_221838_137.png,140,20,24.216,0
orange_pos_001727_20260510_221838_137.png,0,40,3.466,0
orange_pos_001727_20260510_221838_137.png,20,40,1.695,0
orange_pos_001727_20260510_221838_137.png,40,40,33.528,0
orange_pos_001727_20260510_221838_137.png,60,40,29.651,0
orange_pos_001727_20260510_221838_137.png,80,40,0.722,0
orange_pos_001727_20260510_221838_137.png,100,40,0.621,0
orange_pos_001727_20260510_221838_137.png,120,40,0.841,0
orange_pos_001727_20260510_221838_137.png,140,40,26.479,0
orange_pos_001727_20260510_221838_137.png,0,60,2.674,0
orange_pos_001727_20260510_221838_137.png,20,60,1.068,0
orange_pos_001727_20260510_221838_137.png,40,60,40.269,0
orange_pos_001727_20260510_221838_137.png,60,60,28.384,0
orange_pos_001727_20260510_221838_137.png,80,60,3.756,0
orange_pos_001727_20260510_221838_137.png,100,60,1.497,0
orange_pos_001727_20260510_221838_137.png,120,60,6.332,0
orange_pos_001727_20260510_221838_137.png,140,60,33.518,0
orange_pos_001727_20260510_221838_137.png,0,80,3.328,0
orange_pos_001727_20260510_221838_137.png,20,80,3.179,0
orange_pos_001727_20260510_221838_137.png,40,80,43.924,0
orange_pos_001727_20260510_221838_137.png,60,80,28.199,0
orange_pos_001727_20260510_221838_137.png,80,80,8.797,0
orange_pos_001727_20260510_221838_137.png,100,80,13.709,0
orange_pos_001727_20260510_221838_137.png,120,80,21.910,0
orange_pos_001727_20260510_221838_137.png,140,80,36.339,0
orange_pos_001727_20260510_221838_137.png,0,100,1.688,0
orange_pos_001727_20260510_221838_137.png,20,100,6.049,0
orange_pos_001727_20260510_221838_137.png,40,100,40.787,0
orange_pos_001727_20260510_221838_137.png,60,100,27.145,0
orange_pos_001727_20260510_221838_137.png,80,100,12.851,0
orange_pos_001727_20260510_221838_137.png,100,100,14.816,0
orange_pos_001727_20260510_221838_137.png,120,100,22.582,0
orange_pos_001727_20260510_221838_137.png,140,100,28.161,0
orange_pos_001728_20260510_221840_362.png,0,0,19.826,0
orange_pos_001728_20260510_221840_362.png,20,0,0.758,0
orange_pos_001728_20260510_221840_362.png,40,0,16.332,0
orange_pos_001728_20260510_221840_362.png,60,0,24.579,0
orange_pos_001728_20260510_221840_362.png,80,0,12.283,0
orange_pos_001728_20260510_221840_362.png,100,0,7.709,0
orange_pos_001728_20260510_221840_362.png,120,0,4.517,0
orange_pos_001728_20260510_221840_362.png,140,0,5.687,0
orange_pos_001728_20260510_221840_362.png,0,20,11.140,0
orange_pos_001728_20260510_221840_362.png,20,20,0.679,0
orange_pos_001728_20260510_221840_362.png,40,20,11.392,0
orange_pos_001728_20260510_221840_362.png,60,20,10.625,0
orange_pos_001728_20260510_221840_362.png,80,20,1.500,0
orange_pos_001728_20260510_221840_362.png,100,20,1.239,0
orange_pos_001728_20260510_221840_362.png,120,20,1.120,0
orange_pos_001728_20260510_221840_362.png,140,20,9.025,0
orange_pos_001728_20260510_221840_362.png,0,40,0.859,0
orange_pos_001728_20260510_221840_362.png,20,40,0.621,0
orange_pos_001728_20260510_221840_362.png,40,40,18.739,0
orange_pos_001728_20260510_221840_362.png,60,40,216.803,1
orange_pos_001728_20260510_221840_362.png,80,40,70.814,1
orange_pos_001728_20260510_221840_362.png,100,40,1.294,0
orange_pos_001728_20260510_221840_362.png,120,40,0.621,0
orange_pos_001728_20260510_221840_362.png,140,40,5.882,0
orange_pos_001728_20260510_221840_362.png,0,60,1.061,0
orange_pos_001728_20260510_221840_362.png,20,60,0.621,0
orange_pos_001728_20260510_221840_362.png,40,60,18.764,0
orange_pos_001728_20260510_221840_362.png,60,60,72.805,1
orange_pos_001728_20260510_221840_362.png,80,60,16.619,0
orange_pos_001728_20260510_221840_362.png,100,60,0.628,0
orange_pos_001728_20260510_221840_362.png,120,60,1.235,0
orange_pos_001728_20260510_221840_362.png,140,60,5.883,0
orange_pos_001728_20260510_221840_362.png,0,80,1.113,0
orange_pos_001728_20260510_221840_362.png,20,80,0.683,0
orange_pos_001728_20260510_221840_362.png,40,80,19.762,0
orange_pos_001728_20260510_221840_362.png,60,80,11.355,0
orange_pos_001728_20260510_221840_362.png,80,80,0.621,0
orange_pos_001728_20260510_221840_362.png,100,80,1.195,0
orange_pos_001728_20260510_221840_362.png,120,80,3.882,0
orange_pos_001728_20260510_221840_362.png,140,80,9.021,0
orange_pos_001728_20260510_221840_362.png,0,100,1.027,0
orange_pos_001728_20260510_221840_362.png,20,100,3.523,0
orange_pos_001728_20260510_221840_362.png,40,100,19.302,0
orange_pos_001728_20260510_221840_362.png,60,100,11.682,0
orange_pos_001728_20260510_221840_362.png,80,100,5.272,0
orange_pos_001728_20260510_221840_362.png,100,100,6.324,0
orange_pos_001728_20260510_221840_362.png,120,100,11.069,0
orange_pos_001728_20260510_221840_362.png,140,100,14.765,0
orange_pos_001729_20260510_221842_258.png,0,0,25.617,0
orange_pos_001729_20260510_221842_258.png,20,0,0.621,0
orange_pos_001729_20260510_221842_258.png,40,0,12.351,0
orange_pos_001729_20260510_221842_258.png,60,0,15.976,0
orange_pos_001729_20260510_221842_258.png,80,0,9.488,0
orange_pos_001729_20260510_221842_258.png,100,0,6.540,0
orange_pos_001729_20260510_221842_258.png,120,0,2.848,0
orange_pos_001729_20260510_221842_258.png,140,0,2.541,0
orange_pos_001729_20260510_221842_258.png,0,20,17.631,0
orange_pos_001729_20260510_221842_258.png,20,20,0.621,0
orange_pos_001729_20260510_221842_258.png,40,20,12.086,0
orange_pos_001729_20260510_221842_258.png,60,20,14.553,0
orange_pos_001729_20260510_221842_258.png,80,20,1.527,0
orange_pos_001729_20260510_221842_258.png,100,20,1.258,0
orange_pos_001729_20260510_221842_258.png,120,20,2.016,0
orange_pos_001729_20260510_221842_258.png,140,20,14.503,0
orange_pos_001729_20260510_221842_258.png,0,40,0.930,0
orange_pos_001729_20260510_221842_258.png,20,40,0.641,0
orange_pos_001729_20260510_221842_258.png,40,40,13.158,0
orange_pos_001729_20260510_221842_258.png,60,40,187.986,1
orange_pos_001729_20260510_221842_258.png,80,40,81.534,1
orange_pos_001729_20260510_221842_258.png,100,40,3.381,0
orange_pos_001729_20260510_221842_258.png,120,40,0.951,0
orange_pos_001729_20260510_221842_258.png,140,40,8.277,0
orange_pos_001729_20260510_221842_258.png,0,60,1.073,0
orange_pos_001729_20260510_221842_258.png,20,60,0.621,0
orange_pos_001729_20260510_221842_258.png,40,60,25.363,0
orange_pos_001729_20260510_221842_258.png,60,60,77.872,1
orange_pos_001729_20260510_221842_258.png,80,60,26.597,0
orange_pos_001729_20260510_221842_258.png,100,60,2.410,0
orange_pos_001729_20260510_221842_258.png,120,60,6.147,0
orange_pos_001729_20260510_221842_258.png,140,60,15.730,0
orange_pos_001729_20260510_221842_258.png,0,80,1.214,0
orange_pos_001729_20260510_221842_258.png,20,80,1.287,0
orange_pos_001729_20260510_221842_258.png,40,80,24.786,0
orange_pos_001729_20260510_221842_258.png,60,80,16.677,0
orange_pos_001729_20260510_221842_258.png,80,80,2.577,0
orange_pos_001729_20260510_221842_258.png,100,80,6.582,0
orange_pos_001729_20260510_221842_258.png,120,80,11.824,0
orange_pos_001729_20260510_221842_258.png,140,80,16.442,0
orange_pos_001729_20260510_221842_258.png,0,100,0.702,0
orange_pos_001729_20260510_221842_258.png,20,100,1.351,0
orange_pos_001729_20260510_221842_258.png,40,100,10.564,0
orange_pos_001729_20260510_221842_258.png,60,100,5.825,0
orange_pos_001729_20260510_221842_258.png,80,100,0.953,0
orange_pos_001729_20260510_221842_258.png,100,100,1.544,0
orange_pos_001729_20260510_221842_258.png,120,100,2.781,0
orange_pos_001729_20260510_221842_258.png,140,100,3.660,0
orange_pos_001730_20260510_221842_638.png,0,0,29.548,0
orange_pos_001730_20260510_221842_638.png,20,0,0.656,0
orange_pos_001730_20260510_221842_638.png,40,0,22.217,0
orange_pos_001730_20260510_221842_638.png,60,0,35.934,0
orange_pos_001730_20260510_221842_638.png,80,0,16.896,0
orange_pos_001730_20260510_221842_638.png,100,0,12.129,0
orange_pos_001730_20260510_221842_638.png,120,0,5.991,0
orange_pos_001730_20260510_221842_638.png,140,0,1.443,0
orange_pos_001730_20260510_221842_638.png,0,20,28.066,0
orange_pos_001730_20260510_221842_638.png,20,20,0.864,0
orange_pos_001730_20260510_221842_638.png,40,20,19.292,0
orange_pos_001730_20260510_221842_638.png,60,20,25.897,0
orange_pos_001730_20260510_221842_638.png,80,20,4.208,0
orange_pos_001730_20260510_221842_638.png,100,20,3.853,0
orange_pos_001730_20260510_221842_638.png,120,20,13.949,0
orange_pos_001730_20260510_221842_638.png,140,20,17.724,0
orange_pos_001730_20260510_221842_638.png,0,40,1.268,0
orange_pos_001730_20260510_221842_638.png,20,40,0.621,0
orange_pos_001730_20260510_221842_638.png,40,40,27.983,0
orange_pos_001730_20260510_221842_638.png,60,40,202.718,1
orange_pos_001730_20260510_221842_638.png,80,40,118.889,1
orange_pos_001730_20260510_221842_638.png,100,40,5.151,0
orange_pos_001730_20260510_221842_638.png,120,40,1.277,0
orange_pos_001730_20260510_221842_638.png,140,40,14.978,0
orange_pos_001730_20260510_221842_638.png,0,60,1.506,0
orange_pos_001730_20260510_221842_638.png,20,60,0.621,0
orange_pos_001730_20260510_221842_638.png,40,60,34.408,0
orange_pos_001730_20260510_221842_638.png,60,60,64.161,0
orange_pos_001730_20260510_221842_638.png,80,60,24.359,0
orange_pos_001730_20260510_221842_638.png,100,60,1.905,0
orange_pos_001730_20260510_221842_638.png,120,60,4.530,0
orange_pos_001730_20260510_221842_638.png,140,60,23.321,0
orange_pos_001730_20260510_221842_638.png,0,80,1.948,0
orange_pos_001730_20260510_221842_638.png,20,80,1.276,0
orange_pos_001730_20260510_221842_638.png,40,80,47.017,0
orange_pos_001730_20260510_221842_638.png,60,80,30.648,0
orange_pos_001730_20260510_221842_638.png,80,80,5.178,0
orange_pos_001730_20260510_221842_638.png,100,80,11.091,0
orange_pos_001730_20260510_221842_638.png,120,80,18.875,0
orange_pos_001730_20260510_221842_638.png,140,80,31.068,0
orange_pos_001730_20260510_221842_638.png,0,100,1.614,0
orange_pos_001730_20260510_221842_638.png,20,100,7.328,0
orange_pos_001730_20260510_221842_638.png,40,100,40.963,0
orange_pos_001730_20260510_221842_638.png,60,100,25.326,0
orange_pos_001730_20260510_221842_638.png,80,100,6.768,0
orange_pos_001730_20260510_221842_638.png,100,100,9.729,0
orange_pos_001730_20260510_221842_638.png,120,100,18.113,0
orange_pos_001730_20260510_221842_638.png,140,100,25.406,0
orange_pos_001731_20260510_221844_255.png,0,0,3.102,0
orange_pos_001731_20260510_221844_255.png,20,0,0.621,0
orange_pos_001731_20260510_221844_255.png,40,0,1.646,0
orange_pos_001731_20260510_221844_255.png,60,0,1.569,0
orange_pos_001731_20260510_221844_255.png,80,0,19.319,0
orange_pos_001731_20260510_221844_255.png,100,0,3.164,0
orange_pos_001731_20260510_221844_255.png,120,0,0.621,0
orange_pos_001731_20260510_221844_255.png,140,0,0.621,0
orange_pos_001731_20260510_221844_255.png,0,20,7.657,0
orange_pos_001731_20260510_221844_255.png,20,20,0.621,0
orange_pos_001731_20260510_221844_255.png,40,20,0.928,0
orange_pos_001731_20260510_221844_255.png,60,20,0.784,0
orange_pos_001731_20260510_221844_255.png,80,20,15.832,0
orange_pos_001731_20260510_221844_255.png,100,20,2.355,0
orange_pos_001731_20260510_221844_255.png,120,20,0.621,0
orange_pos_001731_20260510_221844_255.png,140,20,0.621,0
orange_pos_001731_20260510_221844_255.png,0,40,0.621,0
orange_pos_001731_20260510_221844_255.png,20,40,0.621,0
orange_pos_001731_20260510_221844_255.png,40,40,1.209,0
orange_pos_001731_20260510_221844_255.png,60,40,0.682,0
orange_pos_001731_20260510_221844_255.png,80,40,0.621,0
orange_pos_001731_20260510_221844_255.png,100,40,0.621,0
orange_pos_001731_20260510_221844_255.png,120,40,0.621,0
orange_pos_001731_20260510_221844_255.png,140,40,0.621,0
orange_pos_001731_20260510_221844_255.png,0,60,0.621,0
orange_pos_001731_20260510_221844_255.png,20,60,0.621,0
orange_pos_001731_20260510_221844_255.png,40,60,2.225,0
orange_pos_001731_20260510_221844_255.png,60,60,0.971,0
orange_pos_001731_20260510_221844_255.png,80,60,0.621,0
orange_pos_001731_20260510_221844_255.png,100,60,0.621,0
orange_pos_001731_20260510_221844_255.png,120,60,0.621,0
orange_pos_001731_20260510_221844_255.png,140,60,0.621,0
orange_pos_001731_20260510_221844_255.png,0,80,0.621,0
orange_pos_001731_20260510_221844_255.png,20,80,0.621,0
orange_pos_001731_20260510_221844_255.png,40,80,1.075,0
orange_pos_001731_20260510_221844_255.png,60,80,0.636,0
orange_pos_001731_20260510_221844_255.png,80,80,0.621,0
orange_pos_001731_20260510_221844_255.png,100,80,0.621,0
orange_pos_001731_20260510_221844_255.png,120,80,0.621,0
orange_pos_001731_20260510_221844_255.png,140,80,0.621,0
orange_pos_001731_20260510_221844_255.png,0,100,0.621,0
orange_pos_001731_20260510_221844_255.png,20,100,0.621,0
orange_pos_001731_20260510_221844_255.png,40,100,0.677,0
orange_pos_001731_20260510_221844_255.png,60,100,0.621,0
orange_pos_001731_20260510_221844_255.png,80,100,0.621,0
orange_pos_001731_20260510_221844_255.png,100,100,0.621,0
orange_pos_001731_20260510_221844_255.png,120,100,0.621,0
orange_pos_001731_20260510_221844_255.png,140,100,0.621,0
orange_pos_001732_20260510_221844_664.png,0,0,3.102,0
orange_pos_001732_20260510_221844_664.png,20,0,0.621,0
orange_pos_001732_20260510_221844_664.png,40,0,1.646,0
orange_pos_001732_20260510_221844_664.png,60,0,1.569,0
orange_pos_001732_20260510_221844_664.png,80,0,19.319,0
orange_pos_001732_20260510_221844_664.png,100,0,3.164,0
orange_pos_001732_20260510_221844_664.png,120,0,0.621,0
orange_pos_001732_20260510_221844_664.png,140,0,0.621,0
orange_pos_001732_20260510_221844_664.png,0,20,7.657,0
orange_pos_001732_20260510_221844_664.png,20,20,0.621,0
orange_pos_001732_20260510_221844_664.png,40,20,0.928,0
orange_pos_001732_20260510_221844_664.png,60,20,0.784,0
orange_pos_001732_20260510_221844_664.png,80,20,15.832,0
orange_pos_001732_20260510_221844_664.png,100,20,2.355,0
orange_pos_001732_20260510_221844_664.png,120,20,0.621,0
orange_pos_001732_20260510_221844_664.png,140,20,0.621,0
orange_pos_001732_20260510_221844_664.png,0,40,0.621,0
orange_pos_001732_20260510_221844_664.png,20,40,0.621,0
orange_pos_001732_20260510_221844_664.png,40,40,1.209,0
orange_pos_001732_20260510_221844_664.png,60,40,0.682,0
orange_pos_001732_20260510_221844_664.png,80,40,0.621,0
orange_pos_001732_20260510_221844_664.png,100,40,0.621,0
orange_pos_001732_20260510_221844_664.png,120,40,0.621,0
orange_pos_001732_20260510_221844_664.png,140,40,0.621,0
orange_pos_001732_20260510_221844_664.png,0,60,0.621,0
orange_pos_001732_20260510_221844_664.png,20,60,0.621,0
orange_pos_001732_20260510_221844_664.png,40,60,2.225,0
orange_pos_001732_20260510_221844_664.png,60,60,0.971,0
orange_pos_001732_20260510_221844_664.png,80,60,0.621,0
orange_pos_001732_20260510_221844_664.png,100,60,0.621,0
orange_pos_001732_20260510_221844_664.png,120,60,0.621,0
orange_pos_001732_20260510_221844_664.png,140,60,0.621,0
orange_pos_001732_20260510_221844_664.png,0,80,0.621,0
orange_pos_001732_20260510_221844_664.png,20,80,0.621,0
orange_pos_001732_20260510_221844_664.png,40,80,1.075,0
orange_pos_001732_20260510_221844_664.png,60,80,0.636,0
orange_pos_001732_20260510_221844_664.png,80,80,0.621,0
orange_pos_001732_20260510_221844_664.png,100,80,0.621,0
orange_pos_001732_20260510_221844_664.png,120,80,0.621,0
orange_pos_001732_20260510_221844_664.png,140,80,0.621,0
orange_pos_001732_20260510_221844_664.png,0,100,0.621,0
orange_pos_001732_20260510_221844_664.png,20,100,0.621,0
orange_pos_001732_20260510_221844_664.png,40,100,0.677,0
orange_pos_001732_20260510_221844_664.png,60,100,0.621,0
orange_pos_001732_20260510_221844_664.png,80,100,0.621,0
orange_pos_001732_20260510_221844_664.png,100,100,0.621,0
orange_pos_001732_20260510_221844_664.png,120,100,0.621,0
orange_pos_001732_20260510_221844_664.png,140,100,0.621,0
orange_pos_001733_20260510_221847_055.png,0,0,5.658,0
orange_pos_001733_20260510_221847_055.png,20,0,0.621,0
orange_pos_001733_20260510_221847_055.png,40,0,3.091,0
orange_pos_001733_20260510_221847_055.png,60,0,2.733,0
orange_pos_001733_20260510_221847_055.png,80,0,0.724,0
orange_pos_001733_20260510_221847_055.png,100,0,0.621,0
orange_pos_001733_20260510_221847_055.png,120,0,0.671,0
orange_pos_001733_20260510_221847_055.png,140,0,0.621,0
orange_pos_001733_20260510_221847_055.png,0,20,10.702,0
orange_pos_001733_20260510_221847_055.png,20,20,0.621,0
orange_pos_001733_20260510_221847_055.png,40,20,2.070,0
orange_pos_001733_20260510_221847_055.png,60,20,11.120,0
orange_pos_001733_20260510_221847_055.png,80,20,96.153,1
orange_pos_001733_20260510_221847_055.png,100,20,7.316,0
orange_pos_001733_20260510_221847_055.png,120,20,0.621,0
orange_pos_001733_20260510_221847_055.png,140,20,0.883,0
orange_pos_001733_20260510_221847_055.png,0,40,0.635,0
orange_pos_001733_20260510_221847_055.png,20,40,0.621,0
orange_pos_001733_20260510_221847_055.png,40,40,6.120,0
orange_pos_001733_20260510_221847_055.png,60,40,13.812,0
orange_pos_001733_20260510_221847_055.png,80,40,132.026,1
orange_pos_001733_20260510_221847_055.png,100,40,7.228,0
orange_pos_001733_20260510_221847_055.png,120,40,0.621,0
orange_pos_001733_20260510_221847_055.png,140,40,0.754,0
orange_pos_001733_20260510_221847_055.png,0,60,0.699,0
orange_pos_001733_20260510_221847_055.png,20,60,0.621,0
orange_pos_001733_20260510_221847_055.png,40,60,2.667,0
orange_pos_001733_20260510_221847_055.png,60,60,2.107,0
orange_pos_001733_20260510_221847_055.png,80,60,0.622,0
orange_pos_001733_20260510_221847_055.png,100,60,0.621,0
orange_pos_001733_20260510_221847_055.png,120,60,0.621,0
orange_pos_001733_20260510_221847_055.png,140,60,1.074,0
orange_pos_001733_20260510_221847_055.png,0,80,0.677,0
orange_pos_001733_20260510_221847_055.png,20,80,0.621,0
orange_pos_001733_20260510_221847_055.png,40,80,7.428,0
orange_pos_001733_20260510_221847_055.png,60,80,4.470,0
orange_pos_001733_20260510_221847_055.png,80,80,0.621,0
orange_pos_001733_20260510_221847_055.png,100,80,0.792,0
orange_pos_001733_20260510_221847_055.png,120,80,0.902,0
orange_pos_001733_20260510_221847_055.png,140,80,1.680,0
orange_pos_001733_20260510_221847_055.png,0,100,0.644,0
orange_pos_001733_20260510_221847_055.png,20,100,1.111,0
orange_pos_001733_20260510_221847_055.png,40,100,8.502,0
orange_pos_001733_20260510_221847_055.png,60,100,3.734,0
orange_pos_001733_20260510_221847_055.png,80,100,0.770,0
orange_pos_001733_20260510_221847_055.png,100,100,1.303,0
orange_pos_001733_20260510_221847_055.png,120,100,1.525,0
orange_pos_001733_20260510_221847_055.png,140,100,1.638,0
orange_pos_001734_20260510_221848_950.png,0,0,41.431,0
orange_pos_001734_20260510_221848_950.png,20,0,0.708,0
orange_pos_001734_20260510_221848_950.png,40,0,32.375,0
orange_pos_001734_20260510_221848_950.png,60,0,55.261,0
orange_pos_001734_20260510_221848_950.png,80,0,27.677,0
orange_pos_001734_20260510_221848_950.png,100,0,16.373,0
orange_pos_001734_20260510_221848_950.png,120,0,17.883,0
orange_pos_001734_20260510_221848_950.png,140,0,37.434,0
orange_pos_001734_20260510_221848_950.png,0,20,24.448,0
orange_pos_001734_20260510_221848_950.png,20,20,1.052,0
orange_pos_001734_20260510_221848_950.png,40,20,30.185,0
orange_pos_001734_20260510_221848_950.png,60,20,36.850,0
orange_pos_001734_20260510_221848_950.png,80,20,6.948,0
orange_pos_001734_20260510_221848_950.png,100,20,1.778,0
orange_pos_001734_20260510_221848_950.png,120,20,16.538,0
orange_pos_001734_20260510_221848_950.png,140,20,37.526,0
orange_pos_001734_20260510_221848_950.png,0,40,2.301,0
orange_pos_001734_20260510_221848_950.png,20,40,2.232,0
orange_pos_001734_20260510_221848_950.png,40,40,36.274,0
orange_pos_001734_20260510_221848_950.png,60,40,38.436,0
orange_pos_001734_20260510_221848_950.png,80,40,207.798,1
orange_pos_001734_20260510_221848_950.png,100,40,66.462,1
orange_pos_001734_20260510_221848_950.png,120,40,25.763,0
orange_pos_001734_20260510_221848_950.png,140,40,49.281,0
orange_pos_001734_20260510_221848_950.png,0,60,2.228,0
orange_pos_001734_20260510_221848_950.png,20,60,0.747,0
orange_pos_001734_20260510_221848_950.png,40,60,42.943,0
orange_pos_001734_20260510_221848_950.png,60,60,34.305,0
orange_pos_001734_20260510_221848_950.png,80,60,115.812,1
orange_pos_001734_20260510_221848_950.png,100,60,32.614,0
orange_pos_001734_20260510_221848_950.png,120,60,15.291,0
orange_pos_001734_20260510_221848_950.png,140,60,32.010,0
orange_pos_001734_20260510_221848_950.png,0,80,2.210,0
orange_pos_001734_20260510_221848_950.png,20,80,1.700,0
orange_pos_001734_20260510_221848_950.png,40,80,40.938,0
orange_pos_001734_20260510_221848_950.png,60,80,31.332,0
orange_pos_001734_20260510_221848_950.png,80,80,5.037,0
orange_pos_001734_20260510_221848_950.png,100,80,10.180,0
orange_pos_001734_20260510_221848_950.png,120,80,19.835,0
orange_pos_001734_20260510_221848_950.png,140,80,31.656,0
orange_pos_001734_20260510_221848_950.png,0,100,1.675,0
orange_pos_001734_20260510_221848_950.png,20,100,7.383,0
orange_pos_001734_20260510_221848_950.png,40,100,47.623,0
orange_pos_001734_20260510_221848_950.png,60,100,31.495,0
orange_pos_001734_20260510_221848_950.png,80,100,14.502,0
orange_pos_001734_20260510_221848_950.png,100,100,18.322,0
orange_pos_001734_20260510_221848_950.png,120,100,24.830,0
orange_pos_001734_20260510_221848_950.png,140,100,33.584,0
orange_pos_001735_20260510_221851_244.png,0,0,2.641,0
orange_pos_001735_20260510_221851_244.png,20,0,0.621,0
orange_pos_001735_20260510_221851_244.png,40,0,0.622,0
orange_pos_001735_20260510_221851_244.png,60,0,0.632,0
orange_pos_001735_20260510_221851_244.png,80,0,0.621,0
orange_pos_001735_20260510_221851_244.png,100,0,0.621,0
orange_pos_001735_20260510_221851_244.png,120,0,0.621,0
orange_pos_001735_20260510_221851_244.png,140,0,0.621,0
orange_pos_001735_20260510_221851_244.png,0,20,5.629,0
orange_pos_001735_20260510_221851_244.png,20,20,0.621,0
orange_pos_001735_20260510_221851_244.png,40,20,0.640,0
orange_pos_001735_20260510_221851_244.png,60,20,0.645,0
orange_pos_001735_20260510_221851_244.png,80,20,0.898,0
orange_pos_001735_20260510_221851_244.png,100,20,0.677,0
orange_pos_001735_20260510_221851_244.png,120,20,0.621,0
orange_pos_001735_20260510_221851_244.png,140,20,0.621,0
orange_pos_001735_20260510_221851_244.png,0,40,0.621,0
orange_pos_001735_20260510_221851_244.png,20,40,0.621,0
orange_pos_001735_20260510_221851_244.png,40,40,0.621,0
orange_pos_001735_20260510_221851_244.png,60,40,0.621,0
orange_pos_001735_20260510_221851_244.png,80,40,101.426,1
orange_pos_001735_20260510_221851_244.png,100,40,34.950,0
orange_pos_001735_20260510_221851_244.png,120,40,0.621,0
orange_pos_001735_20260510_221851_244.png,140,40,0.621,0
orange_pos_001735_20260510_221851_244.png,0,60,0.621,0
orange_pos_001735_20260510_221851_244.png,20,60,0.621,0
orange_pos_001735_20260510_221851_244.png,40,60,0.621,0
orange_pos_001735_20260510_221851_244.png,60,60,0.621,0
orange_pos_001735_20260510_221851_244.png,80,60,36.496,0
orange_pos_001735_20260510_221851_244.png,100,60,15.436,0
orange_pos_001735_20260510_221851_244.png,120,60,0.621,0
orange_pos_001735_20260510_221851_244.png,140,60,0.621,0
orange_pos_001735_20260510_221851_244.png,0,80,0.621,0
orange_pos_001735_20260510_221851_244.png,20,80,0.621,0
orange_pos_001735_20260510_221851_244.png,40,80,0.691,0
orange_pos_001735_20260510_221851_244.png,60,80,0.804,0
orange_pos_001735_20260510_221851_244.png,80,80,0.621,0
orange_pos_001735_20260510_221851_244.png,100,80,0.621,0
orange_pos_001735_20260510_221851_244.png,120,80,0.621,0
orange_pos_001735_20260510_221851_244.png,140,80,0.621,0
orange_pos_001735_20260510_221851_244.png,0,100,0.621,0
orange_pos_001735_20260510_221851_244.png,20,100,0.621,0
orange_pos_001735_20260510_221851_244.png,40,100,0.621,0
orange_pos_001735_20260510_221851_244.png,60,100,0.621,0
orange_pos_001735_20260510_221851_244.png,80,100,0.621,0
orange_pos_001735_20260510_221851_244.png,100,100,0.621,0
orange_pos_001735_20260510_221851_244.png,120,100,0.621,0
orange_pos_001735_20260510_221851_244.png,140,100,0.621,0
orange_pos_001736_20260510_221853_277.png,0,0,38.699,0
orange_pos_001736_20260510_221853_277.png,20,0,2.120,0
orange_pos_001736_20260510_221853_277.png,40,0,18.768,0
orange_pos_001736_20260510_221853_277.png,60,0,35.648,0
orange_pos_001736_20260510_221853_277.png,80,0,18.629,0
orange_pos_001736_20260510_221853_277.png,100,0,13.320,0
orange_pos_001736_20260510_221853_277.png,120,0,11.310,0
orange_pos_001736_20260510_221853_277.png,140,0,12.843,0
orange_pos_001736_20260510_221853_277.png,0,20,27.072,0
orange_pos_001736_20260510_221853_277.png,20,20,2.177,0
orange_pos_001736_20260510_221853_277.png,40,20,23.443,0
orange_pos_001736_20260510_221853_277.png,60,20,30.805,0
orange_pos_001736_20260510_221853_277.png,80,20,4.835,0
orange_pos_001736_20260510_221853_277.png,100,20,0.647,0
orange_pos_001736_20260510_221853_277.png,120,20,2.572,0
orange_pos_001736_20260510_221853_277.png,140,20,10.183,0
orange_pos_001736_20260510_221853_277.png,0,40,1.131,0
orange_pos_001736_20260510_221853_277.png,20,40,0.621,0
orange_pos_001736_20260510_221853_277.png,40,40,26.238,0
orange_pos_001736_20260510_221853_277.png,60,40,21.888,0
orange_pos_001736_20260510_221853_277.png,80,40,0.690,0
orange_pos_001736_20260510_221853_277.png,100,40,0.621,0
orange_pos_001736_20260510_221853_277.png,120,40,0.621,0
orange_pos_001736_20260510_221853_277.png,140,40,6.684,0
orange_pos_001736_20260510_221853_277.png,0,60,1.354,0
orange_pos_001736_20260510_221853_277.png,20,60,0.622,0
orange_pos_001736_20260510_221853_277.png,40,60,28.130,0
orange_pos_001736_20260510_221853_277.png,60,60,19.838,0
orange_pos_001736_20260510_221853_277.png,80,60,0.874,0
orange_pos_001736_20260510_221853_277.png,100,60,0.736,0
orange_pos_001736_20260510_221853_277.png,120,60,1.666,0
orange_pos_001736_20260510_221853_277.png,140,60,11.290,0
orange_pos_001736_20260510_221853_277.png,0,80,1.469,0
orange_pos_001736_20260510_221853_277.png,20,80,0.766,0
orange_pos_001736_20260510_221853_277.png,40,80,25.244,0
orange_pos_001736_20260510_221853_277.png,60,80,16.957,0
orange_pos_001736_20260510_221853_277.png,80,80,169.592,1
orange_pos_001736_20260510_221853_277.png,100,80,40.841,0
orange_pos_001736_20260510_221853_277.png,120,80,5.777,0
orange_pos_001736_20260510_221853_277.png,140,80,20.329,0
orange_pos_001736_20260510_221853_277.png,0,100,1.057,0
orange_pos_001736_20260510_221853_277.png,20,100,3.129,0
orange_pos_001736_20260510_221853_277.png,40,100,21.005,0
orange_pos_001736_20260510_221853_277.png,60,100,12.029,0
orange_pos_001736_20260510_221853_277.png,80,100,66.469,1
orange_pos_001736_20260510_221853_277.png,100,100,15.354,0
orange_pos_001736_20260510_221853_277.png,120,100,7.683,0
orange_pos_001736_20260510_221853_277.png,140,100,10.829,0
orange_pos_001737_20260510_221855_501.png,0,0,49.994,0
orange_pos_001737_20260510_221855_501.png,20,0,3.602,0
orange_pos_001737_20260510_221855_501.png,40,0,34.212,0
orange_pos_001737_20260510_221855_501.png,60,0,58.507,0
orange_pos_001737_20260510_221855_501.png,80,0,33.085,0
orange_pos_001737_20260510_221855_501.png,100,0,21.660,0
orange_pos_001737_20260510_221855_501.png,120,0,25.672,0
orange_pos_001737_20260510_221855_501.png,140,0,36.249,0
orange_pos_001737_20260510_221855_501.png,0,20,37.329,0
orange_pos_001737_20260510_221855_501.png,20,20,5.880,0
orange_pos_001737_20260510_221855_501.png,40,20,36.799,0
orange_pos_001737_20260510_221855_501.png,60,20,44.603,0
orange_pos_001737_20260510_221855_501.png,80,20,6.412,0
orange_pos_001737_20260510_221855_501.png,100,20,0.633,0
orange_pos_001737_20260510_221855_501.png,120,20,3.980,0
orange_pos_001737_20260510_221855_501.png,140,20,33.760,0
orange_pos_001737_20260510_221855_501.png,0,40,2.562,0
orange_pos_001737_20260510_221855_501.png,20,40,3.614,0
orange_pos_001737_20260510_221855_501.png,40,40,42.491,0
orange_pos_001737_20260510_221855_501.png,60,40,40.065,0
orange_pos_001737_20260510_221855_501.png,80,40,1.784,0
orange_pos_001737_20260510_221855_501.png,100,40,0.631,0
orange_pos_001737_20260510_221855_501.png,120,40,9.639,0
orange_pos_001737_20260510_221855_501.png,140,40,45.481,0
orange_pos_001737_20260510_221855_501.png,0,60,2.009,0
orange_pos_001737_20260510_221855_501.png,20,60,2.031,0
orange_pos_001737_20260510_221855_501.png,40,60,41.865,0
orange_pos_001737_20260510_221855_501.png,60,60,35.536,0
orange_pos_001737_20260510_221855_501.png,80,60,28.641,0
orange_pos_001737_20260510_221855_501.png,100,60,11.577,0
orange_pos_001737_20260510_221855_501.png,120,60,13.960,0
orange_pos_001737_20260510_221855_501.png,140,60,42.723,0
orange_pos_001737_20260510_221855_501.png,0,80,4.816,0
orange_pos_001737_20260510_221855_501.png,20,80,3.158,0
orange_pos_001737_20260510_221855_501.png,40,80,49.265,0
orange_pos_001737_20260510_221855_501.png,60,80,108.979,1
orange_pos_001737_20260510_221855_501.png,80,80,248.660,1
orange_pos_001737_20260510_221855_501.png,100,80,40.034,0
orange_pos_001737_20260510_221855_501.png,120,80,33.791,0
orange_pos_001737_20260510_221855_501.png,140,80,45.446,0
orange_pos_001737_20260510_221855_501.png,0,100,1.574,0
orange_pos_001737_20260510_221855_501.png,20,100,6.556,0
orange_pos_001737_20260510_221855_501.png,40,100,41.171,0
orange_pos_001737_20260510_221855_501.png,60,100,31.959,0
orange_pos_001737_20260510_221855_501.png,80,100,60.198,0
orange_pos_001737_20260510_221855_501.png,100,100,17.657,0
orange_pos_001737_20260510_221855_501.png,120,100,23.512,0
orange_pos_001737_20260510_221855_501.png,140,100,27.823,0
orange_pos_001738_20260510_221855_897.png,0,0,24.789,0
orange_pos_001738_20260510_221855_897.png,20,0,3.204,0
orange_pos_001738_20260510_221855_897.png,40,0,17.919,0
orange_pos_001738_20260510_221855_897.png,60,0,32.309,0
orange_pos_001738_20260510_221855_897.png,80,0,15.357,0
orange_pos_001738_20260510_221855_897.png,100,0,7.969,0
orange_pos_001738_20260510_221855_897.png,120,0,11.125,0
orange_pos_001738_20260510_221855_897.png,140,0,16.284,0
orange_pos_001738_20260510_221855_897.png,0,20,13.015,0
orange_pos_001738_20260510_221855_897.png,20,20,1.088,0
orange_pos_001738_20260510_221855_897.png,40,20,16.978,0
orange_pos_001738_20260510_221855_897.png,60,20,20.512,0
orange_pos_001738_20260510_221855_897.png,80,20,2.113,0
orange_pos_001738_20260510_221855_897.png,100,20,0.621,0
orange_pos_001738_20260510_221855_897.png,120,20,4.076,0
orange_pos_001738_20260510_221855_897.png,140,20,19.478,0
orange_pos_001738_20260510_221855_897.png,0,40,1.095,0
orange_pos_001738_20260510_221855_897.png,20,40,0.677,0
orange_pos_001738_20260510_221855_897.png,40,40,21.727,0
orange_pos_001738_20260510_221855_897.png,60,40,18.858,0
orange_pos_001738_20260510_221855_897.png,80,40,0.636,0
orange_pos_001738_20260510_221855_897.png,100,40,0.712,0
orange_pos_001738_20260510_221855_897.png,120,40,4.800,0
orange_pos_001738_20260510_221855_897.png,140,40,16.057,0
orange_pos_001738_20260510_221855_897.png,0,60,1.224,0
orange_pos_001738_20260510_221855_897.png,20,60,0.721,0
orange_pos_001738_20260510_221855_897.png,40,60,18.653,0
orange_pos_001738_20260510_221855_897.png,60,60,133.083,1
orange_pos_001738_20260510_221855_897.png,80,60,39.843,0
orange_pos_001738_20260510_221855_897.png,100,60,1.749,0
orange_pos_001738_20260510_221855_897.png,120,60,4.219,0
orange_pos_001738_20260510_221855_897.png,140,60,10.435,0
orange_pos_001738_20260510_221855_897.png,0,80,0.858,0
orange_pos_001738_20260510_221855_897.png,20,80,0.654,0
orange_pos_001738_20260510_221855_897.png,40,80,15.031,0
orange_pos_001738_20260510_221855_897.png,60,80,215.256,1
orange_pos_001738_20260510_221855_897.png,80,80,70.780,1
orange_pos_001738_20260510_221855_897.png,100,80,1.272,0
orange_pos_001738_20260510_221855_897.png,120,80,4.402,0
orange_pos_001738_20260510_221855_897.png,140,80,8.206,0
orange_pos_001738_20260510_221855_897.png,0,100,1.055,0
orange_pos_001738_20260510_221855_897.png,20,100,2.225,0
orange_pos_001738_20260510_221855_897.png,40,100,21.679,0
orange_pos_001738_20260510_221855_897.png,60,100,12.671,0
orange_pos_001738_20260510_221855_897.png,80,100,2.170,0
orange_pos_001738_20260510_221855_897.png,100,100,3.580,0
orange_pos_001738_20260510_221855_897.png,120,100,6.294,0
orange_pos_001738_20260510_221855_897.png,140,100,10.383,0
orange_pos_001739_20260510_221858_114.png,0,0,58.415,0
orange_pos_001739_20260510_221858_114.png,20,0,3.533,0
orange_pos_001739_20260510_221858_114.png,40,0,36.395,0
orange_pos_001739_20260510_221858_114.png,60,0,59.899,0
orange_pos_001739_20260510_221858_114.png,80,0,41.535,0
orange_pos_001739_20260510_221858_114.png,100,0,35.233,0
orange_pos_001739_20260510_221858_114.png,120,0,31.214,0
orange_pos_001739_20260510_221858_114.png,140,0,16.997,0
orange_pos_001739_20260510_221858_114.png,0,20,31.409,0
orange_pos_001739_20260510_221858_114.png,20,20,1.419,0
orange_pos_001739_20260510_221858_114.png,40,20,32.898,0
orange_pos_001739_20260510_221858_114.png,60,20,44.838,0
orange_pos_001739_20260510_221858_114.png,80,20,10.149,0
orange_pos_001739_20260510_221858_114.png,100,20,8.893,0
orange_pos_001739_20260510_221858_114.png,120,20,22.388,0
orange_pos_001739_20260510_221858_114.png,140,20,23.715,0
orange_pos_001739_20260510_221858_114.png,0,40,2.095,0
orange_pos_001739_20260510_221858_114.png,20,40,1.112,0
orange_pos_001739_20260510_221858_114.png,40,40,42.413,0
orange_pos_001739_20260510_221858_114.png,60,40,34.925,0
orange_pos_001739_20260510_221858_114.png,80,40,3.849,0
orange_pos_001739_20260510_221858_114.png,100,40,12.127,0
orange_pos_001739_20260510_221858_114.png,120,40,17.428,0
orange_pos_001739_20260510_221858_114.png,140,40,40.187,0
orange_pos_001739_20260510_221858_114.png,0,60,1.879,0
orange_pos_001739_20260510_221858_114.png,20,60,0.735,0
orange_pos_001739_20260510_221858_114.png,40,60,219.232,1
orange_pos_001739_20260510_221858_114.png,60,60,255.000,1
orange_pos_001739_20260510_221858_114.png,80,60,18.869,0
orange_pos_001739_20260510_221858_114.png,100,60,13.695,0
orange_pos_001739_20260510_221858_114.png,120,60,17.158,0
orange_pos_001739_20260510_221858_114.png,140,60,32.044,0
orange_pos_001739_20260510_221858_114.png,0,80,2.701,0
orange_pos_001739_20260510_221858_114.png,20,80,1.642,0
orange_pos_001739_20260510_221858_114.png,40,80,85.760,1
orange_pos_001739_20260510_221858_114.png,60,80,102.642,1
orange_pos_001739_20260510_221858_114.png,80,80,8.446,0
orange_pos_001739_20260510_221858_114.png,100,80,13.756,0
orange_pos_001739_20260510_221858_114.png,120,80,25.301,0
orange_pos_001739_20260510_221858_114.png,140,80,35.513,0
orange_pos_001739_20260510_221858_114.png,0,100,1.774,0
orange_pos_001739_20260510_221858_114.png,20,100,6.439,0
orange_pos_001739_20260510_221858_114.png,40,100,43.206,0
orange_pos_001739_20260510_221858_114.png,60,100,26.852,0
orange_pos_001739_20260510_221858_114.png,80,100,12.370,0
orange_pos_001739_20260510_221858_114.png,100,100,16.929,0
orange_pos_001739_20260510_221858_114.png,120,100,22.179,0
orange_pos_001739_20260510_221858_114.png,140,100,29.215,0
orange_pos_001740_20260510_221859_808.png,0,0,58.048,0
orange_pos_001740_20260510_221859_808.png,20,0,4.957,0
orange_pos_001740_20260510_221859_808.png,40,0,40.566,0
orange_pos_001740_20260510_221859_808.png,60,0,71.464,1
orange_pos_001740_20260510_221859_808.png,80,0,41.940,0
orange_pos_001740_20260510_221859_808.png,100,0,39.020,0
orange_pos_001740_20260510_221859_808.png,120,0,50.743,0
orange_pos_001740_20260510_221859_808.png,140,0,31.003,0
orange_pos_001740_20260510_221859_808.png,0,20,32.493,0
orange_pos_001740_20260510_221859_808.png,20,20,3.822,0
orange_pos_001740_20260510_221859_808.png,40,20,58.578,0
orange_pos_001740_20260510_221859_808.png,60,20,255.000,1
orange_pos_001740_20260510_221859_808.png,80,20,98.417,1
orange_pos_001740_20260510_221859_808.png,100,20,21.821,0
orange_pos_001740_20260510_221859_808.png,120,20,21.589,0
orange_pos_001740_20260510_221859_808.png,140,20,41.807,0
orange_pos_001740_20260510_221859_808.png,0,40,3.168,0
orange_pos_001740_20260510_221859_808.png,20,40,7.205,0
orange_pos_001740_20260510_221859_808.png,40,40,58.469,0
orange_pos_001740_20260510_221859_808.png,60,40,163.230,1
orange_pos_001740_20260510_221859_808.png,80,40,41.888,0
orange_pos_001740_20260510_221859_808.png,100,40,5.107,0
orange_pos_001740_20260510_221859_808.png,120,40,2.269,0
orange_pos_001740_20260510_221859_808.png,140,40,45.797,0
orange_pos_001740_20260510_221859_808.png,0,60,2.413,0
orange_pos_001740_20260510_221859_808.png,20,60,2.493,0
orange_pos_001740_20260510_221859_808.png,40,60,48.697,0
orange_pos_001740_20260510_221859_808.png,60,60,39.804,0
orange_pos_001740_20260510_221859_808.png,80,60,5.773,0
orange_pos_001740_20260510_221859_808.png,100,60,1.212,0
orange_pos_001740_20260510_221859_808.png,120,60,5.786,0
orange_pos_001740_20260510_221859_808.png,140,60,33.528,0
orange_pos_001740_20260510_221859_808.png,0,80,5.066,0
orange_pos_001740_20260510_221859_808.png,20,80,3.004,0
orange_pos_001740_20260510_221859_808.png,40,80,58.856,0
orange_pos_001740_20260510_221859_808.png,60,80,41.776,0
orange_pos_001740_20260510_221859_808.png,80,80,14.210,0
orange_pos_001740_20260510_221859_808.png,100,80,20.342,0
orange_pos_001740_20260510_221859_808.png,120,80,33.373,0
orange_pos_001740_20260510_221859_808.png,140,80,48.958,0
orange_pos_001740_20260510_221859_808.png,0,100,2.020,0
orange_pos_001740_20260510_221859_808.png,20,100,10.146,0
orange_pos_001740_20260510_221859_808.png,40,100,58.274,0
orange_pos_001740_20260510_221859_808.png,60,100,41.221,0
orange_pos_001740_20260510_221859_808.png,80,100,21.845,0
orange_pos_001740_20260510_221859_808.png,100,100,27.752,0
orange_pos_001740_20260510_221859_808.png,120,100,34.149,0
orange_pos_001740_20260510_221859_808.png,140,100,42.464,0
orange_pos_001741_20260510_221900_214.png,0,0,42.938,0
orange_pos_001741_20260510_221900_214.png,20,0,4.991,0
orange_pos_001741_20260510_221900_214.png,40,0,24.337,0
orange_pos_001741_20260510_221900_214.png,60,0,111.391,1
orange_pos_001741_20260510_221900_214.png,80,0,43.753,0
orange_pos_001741_20260510_221900_214.png,100,0,15.829,0
orange_pos_001741_20260510_221900_214.png,120,0,22.319,0
orange_pos_001741_20260510_221900_214.png,140,0,21.300,0
orange_pos_001741_20260510_221900_214.png,0,20,23.124,0
orange_pos_001741_20260510_221900_214.png,20,20,2.659,0
orange_pos_001741_20260510_221900_214.png,40,20,18.086,0
orange_pos_001741_20260510_221900_214.png,60,20,204.819,1
orange_pos_001741_20260510_221900_214.png,80,20,72.138,1
orange_pos_001741_20260510_221900_214.png,100,20,1.943,0
orange_pos_001741_20260510_221900_214.png,120,20,3.597,0
orange_pos_001741_20260510_221900_214.png,140,20,16.130,0
orange_pos_001741_20260510_221900_214.png,0,40,1.337,0
orange_pos_001741_20260510_221900_214.png,20,40,1.862,0
orange_pos_001741_20260510_221900_214.png,40,40,29.841,0
orange_pos_001741_20260510_221900_214.png,60,40,33.771,0
orange_pos_001741_20260510_221900_214.png,80,40,1.799,0
orange_pos_001741_20260510_221900_214.png,100,40,0.621,0
orange_pos_001741_20260510_221900_214.png,120,40,1.764,0
orange_pos_001741_20260510_221900_214.png,140,40,21.233,0
orange_pos_001741_20260510_221900_214.png,0,60,1.251,0
orange_pos_001741_20260510_221900_214.png,20,60,2.172,0
orange_pos_001741_20260510_221900_214.png,40,60,24.875,0
orange_pos_001741_20260510_221900_214.png,60,60,21.329,0
orange_pos_001741_20260510_221900_214.png,80,60,3.638,0
orange_pos_001741_20260510_221900_214.png,100,60,1.242,0
orange_pos_001741_20260510_221900_214.png,120,60,4.909,0
orange_pos_001741_20260510_221900_214.png,140,60,15.333,0
orange_pos_001741_20260510_221900_214.png,0,80,1.810,0
orange_pos_001741_20260510_221900_214.png,20,80,1.651,0
orange_pos_001741_20260510_221900_214.png,40,80,25.657,0
orange_pos_001741_20260510_221900_214.png,60,80,17.577,0
orange_pos_001741_20260510_221900_214.png,80,80,1.725,0
orange_pos_001741_20260510_221900_214.png,100,80,6.158,0
orange_pos_001741_20260510_221900_214.png,120,80,11.008,0
orange_pos_001741_20260510_221900_214.png,140,80,15.370,0
orange_pos_001741_20260510_221900_214.png,0,100,1.130,0
orange_pos_001741_20260510_221900_214.png,20,100,3.010,0
orange_pos_001741_20260510_221900_214.png,40,100,21.462,0
orange_pos_001741_20260510_221900_214.png,60,100,14.077,0
orange_pos_001741_20260510_221900_214.png,80,100,5.003,0
orange_pos_001741_20260510_221900_214.png,100,100,6.756,0
orange_pos_001741_20260510_221900_214.png,120,100,8.426,0
orange_pos_001741_20260510_221900_214.png,140,100,12.468,0
orange_pos_001742_20260510_221902_127.png,0,0,3.208,0
orange_pos_001742_20260510_221902_127.png,20,0,0.621,0
orange_pos_001742_20260510_221902_127.png,40,0,0.621,0
orange_pos_001742_20260510_221902_127.png,60,0,12.571,0
orange_pos_001742_20260510_221902_127.png,80,0,33.383,0
orange_pos_001742_20260510_221902_127.png,100,0,0.621,0
orange_pos_001742_20260510_221902_127.png,120,0,0.621,0
orange_pos_001742_20260510_221902_127.png,140,0,0.621,0
orange_pos_001742_20260510_221902_127.png,0,20,2.687,0
orange_pos_001742_20260510_221902_127.png,20,20,0.621,0
orange_pos_001742_20260510_221902_127.png,40,20,0.622,0
orange_pos_001742_20260510_221902_127.png,60,20,31.419,0
orange_pos_001742_20260510_221902_127.png,80,20,88.419,1
orange_pos_001742_20260510_221902_127.png,100,20,1.605,0
orange_pos_001742_20260510_221902_127.png,120,20,0.621,0
orange_pos_001742_20260510_221902_127.png,140,20,0.621,0
orange_pos_001742_20260510_221902_127.png,0,40,0.791,0
orange_pos_001742_20260510_221902_127.png,20,40,0.621,0
orange_pos_001742_20260510_221902_127.png,40,40,10.653,0
orange_pos_001742_20260510_221902_127.png,60,40,7.909,0
orange_pos_001742_20260510_221902_127.png,80,40,0.621,0
orange_pos_001742_20260510_221902_127.png,100,40,0.621,0
orange_pos_001742_20260510_221902_127.png,120,40,0.621,0
orange_pos_001742_20260510_221902_127.png,140,40,4.498,0
orange_pos_001742_20260510_221902_127.png,0,60,0.621,0
orange_pos_001742_20260510_221902_127.png,20,60,0.621,0
orange_pos_001742_20260510_221902_127.png,40,60,2.002,0
orange_pos_001742_20260510_221902_127.png,60,60,0.893,0
orange_pos_001742_20260510_221902_127.png,80,60,0.621,0
orange_pos_001742_20260510_221902_127.png,100,60,0.621,0
orange_pos_001742_20260510_221902_127.png,120,60,0.621,0
orange_pos_001742_20260510_221902_127.png,140,60,0.621,0
orange_pos_001742_20260510_221902_127.png,0,80,0.904,0
orange_pos_001742_20260510_221902_127.png,20,80,0.621,0
orange_pos_001742_20260510_221902_127.png,40,80,13.595,0
orange_pos_001742_20260510_221902_127.png,60,80,8.610,0
orange_pos_001742_20260510_221902_127.png,80,80,0.621,0
orange_pos_001742_20260510_221902_127.png,100,80,1.008,0
orange_pos_001742_20260510_221902_127.png,120,80,1.724,0
orange_pos_001742_20260510_221902_127.png,140,80,6.954,0
orange_pos_001742_20260510_221902_127.png,0,100,0.710,0
orange_pos_001742_20260510_221902_127.png,20,100,1.251,0
orange_pos_001742_20260510_221902_127.png,40,100,9.984,0
orange_pos_001742_20260510_221902_127.png,60,100,6.800,0
orange_pos_001742_20260510_221902_127.png,80,100,1.951,0
orange_pos_001742_20260510_221902_127.png,100,100,1.820,0
orange_pos_001742_20260510_221902_127.png,120,100,3.331,0
orange_pos_001742_20260510_221902_127.png,140,100,5.337,0
orange_pos_001743_20260510_221906_537.png,0,0,40.551,0
orange_pos_001743_20260510_221906_537.png,20,0,3.437,0
orange_pos_001743_20260510_221906_537.png,40,0,31.041,0
orange_pos_001743_20260510_221906_537.png,60,0,49.353,0
orange_pos_001743_20260510_221906_537.png,80,0,21.429,0
orange_pos_001743_20260510_221906_537.png,100,0,10.177,0
orange_pos_001743_20260510_221906_537.png,120,0,18.440,0
orange_pos_001743_20260510_221906_537.png,140,0,35.119,0
orange_pos_001743_20260510_221906_537.png,0,20,29.514,0
orange_pos_001743_20260510_221906_537.png,20,20,7.417,0
orange_pos_001743_20260510_221906_537.png,40,20,30.663,0
orange_pos_001743_20260510_221906_537.png,60,20,38.851,0
orange_pos_001743_20260510_221906_537.png,80,20,6.123,0
orange_pos_001743_20260510_221906_537.png,100,20,0.621,0
orange_pos_001743_20260510_221906_537.png,120,20,34.592,0
orange_pos_001743_20260510_221906_537.png,140,20,52.085,0
orange_pos_001743_20260510_221906_537.png,0,40,3.072,0
orange_pos_001743_20260510_221906_537.png,20,40,5.487,0
orange_pos_001743_20260510_221906_537.png,40,40,45.728,0
orange_pos_001743_20260510_221906_537.png,60,40,42.427,0
orange_pos_001743_20260510_221906_537.png,80,40,1.778,0
orange_pos_001743_20260510_221906_537.png,100,40,2.884,0
orange_pos_001743_20260510_221906_537.png,120,40,95.510,1
orange_pos_001743_20260510_221906_537.png,140,40,77.322,1
orange_pos_001743_20260510_221906_537.png,0,60,3.645,0
orange_pos_001743_20260510_221906_537.png,20,60,5.137,0
orange_pos_001743_20260510_221906_537.png,40,60,56.286,0
orange_pos_001743_20260510_221906_537.png,60,60,45.104,0
orange_pos_001743_20260510_221906_537.png,80,60,10.008,0
orange_pos_001743_20260510_221906_537.png,100,60,6.092,0
orange_pos_001743_20260510_221906_537.png,120,60,25.298,0
orange_pos_001743_20260510_221906_537.png,140,60,49.291,0
orange_pos_001743_20260510_221906_537.png,0,80,3.256,0
orange_pos_001743_20260510_221906_537.png,20,80,4.003,0
orange_pos_001743_20260510_221906_537.png,40,80,47.663,0
orange_pos_001743_20260510_221906_537.png,60,80,32.298,0
orange_pos_001743_20260510_221906_537.png,80,80,7.964,0
orange_pos_001743_20260510_221906_537.png,100,80,14.688,0
orange_pos_001743_20260510_221906_537.png,120,80,23.395,0
orange_pos_001743_20260510_221906_537.png,140,80,36.711,0
orange_pos_001743_20260510_221906_537.png,0,100,2.254,0
orange_pos_001743_20260510_221906_537.png,20,100,7.991,0
orange_pos_001743_20260510_221906_537.png,40,100,50.386,0
orange_pos_001743_20260510_221906_537.png,60,100,34.549,0
orange_pos_001743_20260510_221906_537.png,80,100,14.491,0
orange_pos_001743_20260510_221906_537.png,100,100,19.700,0
orange_pos_001743_20260510_221906_537.png,120,100,27.507,0
orange_pos_001743_20260510_221906_537.png,140,100,35.647,0
orange_pos_001744_20260510_221906_910.png,0,0,46.353,0
orange_pos_001744_20260510_221906_910.png,20,0,4.599,0
orange_pos_001744_20260510_221906_910.png,40,0,34.928,0
orange_pos_001744_20260510_221906_910.png,60,0,55.462,0
orange_pos_001744_20260510_221906_910.png,80,0,32.341,0
orange_pos_001744_20260510_221906_910.png,100,0,21.614,0
orange_pos_001744_20260510_221906_910.png,120,0,25.160,0
orange_pos_001744_20260510_221906_910.png,140,0,46.201,0
orange_pos_001744_20260510_221906_910.png,0,20,38.477,0
orange_pos_001744_20260510_221906_910.png,20,20,9.341,0
orange_pos_001744_20260510_221906_910.png,40,20,39.339,0
orange_pos_001744_20260510_221906_910.png,60,20,50.285,0
orange_pos_001744_20260510_221906_910.png,80,20,9.126,0
orange_pos_001744_20260510_221906_910.png,100,20,0.720,0
orange_pos_001744_20260510_221906_910.png,120,20,40.163,0
orange_pos_001744_20260510_221906_910.png,140,20,72.009,1
orange_pos_001744_20260510_221906_910.png,0,40,2.767,0
orange_pos_001744_20260510_221906_910.png,20,40,6.944,0
orange_pos_001744_20260510_221906_910.png,40,40,43.742,0
orange_pos_001744_20260510_221906_910.png,60,40,40.012,0
orange_pos_001744_20260510_221906_910.png,80,40,1.112,0
orange_pos_001744_20260510_221906_910.png,100,40,0.957,0
orange_pos_001744_20260510_221906_910.png,120,40,85.680,1
orange_pos_001744_20260510_221906_910.png,140,40,73.238,1
orange_pos_001744_20260510_221906_910.png,0,60,3.043,0
orange_pos_001744_20260510_221906_910.png,20,60,4.600,0
orange_pos_001744_20260510_221906_910.png,40,60,47.131,0
orange_pos_001744_20260510_221906_910.png,60,60,36.789,0
orange_pos_001744_20260510_221906_910.png,80,60,6.206,0
orange_pos_001744_20260510_221906_910.png,100,60,3.597,0
orange_pos_001744_20260510_221906_910.png,120,60,20.194,0
orange_pos_001744_20260510_221906_910.png,140,60,43.508,0
orange_pos_001744_20260510_221906_910.png,0,80,4.572,0
orange_pos_001744_20260510_221906_910.png,20,80,4.273,0
orange_pos_001744_20260510_221906_910.png,40,80,56.283,0
orange_pos_001744_20260510_221906_910.png,60,80,39.703,0
orange_pos_001744_20260510_221906_910.png,80,80,12.227,0
orange_pos_001744_20260510_221906_910.png,100,80,20.209,0
orange_pos_001744_20260510_221906_910.png,120,80,31.278,0
orange_pos_001744_20260510_221906_910.png,140,80,45.988,0
orange_pos_001744_20260510_221906_910.png,0,100,1.602,0
orange_pos_001744_20260510_221906_910.png,20,100,8.070,0
orange_pos_001744_20260510_221906_910.png,40,100,48.481,0
orange_pos_001744_20260510_221906_910.png,60,100,31.751,0
orange_pos_001744_20260510_221906_910.png,80,100,14.033,0
orange_pos_001744_20260510_221906_910.png,100,100,19.100,0
orange_pos_001744_20260510_221906_910.png,120,100,26.966,0
orange_pos_001744_20260510_221906_910.png,140,100,34.516,0
orange_pos_001745_20260510_221908_669.png,0,0,9.245,0
orange_pos_001745_20260510_221908_669.png,20,0,0.654,0
orange_pos_001745_20260510_221908_669.png,40,0,4.947,0
orange_pos_001745_20260510_221908_669.png,60,0,6.033,0
orange_pos_001745_20260510_221908_669.png,80,0,1.756,0
orange_pos_001745_20260510_221908_669.png,100,0,1.116,0
orange_pos_001745_20260510_221908_669.png,120,0,0.962,0
orange_pos_001745_20260510_221908_669.png,140,0,0.831,0
orange_pos_001745_20260510_221908_669.png,0,20,7.277,0
orange_pos_001745_20260510_221908_669.png,20,20,0.621,0
orange_pos_001745_20260510_221908_669.png,40,20,2.014,0
orange_pos_001745_20260510_221908_669.png,60,20,1.306,0
orange_pos_001745_20260510_221908_669.png,80,20,0.621,0
orange_pos_001745_20260510_221908_669.png,100,20,0.621,0
orange_pos_001745_20260510_221908_669.png,120,20,0.621,0
orange_pos_001745_20260510_221908_669.png,140,20,0.621,0
orange_pos_001745_20260510_221908_669.png,0,40,0.621,0
orange_pos_001745_20260510_221908_669.png,20,40,0.621,0
orange_pos_001745_20260510_221908_669.png,40,40,4.901,0
orange_pos_001745_20260510_221908_669.png,60,40,2.181,0
orange_pos_001745_20260510_221908_669.png,80,40,0.621,0
orange_pos_001745_20260510_221908_669.png,100,40,0.621,0
orange_pos_001745_20260510_221908_669.png,120,40,4.270,0
orange_pos_001745_20260510_221908_669.png,140,40,4.419,0
orange_pos_001745_20260510_221908_669.png,0,60,0.621,0
orange_pos_001745_20260510_221908_669.png,20,60,0.621,0
orange_pos_001745_20260510_221908_669.png,40,60,3.613,0
orange_pos_001745_20260510_221908_669.png,60,60,1.113,0
orange_pos_001745_20260510_221908_669.png,80,60,0.621,0
orange_pos_001745_20260510_221908_669.png,100,60,0.621,0
orange_pos_001745_20260510_221908_669.png,120,60,3.380,0
orange_pos_001745_20260510_221908_669.png,140,60,1.630,0
orange_pos_001745_20260510_221908_669.png,0,80,0.621,0
orange_pos_001745_20260510_221908_669.png,20,80,0.621,0
orange_pos_001745_20260510_221908_669.png,40,80,1.940,0
orange_pos_001745_20260510_221908_669.png,60,80,0.676,0
orange_pos_001745_20260510_221908_669.png,80,80,0.621,0
orange_pos_001745_20260510_221908_669.png,100,80,0.621,0
orange_pos_001745_20260510_221908_669.png,120,80,0.621,0
orange_pos_001745_20260510_221908_669.png,140,80,0.621,0
orange_pos_001745_20260510_221908_669.png,0,100,0.621,0
orange_pos_001745_20260510_221908_669.png,20,100,0.627,0
orange_pos_001745_20260510_221908_669.png,40,100,2.595,0
orange_pos_001745_20260510_221908_669.png,60,100,1.470,0
orange_pos_001745_20260510_221908_669.png,80,100,0.621,0
orange_pos_001745_20260510_221908_669.png,100,100,0.621,0
orange_pos_001745_20260510_221908_669.png,120,100,0.621,0
orange_pos_001745_20260510_221908_669.png,140,100,0.771,0
orange_pos_001746_20260510_221909_099.png,0,0,18.975,0
orange_pos_001746_20260510_221909_099.png,20,0,2.681,0
orange_pos_001746_20260510_221909_099.png,40,0,11.051,0
orange_pos_001746_20260510_221909_099.png,60,0,20.180,0
orange_pos_001746_20260510_221909_099.png,80,0,8.013,0
orange_pos_001746_20260510_221909_099.png,100,0,4.099,0
orange_pos_001746_20260510_221909_099.png,120,0,3.689,0
orange_pos_001746_20260510_221909_099.png,140,0,4.379,0
orange_pos_001746_20260510_221909_099.png,0,20,20.600,0
orange_pos_001746_20260510_221909_099.png,20,20,1.182,0
orange_pos_001746_20260510_221909_099.png,40,20,14.152,0
orange_pos_001746_20260510_221909_099.png,60,20,16.360,0
orange_pos_001746_20260510_221909_099.png,80,20,1.808,0
orange_pos_001746_20260510_221909_099.png,100,20,0.621,0
orange_pos_001746_20260510_221909_099.png,120,20,0.730,0
orange_pos_001746_20260510_221909_099.png,140,20,5.636,0
orange_pos_001746_20260510_221909_099.png,0,40,0.882,0
orange_pos_001746_20260510_221909_099.png,20,40,1.256,0
orange_pos_001746_20260510_221909_099.png,40,40,14.555,0
orange_pos_001746_20260510_221909_099.png,60,40,12.019,0
orange_pos_001746_20260510_221909_099.png,80,40,0.621,0
orange_pos_001746_20260510_221909_099.png,100,40,0.621,0
orange_pos_001746_20260510_221909_099.png,120,40,3.231,0
orange_pos_001746_20260510_221909_099.png,140,40,5.874,0
orange_pos_001746_20260510_221909_099.png,0,60,0.725,0
orange_pos_001746_20260510_221909_099.png,20,60,0.621,0
orange_pos_001746_20260510_221909_099.png,40,60,12.579,0
orange_pos_001746_20260510_221909_099.png,60,60,7.645,0
orange_pos_001746_20260510_221909_099.png,80,60,0.621,0
orange_pos_001746_20260510_221909_099.png,100,60,0.621,0
orange_pos_001746_20260510_221909_099.png,120,60,41.170,0
orange_pos_001746_20260510_221909_099.png,140,60,8.608,0
orange_pos_001746_20260510_221909_099.png,0,80,1.327,0
orange_pos_001746_20260510_221909_099.png,20,80,1.118,0
orange_pos_001746_20260510_221909_099.png,40,80,20.070,0
orange_pos_001746_20260510_221909_099.png,60,80,11.845,0
orange_pos_001746_20260510_221909_099.png,80,80,0.961,0
orange_pos_001746_20260510_221909_099.png,100,80,1.920,0
orange_pos_001746_20260510_221909_099.png,120,80,6.754,0
orange_pos_001746_20260510_221909_099.png,140,80,11.299,0
orange_pos_001746_20260510_221909_099.png,0,100,1.016,0
orange_pos_001746_20260510_221909_099.png,20,100,3.169,0
orange_pos_001746_20260510_221909_099.png,40,100,23.299,0
orange_pos_001746_20260510_221909_099.png,60,100,12.563,0
orange_pos_001746_20260510_221909_099.png,80,100,4.449,0
orange_pos_001746_20260510_221909_099.png,100,100,5.795,0
orange_pos_001746_20260510_221909_099.png,120,100,9.265,0
orange_pos_001746_20260510_221909_099.png,140,100,12.187,0
orange_pos_001747_20260510_221911_220.png,0,0,40.746,0
orange_pos_001747_20260510_221911_220.png,20,0,9.428,0
orange_pos_001747_20260510_221911_220.png,40,0,32.417,0
orange_pos_001747_20260510_221911_220.png,60,0,51.100,0
orange_pos_001747_20260510_221911_220.png,80,0,24.154,0
orange_pos_001747_20260510_221911_220.png,100,0,12.509,0
orange_pos_001747_20260510_221911_220.png,120,0,16.969,0
orange_pos_001747_20260510_221911_220.png,140,0,27.950,0
orange_pos_001747_20260510_221911_220.png,0,20,24.886,0
orange_pos_001747_20260510_221911_220.png,20,20,5.495,0
orange_pos_001747_20260510_221911_220.png,40,20,27.908,0
orange_pos_001747_20260510_221911_220.png,60,20,30.755,0
orange_pos_001747_20260510_221911_220.png,80,20,2.560,0
orange_pos_001747_20260510_221911_220.png,100,20,0.621,0
orange_pos_001747_20260510_221911_220.png,120,20,0.702,0
orange_pos_001747_20260510_221911_220.png,140,20,18.876,0
orange_pos_001747_20260510_221911_220.png,0,40,1.541,0
orange_pos_001747_20260510_221911_220.png,20,40,4.623,0
orange_pos_001747_20260510_221911_220.png,40,40,28.595,0
orange_pos_001747_20260510_221911_220.png,60,40,22.475,0
orange_pos_001747_20260510_221911_220.png,80,40,0.621,0
orange_pos_001747_20260510_221911_220.png,100,40,0.621,0
orange_pos_001747_20260510_221911_220.png,120,40,0.621,0
orange_pos_001747_20260510_221911_220.png,140,40,17.891,0
orange_pos_001747_20260510_221911_220.png,0,60,2.357,0
orange_pos_001747_20260510_221911_220.png,20,60,3.255,0
orange_pos_001747_20260510_221911_220.png,40,60,37.422,0
orange_pos_001747_20260510_221911_220.png,60,60,25.258,0
orange_pos_001747_20260510_221911_220.png,80,60,1.366,0
orange_pos_001747_20260510_221911_220.png,100,60,2.065,0
orange_pos_001747_20260510_221911_220.png,120,60,4.860,0
orange_pos_001747_20260510_221911_220.png,140,60,19.117,0
orange_pos_001747_20260510_221911_220.png,0,80,3.078,0
orange_pos_001747_20260510_221911_220.png,20,80,4.974,0
orange_pos_001747_20260510_221911_220.png,40,80,29.704,0
orange_pos_001747_20260510_221911_220.png,60,80,18.651,0
orange_pos_001747_20260510_221911_220.png,80,80,3.304,0
orange_pos_001747_20260510_221911_220.png,100,80,131.483,1
orange_pos_001747_20260510_221911_220.png,120,80,41.217,0
orange_pos_001747_20260510_221911_220.png,140,80,21.663,0
orange_pos_001747_20260510_221911_220.png,0,100,1.634,0
orange_pos_001747_20260510_221911_220.png,20,100,5.417,0
orange_pos_001747_20260510_221911_220.png,40,100,39.213,0
orange_pos_001747_20260510_221911_220.png,60,100,25.177,0
orange_pos_001747_20260510_221911_220.png,80,100,9.089,0
orange_pos_001747_20260510_221911_220.png,100,100,87.350,1
orange_pos_001747_20260510_221911_220.png,120,100,37.709,0
orange_pos_001747_20260510_221911_220.png,140,100,32.766,0
orange_pos_001748_20260510_221911_582.png,0,0,12.249,0
orange_pos_001748_20260510_221911_582.png,20,0,2.235,0
orange_pos_001748_20260510_221911_582.png,40,0,10.771,0
orange_pos_001748_20260510_221911_582.png,60,0,16.873,0
orange_pos_001748_20260510_221911_582.png,80,0,4.206,0
orange_pos_001748_20260510_221911_582.png,100,0,2.206,0
orange_pos_001748_20260510_221911_582.png,120,0,1.711,0
orange_pos_001748_20260510_221911_582.png,140,0,2.710,0
orange_pos_001748_20260510_221911_582.png,0,20,12.257,0
orange_pos_001748_20260510_221911_582.png,20,20,1.074,0
orange_pos_001748_20260510_221911_582.png,40,20,12.906,0
orange_pos_001748_20260510_221911_582.png,60,20,13.599,0
orange_pos_001748_20260510_221911_582.png,80,20,0.999,0
orange_pos_001748_20260510_221911_582.png,100,20,0.621,0
orange_pos_001748_20260510_221911_582.png,120,20,0.621,0
orange_pos_001748_20260510_221911_582.png,140,20,6.326,0
orange_pos_001748_20260510_221911_582.png,0,40,0.758,0
orange_pos_001748_20260510_221911_582.png,20,40,0.645,0
orange_pos_001748_20260510_221911_582.png,40,40,14.122,0
orange_pos_001748_20260510_221911_582.png,60,40,8.561,0
orange_pos_001748_20260510_221911_582.png,80,40,0.621,0
orange_pos_001748_20260510_221911_582.png,100,40,0.621,0
orange_pos_001748_20260510_221911_582.png,120,40,0.621,0
orange_pos_001748_20260510_221911_582.png,140,40,2.935,0
orange_pos_001748_20260510_221911_582.png,0,60,0.684,0
orange_pos_001748_20260510_221911_582.png,20,60,0.621,0
orange_pos_001748_20260510_221911_582.png,40,60,11.063,0
orange_pos_001748_20260510_221911_582.png,60,60,6.863,0
orange_pos_001748_20260510_221911_582.png,80,60,0.621,0
orange_pos_001748_20260510_221911_582.png,100,60,0.621,0
orange_pos_001748_20260510_221911_582.png,120,60,0.621,0
orange_pos_001748_20260510_221911_582.png,140,60,3.145,0
orange_pos_001748_20260510_221911_582.png,0,80,0.694,0
orange_pos_001748_20260510_221911_582.png,20,80,0.626,0
orange_pos_001748_20260510_221911_582.png,40,80,13.380,0
orange_pos_001748_20260510_221911_582.png,60,80,7.682,0
orange_pos_001748_20260510_221911_582.png,80,80,1.816,0
orange_pos_001748_20260510_221911_582.png,100,80,105.911,1
orange_pos_001748_20260510_221911_582.png,120,80,17.866,0
orange_pos_001748_20260510_221911_582.png,140,80,1.647,0
orange_pos_001748_20260510_221911_582.png,0,100,0.864,0
orange_pos_001748_20260510_221911_582.png,20,100,2.809,0
orange_pos_001748_20260510_221911_582.png,40,100,13.917,0
orange_pos_001748_20260510_221911_582.png,60,100,7.442,0
orange_pos_001748_20260510_221911_582.png,80,100,3.404,0
orange_pos_001748_20260510_221911_582.png,100,100,51.246,0
orange_pos_001748_20260510_221911_582.png,120,100,11.085,0
orange_pos_001748_20260510_221911_582.png,140,100,7.265,0
orange_pos_001749_20260510_221913_289.png,0,0,17.569,0
orange_pos_001749_20260510_221913_289.png,20,0,0.621,0
orange_pos_001749_20260510_221913_289.png,40,0,12.114,0
orange_pos_001749_20260510_221913_289.png,60,0,19.673,0
orange_pos_001749_20260510_221913_289.png,80,0,5.890,0
orange_pos_001749_20260510_221913_289.png,100,0,2.131,0
orange_pos_001749_20260510_221913_289.png,120,0,2.781,0
orange_pos_001749_20260510_221913_289.png,140,0,4.936,0
orange_pos_001749_20260510_221913_289.png,0,20,12.794,0
orange_pos_001749_20260510_221913_289.png,20,20,0.630,0
orange_pos_001749_20260510_221913_289.png,40,20,7.700,0
orange_pos_001749_20260510_221913_289.png,60,20,6.924,0
orange_pos_001749_20260510_221913_289.png,80,20,0.848,0
orange_pos_001749_20260510_221913_289.png,100,20,0.621,0
orange_pos_001749_20260510_221913_289.png,120,20,0.621,0
orange_pos_001749_20260510_221913_289.png,140,20,2.016,0
orange_pos_001749_20260510_221913_289.png,0,40,0.694,0
orange_pos_001749_20260510_221913_289.png,20,40,0.621,0
orange_pos_001749_20260510_221913_289.png,40,40,14.365,0
orange_pos_001749_20260510_221913_289.png,60,40,11.277,0
orange_pos_001749_20260510_221913_289.png,80,40,0.622,0
orange_pos_001749_20260510_221913_289.png,100,40,0.621,0
orange_pos_001749_20260510_221913_289.png,120,40,0.621,0
orange_pos_001749_20260510_221913_289.png,140,40,1.055,0
orange_pos_001749_20260510_221913_289.png,0,60,1.097,0
orange_pos_001749_20260510_221913_289.png,20,60,0.621,0
orange_pos_001749_20260510_221913_289.png,40,60,19.263,0
orange_pos_001749_20260510_221913_289.png,60,60,34.647,0
orange_pos_001749_20260510_221913_289.png,80,60,64.130,0
orange_pos_001749_20260510_221913_289.png,100,60,0.644,0
orange_pos_001749_20260510_221913_289.png,120,60,0.623,0
orange_pos_001749_20260510_221913_289.png,140,60,7.391,0
orange_pos_001749_20260510_221913_289.png,0,80,0.944,0
orange_pos_001749_20260510_221913_289.png,20,80,0.878,0
orange_pos_001749_20260510_221913_289.png,40,80,19.529,0
orange_pos_001749_20260510_221913_289.png,60,80,110.846,1
orange_pos_001749_20260510_221913_289.png,80,80,187.985,1
orange_pos_001749_20260510_221913_289.png,100,80,1.996,0
orange_pos_001749_20260510_221913_289.png,120,80,2.790,0
orange_pos_001749_20260510_221913_289.png,140,80,8.678,0
orange_pos_001749_20260510_221913_289.png,0,100,1.029,0
orange_pos_001749_20260510_221913_289.png,20,100,2.977,0
orange_pos_001749_20260510_221913_289.png,40,100,20.164,0
orange_pos_001749_20260510_221913_289.png,60,100,12.460,0
orange_pos_001749_20260510_221913_289.png,80,100,6.364,0
orange_pos_001749_20260510_221913_289.png,100,100,4.198,0
orange_pos_001749_20260510_221913_289.png,120,100,8.751,0
orange_pos_001749_20260510_221913_289.png,140,100,11.943,0
orange_pos_001750_20260510_221913_704.png,0,0,2.280,0
orange_pos_001750_20260510_221913_704.png,20,0,0.621,0
orange_pos_001750_20260510_221913_704.png,40,0,0.852,0
orange_pos_001750_20260510_221913_704.png,60,0,0.633,0
orange_pos_001750_20260510_221913_704.png,80,0,0.621,0
orange_pos_001750_20260510_221913_704.png,100,0,0.621,0
orange_pos_001750_20260510_221913_704.png,120,0,0.621,0
orange_pos_001750_20260510_221913_704.png,140,0,0.621,0
orange_pos_001750_20260510_221913_704.png,0,20,7.008,0
orange_pos_001750_20260510_221913_704.png,20,20,0.621,0
orange_pos_001750_20260510_221913_704.png,40,20,0.644,0
orange_pos_001750_20260510_221913_704.png,60,20,0.678,0
orange_pos_001750_20260510_221913_704.png,80,20,0.621,0
orange_pos_001750_20260510_221913_704.png,100,20,0.621,0
orange_pos_001750_20260510_221913_704.png,120,20,0.621,0
orange_pos_001750_20260510_221913_704.png,140,20,0.621,0
orange_pos_001750_20260510_221913_704.png,0,40,0.621,0
orange_pos_001750_20260510_221913_704.png,20,40,0.621,0
orange_pos_001750_20260510_221913_704.png,40,40,1.201,0
orange_pos_001750_20260510_221913_704.png,60,40,0.789,0
orange_pos_001750_20260510_221913_704.png,80,40,0.621,0
orange_pos_001750_20260510_221913_704.png,100,40,0.621,0
orange_pos_001750_20260510_221913_704.png,120,40,0.621,0
orange_pos_001750_20260510_221913_704.png,140,40,0.621,0
orange_pos_001750_20260510_221913_704.png,0,60,0.623,0
orange_pos_001750_20260510_221913_704.png,20,60,0.621,0
orange_pos_001750_20260510_221913_704.png,40,60,0.908,0
orange_pos_001750_20260510_221913_704.png,60,60,34.393,0
orange_pos_001750_20260510_221913_704.png,80,60,48.427,0
orange_pos_001750_20260510_221913_704.png,100,60,0.621,0
orange_pos_001750_20260510_221913_704.png,120,60,0.621,0
orange_pos_001750_20260510_221913_704.png,140,60,0.621,0
orange_pos_001750_20260510_221913_704.png,0,80,0.621,0
orange_pos_001750_20260510_221913_704.png,20,80,0.621,0
orange_pos_001750_20260510_221913_704.png,40,80,0.621,0
orange_pos_001750_20260510_221913_704.png,60,80,93.663,1
orange_pos_001750_20260510_221913_704.png,80,80,101.857,1
orange_pos_001750_20260510_221913_704.png,100,80,0.621,0
orange_pos_001750_20260510_221913_704.png,120,80,0.621,0
orange_pos_001750_20260510_221913_704.png,140,80,0.621,0
orange_pos_001750_20260510_221913_704.png,0,100,0.621,0
orange_pos_001750_20260510_221913_704.png,20,100,0.621,0
orange_pos_001750_20260510_221913_704.png,40,100,0.621,0
orange_pos_001750_20260510_221913_704.png,60,100,0.621,0
orange_pos_001750_20260510_221913_704.png,80,100,0.621,0
orange_pos_001750_20260510_221913_704.png,100,100,0.621,0
orange_pos_001750_20260510_221913_704.png,120,100,0.621,0
orange_pos_001750_20260510_221913_704.png,140,100,0.621,0
orange_pos_001751_20260510_221917_803.png,0,0,9.514,0
orange_pos_001751_20260510_221917_803.png,20,0,0.621,0
orange_pos_001751_20260510_221917_803.png,40,0,8.260,0
orange_pos_001751_20260510_221917_803.png,60,0,13.664,0
orange_pos_001751_20260510_221917_803.png,80,0,19.201,0
orange_pos_001751_20260510_221917_803.png,100,0,20.259,0
orange_pos_001751_20260510_221917_803.png,120,0,1.411,0
orange_pos_001751_20260510_221917_803.png,140,0,2.723,0
orange_pos_001751_20260510_221917_803.png,0,20,10.893,0
orange_pos_001751_20260510_221917_803.png,20,20,0.621,0
orange_pos_001751_20260510_221917_803.png,40,20,7.974,0
orange_pos_001751_20260510_221917_803.png,60,20,7.478,0
orange_pos_001751_20260510_221917_803.png,80,20,46.824,0
orange_pos_001751_20260510_221917_803.png,100,20,39.499,0
orange_pos_001751_20260510_221917_803.png,120,20,0.622,0
orange_pos_001751_20260510_221917_803.png,140,20,2.476,0
orange_pos_001751_20260510_221917_803.png,0,40,0.681,0
orange_pos_001751_20260510_221917_803.png,20,40,0.621,0
orange_pos_001751_20260510_221917_803.png,40,40,8.716,0
orange_pos_001751_20260510_221917_803.png,60,40,6.746,0
orange_pos_001751_20260510_221917_803.png,80,40,0.621,0
orange_pos_001751_20260510_221917_803.png,100,40,0.621,0
orange_pos_001751_20260510_221917_803.png,120,40,0.621,0
orange_pos_001751_20260510_221917_803.png,140,40,3.320,0
orange_pos_001751_20260510_221917_803.png,0,60,0.865,0
orange_pos_001751_20260510_221917_803.png,20,60,0.621,0
orange_pos_001751_20260510_221917_803.png,40,60,12.228,0
orange_pos_001751_20260510_221917_803.png,60,60,8.328,0
orange_pos_001751_20260510_221917_803.png,80,60,0.621,0
orange_pos_001751_20260510_221917_803.png,100,60,0.621,0
orange_pos_001751_20260510_221917_803.png,120,60,0.759,0
orange_pos_001751_20260510_221917_803.png,140,60,4.928,0
orange_pos_001751_20260510_221917_803.png,0,80,0.639,0
orange_pos_001751_20260510_221917_803.png,20,80,0.621,0
orange_pos_001751_20260510_221917_803.png,40,80,4.970,0
orange_pos_001751_20260510_221917_803.png,60,80,2.527,0
orange_pos_001751_20260510_221917_803.png,80,80,0.621,0
orange_pos_001751_20260510_221917_803.png,100,80,0.621,0
orange_pos_001751_20260510_221917_803.png,120,80,1.173,0
orange_pos_001751_20260510_221917_803.png,140,80,1.410,0
orange_pos_001751_20260510_221917_803.png,0,100,0.690,0
orange_pos_001751_20260510_221917_803.png,20,100,0.656,0
orange_pos_001751_20260510_221917_803.png,40,100,5.787,0
orange_pos_001751_20260510_221917_803.png,60,100,3.069,0
orange_pos_001751_20260510_221917_803.png,80,100,0.621,0
orange_pos_001751_20260510_221917_803.png,100,100,0.621,0
orange_pos_001751_20260510_221917_803.png,120,100,0.822,0
orange_pos_001751_20260510_221917_803.png,140,100,1.203,0
orange_pos_001752_20260510_221918_181.png,0,0,36.396,0
orange_pos_001752_20260510_221918_181.png,20,0,2.128,0
orange_pos_001752_20260510_221918_181.png,40,0,26.552,0
orange_pos_001752_20260510_221918_181.png,60,0,42.407,0
orange_pos_001752_20260510_221918_181.png,80,0,65.108,1
orange_pos_001752_20260510_221918_181.png,100,0,75.302,1
orange_pos_001752_20260510_221918_181.png,120,0,20.928,0
orange_pos_001752_20260510_221918_181.png,140,0,17.550,0
orange_pos_001752_20260510_221918_181.png,0,20,26.896,0
orange_pos_001752_20260510_221918_181.png,20,20,1.034,0
orange_pos_001752_20260510_221918_181.png,40,20,32.322,0
orange_pos_001752_20260510_221918_181.png,60,20,39.445,0
orange_pos_001752_20260510_221918_181.png,80,20,72.225,1
orange_pos_001752_20260510_221918_181.png,100,20,79.979,1
orange_pos_001752_20260510_221918_181.png,120,20,11.626,0
orange_pos_001752_20260510_221918_181.png,140,20,30.828,0
orange_pos_001752_20260510_221918_181.png,0,40,1.533,0
orange_pos_001752_20260510_221918_181.png,20,40,1.685,0
orange_pos_001752_20260510_221918_181.png,40,40,35.462,0
orange_pos_001752_20260510_221918_181.png,60,40,30.731,0
orange_pos_001752_20260510_221918_181.png,80,40,0.699,0
orange_pos_001752_20260510_221918_181.png,100,40,0.624,0
orange_pos_001752_20260510_221918_181.png,120,40,0.725,0
orange_pos_001752_20260510_221918_181.png,140,40,21.522,0
orange_pos_001752_20260510_221918_181.png,0,60,1.452,0
orange_pos_001752_20260510_221918_181.png,20,60,0.621,0
orange_pos_001752_20260510_221918_181.png,40,60,35.288,0
orange_pos_001752_20260510_221918_181.png,60,60,27.681,0
orange_pos_001752_20260510_221918_181.png,80,60,1.747,0
orange_pos_001752_20260510_221918_181.png,100,60,0.621,0
orange_pos_001752_20260510_221918_181.png,120,60,3.354,0
orange_pos_001752_20260510_221918_181.png,140,60,21.575,0
orange_pos_001752_20260510_221918_181.png,0,80,1.610,0
orange_pos_001752_20260510_221918_181.png,20,80,0.970,0
orange_pos_001752_20260510_221918_181.png,40,80,31.223,0
orange_pos_001752_20260510_221918_181.png,60,80,19.036,0
orange_pos_001752_20260510_221918_181.png,80,80,3.788,0
orange_pos_001752_20260510_221918_181.png,100,80,6.997,0
orange_pos_001752_20260510_221918_181.png,120,80,12.481,0
orange_pos_001752_20260510_221918_181.png,140,80,22.189,0
orange_pos_001752_20260510_221918_181.png,0,100,1.603,0
orange_pos_001752_20260510_221918_181.png,20,100,5.142,0
orange_pos_001752_20260510_221918_181.png,40,100,33.345,0
orange_pos_001752_20260510_221918_181.png,60,100,20.498,0
orange_pos_001752_20260510_221918_181.png,80,100,7.115,0
orange_pos_001752_20260510_221918_181.png,100,100,10.845,0
orange_pos_001752_20260510_221918_181.png,120,100,15.295,0
orange_pos_001752_20260510_221918_181.png,140,100,20.569,0
orange_pos_001753_20260510_221920_182.png,0,0,14.882,0
orange_pos_001753_20260510_221920_182.png,20,0,0.951,0
orange_pos_001753_20260510_221920_182.png,40,0,8.834,0
orange_pos_001753_20260510_221920_182.png,60,0,66.784,1
orange_pos_001753_20260510_221920_182.png,80,0,100.114,1
orange_pos_001753_20260510_221920_182.png,100,0,3.281,0
orange_pos_001753_20260510_221920_182.png,120,0,2.994,0
orange_pos_001753_20260510_221920_182.png,140,0,6.889,0
orange_pos_001753_20260510_221920_182.png,0,20,13.004,0
orange_pos_001753_20260510_221920_182.png,20,20,1.167,0
orange_pos_001753_20260510_221920_182.png,40,20,13.597,0
orange_pos_001753_20260510_221920_182.png,60,20,31.060,0
orange_pos_001753_20260510_221920_182.png,80,20,60.813,0
orange_pos_001753_20260510_221920_182.png,100,20,0.872,0
orange_pos_001753_20260510_221920_182.png,120,20,0.895,0
orange_pos_001753_20260510_221920_182.png,140,20,8.708,0
orange_pos_001753_20260510_221920_182.png,0,40,0.785,0
orange_pos_001753_20260510_221920_182.png,20,40,1.404,0
orange_pos_001753_20260510_221920_182.png,40,40,10.900,0
orange_pos_001753_20260510_221920_182.png,60,40,9.620,0
orange_pos_001753_20260510_221920_182.png,80,40,0.621,0
orange_pos_001753_20260510_221920_182.png,100,40,0.621,0
orange_pos_001753_20260510_221920_182.png,120,40,0.621,0
orange_pos_001753_20260510_221920_182.png,140,40,4.144,0
orange_pos_001753_20260510_221920_182.png,0,60,0.882,0
orange_pos_001753_20260510_221920_182.png,20,60,0.635,0
orange_pos_001753_20260510_221920_182.png,40,60,16.033,0
orange_pos_001753_20260510_221920_182.png,60,60,10.549,0
orange_pos_001753_20260510_221920_182.png,80,60,0.645,0
orange_pos_001753_20260510_221920_182.png,100,60,0.621,0
orange_pos_001753_20260510_221920_182.png,120,60,0.775,0
orange_pos_001753_20260510_221920_182.png,140,60,4.791,0
orange_pos_001753_20260510_221920_182.png,0,80,0.904,0
orange_pos_001753_20260510_221920_182.png,20,80,1.065,0
orange_pos_001753_20260510_221920_182.png,40,80,14.402,0
orange_pos_001753_20260510_221920_182.png,60,80,8.886,0
orange_pos_001753_20260510_221920_182.png,80,80,0.621,0
orange_pos_001753_20260510_221920_182.png,100,80,0.988,0
orange_pos_001753_20260510_221920_182.png,120,80,3.032,0
orange_pos_001753_20260510_221920_182.png,140,80,6.339,0
orange_pos_001753_20260510_221920_182.png,0,100,0.759,0
orange_pos_001753_20260510_221920_182.png,20,100,1.853,0
orange_pos_001753_20260510_221920_182.png,40,100,9.914,0
orange_pos_001753_20260510_221920_182.png,60,100,5.020,0
orange_pos_001753_20260510_221920_182.png,80,100,1.642,0
orange_pos_001753_20260510_221920_182.png,100,100,2.198,0
orange_pos_001753_20260510_221920_182.png,120,100,3.693,0
orange_pos_001753_20260510_221920_182.png,140,100,4.741,0
orange_pos_001754_20260510_221920_576.png,0,0,14.882,0
orange_pos_001754_20260510_221920_576.png,20,0,0.951,0
orange_pos_001754_20260510_221920_576.png,40,0,8.834,0
orange_pos_001754_20260510_221920_576.png,60,0,66.784,1
orange_pos_001754_20260510_221920_576.png,80,0,100.114,1
orange_pos_001754_20260510_221920_576.png,100,0,3.281,0
orange_pos_001754_20260510_221920_576.png,120,0,2.994,0
orange_pos_001754_20260510_221920_576.png,140,0,6.889,0
orange_pos_001754_20260510_221920_576.png,0,20,13.004,0
orange_pos_001754_20260510_221920_576.png,20,20,1.167,0
orange_pos_001754_20260510_221920_576.png,40,20,13.597,0
orange_pos_001754_20260510_221920_576.png,60,20,31.060,0
orange_pos_001754_20260510_221920_576.png,80,20,60.813,0
orange_pos_001754_20260510_221920_576.png,100,20,0.872,0
orange_pos_001754_20260510_221920_576.png,120,20,0.895,0
orange_pos_001754_20260510_221920_576.png,140,20,8.708,0
orange_pos_001754_20260510_221920_576.png,0,40,0.785,0
orange_pos_001754_20260510_221920_576.png,20,40,1.404,0
orange_pos_001754_20260510_221920_576.png,40,40,10.900,0
orange_pos_001754_20260510_221920_576.png,60,40,9.620,0
orange_pos_001754_20260510_221920_576.png,80,40,0.621,0
orange_pos_001754_20260510_221920_576.png,100,40,0.621,0
orange_pos_001754_20260510_221920_576.png,120,40,0.621,0
orange_pos_001754_20260510_221920_576.png,140,40,4.144,0
orange_pos_001754_20260510_221920_576.png,0,60,0.882,0
orange_pos_001754_20260510_221920_576.png,20,60,0.635,0
orange_pos_001754_20260510_221920_576.png,40,60,16.033,0
orange_pos_001754_20260510_221920_576.png,60,60,10.549,0
orange_pos_001754_20260510_221920_576.png,80,60,0.645,0
orange_pos_001754_20260510_221920_576.png,100,60,0.621,0
orange_pos_001754_20260510_221920_576.png,120,60,0.775,0
orange_pos_001754_20260510_221920_576.png,140,60,4.791,0
orange_pos_001754_20260510_221920_576.png,0,80,0.904,0
orange_pos_001754_20260510_221920_576.png,20,80,1.065,0
orange_pos_001754_20260510_221920_576.png,40,80,14.402,0
orange_pos_001754_20260510_221920_576.png,60,80,8.886,0
orange_pos_001754_20260510_221920_576.png,80,80,0.621,0
orange_pos_001754_20260510_221920_576.png,100,80,0.988,0
orange_pos_001754_20260510_221920_576.png,120,80,3.032,0
orange_pos_001754_20260510_221920_576.png,140,80,6.339,0
orange_pos_001754_20260510_221920_576.png,0,100,0.759,0
orange_pos_001754_20260510_221920_576.png,20,100,1.853,0
orange_pos_001754_20260510_221920_576.png,40,100,9.914,0
orange_pos_001754_20260510_221920_576.png,60,100,5.020,0
orange_pos_001754_20260510_221920_576.png,80,100,1.642,0
orange_pos_001754_20260510_221920_576.png,100,100,2.198,0
orange_pos_001754_20260510_221920_576.png,120,100,3.693,0
orange_pos_001754_20260510_221920_576.png,140,100,4.741,0
orange_pos_001755_20260510_221924_595.png,0,0,39.452,0
orange_pos_001755_20260510_221924_595.png,20,0,2.965,0
orange_pos_001755_20260510_221924_595.png,40,0,25.915,0
orange_pos_001755_20260510_221924_595.png,60,0,46.295,0
orange_pos_001755_20260510_221924_595.png,80,0,29.338,0
orange_pos_001755_20260510_221924_595.png,100,0,28.361,0
orange_pos_001755_20260510_221924_595.png,120,0,27.527,0
orange_pos_001755_20260510_221924_595.png,140,0,19.371,0
orange_pos_001755_20260510_221924_595.png,0,20,22.923,0
orange_pos_001755_20260510_221924_595.png,20,20,3.059,0
orange_pos_001755_20260510_221924_595.png,40,20,39.503,0
orange_pos_001755_20260510_221924_595.png,60,20,85.180,1
orange_pos_001755_20260510_221924_595.png,80,20,7.505,0
orange_pos_001755_20260510_221924_595.png,100,20,6.087,0
orange_pos_001755_20260510_221924_595.png,120,20,22.785,0
orange_pos_001755_20260510_221924_595.png,140,20,18.097,0
orange_pos_001755_20260510_221924_595.png,0,40,1.285,0
orange_pos_001755_20260510_221924_595.png,20,40,1.750,0
orange_pos_001755_20260510_221924_595.png,40,40,165.053,1
orange_pos_001755_20260510_221924_595.png,60,40,255.000,1
orange_pos_001755_20260510_221924_595.png,80,40,19.220,0
orange_pos_001755_20260510_221924_595.png,100,40,12.581,0
orange_pos_001755_20260510_221924_595.png,120,40,8.605,0
orange_pos_001755_20260510_221924_595.png,140,40,18.122,0
orange_pos_001755_20260510_221924_595.png,0,60,1.645,0
orange_pos_001755_20260510_221924_595.png,20,60,1.072,0
orange_pos_001755_20260510_221924_595.png,40,60,40.744,0
orange_pos_001755_20260510_221924_595.png,60,60,69.404,1
orange_pos_001755_20260510_221924_595.png,80,60,6.676,0
orange_pos_001755_20260510_221924_595.png,100,60,5.647,0
orange_pos_001755_20260510_221924_595.png,120,60,9.789,0
orange_pos_001755_20260510_221924_595.png,140,60,27.836,0
orange_pos_001755_20260510_221924_595.png,0,80,2.242,0
orange_pos_001755_20260510_221924_595.png,20,80,1.996,0
orange_pos_001755_20260510_221924_595.png,40,80,31.896,0
orange_pos_001755_20260510_221924_595.png,60,80,22.656,0
orange_pos_001755_20260510_221924_595.png,80,80,4.862,0
orange_pos_001755_20260510_221924_595.png,100,80,9.403,0
orange_pos_001755_20260510_221924_595.png,120,80,14.722,0
orange_pos_001755_20260510_221924_595.png,140,80,20.143,0
orange_pos_001755_20260510_221924_595.png,0,100,1.618,0
orange_pos_001755_20260510_221924_595.png,20,100,6.170,0
orange_pos_001755_20260510_221924_595.png,40,100,44.573,0
orange_pos_001755_20260510_221924_595.png,60,100,31.390,0
orange_pos_001755_20260510_221924_595.png,80,100,16.672,0
orange_pos_001755_20260510_221924_595.png,100,100,19.341,0
orange_pos_001755_20260510_221924_595.png,120,100,23.988,0
orange_pos_001755_20260510_221924_595.png,140,100,34.425,0
orange_pos_001756_20260510_221926_486.png,0,0,8.031,0
orange_pos_001756_20260510_221926_486.png,20,0,0.621,0
orange_pos_001756_20260510_221926_486.png,40,0,5.791,0
orange_pos_001756_20260510_221926_486.png,60,0,12.714,0
orange_pos_001756_20260510_221926_486.png,80,0,4.383,0
orange_pos_001756_20260510_221926_486.png,100,0,3.150,0
orange_pos_001756_20260510_221926_486.png,120,0,2.666,0
orange_pos_001756_20260510_221926_486.png,140,0,3.415,0
orange_pos_001756_20260510_221926_486.png,0,20,19.959,0
orange_pos_001756_20260510_221926_486.png,20,20,0.700,0
orange_pos_001756_20260510_221926_486.png,40,20,11.006,0
orange_pos_001756_20260510_221926_486.png,60,20,13.142,0
orange_pos_001756_20260510_221926_486.png,80,20,1.880,0
orange_pos_001756_20260510_221926_486.png,100,20,0.621,0
orange_pos_001756_20260510_221926_486.png,120,20,3.153,0
orange_pos_001756_20260510_221926_486.png,140,20,6.933,0
orange_pos_001756_20260510_221926_486.png,0,40,1.263,0
orange_pos_001756_20260510_221926_486.png,20,40,0.680,0
orange_pos_001756_20260510_221926_486.png,40,40,52.785,0
orange_pos_001756_20260510_221926_486.png,60,40,145.590,1
orange_pos_001756_20260510_221926_486.png,80,40,8.194,0
orange_pos_001756_20260510_221926_486.png,100,40,1.094,0
orange_pos_001756_20260510_221926_486.png,120,40,5.600,0
orange_pos_001756_20260510_221926_486.png,140,40,20.144,0
orange_pos_001756_20260510_221926_486.png,0,60,0.804,0
orange_pos_001756_20260510_221926_486.png,20,60,0.621,0
orange_pos_001756_20260510_221926_486.png,40,60,102.667,1
orange_pos_001756_20260510_221926_486.png,60,60,255.000,1
orange_pos_001756_20260510_221926_486.png,80,60,14.914,0
orange_pos_001756_20260510_221926_486.png,100,60,0.785,0
orange_pos_001756_20260510_221926_486.png,120,60,2.387,0
orange_pos_001756_20260510_221926_486.png,140,60,5.779,0
orange_pos_001756_20260510_221926_486.png,0,80,0.937,0
orange_pos_001756_20260510_221926_486.png,20,80,0.621,0
orange_pos_001756_20260510_221926_486.png,40,80,9.793,0
orange_pos_001756_20260510_221926_486.png,60,80,1.050,0
orange_pos_001756_20260510_221926_486.png,80,80,0.621,0
orange_pos_001756_20260510_221926_486.png,100,80,0.709,0
orange_pos_001756_20260510_221926_486.png,120,80,0.988,0
orange_pos_001756_20260510_221926_486.png,140,80,5.873,0
orange_pos_001756_20260510_221926_486.png,0,100,0.809,0
orange_pos_001756_20260510_221926_486.png,20,100,1.350,0
orange_pos_001756_20260510_221926_486.png,40,100,5.346,0
orange_pos_001756_20260510_221926_486.png,60,100,3.107,0
orange_pos_001756_20260510_221926_486.png,80,100,0.834,0
orange_pos_001756_20260510_221926_486.png,100,100,0.942,0
orange_pos_001756_20260510_221926_486.png,120,100,1.643,0
orange_pos_001756_20260510_221926_486.png,140,100,2.665,0
orange_pos_001757_20260510_221927_060.png,0,0,44.327,0
orange_pos_001757_20260510_221927_060.png,20,0,1.262,0
orange_pos_001757_20260510_221927_060.png,40,0,36.643,0
orange_pos_001757_20260510_221927_060.png,60,0,63.142,0
orange_pos_001757_20260510_221927_060.png,80,0,34.640,0
orange_pos_001757_20260510_221927_060.png,100,0,24.162,0
orange_pos_001757_20260510_221927_060.png,120,0,30.135,0
orange_pos_001757_20260510_221927_060.png,140,0,42.861,0
orange_pos_001757_20260510_221927_060.png,0,20,23.128,0
orange_pos_001757_20260510_221927_060.png,20,20,2.194,0
orange_pos_001757_20260510_221927_060.png,40,20,34.012,0
orange_pos_001757_20260510_221927_060.png,60,20,40.535,0
orange_pos_001757_20260510_221927_060.png,80,20,5.203,0
orange_pos_001757_20260510_221927_060.png,100,20,0.640,0
orange_pos_001757_20260510_221927_060.png,120,20,15.457,0
orange_pos_001757_20260510_221927_060.png,140,20,38.863,0
orange_pos_001757_20260510_221927_060.png,0,40,1.960,0
orange_pos_001757_20260510_221927_060.png,20,40,1.886,0
orange_pos_001757_20260510_221927_060.png,40,40,44.651,0
orange_pos_001757_20260510_221927_060.png,60,40,127.062,1
orange_pos_001757_20260510_221927_060.png,80,40,85.719,1
orange_pos_001757_20260510_221927_060.png,100,40,8.125,0
orange_pos_001757_20260510_221927_060.png,120,40,22.941,0
orange_pos_001757_20260510_221927_060.png,140,40,58.165,0
orange_pos_001757_20260510_221927_060.png,0,60,1.995,0
orange_pos_001757_20260510_221927_060.png,20,60,0.682,0
orange_pos_001757_20260510_221927_060.png,40,60,36.768,0
orange_pos_001757_20260510_221927_060.png,60,60,240.264,1
orange_pos_001757_20260510_221927_060.png,80,60,171.936,1
orange_pos_001757_20260510_221927_060.png,100,60,22.407,0
orange_pos_001757_20260510_221927_060.png,120,60,10.308,0
orange_pos_001757_20260510_221927_060.png,140,60,30.613,0
orange_pos_001757_20260510_221927_060.png,0,80,2.141,0
orange_pos_001757_20260510_221927_060.png,20,80,0.933,0
orange_pos_001757_20260510_221927_060.png,40,80,33.896,0
orange_pos_001757_20260510_221927_060.png,60,80,21.916,0
orange_pos_001757_20260510_221927_060.png,80,80,3.174,0
orange_pos_001757_20260510_221927_060.png,100,80,6.290,0
orange_pos_001757_20260510_221927_060.png,120,80,12.204,0
orange_pos_001757_20260510_221927_060.png,140,80,20.581,0
orange_pos_001757_20260510_221927_060.png,0,100,1.668,0
orange_pos_001757_20260510_221927_060.png,20,100,6.819,0
orange_pos_001757_20260510_221927_060.png,40,100,48.579,0
orange_pos_001757_20260510_221927_060.png,60,100,32.107,0
orange_pos_001757_20260510_221927_060.png,80,100,13.775,0
orange_pos_001757_20260510_221927_060.png,100,100,17.896,0
orange_pos_001757_20260510_221927_060.png,120,100,25.924,0
orange_pos_001757_20260510_221927_060.png,140,100,32.824,0
orange_pos_001758_20260510_221928_932.png,0,0,48.013,0
orange_pos_001758_20260510_221928_932.png,20,0,3.857,0
orange_pos_001758_20260510_221928_932.png,40,0,32.904,0
orange_pos_001758_20260510_221928_932.png,60,0,57.693,0
orange_pos_001758_20260510_221928_932.png,80,0,31.722,0
orange_pos_001758_20260510_221928_932.png,100,0,19.613,0
orange_pos_001758_20260510_221928_932.png,120,0,22.578,0
orange_pos_001758_20260510_221928_932.png,140,0,36.023,0
orange_pos_001758_20260510_221928_932.png,0,20,34.827,0
orange_pos_001758_20260510_221928_932.png,20,20,7.306,0
orange_pos_001758_20260510_221928_932.png,40,20,39.080,0
orange_pos_001758_20260510_221928_932.png,60,20,46.752,0
orange_pos_001758_20260510_221928_932.png,80,20,8.796,0
orange_pos_001758_20260510_221928_932.png,100,20,0.621,0
orange_pos_001758_20260510_221928_932.png,120,20,5.495,0
orange_pos_001758_20260510_221928_932.png,140,20,41.013,0
orange_pos_001758_20260510_221928_932.png,0,40,2.476,0
orange_pos_001758_20260510_221928_932.png,20,40,3.656,0
orange_pos_001758_20260510_221928_932.png,40,40,38.659,0
orange_pos_001758_20260510_221928_932.png,60,40,34.586,0
orange_pos_001758_20260510_221928_932.png,80,40,0.843,0
orange_pos_001758_20260510_221928_932.png,100,40,14.419,0
orange_pos_001758_20260510_221928_932.png,120,40,22.008,0
orange_pos_001758_20260510_221928_932.png,140,40,39.878,0
orange_pos_001758_20260510_221928_932.png,0,60,1.497,0
orange_pos_001758_20260510_221928_932.png,20,60,1.827,0
orange_pos_001758_20260510_221928_932.png,40,60,38.995,0
orange_pos_001758_20260510_221928_932.png,60,60,30.971,0
orange_pos_001758_20260510_221928_932.png,80,60,5.122,0
orange_pos_001758_20260510_221928_932.png,100,60,140.277,1
orange_pos_001758_20260510_221928_932.png,120,60,93.194,1
orange_pos_001758_20260510_221928_932.png,140,60,37.583,0
orange_pos_001758_20260510_221928_932.png,0,80,1.954,0
orange_pos_001758_20260510_221928_932.png,20,80,2.301,0
orange_pos_001758_20260510_221928_932.png,40,80,39.367,0
orange_pos_001758_20260510_221928_932.png,60,80,25.891,0
orange_pos_001758_20260510_221928_932.png,80,80,3.754,0
orange_pos_001758_20260510_221928_932.png,100,80,29.498,0
orange_pos_001758_20260510_221928_932.png,120,80,30.131,0
orange_pos_001758_20260510_221928_932.png,140,80,25.979,0
orange_pos_001758_20260510_221928_932.png,0,100,1.523,0
orange_pos_001758_20260510_221928_932.png,20,100,6.068,0
orange_pos_001758_20260510_221928_932.png,40,100,41.171,0
orange_pos_001758_20260510_221928_932.png,60,100,27.893,0
orange_pos_001758_20260510_221928_932.png,80,100,10.808,0
orange_pos_001758_20260510_221928_932.png,100,100,16.227,0
orange_pos_001758_20260510_221928_932.png,120,100,23.227,0
orange_pos_001758_20260510_221928_932.png,140,100,29.684,0
orange_pos_001759_20260510_221929_320.png,0,0,21.203,0
orange_pos_001759_20260510_221929_320.png,20,0,4.812,0
orange_pos_001759_20260510_221929_320.png,40,0,23.070,0
orange_pos_001759_20260510_221929_320.png,60,0,36.745,0
orange_pos_001759_20260510_221929_320.png,80,0,13.155,0
orange_pos_001759_20260510_221929_320.png,100,0,5.746,0
orange_pos_001759_20260510_221929_320.png,120,0,6.617,0
orange_pos_001759_20260510_221929_320.png,140,0,17.809,0
orange_pos_001759_20260510_221929_320.png,0,20,20.470,0
orange_pos_001759_20260510_221929_320.png,20,20,1.815,0
orange_pos_001759_20260510_221929_320.png,40,20,17.315,0
orange_pos_001759_20260510_221929_320.png,60,20,16.832,0
orange_pos_001759_20260510_221929_320.png,80,20,1.457,0
orange_pos_001759_20260510_221929_320.png,100,20,0.621,0
orange_pos_001759_20260510_221929_320.png,120,20,0.621,0
orange_pos_001759_20260510_221929_320.png,140,20,9.573,0
orange_pos_001759_20260510_221929_320.png,0,40,2.115,0
orange_pos_001759_20260510_221929_320.png,20,40,1.894,0
orange_pos_001759_20260510_221929_320.png,40,40,27.716,0
orange_pos_001759_20260510_221929_320.png,60,40,19.415,0
orange_pos_001759_20260510_221929_320.png,80,40,0.621,0
orange_pos_001759_20260510_221929_320.png,100,40,4.058,0
orange_pos_001759_20260510_221929_320.png,120,40,12.370,0
orange_pos_001759_20260510_221929_320.png,140,40,24.732,0
orange_pos_001759_20260510_221929_320.png,0,60,1.549,0
orange_pos_001759_20260510_221929_320.png,20,60,1.596,0
orange_pos_001759_20260510_221929_320.png,40,60,18.270,0
orange_pos_001759_20260510_221929_320.png,60,60,11.733,0
orange_pos_001759_20260510_221929_320.png,80,60,0.769,0
orange_pos_001759_20260510_221929_320.png,100,60,75.888,1
orange_pos_001759_20260510_221929_320.png,120,60,84.148,1
orange_pos_001759_20260510_221929_320.png,140,60,18.890,0
orange_pos_001759_20260510_221929_320.png,0,80,1.713,0
orange_pos_001759_20260510_221929_320.png,20,80,1.717,0
orange_pos_001759_20260510_221929_320.png,40,80,25.572,0
orange_pos_001759_20260510_221929_320.png,60,80,16.973,0
orange_pos_001759_20260510_221929_320.png,80,80,0.621,0
orange_pos_001759_20260510_221929_320.png,100,80,18.881,0
orange_pos_001759_20260510_221929_320.png,120,80,37.641,0
orange_pos_001759_20260510_221929_320.png,140,80,23.746,0
orange_pos_001759_20260510_221929_320.png,0,100,0.960,0
orange_pos_001759_20260510_221929_320.png,20,100,3.004,0
orange_pos_001759_20260510_221929_320.png,40,100,18.577,0
orange_pos_001759_20260510_221929_320.png,60,100,11.287,0
orange_pos_001759_20260510_221929_320.png,80,100,2.109,0
orange_pos_001759_20260510_221929_320.png,100,100,2.665,0
orange_pos_001759_20260510_221929_320.png,120,100,3.901,0
orange_pos_001759_20260510_221929_320.png,140,100,7.615,0
orange_pos_001760_20260510_221935_932.png,0,0,11.885,0
orange_pos_001760_20260510_221935_932.png,20,0,1.885,0
orange_pos_001760_20260510_221935_932.png,40,0,10.238,0
orange_pos_001760_20260510_221935_932.png,60,0,17.742,0
orange_pos_001760_20260510_221935_932.png,80,0,3.454,0
orange_pos_001760_20260510_221935_932.png,100,0,1.560,0
orange_pos_001760_20260510_221935_932.png,120,0,0.937,0
orange_pos_001760_20260510_221935_932.png,140,0,5.140,0
orange_pos_001760_20260510_221935_932.png,0,20,15.611,0
orange_pos_001760_20260510_221935_932.png,20,20,0.621,0
orange_pos_001760_20260510_221935_932.png,40,20,7.824,0
orange_pos_001760_20260510_221935_932.png,60,20,6.599,0
orange_pos_001760_20260510_221935_932.png,80,20,0.788,0
orange_pos_001760_20260510_221935_932.png,100,20,0.621,0
orange_pos_001760_20260510_221935_932.png,120,20,0.621,0
orange_pos_001760_20260510_221935_932.png,140,20,1.672,0
orange_pos_001760_20260510_221935_932.png,0,40,0.851,0
orange_pos_001760_20260510_221935_932.png,20,40,0.639,0
orange_pos_001760_20260510_221935_932.png,40,40,12.856,0
orange_pos_001760_20260510_221935_932.png,60,40,8.111,0
orange_pos_001760_20260510_221935_932.png,80,40,0.621,0
orange_pos_001760_20260510_221935_932.png,100,40,0.621,0
orange_pos_001760_20260510_221935_932.png,120,40,0.621,0
orange_pos_001760_20260510_221935_932.png,140,40,4.046,0
orange_pos_001760_20260510_221935_932.png,0,60,1.132,0
orange_pos_001760_20260510_221935_932.png,20,60,0.733,0
orange_pos_001760_20260510_221935_932.png,40,60,14.371,0
orange_pos_001760_20260510_221935_932.png,60,60,9.812,0
orange_pos_001760_20260510_221935_932.png,80,60,0.621,0
orange_pos_001760_20260510_221935_932.png,100,60,0.621,0
orange_pos_001760_20260510_221935_932.png,120,60,0.621,0
orange_pos_001760_20260510_221935_932.png,140,60,3.121,0
orange_pos_001760_20260510_221935_932.png,0,80,0.660,0
orange_pos_001760_20260510_221935_932.png,20,80,0.621,0
orange_pos_001760_20260510_221935_932.png,40,80,9.303,0
orange_pos_001760_20260510_221935_932.png,60,80,4.545,0
orange_pos_001760_20260510_221935_932.png,80,80,0.621,0
orange_pos_001760_20260510_221935_932.png,100,80,1.121,0
orange_pos_001760_20260510_221935_932.png,120,80,0.629,0
orange_pos_001760_20260510_221935_932.png,140,80,0.725,0
orange_pos_001760_20260510_221935_932.png,0,100,1.246,0
orange_pos_001760_20260510_221935_932.png,20,100,2.378,0
orange_pos_001760_20260510_221935_932.png,40,100,16.992,0
orange_pos_001760_20260510_221935_932.png,60,100,8.876,0
orange_pos_001760_20260510_221935_932.png,80,100,9.923,0
orange_pos_001760_20260510_221935_932.png,100,100,122.113,1
orange_pos_001760_20260510_221935_932.png,120,100,22.602,0
orange_pos_001760_20260510_221935_932.png,140,100,9.573,0
orange_pos_001761_20260510_221937_976.png,0,0,32.463,0
orange_pos_001761_20260510_221937_976.png,20,0,2.333,0
orange_pos_001761_20260510_221937_976.png,40,0,21.378,0
orange_pos_001761_20260510_221937_976.png,60,0,35.031,0
orange_pos_001761_20260510_221937_976.png,80,0,18.081,0
orange_pos_001761_20260510_221937_976.png,100,0,9.631,0
orange_pos_001761_20260510_221937_976.png,120,0,11.593,0
orange_pos_001761_20260510_221937_976.png,140,0,16.638,0
orange_pos_001761_20260510_221937_976.png,0,20,19.870,0
orange_pos_001761_20260510_221937_976.png,20,20,0.873,0
orange_pos_001761_20260510_221937_976.png,40,20,16.282,0
orange_pos_001761_20260510_221937_976.png,60,20,17.356,0
orange_pos_001761_20260510_221937_976.png,80,20,1.327,0
orange_pos_001761_20260510_221937_976.png,100,20,0.621,0
orange_pos_001761_20260510_221937_976.png,120,20,0.709,0
orange_pos_001761_20260510_221937_976.png,140,20,5.972,0
orange_pos_001761_20260510_221937_976.png,0,40,0.778,0
orange_pos_001761_20260510_221937_976.png,20,40,1.215,0
orange_pos_001761_20260510_221937_976.png,40,40,21.327,0
orange_pos_001761_20260510_221937_976.png,60,40,14.684,0
orange_pos_001761_20260510_221937_976.png,80,40,0.621,0
orange_pos_001761_20260510_221937_976.png,100,40,0.621,0
orange_pos_001761_20260510_221937_976.png,120,40,0.621,0
orange_pos_001761_20260510_221937_976.png,140,40,4.371,0
orange_pos_001761_20260510_221937_976.png,0,60,1.465,0
orange_pos_001761_20260510_221937_976.png,20,60,0.629,0
orange_pos_001761_20260510_221937_976.png,40,60,26.068,0
orange_pos_001761_20260510_221937_976.png,60,60,16.954,0
orange_pos_001761_20260510_221937_976.png,80,60,2.887,0
orange_pos_001761_20260510_221937_976.png,100,60,0.774,0
orange_pos_001761_20260510_221937_976.png,120,60,0.980,0
orange_pos_001761_20260510_221937_976.png,140,60,11.844,0
orange_pos_001761_20260510_221937_976.png,0,80,1.074,0
orange_pos_001761_20260510_221937_976.png,20,80,0.626,0
orange_pos_001761_20260510_221937_976.png,40,80,19.648,0
orange_pos_001761_20260510_221937_976.png,60,80,103.215,1
orange_pos_001761_20260510_221937_976.png,80,80,188.238,1
orange_pos_001761_20260510_221937_976.png,100,80,4.163,0
orange_pos_001761_20260510_221937_976.png,120,80,1.550,0
orange_pos_001761_20260510_221937_976.png,140,80,11.258,0
orange_pos_001761_20260510_221937_976.png,0,100,1.105,0
orange_pos_001761_20260510_221937_976.png,20,100,4.273,0
orange_pos_001761_20260510_221937_976.png,40,100,27.574,0
orange_pos_001761_20260510_221937_976.png,60,100,30.756,0
orange_pos_001761_20260510_221937_976.png,80,100,57.145,0
orange_pos_001761_20260510_221937_976.png,100,100,8.605,0
orange_pos_001761_20260510_221937_976.png,120,100,13.124,0
orange_pos_001761_20260510_221937_976.png,140,100,17.561,0
orange_pos_001762_20260510_221938_464.png,0,0,32.463,0
orange_pos_001762_20260510_221938_464.png,20,0,2.333,0
orange_pos_001762_20260510_221938_464.png,40,0,21.378,0
orange_pos_001762_20260510_221938_464.png,60,0,35.031,0
orange_pos_001762_20260510_221938_464.png,80,0,18.081,0
orange_pos_001762_20260510_221938_464.png,100,0,9.631,0
orange_pos_001762_20260510_221938_464.png,120,0,11.593,0
orange_pos_001762_20260510_221938_464.png,140,0,16.638,0
orange_pos_001762_20260510_221938_464.png,0,20,19.870,0
orange_pos_001762_20260510_221938_464.png,20,20,0.873,0
orange_pos_001762_20260510_221938_464.png,40,20,16.282,0
orange_pos_001762_20260510_221938_464.png,60,20,17.356,0
orange_pos_001762_20260510_221938_464.png,80,20,1.327,0
orange_pos_001762_20260510_221938_464.png,100,20,0.621,0
orange_pos_001762_20260510_221938_464.png,120,20,0.709,0
orange_pos_001762_20260510_221938_464.png,140,20,5.972,0
orange_pos_001762_20260510_221938_464.png,0,40,0.778,0
orange_pos_001762_20260510_221938_464.png,20,40,1.215,0
orange_pos_001762_20260510_221938_464.png,40,40,21.327,0
orange_pos_001762_20260510_221938_464.png,60,40,14.684,0
orange_pos_001762_20260510_221938_464.png,80,40,0.621,0
orange_pos_001762_20260510_221938_464.png,100,40,0.621,0
orange_pos_001762_20260510_221938_464.png,120,40,0.621,0
orange_pos_001762_20260510_221938_464.png,140,40,4.371,0
orange_pos_001762_20260510_221938_464.png,0,60,1.465,0
orange_pos_001762_20260510_221938_464.png,20,60,0.629,0
orange_pos_001762_20260510_221938_464.png,40,60,26.068,0
orange_pos_001762_20260510_221938_464.png,60,60,16.954,0
orange_pos_001762_20260510_221938_464.png,80,60,2.887,0
orange_pos_001762_20260510_221938_464.png,100,60,0.774,0
orange_pos_001762_20260510_221938_464.png,120,60,0.980,0
orange_pos_001762_20260510_221938_464.png,140,60,11.844,0
orange_pos_001762_20260510_221938_464.png,0,80,1.074,0
orange_pos_001762_20260510_221938_464.png,20,80,0.626,0
orange_pos_001762_20260510_221938_464.png,40,80,19.648,0
orange_pos_001762_20260510_221938_464.png,60,80,103.215,1
orange_pos_001762_20260510_221938_464.png,80,80,188.238,1
orange_pos_001762_20260510_221938_464.png,100,80,4.163,0
orange_pos_001762_20260510_221938_464.png,120,80,1.550,0
orange_pos_001762_20260510_221938_464.png,140,80,11.258,0
orange_pos_001762_20260510_221938_464.png,0,100,1.105,0
orange_pos_001762_20260510_221938_464.png,20,100,4.273,0
orange_pos_001762_20260510_221938_464.png,40,100,27.574,0
orange_pos_001762_20260510_221938_464.png,60,100,30.756,0
orange_pos_001762_20260510_221938_464.png,80,100,57.145,0
orange_pos_001762_20260510_221938_464.png,100,100,8.605,0
orange_pos_001762_20260510_221938_464.png,120,100,13.124,0
orange_pos_001762_20260510_221938_464.png,140,100,17.561,0
orange_pos_001763_20260510_221939_926.png,0,0,43.898,0
orange_pos_001763_20260510_221939_926.png,20,0,1.960,0
orange_pos_001763_20260510_221939_926.png,40,0,32.186,0
orange_pos_001763_20260510_221939_926.png,60,0,55.408,0
orange_pos_001763_20260510_221939_926.png,80,0,31.062,0
orange_pos_001763_20260510_221939_926.png,100,0,20.343,0
orange_pos_001763_20260510_221939_926.png,120,0,23.868,0
orange_pos_001763_20260510_221939_926.png,140,0,35.281,0
orange_pos_001763_20260510_221939_926.png,0,20,30.116,0
orange_pos_001763_20260510_221939_926.png,20,20,4.328,0
orange_pos_001763_20260510_221939_926.png,40,20,34.368,0
orange_pos_001763_20260510_221939_926.png,60,20,43.239,0
orange_pos_001763_20260510_221939_926.png,80,20,6.440,0
orange_pos_001763_20260510_221939_926.png,100,20,0.621,0
orange_pos_001763_20260510_221939_926.png,120,20,6.752,0
orange_pos_001763_20260510_221939_926.png,140,20,42.410,0
orange_pos_001763_20260510_221939_926.png,0,40,1.951,0
orange_pos_001763_20260510_221939_926.png,20,40,3.080,0
orange_pos_001763_20260510_221939_926.png,40,40,38.909,0
orange_pos_001763_20260510_221939_926.png,60,40,21.508,0
orange_pos_001763_20260510_221939_926.png,80,40,1.931,0
orange_pos_001763_20260510_221939_926.png,100,40,3.343,0
orange_pos_001763_20260510_221939_926.png,120,40,15.612,0
orange_pos_001763_20260510_221939_926.png,140,40,39.997,0
orange_pos_001763_20260510_221939_926.png,0,60,2.030,0
orange_pos_001763_20260510_221939_926.png,20,60,1.015,0
orange_pos_001763_20260510_221939_926.png,40,60,174.887,1
orange_pos_001763_20260510_221939_926.png,60,60,243.055,1
orange_pos_001763_20260510_221939_926.png,80,60,15.512,0
orange_pos_001763_20260510_221939_926.png,100,60,4.709,0
orange_pos_001763_20260510_221939_926.png,120,60,12.095,0
orange_pos_001763_20260510_221939_926.png,140,60,28.485,0
orange_pos_001763_20260510_221939_926.png,0,80,2.351,0
orange_pos_001763_20260510_221939_926.png,20,80,1.569,0
orange_pos_001763_20260510_221939_926.png,40,80,105.749,1
orange_pos_001763_20260510_221939_926.png,60,80,128.318,1
orange_pos_001763_20260510_221939_926.png,80,80,15.521,0
orange_pos_001763_20260510_221939_926.png,100,80,11.060,0
orange_pos_001763_20260510_221939_926.png,120,80,22.969,0
orange_pos_001763_20260510_221939_926.png,140,80,36.805,0
orange_pos_001763_20260510_221939_926.png,0,100,1.665,0
orange_pos_001763_20260510_221939_926.png,20,100,7.683,0
orange_pos_001763_20260510_221939_926.png,40,100,48.628,0
orange_pos_001763_20260510_221939_926.png,60,100,30.874,0
orange_pos_001763_20260510_221939_926.png,80,100,15.415,0
orange_pos_001763_20260510_221939_926.png,100,100,18.076,0
orange_pos_001763_20260510_221939_926.png,120,100,25.114,0
orange_pos_001763_20260510_221939_926.png,140,100,33.152,0
orange_pos_001765_20260510_221940_344.png,0,0,18.140,0
orange_pos_001765_20260510_221940_344.png,20,0,0.853,0
orange_pos_001765_20260510_221940_344.png,40,0,14.230,0
orange_pos_001765_20260510_221940_344.png,60,0,22.249,0
orange_pos_001765_20260510_221940_344.png,80,0,7.743,0
orange_pos_001765_20260510_221940_344.png,100,0,4.040,0
orange_pos_001765_20260510_221940_344.png,120,0,4.462,0
orange_pos_001765_20260510_221940_344.png,140,0,9.997,0
orange_pos_001765_20260510_221940_344.png,0,20,8.075,0
orange_pos_001765_20260510_221940_344.png,20,20,0.621,0
orange_pos_001765_20260510_221940_344.png,40,20,5.877,0
orange_pos_001765_20260510_221940_344.png,60,20,5.610,0
orange_pos_001765_20260510_221940_344.png,80,20,0.793,0
orange_pos_001765_20260510_221940_344.png,100,20,0.621,0
orange_pos_001765_20260510_221940_344.png,120,20,0.621,0
orange_pos_001765_20260510_221940_344.png,140,20,1.243,0
orange_pos_001765_20260510_221940_344.png,0,40,1.007,0
orange_pos_001765_20260510_221940_344.png,20,40,0.621,0
orange_pos_001765_20260510_221940_344.png,40,40,13.752,0
orange_pos_001765_20260510_221940_344.png,60,40,8.088,0
orange_pos_001765_20260510_221940_344.png,80,40,0.621,0
orange_pos_001765_20260510_221940_344.png,100,40,0.621,0
orange_pos_001765_20260510_221940_344.png,120,40,0.680,0
orange_pos_001765_20260510_221940_344.png,140,40,3.895,0
orange_pos_001765_20260510_221940_344.png,0,60,0.824,0
orange_pos_001765_20260510_221940_344.png,20,60,0.621,0
orange_pos_001765_20260510_221940_344.png,40,60,168.371,1
orange_pos_001765_20260510_221940_344.png,60,60,212.252,1
orange_pos_001765_20260510_221940_344.png,80,60,2.477,0
orange_pos_001765_20260510_221940_344.png,100,60,0.621,0
orange_pos_001765_20260510_221940_344.png,120,60,1.489,0
orange_pos_001765_20260510_221940_344.png,140,60,3.629,0
orange_pos_001765_20260510_221940_344.png,0,80,0.899,0
orange_pos_001765_20260510_221940_344.png,20,80,0.621,0
orange_pos_001765_20260510_221940_344.png,40,80,78.600,1
orange_pos_001765_20260510_221940_344.png,60,80,94.650,1
orange_pos_001765_20260510_221940_344.png,80,80,2.020,0
orange_pos_001765_20260510_221940_344.png,100,80,0.732,0
orange_pos_001765_20260510_221940_344.png,120,80,2.940,0
orange_pos_001765_20260510_221940_344.png,140,80,8.373,0
orange_pos_001765_20260510_221940_344.png,0,100,0.799,0
orange_pos_001765_20260510_221940_344.png,20,100,1.101,0
orange_pos_001765_20260510_221940_344.png,40,100,8.966,0
orange_pos_001765_20260510_221940_344.png,60,100,5.534,0
orange_pos_001765_20260510_221940_344.png,80,100,1.017,0
orange_pos_001765_20260510_221940_344.png,100,100,1.361,0
orange_pos_001765_20260510_221940_344.png,120,100,2.135,0
orange_pos_001765_20260510_221940_344.png,140,100,3.779,0
orange_pos_001766_20260510_221942_574.png,0,0,38.256,0
orange_pos_001766_20260510_221942_574.png,20,0,2.189,0
orange_pos_001766_20260510_221942_574.png,40,0,31.097,0
orange_pos_001766_20260510_221942_574.png,60,0,54.701,0
orange_pos_001766_20260510_221942_574.png,80,0,17.955,0
orange_pos_001766_20260510_221942_574.png,100,0,25.213,0
orange_pos_001766_20260510_221942_574.png,120,0,30.835,0
orange_pos_001766_20260510_221942_574.png,140,0,18.096,0
orange_pos_001766_20260510_221942_574.png,0,20,19.073,0
orange_pos_001766_20260510_221942_574.png,20,20,0.636,0
orange_pos_001766_20260510_221942_574.png,40,20,119.436,1
orange_pos_001766_20260510_221942_574.png,60,20,239.028,1
orange_pos_001766_20260510_221942_574.png,80,20,47.443,0
orange_pos_001766_20260510_221942_574.png,100,20,16.241,0
orange_pos_001766_20260510_221942_574.png,120,20,17.748,0
orange_pos_001766_20260510_221942_574.png,140,20,32.932,0
orange_pos_001766_20260510_221942_574.png,0,40,1.997,0
orange_pos_001766_20260510_221942_574.png,20,40,1.154,0
orange_pos_001766_20260510_221942_574.png,40,40,68.547,1
orange_pos_001766_20260510_221942_574.png,60,40,165.023,1
orange_pos_001766_20260510_221942_574.png,80,40,13.627,0
orange_pos_001766_20260510_221942_574.png,100,40,10.280,0
orange_pos_001766_20260510_221942_574.png,120,40,2.458,0
orange_pos_001766_20260510_221942_574.png,140,40,27.824,0
orange_pos_001766_20260510_221942_574.png,0,60,1.714,0
orange_pos_001766_20260510_221942_574.png,20,60,0.913,0
orange_pos_001766_20260510_221942_574.png,40,60,46.159,0
orange_pos_001766_20260510_221942_574.png,60,60,36.698,0
orange_pos_001766_20260510_221942_574.png,80,60,5.728,0
orange_pos_001766_20260510_221942_574.png,100,60,2.803,0
orange_pos_001766_20260510_221942_574.png,120,60,7.968,0
orange_pos_001766_20260510_221942_574.png,140,60,31.718,0
orange_pos_001766_20260510_221942_574.png,0,80,2.362,0
orange_pos_001766_20260510_221942_574.png,20,80,2.402,0
orange_pos_001766_20260510_221942_574.png,40,80,38.745,0
orange_pos_001766_20260510_221942_574.png,60,80,27.556,0
orange_pos_001766_20260510_221942_574.png,80,80,4.673,0
orange_pos_001766_20260510_221942_574.png,100,80,7.677,0
orange_pos_001766_20260510_221942_574.png,120,80,14.771,0
orange_pos_001766_20260510_221942_574.png,140,80,25.840,0
orange_pos_001766_20260510_221942_574.png,0,100,2.052,0
orange_pos_001766_20260510_221942_574.png,20,100,6.716,0
orange_pos_001766_20260510_221942_574.png,40,100,46.536,0
orange_pos_001766_20260510_221942_574.png,60,100,32.309,0
orange_pos_001766_20260510_221942_574.png,80,100,11.665,0
orange_pos_001766_20260510_221942_574.png,100,100,15.767,0
orange_pos_001766_20260510_221942_574.png,120,100,23.233,0
orange_pos_001766_20260510_221942_574.png,140,100,32.100,0
orange_pos_001767_20260510_221946_684.png,0,0,32.632,0
orange_pos_001767_20260510_221946_684.png,20,0,0.621,0
orange_pos_001767_20260510_221946_684.png,40,0,22.677,0
orange_pos_001767_20260510_221946_684.png,60,0,40.294,0
orange_pos_001767_20260510_221946_684.png,80,0,16.372,0
orange_pos_001767_20260510_221946_684.png,100,0,11.343,0
orange_pos_001767_20260510_221946_684.png,120,0,13.250,0
orange_pos_001767_20260510_221946_684.png,140,0,15.957,0
orange_pos_001767_20260510_221946_684.png,0,20,29.060,0
orange_pos_001767_20260510_221946_684.png,20,20,7.352,0
orange_pos_001767_20260510_221946_684.png,40,20,40.547,0
orange_pos_001767_20260510_221946_684.png,60,20,50.865,0
orange_pos_001767_20260510_221946_684.png,80,20,12.704,0
orange_pos_001767_20260510_221946_684.png,100,20,1.223,0
orange_pos_001767_20260510_221946_684.png,120,20,39.112,0
orange_pos_001767_20260510_221946_684.png,140,20,51.873,0
orange_pos_001767_20260510_221946_684.png,0,40,2.945,0
orange_pos_001767_20260510_221946_684.png,20,40,3.190,0
orange_pos_001767_20260510_221946_684.png,40,40,48.067,0
orange_pos_001767_20260510_221946_684.png,60,40,45.061,0
orange_pos_001767_20260510_221946_684.png,80,40,1.504,0
orange_pos_001767_20260510_221946_684.png,100,40,131.589,1
orange_pos_001767_20260510_221946_684.png,120,40,111.749,1
orange_pos_001767_20260510_221946_684.png,140,40,59.254,0
orange_pos_001767_20260510_221946_684.png,0,60,2.836,0
orange_pos_001767_20260510_221946_684.png,20,60,2.306,0
orange_pos_001767_20260510_221946_684.png,40,60,50.272,0
orange_pos_001767_20260510_221946_684.png,60,60,41.089,0
orange_pos_001767_20260510_221946_684.png,80,60,10.111,0
orange_pos_001767_20260510_221946_684.png,100,60,89.008,1
orange_pos_001767_20260510_221946_684.png,120,60,70.815,1
orange_pos_001767_20260510_221946_684.png,140,60,50.047,0
orange_pos_001767_20260510_221946_684.png,0,80,4.324,0
orange_pos_001767_20260510_221946_684.png,20,80,2.626,0
orange_pos_001767_20260510_221946_684.png,40,80,49.665,0
orange_pos_001767_20260510_221946_684.png,60,80,35.714,0
orange_pos_001767_20260510_221946_684.png,80,80,11.954,0
orange_pos_001767_20260510_221946_684.png,100,80,19.472,0
orange_pos_001767_20260510_221946_684.png,120,80,29.794,0
orange_pos_001767_20260510_221946_684.png,140,80,40.442,0
orange_pos_001767_20260510_221946_684.png,0,100,1.657,0
orange_pos_001767_20260510_221946_684.png,20,100,8.679,0
orange_pos_001767_20260510_221946_684.png,40,100,45.894,0
orange_pos_001767_20260510_221946_684.png,60,100,31.659,0
orange_pos_001767_20260510_221946_684.png,80,100,14.449,0
orange_pos_001767_20260510_221946_684.png,100,100,17.680,0
orange_pos_001767_20260510_221946_684.png,120,100,23.229,0
orange_pos_001767_20260510_221946_684.png,140,100,31.187,0
orange_pos_001768_20260510_221951_198.png,0,0,27.795,0
orange_pos_001768_20260510_221951_198.png,20,0,1.003,0
orange_pos_001768_20260510_221951_198.png,40,0,29.487,0
orange_pos_001768_20260510_221951_198.png,60,0,48.958,0
orange_pos_001768_20260510_221951_198.png,80,0,23.347,0
orange_pos_001768_20260510_221951_198.png,100,0,12.071,0
orange_pos_001768_20260510_221951_198.png,120,0,14.113,0
orange_pos_001768_20260510_221951_198.png,140,0,23.575,0
orange_pos_001768_20260510_221951_198.png,0,20,23.966,0
orange_pos_001768_20260510_221951_198.png,20,20,0.848,0
orange_pos_001768_20260510_221951_198.png,40,20,30.672,0
orange_pos_001768_20260510_221951_198.png,60,20,37.632,0
orange_pos_001768_20260510_221951_198.png,80,20,7.212,0
orange_pos_001768_20260510_221951_198.png,100,20,1.457,0
orange_pos_001768_20260510_221951_198.png,120,20,19.817,0
orange_pos_001768_20260510_221951_198.png,140,20,25.488,0
orange_pos_001768_20260510_221951_198.png,0,40,1.580,0
orange_pos_001768_20260510_221951_198.png,20,40,1.631,0
orange_pos_001768_20260510_221951_198.png,40,40,38.311,0
orange_pos_001768_20260510_221951_198.png,60,40,185.802,1
orange_pos_001768_20260510_221951_198.png,80,40,58.342,0
orange_pos_001768_20260510_221951_198.png,100,40,8.263,0
orange_pos_001768_20260510_221951_198.png,120,40,22.389,0
orange_pos_001768_20260510_221951_198.png,140,40,35.640,0
orange_pos_001768_20260510_221951_198.png,0,60,1.977,0
orange_pos_001768_20260510_221951_198.png,20,60,1.067,0
orange_pos_001768_20260510_221951_198.png,40,60,53.900,0
orange_pos_001768_20260510_221951_198.png,60,60,255.000,1
orange_pos_001768_20260510_221951_198.png,80,60,91.463,1
orange_pos_001768_20260510_221951_198.png,100,60,19.595,0
orange_pos_001768_20260510_221951_198.png,120,60,12.783,0
orange_pos_001768_20260510_221951_198.png,140,60,29.767,0
orange_pos_001768_20260510_221951_198.png,0,80,1.837,0
orange_pos_001768_20260510_221951_198.png,20,80,0.921,0
orange_pos_001768_20260510_221951_198.png,40,80,38.098,0
orange_pos_001768_20260510_221951_198.png,60,80,24.670,0
orange_pos_001768_20260510_221951_198.png,80,80,2.639,0
orange_pos_001768_20260510_221951_198.png,100,80,6.588,0
orange_pos_001768_20260510_221951_198.png,120,80,16.127,0
orange_pos_001768_20260510_221951_198.png,140,80,28.178,0
orange_pos_001768_20260510_221951_198.png,0,100,1.926,0
orange_pos_001768_20260510_221951_198.png,20,100,7.880,0
orange_pos_001768_20260510_221951_198.png,40,100,51.572,0
orange_pos_001768_20260510_221951_198.png,60,100,31.813,0
orange_pos_001768_20260510_221951_198.png,80,100,14.694,0
orange_pos_001768_20260510_221951_198.png,100,100,17.859,0
orange_pos_001768_20260510_221951_198.png,120,100,26.162,0
orange_pos_001768_20260510_221951_198.png,140,100,34.982,0
orange_pos_001769_20260510_221953_428.png,0,0,13.017,0
orange_pos_001769_20260510_221953_428.png,20,0,0.621,0
orange_pos_001769_20260510_221953_428.png,40,0,12.408,0
orange_pos_001769_20260510_221953_428.png,60,0,20.535,0
orange_pos_001769_20260510_221953_428.png,80,0,9.554,0
orange_pos_001769_20260510_221953_428.png,100,0,6.820,0
orange_pos_001769_20260510_221953_428.png,120,0,5.963,0
orange_pos_001769_20260510_221953_428.png,140,0,6.603,0
orange_pos_001769_20260510_221953_428.png,0,20,11.188,0
orange_pos_001769_20260510_221953_428.png,20,20,0.621,0
orange_pos_001769_20260510_221953_428.png,40,20,25.533,0
orange_pos_001769_20260510_221953_428.png,60,20,10.139,0
orange_pos_001769_20260510_221953_428.png,80,20,0.621,0
orange_pos_001769_20260510_221953_428.png,100,20,0.621,0
orange_pos_001769_20260510_221953_428.png,120,20,2.028,0
orange_pos_001769_20260510_221953_428.png,140,20,6.373,0
orange_pos_001769_20260510_221953_428.png,0,40,0.968,0
orange_pos_001769_20260510_221953_428.png,20,40,0.621,0
orange_pos_001769_20260510_221953_428.png,40,40,255.000,1
orange_pos_001769_20260510_221953_428.png,60,40,203.759,1
orange_pos_001769_20260510_221953_428.png,80,40,4.599,0
orange_pos_001769_20260510_221953_428.png,100,40,1.048,0
orange_pos_001769_20260510_221953_428.png,120,40,1.955,0
orange_pos_001769_20260510_221953_428.png,140,40,10.545,0
orange_pos_001769_20260510_221953_428.png,0,60,0.771,0
orange_pos_001769_20260510_221953_428.png,20,60,0.621,0
orange_pos_001769_20260510_221953_428.png,40,60,68.252,1
orange_pos_001769_20260510_221953_428.png,60,60,44.807,0
orange_pos_001769_20260510_221953_428.png,80,60,0.757,0
orange_pos_001769_20260510_221953_428.png,100,60,0.718,0
orange_pos_001769_20260510_221953_428.png,120,60,1.382,0
orange_pos_001769_20260510_221953_428.png,140,60,5.387,0
orange_pos_001769_20260510_221953_428.png,0,80,1.003,0
orange_pos_001769_20260510_221953_428.png,20,80,0.708,0
orange_pos_001769_20260510_221953_428.png,40,80,12.802,0
orange_pos_001769_20260510_221953_428.png,60,80,8.381,0
orange_pos_001769_20260510_221953_428.png,80,80,0.621,0
orange_pos_001769_20260510_221953_428.png,100,80,1.653,0
orange_pos_001769_20260510_221953_428.png,120,80,3.515,0
orange_pos_001769_20260510_221953_428.png,140,80,7.866,0
orange_pos_001769_20260510_221953_428.png,0,100,0.933,0
orange_pos_001769_20260510_221953_428.png,20,100,2.847,0
orange_pos_001769_20260510_221953_428.png,40,100,20.672,0
orange_pos_001769_20260510_221953_428.png,60,100,9.799,0
orange_pos_001769_20260510_221953_428.png,80,100,4.064,0
orange_pos_001769_20260510_221953_428.png,100,100,4.769,0
orange_pos_001769_20260510_221953_428.png,120,100,6.638,0
orange_pos_001769_20260510_221953_428.png,140,100,11.672,0
orange_pos_001770_20260510_221958_140.png,0,0,16.433,0
orange_pos_001770_20260510_221958_140.png,20,0,0.621,0
orange_pos_001770_20260510_221958_140.png,40,0,16.922,0
orange_pos_001770_20260510_221958_140.png,60,0,33.568,0
orange_pos_001770_20260510_221958_140.png,80,0,1.908,0
orange_pos_001770_20260510_221958_140.png,100,0,0.621,0
orange_pos_001770_20260510_221958_140.png,120,0,1.660,0
orange_pos_001770_20260510_221958_140.png,140,0,0.782,0
orange_pos_001770_20260510_221958_140.png,0,20,13.926,0
orange_pos_001770_20260510_221958_140.png,20,20,0.621,0
orange_pos_001770_20260510_221958_140.png,40,20,117.981,1
orange_pos_001770_20260510_221958_140.png,60,20,200.713,1
orange_pos_001770_20260510_221958_140.png,80,20,9.898,0
orange_pos_001770_20260510_221958_140.png,100,20,1.571,0
orange_pos_001770_20260510_221958_140.png,120,20,0.707,0
orange_pos_001770_20260510_221958_140.png,140,20,5.995,0
orange_pos_001770_20260510_221958_140.png,0,40,0.864,0
orange_pos_001770_20260510_221958_140.png,20,40,0.621,0
orange_pos_001770_20260510_221958_140.png,40,40,36.287,0
orange_pos_001770_20260510_221958_140.png,60,40,83.499,1
orange_pos_001770_20260510_221958_140.png,80,40,1.233,0
orange_pos_001770_20260510_221958_140.png,100,40,0.716,0
orange_pos_001770_20260510_221958_140.png,120,40,0.647,0
orange_pos_001770_20260510_221958_140.png,140,40,8.949,0
orange_pos_001770_20260510_221958_140.png,0,60,0.819,0
orange_pos_001770_20260510_221958_140.png,20,60,0.621,0
orange_pos_001770_20260510_221958_140.png,40,60,12.110,0
orange_pos_001770_20260510_221958_140.png,60,60,11.648,0
orange_pos_001770_20260510_221958_140.png,80,60,1.211,0
orange_pos_001770_20260510_221958_140.png,100,60,0.621,0
orange_pos_001770_20260510_221958_140.png,120,60,1.326,0
orange_pos_001770_20260510_221958_140.png,140,60,6.251,0
orange_pos_001770_20260510_221958_140.png,0,80,0.840,0
orange_pos_001770_20260510_221958_140.png,20,80,0.627,0
orange_pos_001770_20260510_221958_140.png,40,80,13.781,0
orange_pos_001770_20260510_221958_140.png,60,80,10.491,0
orange_pos_001770_20260510_221958_140.png,80,80,1.061,0
orange_pos_001770_20260510_221958_140.png,100,80,1.729,0
orange_pos_001770_20260510_221958_140.png,120,80,4.943,0
orange_pos_001770_20260510_221958_140.png,140,80,6.310,0
orange_pos_001770_20260510_221958_140.png,0,100,0.686,0
orange_pos_001770_20260510_221958_140.png,20,100,1.389,0
orange_pos_001770_20260510_221958_140.png,40,100,7.070,0
orange_pos_001770_20260510_221958_140.png,60,100,3.570,0
orange_pos_001770_20260510_221958_140.png,80,100,0.675,0
orange_pos_001770_20260510_221958_140.png,100,100,0.848,0
orange_pos_001770_20260510_221958_140.png,120,100,1.671,0
orange_pos_001770_20260510_221958_140.png,140,100,1.294,0
orange_pos_001771_20260510_222000_112.png,0,0,46.407,0
orange_pos_001771_20260510_222000_112.png,20,0,0.853,0
orange_pos_001771_20260510_222000_112.png,40,0,26.307,0
orange_pos_001771_20260510_222000_112.png,60,0,46.017,0
orange_pos_001771_20260510_222000_112.png,80,0,29.406,0
orange_pos_001771_20260510_222000_112.png,100,0,25.351,0
orange_pos_001771_20260510_222000_112.png,120,0,25.421,0
orange_pos_001771_20260510_222000_112.png,140,0,23.731,0
orange_pos_001771_20260510_222000_112.png,0,20,36.640,0
orange_pos_001771_20260510_222000_112.png,20,20,2.846,0
orange_pos_001771_20260510_222000_112.png,40,20,35.810,0
orange_pos_001771_20260510_222000_112.png,60,20,48.246,0
orange_pos_001771_20260510_222000_112.png,80,20,125.348,1
orange_pos_001771_20260510_222000_112.png,100,20,116.704,1
orange_pos_001771_20260510_222000_112.png,120,20,35.570,0
orange_pos_001771_20260510_222000_112.png,140,20,40.501,0
orange_pos_001771_20260510_222000_112.png,0,40,2.083,0
orange_pos_001771_20260510_222000_112.png,20,40,1.895,0
orange_pos_001771_20260510_222000_112.png,40,40,38.861,0
orange_pos_001771_20260510_222000_112.png,60,40,36.954,0
orange_pos_001771_20260510_222000_112.png,80,40,155.210,1
orange_pos_001771_20260510_222000_112.png,100,40,119.304,1
orange_pos_001771_20260510_222000_112.png,120,40,27.616,0
orange_pos_001771_20260510_222000_112.png,140,40,42.120,0
orange_pos_001771_20260510_222000_112.png,0,60,1.969,0
orange_pos_001771_20260510_222000_112.png,20,60,0.650,0
orange_pos_001771_20260510_222000_112.png,40,60,43.101,0
orange_pos_001771_20260510_222000_112.png,60,60,38.085,0
orange_pos_001771_20260510_222000_112.png,80,60,9.715,0
orange_pos_001771_20260510_222000_112.png,100,60,14.276,0
orange_pos_001771_20260510_222000_112.png,120,60,21.167,0
orange_pos_001771_20260510_222000_112.png,140,60,34.275,0
orange_pos_001771_20260510_222000_112.png,0,80,1.873,0
orange_pos_001771_20260510_222000_112.png,20,80,1.453,0
orange_pos_001771_20260510_222000_112.png,40,80,40.627,0
orange_pos_001771_20260510_222000_112.png,60,80,29.339,0
orange_pos_001771_20260510_222000_112.png,80,80,6.409,0
orange_pos_001771_20260510_222000_112.png,100,80,13.419,0
orange_pos_001771_20260510_222000_112.png,120,80,21.354,0
orange_pos_001771_20260510_222000_112.png,140,80,31.446,0
orange_pos_001771_20260510_222000_112.png,0,100,1.691,0
orange_pos_001771_20260510_222000_112.png,20,100,8.047,0
orange_pos_001771_20260510_222000_112.png,40,100,46.789,0
orange_pos_001771_20260510_222000_112.png,60,100,30.755,0
orange_pos_001771_20260510_222000_112.png,80,100,17.304,0
orange_pos_001771_20260510_222000_112.png,100,100,20.439,0
orange_pos_001771_20260510_222000_112.png,120,100,28.375,0
orange_pos_001771_20260510_222000_112.png,140,100,32.995,0
orange_pos_001772_20260510_222002_339.png,0,0,19.536,0
orange_pos_001772_20260510_222002_339.png,20,0,1.677,0
orange_pos_001772_20260510_222002_339.png,40,0,17.427,0
orange_pos_001772_20260510_222002_339.png,60,0,27.087,0
orange_pos_001772_20260510_222002_339.png,80,0,12.451,0
orange_pos_001772_20260510_222002_339.png,100,0,4.938,0
orange_pos_001772_20260510_222002_339.png,120,0,7.766,0
orange_pos_001772_20260510_222002_339.png,140,0,13.322,0
orange_pos_001772_20260510_222002_339.png,0,20,19.187,0
orange_pos_001772_20260510_222002_339.png,20,20,2.356,0
orange_pos_001772_20260510_222002_339.png,40,20,19.787,0
orange_pos_001772_20260510_222002_339.png,60,20,22.036,0
orange_pos_001772_20260510_222002_339.png,80,20,2.020,0
orange_pos_001772_20260510_222002_339.png,100,20,0.621,0
orange_pos_001772_20260510_222002_339.png,120,20,1.056,0
orange_pos_001772_20260510_222002_339.png,140,20,19.202,0
orange_pos_001772_20260510_222002_339.png,0,40,0.919,0
orange_pos_001772_20260510_222002_339.png,20,40,2.139,0
orange_pos_001772_20260510_222002_339.png,40,40,19.026,0
orange_pos_001772_20260510_222002_339.png,60,40,17.439,0
orange_pos_001772_20260510_222002_339.png,80,40,1.487,0
orange_pos_001772_20260510_222002_339.png,100,40,1.018,0
orange_pos_001772_20260510_222002_339.png,120,40,0.805,0
orange_pos_001772_20260510_222002_339.png,140,40,12.639,0
orange_pos_001772_20260510_222002_339.png,0,60,1.188,0
orange_pos_001772_20260510_222002_339.png,20,60,0.621,0
orange_pos_001772_20260510_222002_339.png,40,60,20.427,0
orange_pos_001772_20260510_222002_339.png,60,60,19.034,0
orange_pos_001772_20260510_222002_339.png,80,60,209.502,1
orange_pos_001772_20260510_222002_339.png,100,60,55.933,0
orange_pos_001772_20260510_222002_339.png,120,60,2.586,0
orange_pos_001772_20260510_222002_339.png,140,60,9.131,0
orange_pos_001772_20260510_222002_339.png,0,80,1.342,0
orange_pos_001772_20260510_222002_339.png,20,80,0.880,0
orange_pos_001772_20260510_222002_339.png,40,80,19.515,0
orange_pos_001772_20260510_222002_339.png,60,80,15.377,0
orange_pos_001772_20260510_222002_339.png,80,80,106.190,1
orange_pos_001772_20260510_222002_339.png,100,80,28.261,0
orange_pos_001772_20260510_222002_339.png,120,80,8.981,0
orange_pos_001772_20260510_222002_339.png,140,80,14.652,0
orange_pos_001772_20260510_222002_339.png,0,100,1.091,0
orange_pos_001772_20260510_222002_339.png,20,100,4.064,0
orange_pos_001772_20260510_222002_339.png,40,100,31.565,0
orange_pos_001772_20260510_222002_339.png,60,100,18.986,0
orange_pos_001772_20260510_222002_339.png,80,100,6.475,0
orange_pos_001772_20260510_222002_339.png,100,100,8.679,0
orange_pos_001772_20260510_222002_339.png,120,100,13.298,0
orange_pos_001772_20260510_222002_339.png,140,100,19.667,0
orange_pos_001773_20260510_222004_679.png,0,0,43.132,0
orange_pos_001773_20260510_222004_679.png,20,0,14.296,0
orange_pos_001773_20260510_222004_679.png,40,0,33.624,0
orange_pos_001773_20260510_222004_679.png,60,0,54.476,0
orange_pos_001773_20260510_222004_679.png,80,0,34.587,0
orange_pos_001773_20260510_222004_679.png,100,0,20.815,0
orange_pos_001773_20260510_222004_679.png,120,0,22.886,0
orange_pos_001773_20260510_222004_679.png,140,0,31.935,0
orange_pos_001773_20260510_222004_679.png,0,20,10.493,0
orange_pos_001773_20260510_222004_679.png,20,20,1.392,0
orange_pos_001773_20260510_222004_679.png,40,20,11.693,0
orange_pos_001773_20260510_222004_679.png,60,20,9.541,0
orange_pos_001773_20260510_222004_679.png,80,20,0.659,0
orange_pos_001773_20260510_222004_679.png,100,20,0.621,0
orange_pos_001773_20260510_222004_679.png,120,20,0.621,0
orange_pos_001773_20260510_222004_679.png,140,20,3.325,0
orange_pos_001773_20260510_222004_679.png,0,40,1.261,0
orange_pos_001773_20260510_222004_679.png,20,40,3.327,0
orange_pos_001773_20260510_222004_679.png,40,40,20.112,0
orange_pos_001773_20260510_222004_679.png,60,40,13.926,0
orange_pos_001773_20260510_222004_679.png,80,40,0.621,0
orange_pos_001773_20260510_222004_679.png,100,40,0.621,0
orange_pos_001773_20260510_222004_679.png,120,40,0.621,0
orange_pos_001773_20260510_222004_679.png,140,40,7.279,0
orange_pos_001773_20260510_222004_679.png,0,60,2.072,0
orange_pos_001773_20260510_222004_679.png,20,60,6.997,0
orange_pos_001773_20260510_222004_679.png,40,60,33.239,0
orange_pos_001773_20260510_222004_679.png,60,60,22.758,0
orange_pos_001773_20260510_222004_679.png,80,60,1.401,0
orange_pos_001773_20260510_222004_679.png,100,60,0.621,0
orange_pos_001773_20260510_222004_679.png,120,60,2.067,0
orange_pos_001773_20260510_222004_679.png,140,60,25.947,0
orange_pos_001773_20260510_222004_679.png,0,80,2.792,0
orange_pos_001773_20260510_222004_679.png,20,80,5.552,0
orange_pos_001773_20260510_222004_679.png,40,80,36.635,0
orange_pos_001773_20260510_222004_679.png,60,80,54.383,0
orange_pos_001773_20260510_222004_679.png,80,80,102.078,1
orange_pos_001773_20260510_222004_679.png,100,80,11.951,0
orange_pos_001773_20260510_222004_679.png,120,80,11.441,0
orange_pos_001773_20260510_222004_679.png,140,80,29.688,0
orange_pos_001773_20260510_222004_679.png,0,100,1.484,0
orange_pos_001773_20260510_222004_679.png,20,100,5.326,0
orange_pos_001773_20260510_222004_679.png,40,100,35.006,0
orange_pos_001773_20260510_222004_679.png,60,100,83.463,1
orange_pos_001773_20260510_222004_679.png,80,100,162.310,1
orange_pos_001773_20260510_222004_679.png,100,100,29.796,0
orange_pos_001773_20260510_222004_679.png,120,100,20.822,0
orange_pos_001773_20260510_222004_679.png,140,100,30.169,0
orange_pos_001774_20260510_222006_931.png,0,0,5.327,0
orange_pos_001774_20260510_222006_931.png,20,0,0.621,0
orange_pos_001774_20260510_222006_931.png,40,0,5.564,0
orange_pos_001774_20260510_222006_931.png,60,0,7.570,0
orange_pos_001774_20260510_222006_931.png,80,0,2.572,0
orange_pos_001774_20260510_222006_931.png,100,0,1.319,0
orange_pos_001774_20260510_222006_931.png,120,0,0.718,0
orange_pos_001774_20260510_222006_931.png,140,0,1.038,0
orange_pos_001774_20260510_222006_931.png,0,20,14.106,0
orange_pos_001774_20260510_222006_931.png,20,20,0.644,0
orange_pos_001774_20260510_222006_931.png,40,20,6.302,0
orange_pos_001774_20260510_222006_931.png,60,20,7.184,0
orange_pos_001774_20260510_222006_931.png,80,20,2.138,0
orange_pos_001774_20260510_222006_931.png,100,20,0.844,0
orange_pos_001774_20260510_222006_931.png,120,20,0.940,0
orange_pos_001774_20260510_222006_931.png,140,20,6.513,0
orange_pos_001774_20260510_222006_931.png,0,40,0.838,0
orange_pos_001774_20260510_222006_931.png,20,40,0.621,0
orange_pos_001774_20260510_222006_931.png,40,40,10.362,0
orange_pos_001774_20260510_222006_931.png,60,40,44.557,0
orange_pos_001774_20260510_222006_931.png,80,40,200.456,1
orange_pos_001774_20260510_222006_931.png,100,40,27.833,0
orange_pos_001774_20260510_222006_931.png,120,40,0.836,0
orange_pos_001774_20260510_222006_931.png,140,40,4.534,0
orange_pos_001774_20260510_222006_931.png,0,60,0.717,0
orange_pos_001774_20260510_222006_931.png,20,60,0.621,0
orange_pos_001774_20260510_222006_931.png,40,60,6.426,0
orange_pos_001774_20260510_222006_931.png,60,60,11.438,0
orange_pos_001774_20260510_222006_931.png,80,60,93.755,1
orange_pos_001774_20260510_222006_931.png,100,60,6.650,0
orange_pos_001774_20260510_222006_931.png,120,60,1.334,0
orange_pos_001774_20260510_222006_931.png,140,60,4.742,0
orange_pos_001774_20260510_222006_931.png,0,80,0.678,0
orange_pos_001774_20260510_222006_931.png,20,80,0.621,0
orange_pos_001774_20260510_222006_931.png,40,80,8.159,0
orange_pos_001774_20260510_222006_931.png,60,80,5.814,0
orange_pos_001774_20260510_222006_931.png,80,80,0.621,0
orange_pos_001774_20260510_222006_931.png,100,80,0.715,0
orange_pos_001774_20260510_222006_931.png,120,80,0.976,0
orange_pos_001774_20260510_222006_931.png,140,80,2.984,0
orange_pos_001774_20260510_222006_931.png,0,100,0.809,0
orange_pos_001774_20260510_222006_931.png,20,100,2.666,0
orange_pos_001774_20260510_222006_931.png,40,100,16.633,0
orange_pos_001774_20260510_222006_931.png,60,100,9.349,0
orange_pos_001774_20260510_222006_931.png,80,100,1.720,0
orange_pos_001774_20260510_222006_931.png,100,100,1.951,0
orange_pos_001774_20260510_222006_931.png,120,100,4.247,0
orange_pos_001774_20260510_222006_931.png,140,100,6.517,0
orange_pos_001775_20260510_222007_324.png,0,0,5.327,0
orange_pos_001775_20260510_222007_324.png,20,0,0.621,0
orange_pos_001775_20260510_222007_324.png,40,0,5.564,0
orange_pos_001775_20260510_222007_324.png,60,0,7.570,0
orange_pos_001775_20260510_222007_324.png,80,0,2.572,0
orange_pos_001775_20260510_222007_324.png,100,0,1.319,0
orange_pos_001775_20260510_222007_324.png,120,0,0.718,0
orange_pos_001775_20260510_222007_324.png,140,0,1.038,0
orange_pos_001775_20260510_222007_324.png,0,20,14.106,0
orange_pos_001775_20260510_222007_324.png,20,20,0.644,0
orange_pos_001775_20260510_222007_324.png,40,20,6.302,0
orange_pos_001775_20260510_222007_324.png,60,20,7.184,0
orange_pos_001775_20260510_222007_324.png,80,20,2.138,0
orange_pos_001775_20260510_222007_324.png,100,20,0.844,0
orange_pos_001775_20260510_222007_324.png,120,20,0.940,0
orange_pos_001775_20260510_222007_324.png,140,20,6.513,0
orange_pos_001775_20260510_222007_324.png,0,40,0.838,0
orange_pos_001775_20260510_222007_324.png,20,40,0.621,0
orange_pos_001775_20260510_222007_324.png,40,40,10.362,0
orange_pos_001775_20260510_222007_324.png,60,40,44.557,0
orange_pos_001775_20260510_222007_324.png,80,40,200.456,1
orange_pos_001775_20260510_222007_324.png,100,40,27.833,0
orange_pos_001775_20260510_222007_324.png,120,40,0.836,0
orange_pos_001775_20260510_222007_324.png,140,40,4.534,0
orange_pos_001775_20260510_222007_324.png,0,60,0.717,0
orange_pos_001775_20260510_222007_324.png,20,60,0.621,0
orange_pos_001775_20260510_222007_324.png,40,60,6.426,0
orange_pos_001775_20260510_222007_324.png,60,60,11.438,0
orange_pos_001775_20260510_222007_324.png,80,60,93.755,1
orange_pos_001775_20260510_222007_324.png,100,60,6.650,0
orange_pos_001775_20260510_222007_324.png,120,60,1.334,0
orange_pos_001775_20260510_222007_324.png,140,60,4.742,0
orange_pos_001775_20260510_222007_324.png,0,80,0.678,0
orange_pos_001775_20260510_222007_324.png,20,80,0.621,0
orange_pos_001775_20260510_222007_324.png,40,80,8.159,0
orange_pos_001775_20260510_222007_324.png,60,80,5.814,0
orange_pos_001775_20260510_222007_324.png,80,80,0.621,0
orange_pos_001775_20260510_222007_324.png,100,80,0.715,0
orange_pos_001775_20260510_222007_324.png,120,80,0.976,0
orange_pos_001775_20260510_222007_324.png,140,80,2.984,0
orange_pos_001775_20260510_222007_324.png,0,100,0.809,0
orange_pos_001775_20260510_222007_324.png,20,100,2.666,0
orange_pos_001775_20260510_222007_324.png,40,100,16.633,0
orange_pos_001775_20260510_222007_324.png,60,100,9.349,0
orange_pos_001775_20260510_222007_324.png,80,100,1.720,0
orange_pos_001775_20260510_222007_324.png,100,100,1.951,0
orange_pos_001775_20260510_222007_324.png,120,100,4.247,0
orange_pos_001775_20260510_222007_324.png,140,100,6.517,0
orange_pos_001776_20260510_222008_885.png,0,0,1.723,0
orange_pos_001776_20260510_222008_885.png,20,0,0.621,0
orange_pos_001776_20260510_222008_885.png,40,0,0.621,0
orange_pos_001776_20260510_222008_885.png,60,0,0.902,0
orange_pos_001776_20260510_222008_885.png,80,0,34.233,0
orange_pos_001776_20260510_222008_885.png,100,0,2.467,0
orange_pos_001776_20260510_222008_885.png,120,0,0.621,0
orange_pos_001776_20260510_222008_885.png,140,0,0.621,0
orange_pos_001776_20260510_222008_885.png,0,20,3.985,0
orange_pos_001776_20260510_222008_885.png,20,20,0.621,0
orange_pos_001776_20260510_222008_885.png,40,20,0.666,0
orange_pos_001776_20260510_222008_885.png,60,20,1.261,0
orange_pos_001776_20260510_222008_885.png,80,20,50.956,0
orange_pos_001776_20260510_222008_885.png,100,20,4.700,0
orange_pos_001776_20260510_222008_885.png,120,20,0.621,0
orange_pos_001776_20260510_222008_885.png,140,20,0.621,0
orange_pos_001776_20260510_222008_885.png,0,40,0.621,0
orange_pos_001776_20260510_222008_885.png,20,40,0.621,0
orange_pos_001776_20260510_222008_885.png,40,40,0.908,0
orange_pos_001776_20260510_222008_885.png,60,40,0.663,0
orange_pos_001776_20260510_222008_885.png,80,40,0.621,0
orange_pos_001776_20260510_222008_885.png,100,40,0.621,0
orange_pos_001776_20260510_222008_885.png,120,40,0.621,0
orange_pos_001776_20260510_222008_885.png,140,40,0.621,0
orange_pos_001776_20260510_222008_885.png,0,60,0.621,0
orange_pos_001776_20260510_222008_885.png,20,60,0.621,0
orange_pos_001776_20260510_222008_885.png,40,60,0.629,0
orange_pos_001776_20260510_222008_885.png,60,60,0.671,0
orange_pos_001776_20260510_222008_885.png,80,60,0.621,0
orange_pos_001776_20260510_222008_885.png,100,60,0.621,0
orange_pos_001776_20260510_222008_885.png,120,60,0.621,0
orange_pos_001776_20260510_222008_885.png,140,60,0.621,0
orange_pos_001776_20260510_222008_885.png,0,80,0.621,0
orange_pos_001776_20260510_222008_885.png,20,80,0.621,0
orange_pos_001776_20260510_222008_885.png,40,80,0.622,0
orange_pos_001776_20260510_222008_885.png,60,80,0.621,0
orange_pos_001776_20260510_222008_885.png,80,80,0.621,0
orange_pos_001776_20260510_222008_885.png,100,80,0.621,0
orange_pos_001776_20260510_222008_885.png,120,80,0.621,0
orange_pos_001776_20260510_222008_885.png,140,80,0.621,0
orange_pos_001776_20260510_222008_885.png,0,100,0.621,0
orange_pos_001776_20260510_222008_885.png,20,100,0.621,0
orange_pos_001776_20260510_222008_885.png,40,100,0.621,0
orange_pos_001776_20260510_222008_885.png,60,100,0.621,0
orange_pos_001776_20260510_222008_885.png,80,100,0.621,0
orange_pos_001776_20260510_222008_885.png,100,100,0.621,0
orange_pos_001776_20260510_222008_885.png,120,100,0.621,0
orange_pos_001776_20260510_222008_885.png,140,100,0.621,0
orange_pos_001777_20260510_222011_111.png,0,0,41.342,0
orange_pos_001777_20260510_222011_111.png,20,0,6.233,0
orange_pos_001777_20260510_222011_111.png,40,0,183.383,1
orange_pos_001777_20260510_222011_111.png,60,0,228.306,1
orange_pos_001777_20260510_222011_111.png,80,0,33.114,0
orange_pos_001777_20260510_222011_111.png,100,0,9.525,0
orange_pos_001777_20260510_222011_111.png,120,0,18.085,0
orange_pos_001777_20260510_222011_111.png,140,0,31.961,0
orange_pos_001777_20260510_222011_111.png,0,20,29.751,0
orange_pos_001777_20260510_222011_111.png,20,20,6.669,0
orange_pos_001777_20260510_222011_111.png,40,20,33.837,0
orange_pos_001777_20260510_222011_111.png,60,20,39.156,0
orange_pos_001777_20260510_222011_111.png,80,20,14.440,0
orange_pos_001777_20260510_222011_111.png,100,20,4.014,0
orange_pos_001777_20260510_222011_111.png,120,20,6.043,0
orange_pos_001777_20260510_222011_111.png,140,20,36.352,0
orange_pos_001777_20260510_222011_111.png,0,40,2.312,0
orange_pos_001777_20260510_222011_111.png,20,40,5.326,0
orange_pos_001777_20260510_222011_111.png,40,40,43.183,0
orange_pos_001777_20260510_222011_111.png,60,40,36.847,0
orange_pos_001777_20260510_222011_111.png,80,40,1.390,0
orange_pos_001777_20260510_222011_111.png,100,40,0.621,0
orange_pos_001777_20260510_222011_111.png,120,40,0.741,0
orange_pos_001777_20260510_222011_111.png,140,40,32.562,0
orange_pos_001777_20260510_222011_111.png,0,60,2.878,0
orange_pos_001777_20260510_222011_111.png,20,60,7.000,0
orange_pos_001777_20260510_222011_111.png,40,60,53.987,0
orange_pos_001777_20260510_222011_111.png,60,60,43.437,0
orange_pos_001777_20260510_222011_111.png,80,60,7.893,0
orange_pos_001777_20260510_222011_111.png,100,60,3.352,0
orange_pos_001777_20260510_222011_111.png,120,60,11.531,0
orange_pos_001777_20260510_222011_111.png,140,60,40.060,0
orange_pos_001777_20260510_222011_111.png,0,80,3.900,0
orange_pos_001777_20260510_222011_111.png,20,80,4.881,0
orange_pos_001777_20260510_222011_111.png,40,80,44.334,0
orange_pos_001777_20260510_222011_111.png,60,80,32.112,0
orange_pos_001777_20260510_222011_111.png,80,80,6.087,0
orange_pos_001777_20260510_222011_111.png,100,80,10.914,0
orange_pos_001777_20260510_222011_111.png,120,80,17.653,0
orange_pos_001777_20260510_222011_111.png,140,80,31.397,0
orange_pos_001777_20260510_222011_111.png,0,100,2.308,0
orange_pos_001777_20260510_222011_111.png,20,100,7.373,0
orange_pos_001777_20260510_222011_111.png,40,100,51.068,0
orange_pos_001777_20260510_222011_111.png,60,100,34.527,0
orange_pos_001777_20260510_222011_111.png,80,100,18.495,0
orange_pos_001777_20260510_222011_111.png,100,100,20.977,0
orange_pos_001777_20260510_222011_111.png,120,100,29.229,0
orange_pos_001777_20260510_222011_111.png,140,100,38.801,0
orange_pos_001778_20260510_222011_634.png,0,0,41.342,0
orange_pos_001778_20260510_222011_634.png,20,0,6.233,0
orange_pos_001778_20260510_222011_634.png,40,0,183.383,1
orange_pos_001778_20260510_222011_634.png,60,0,228.306,1
orange_pos_001778_20260510_222011_634.png,80,0,33.114,0
orange_pos_001778_20260510_222011_634.png,100,0,9.525,0
orange_pos_001778_20260510_222011_634.png,120,0,18.085,0
orange_pos_001778_20260510_222011_634.png,140,0,31.961,0
orange_pos_001778_20260510_222011_634.png,0,20,29.751,0
orange_pos_001778_20260510_222011_634.png,20,20,6.669,0
orange_pos_001778_20260510_222011_634.png,40,20,33.837,0
orange_pos_001778_20260510_222011_634.png,60,20,39.156,0
orange_pos_001778_20260510_222011_634.png,80,20,14.440,0
orange_pos_001778_20260510_222011_634.png,100,20,4.014,0
orange_pos_001778_20260510_222011_634.png,120,20,6.043,0
orange_pos_001778_20260510_222011_634.png,140,20,36.352,0
orange_pos_001778_20260510_222011_634.png,0,40,2.312,0
orange_pos_001778_20260510_222011_634.png,20,40,5.326,0
orange_pos_001778_20260510_222011_634.png,40,40,43.183,0
orange_pos_001778_20260510_222011_634.png,60,40,36.847,0
orange_pos_001778_20260510_222011_634.png,80,40,1.390,0
orange_pos_001778_20260510_222011_634.png,100,40,0.621,0
orange_pos_001778_20260510_222011_634.png,120,40,0.741,0
orange_pos_001778_20260510_222011_634.png,140,40,32.562,0
orange_pos_001778_20260510_222011_634.png,0,60,2.878,0
orange_pos_001778_20260510_222011_634.png,20,60,7.000,0
orange_pos_001778_20260510_222011_634.png,40,60,53.987,0
orange_pos_001778_20260510_222011_634.png,60,60,43.437,0
orange_pos_001778_20260510_222011_634.png,80,60,7.893,0
orange_pos_001778_20260510_222011_634.png,100,60,3.352,0
orange_pos_001778_20260510_222011_634.png,120,60,11.531,0
orange_pos_001778_20260510_222011_634.png,140,60,40.060,0
orange_pos_001778_20260510_222011_634.png,0,80,3.900,0
orange_pos_001778_20260510_222011_634.png,20,80,4.881,0
orange_pos_001778_20260510_222011_634.png,40,80,44.334,0
orange_pos_001778_20260510_222011_634.png,60,80,32.112,0
orange_pos_001778_20260510_222011_634.png,80,80,6.087,0
orange_pos_001778_20260510_222011_634.png,100,80,10.914,0
orange_pos_001778_20260510_222011_634.png,120,80,17.653,0
orange_pos_001778_20260510_222011_634.png,140,80,31.397,0
orange_pos_001778_20260510_222011_634.png,0,100,2.308,0
orange_pos_001778_20260510_222011_634.png,20,100,7.373,0
orange_pos_001778_20260510_222011_634.png,40,100,51.068,0
orange_pos_001778_20260510_222011_634.png,60,100,34.527,0
orange_pos_001778_20260510_222011_634.png,80,100,18.495,0
orange_pos_001778_20260510_222011_634.png,100,100,20.977,0
orange_pos_001778_20260510_222011_634.png,120,100,29.229,0
orange_pos_001778_20260510_222011_634.png,140,100,38.801,0
orange_pos_001779_20260510_222013_184.png,0,0,61.839,0
orange_pos_001779_20260510_222013_184.png,20,0,5.901,0
orange_pos_001779_20260510_222013_184.png,40,0,52.153,0
orange_pos_001779_20260510_222013_184.png,60,0,78.216,1
orange_pos_001779_20260510_222013_184.png,80,0,48.126,0
orange_pos_001779_20260510_222013_184.png,100,0,59.837,0
orange_pos_001779_20260510_222013_184.png,120,0,45.510,0
orange_pos_001779_20260510_222013_184.png,140,0,20.373,0
orange_pos_001779_20260510_222013_184.png,0,20,29.219,0
orange_pos_001779_20260510_222013_184.png,20,20,5.054,0
orange_pos_001779_20260510_222013_184.png,40,20,173.735,1
orange_pos_001779_20260510_222013_184.png,60,20,246.392,1
orange_pos_001779_20260510_222013_184.png,80,20,46.322,0
orange_pos_001779_20260510_222013_184.png,100,20,25.209,0
orange_pos_001779_20260510_222013_184.png,120,20,48.750,0
orange_pos_001779_20260510_222013_184.png,140,20,48.603,0
orange_pos_001779_20260510_222013_184.png,0,40,2.901,0
orange_pos_001779_20260510_222013_184.png,20,40,4.058,0
orange_pos_001779_20260510_222013_184.png,40,40,105.914,1
orange_pos_001779_20260510_222013_184.png,60,40,140.899,1
orange_pos_001779_20260510_222013_184.png,80,40,31.903,0
orange_pos_001779_20260510_222013_184.png,100,40,14.317,0
orange_pos_001779_20260510_222013_184.png,120,40,23.008,0
orange_pos_001779_20260510_222013_184.png,140,40,46.690,0
orange_pos_001779_20260510_222013_184.png,0,60,2.529,0
orange_pos_001779_20260510_222013_184.png,20,60,1.964,0
orange_pos_001779_20260510_222013_184.png,40,60,57.276,0
orange_pos_001779_20260510_222013_184.png,60,60,43.794,0
orange_pos_001779_20260510_222013_184.png,80,60,12.143,0
orange_pos_001779_20260510_222013_184.png,100,60,6.434,0
orange_pos_001779_20260510_222013_184.png,120,60,16.487,0
orange_pos_001779_20260510_222013_184.png,140,60,46.575,0
orange_pos_001779_20260510_222013_184.png,0,80,4.345,0
orange_pos_001779_20260510_222013_184.png,20,80,2.699,0
orange_pos_001779_20260510_222013_184.png,40,80,57.856,0
orange_pos_001779_20260510_222013_184.png,60,80,43.844,0
orange_pos_001779_20260510_222013_184.png,80,80,12.960,0
orange_pos_001779_20260510_222013_184.png,100,80,23.911,0
orange_pos_001779_20260510_222013_184.png,120,80,34.053,0
orange_pos_001779_20260510_222013_184.png,140,80,49.544,0
orange_pos_001779_20260510_222013_184.png,0,100,2.204,0
orange_pos_001779_20260510_222013_184.png,20,100,8.038,0
orange_pos_001779_20260510_222013_184.png,40,100,56.421,0
orange_pos_001779_20260510_222013_184.png,60,100,37.844,0
orange_pos_001779_20260510_222013_184.png,80,100,17.322,0
orange_pos_001779_20260510_222013_184.png,100,100,23.665,0
orange_pos_001779_20260510_222013_184.png,120,100,32.720,0
orange_pos_001779_20260510_222013_184.png,140,100,42.040,0
orange_pos_001780_20260510_222013_799.png,0,0,41.703,0
orange_pos_001780_20260510_222013_799.png,20,0,0.760,0
orange_pos_001780_20260510_222013_799.png,40,0,30.502,0
orange_pos_001780_20260510_222013_799.png,60,0,48.515,0
orange_pos_001780_20260510_222013_799.png,80,0,34.986,0
orange_pos_001780_20260510_222013_799.png,100,0,36.797,0
orange_pos_001780_20260510_222013_799.png,120,0,33.402,0
orange_pos_001780_20260510_222013_799.png,140,0,20.397,0
orange_pos_001780_20260510_222013_799.png,0,20,25.382,0
orange_pos_001780_20260510_222013_799.png,20,20,1.115,0
orange_pos_001780_20260510_222013_799.png,40,20,119.940,1
orange_pos_001780_20260510_222013_799.png,60,20,154.095,1
orange_pos_001780_20260510_222013_799.png,80,20,10.428,0
orange_pos_001780_20260510_222013_799.png,100,20,2.630,0
orange_pos_001780_20260510_222013_799.png,120,20,20.640,0
orange_pos_001780_20260510_222013_799.png,140,20,26.880,0
orange_pos_001780_20260510_222013_799.png,0,40,2.444,0
orange_pos_001780_20260510_222013_799.png,20,40,1.595,0
orange_pos_001780_20260510_222013_799.png,40,40,201.430,1
orange_pos_001780_20260510_222013_799.png,60,40,255.000,1
orange_pos_001780_20260510_222013_799.png,80,40,30.853,0
orange_pos_001780_20260510_222013_799.png,100,40,14.735,0
orange_pos_001780_20260510_222013_799.png,120,40,22.222,0
orange_pos_001780_20260510_222013_799.png,140,40,37.285,0
orange_pos_001780_20260510_222013_799.png,0,60,1.746,0
orange_pos_001780_20260510_222013_799.png,20,60,0.690,0
orange_pos_001780_20260510_222013_799.png,40,60,33.595,0
orange_pos_001780_20260510_222013_799.png,60,60,17.903,0
orange_pos_001780_20260510_222013_799.png,80,60,2.577,0
orange_pos_001780_20260510_222013_799.png,100,60,2.476,0
orange_pos_001780_20260510_222013_799.png,120,60,6.925,0
orange_pos_001780_20260510_222013_799.png,140,60,23.477,0
orange_pos_001780_20260510_222013_799.png,0,80,2.711,0
orange_pos_001780_20260510_222013_799.png,20,80,1.321,0
orange_pos_001780_20260510_222013_799.png,40,80,46.373,0
orange_pos_001780_20260510_222013_799.png,60,80,31.236,0
orange_pos_001780_20260510_222013_799.png,80,80,5.872,0
orange_pos_001780_20260510_222013_799.png,100,80,13.717,0
orange_pos_001780_20260510_222013_799.png,120,80,22.366,0
orange_pos_001780_20260510_222013_799.png,140,80,32.778,0
orange_pos_001780_20260510_222013_799.png,0,100,1.586,0
orange_pos_001780_20260510_222013_799.png,20,100,6.377,0
orange_pos_001780_20260510_222013_799.png,40,100,39.505,0
orange_pos_001780_20260510_222013_799.png,60,100,27.444,0
orange_pos_001780_20260510_222013_799.png,80,100,10.092,0
orange_pos_001780_20260510_222013_799.png,100,100,12.792,0
orange_pos_001780_20260510_222013_799.png,120,100,18.910,0
orange_pos_001780_20260510_222013_799.png,140,100,25.490,0
orange_pos_001781_20260510_222015_650.png,0,0,13.306,0
orange_pos_001781_20260510_222015_650.png,20,0,0.621,0
orange_pos_001781_20260510_222015_650.png,40,0,11.187,0
orange_pos_001781_20260510_222015_650.png,60,0,16.900,0
orange_pos_001781_20260510_222015_650.png,80,0,5.102,0
orange_pos_001781_20260510_222015_650.png,100,0,2.860,0
orange_pos_001781_20260510_222015_650.png,120,0,2.482,0
orange_pos_001781_20260510_222015_650.png,140,0,5.506,0
orange_pos_001781_20260510_222015_650.png,0,20,10.288,0
orange_pos_001781_20260510_222015_650.png,20,20,0.621,0
orange_pos_001781_20260510_222015_650.png,40,20,2.396,0
orange_pos_001781_20260510_222015_650.png,60,20,2.000,0
orange_pos_001781_20260510_222015_650.png,80,20,0.621,0
orange_pos_001781_20260510_222015_650.png,100,20,0.621,0
orange_pos_001781_20260510_222015_650.png,120,20,0.621,0
orange_pos_001781_20260510_222015_650.png,140,20,0.621,0
orange_pos_001781_20260510_222015_650.png,0,40,0.865,0
orange_pos_001781_20260510_222015_650.png,20,40,0.621,0
orange_pos_001781_20260510_222015_650.png,40,40,58.962,0
orange_pos_001781_20260510_222015_650.png,60,40,32.348,0
orange_pos_001781_20260510_222015_650.png,80,40,0.635,0
orange_pos_001781_20260510_222015_650.png,100,40,0.621,0
orange_pos_001781_20260510_222015_650.png,120,40,0.621,0
orange_pos_001781_20260510_222015_650.png,140,40,3.690,0
orange_pos_001781_20260510_222015_650.png,0,60,0.882,0
orange_pos_001781_20260510_222015_650.png,20,60,0.621,0
orange_pos_001781_20260510_222015_650.png,40,60,255.000,1
orange_pos_001781_20260510_222015_650.png,60,60,219.615,1
orange_pos_001781_20260510_222015_650.png,80,60,3.405,0
orange_pos_001781_20260510_222015_650.png,100,60,0.621,0
orange_pos_001781_20260510_222015_650.png,120,60,2.037,0
orange_pos_001781_20260510_222015_650.png,140,60,6.155,0
orange_pos_001781_20260510_222015_650.png,0,80,0.892,0
orange_pos_001781_20260510_222015_650.png,20,80,0.625,0
orange_pos_001781_20260510_222015_650.png,40,80,68.324,1
orange_pos_001781_20260510_222015_650.png,60,80,45.226,0
orange_pos_001781_20260510_222015_650.png,80,80,0.648,0
orange_pos_001781_20260510_222015_650.png,100,80,0.986,0
orange_pos_001781_20260510_222015_650.png,120,80,5.600,0
orange_pos_001781_20260510_222015_650.png,140,80,7.460,0
orange_pos_001781_20260510_222015_650.png,0,100,0.756,0
orange_pos_001781_20260510_222015_650.png,20,100,1.056,0
orange_pos_001781_20260510_222015_650.png,40,100,8.252,0
orange_pos_001781_20260510_222015_650.png,60,100,5.052,0
orange_pos_001781_20260510_222015_650.png,80,100,1.139,0
orange_pos_001781_20260510_222015_650.png,100,100,1.311,0
orange_pos_001781_20260510_222015_650.png,120,100,3.108,0
orange_pos_001781_20260510_222015_650.png,140,100,3.910,0
orange_pos_001782_20260510_222016_282.png,0,0,3.943,0
orange_pos_001782_20260510_222016_282.png,20,0,0.621,0
orange_pos_001782_20260510_222016_282.png,40,0,5.516,0
orange_pos_001782_20260510_222016_282.png,60,0,7.499,0
orange_pos_001782_20260510_222016_282.png,80,0,2.646,0
orange_pos_001782_20260510_222016_282.png,100,0,1.088,0
orange_pos_001782_20260510_222016_282.png,120,0,0.744,0
orange_pos_001782_20260510_222016_282.png,140,0,0.882,0
orange_pos_001782_20260510_222016_282.png,0,20,3.288,0
orange_pos_001782_20260510_222016_282.png,20,20,0.621,0
orange_pos_001782_20260510_222016_282.png,40,20,2.637,0
orange_pos_001782_20260510_222016_282.png,60,20,1.498,0
orange_pos_001782_20260510_222016_282.png,80,20,0.621,0
orange_pos_001782_20260510_222016_282.png,100,20,0.621,0
orange_pos_001782_20260510_222016_282.png,120,20,0.621,0
orange_pos_001782_20260510_222016_282.png,140,20,0.621,0
orange_pos_001782_20260510_222016_282.png,0,40,0.713,0
orange_pos_001782_20260510_222016_282.png,20,40,0.621,0
orange_pos_001782_20260510_222016_282.png,40,40,2.431,0
orange_pos_001782_20260510_222016_282.png,60,40,1.866,0
orange_pos_001782_20260510_222016_282.png,80,40,0.621,0
orange_pos_001782_20260510_222016_282.png,100,40,0.621,0
orange_pos_001782_20260510_222016_282.png,120,40,0.621,0
orange_pos_001782_20260510_222016_282.png,140,40,0.724,0
orange_pos_001782_20260510_222016_282.png,0,60,0.724,0
orange_pos_001782_20260510_222016_282.png,20,60,0.621,0
orange_pos_001782_20260510_222016_282.png,40,60,240.927,1
orange_pos_001782_20260510_222016_282.png,60,60,178.971,1
orange_pos_001782_20260510_222016_282.png,80,60,1.840,0
orange_pos_001782_20260510_222016_282.png,100,60,0.621,0
orange_pos_001782_20260510_222016_282.png,120,60,0.639,0
orange_pos_001782_20260510_222016_282.png,140,60,3.879,0
orange_pos_001782_20260510_222016_282.png,0,80,0.621,0
orange_pos_001782_20260510_222016_282.png,20,80,0.621,0
orange_pos_001782_20260510_222016_282.png,40,80,132.055,1
orange_pos_001782_20260510_222016_282.png,60,80,97.279,1
orange_pos_001782_20260510_222016_282.png,80,80,0.621,0
orange_pos_001782_20260510_222016_282.png,100,80,0.621,0
orange_pos_001782_20260510_222016_282.png,120,80,0.621,0
orange_pos_001782_20260510_222016_282.png,140,80,0.621,0
orange_pos_001782_20260510_222016_282.png,0,100,0.652,0
orange_pos_001782_20260510_222016_282.png,20,100,0.690,0
orange_pos_001782_20260510_222016_282.png,40,100,3.469,0
orange_pos_001782_20260510_222016_282.png,60,100,2.475,0
orange_pos_001782_20260510_222016_282.png,80,100,0.621,0
orange_pos_001782_20260510_222016_282.png,100,100,0.621,0
orange_pos_001782_20260510_222016_282.png,120,100,0.804,0
orange_pos_001782_20260510_222016_282.png,140,100,1.313,0
orange_pos_001783_20260510_222017_862.png,0,0,52.844,0
orange_pos_001783_20260510_222017_862.png,20,0,8.284,0
orange_pos_001783_20260510_222017_862.png,40,0,36.503,0
orange_pos_001783_20260510_222017_862.png,60,0,65.786,1
orange_pos_001783_20260510_222017_862.png,80,0,35.634,0
orange_pos_001783_20260510_222017_862.png,100,0,25.539,0
orange_pos_001783_20260510_222017_862.png,120,0,29.274,0
orange_pos_001783_20260510_222017_862.png,140,0,42.825,0
orange_pos_001783_20260510_222017_862.png,0,20,33.261,0
orange_pos_001783_20260510_222017_862.png,20,20,4.027,0
orange_pos_001783_20260510_222017_862.png,40,20,31.996,0
orange_pos_001783_20260510_222017_862.png,60,20,35.961,0
orange_pos_001783_20260510_222017_862.png,80,20,3.482,0
orange_pos_001783_20260510_222017_862.png,100,20,0.623,0
orange_pos_001783_20260510_222017_862.png,120,20,1.801,0
orange_pos_001783_20260510_222017_862.png,140,20,18.354,0
orange_pos_001783_20260510_222017_862.png,0,40,1.937,0
orange_pos_001783_20260510_222017_862.png,20,40,5.092,0
orange_pos_001783_20260510_222017_862.png,40,40,37.501,0
orange_pos_001783_20260510_222017_862.png,60,40,33.360,0
orange_pos_001783_20260510_222017_862.png,80,40,1.205,0
orange_pos_001783_20260510_222017_862.png,100,40,0.621,0
orange_pos_001783_20260510_222017_862.png,120,40,4.062,0
orange_pos_001783_20260510_222017_862.png,140,40,27.519,0
orange_pos_001783_20260510_222017_862.png,0,60,2.686,0
orange_pos_001783_20260510_222017_862.png,20,60,6.654,0
orange_pos_001783_20260510_222017_862.png,40,60,54.192,0
orange_pos_001783_20260510_222017_862.png,60,60,31.185,0
orange_pos_001783_20260510_222017_862.png,80,60,3.289,0
orange_pos_001783_20260510_222017_862.png,100,60,7.005,0
orange_pos_001783_20260510_222017_862.png,120,60,14.770,0
orange_pos_001783_20260510_222017_862.png,140,60,39.057,0
orange_pos_001783_20260510_222017_862.png,0,80,3.351,0
orange_pos_001783_20260510_222017_862.png,20,80,3.483,0
orange_pos_001783_20260510_222017_862.png,40,80,255.000,1
orange_pos_001783_20260510_222017_862.png,60,80,217.309,1
orange_pos_001783_20260510_222017_862.png,80,80,8.007,0
orange_pos_001783_20260510_222017_862.png,100,80,4.006,0
orange_pos_001783_20260510_222017_862.png,120,80,15.089,0
orange_pos_001783_20260510_222017_862.png,140,80,28.032,0
orange_pos_001783_20260510_222017_862.png,0,100,1.867,0
orange_pos_001783_20260510_222017_862.png,20,100,8.590,0
orange_pos_001783_20260510_222017_862.png,40,100,133.075,1
orange_pos_001783_20260510_222017_862.png,60,100,72.553,1
orange_pos_001783_20260510_222017_862.png,80,100,20.779,0
orange_pos_001783_20260510_222017_862.png,100,100,20.798,0
orange_pos_001783_20260510_222017_862.png,120,100,33.528,0
orange_pos_001783_20260510_222017_862.png,140,100,41.810,0
orange_pos_001784_20260510_222020_536.png,0,0,27.693,0
orange_pos_001784_20260510_222020_536.png,20,0,1.302,0
orange_pos_001784_20260510_222020_536.png,40,0,19.645,0
orange_pos_001784_20260510_222020_536.png,60,0,32.360,0
orange_pos_001784_20260510_222020_536.png,80,0,14.184,0
orange_pos_001784_20260510_222020_536.png,100,0,6.954,0
orange_pos_001784_20260510_222020_536.png,120,0,7.952,0
orange_pos_001784_20260510_222020_536.png,140,0,12.038,0
orange_pos_001784_20260510_222020_536.png,0,20,14.721,0
orange_pos_001784_20260510_222020_536.png,20,20,1.070,0
orange_pos_001784_20260510_222020_536.png,40,20,21.032,0
orange_pos_001784_20260510_222020_536.png,60,20,23.116,0
orange_pos_001784_20260510_222020_536.png,80,20,1.576,0
orange_pos_001784_20260510_222020_536.png,100,20,0.621,0
orange_pos_001784_20260510_222020_536.png,120,20,0.636,0
orange_pos_001784_20260510_222020_536.png,140,20,11.241,0
orange_pos_001784_20260510_222020_536.png,0,40,0.977,0
orange_pos_001784_20260510_222020_536.png,20,40,0.943,0
orange_pos_001784_20260510_222020_536.png,40,40,20.965,0
orange_pos_001784_20260510_222020_536.png,60,40,16.525,0
orange_pos_001784_20260510_222020_536.png,80,40,0.621,0
orange_pos_001784_20260510_222020_536.png,100,40,0.621,0
orange_pos_001784_20260510_222020_536.png,120,40,0.621,0
orange_pos_001784_20260510_222020_536.png,140,40,4.023,0
orange_pos_001784_20260510_222020_536.png,0,60,1.076,0
orange_pos_001784_20260510_222020_536.png,20,60,1.000,0
orange_pos_001784_20260510_222020_536.png,40,60,27.461,0
orange_pos_001784_20260510_222020_536.png,60,60,18.117,0
orange_pos_001784_20260510_222020_536.png,80,60,18.879,0
orange_pos_001784_20260510_222020_536.png,100,60,2.410,0
orange_pos_001784_20260510_222020_536.png,120,60,1.719,0
orange_pos_001784_20260510_222020_536.png,140,60,12.043,0
orange_pos_001784_20260510_222020_536.png,0,80,1.235,0
orange_pos_001784_20260510_222020_536.png,20,80,1.542,0
orange_pos_001784_20260510_222020_536.png,40,80,28.948,0
orange_pos_001784_20260510_222020_536.png,60,80,69.186,1
orange_pos_001784_20260510_222020_536.png,80,80,247.100,1
orange_pos_001784_20260510_222020_536.png,100,80,46.242,0
orange_pos_001784_20260510_222020_536.png,120,80,7.150,0
orange_pos_001784_20260510_222020_536.png,140,80,14.658,0
orange_pos_001784_20260510_222020_536.png,0,100,0.930,0
orange_pos_001784_20260510_222020_536.png,20,100,4.239,0
orange_pos_001784_20260510_222020_536.png,40,100,29.249,0
orange_pos_001784_20260510_222020_536.png,60,100,20.118,0
orange_pos_001784_20260510_222020_536.png,80,100,71.198,1
orange_pos_001784_20260510_222020_536.png,100,100,9.071,0
orange_pos_001784_20260510_222020_536.png,120,100,7.767,0
orange_pos_001784_20260510_222020_536.png,140,100,14.154,0
orange_pos_001785_20260510_222022_080.png,0,0,29.045,0
orange_pos_001785_20260510_222022_080.png,20,0,4.834,0
orange_pos_001785_20260510_222022_080.png,40,0,21.222,0
orange_pos_001785_20260510_222022_080.png,60,0,33.171,0
orange_pos_001785_20260510_222022_080.png,80,0,13.942,0
orange_pos_001785_20260510_222022_080.png,100,0,7.498,0
orange_pos_001785_20260510_222022_080.png,120,0,7.093,0
orange_pos_001785_20260510_222022_080.png,140,0,15.620,0
orange_pos_001785_20260510_222022_080.png,0,20,25.057,0
orange_pos_001785_20260510_222022_080.png,20,20,1.123,0
orange_pos_001785_20260510_222022_080.png,40,20,16.301,0
orange_pos_001785_20260510_222022_080.png,60,20,18.060,0
orange_pos_001785_20260510_222022_080.png,80,20,1.856,0
orange_pos_001785_20260510_222022_080.png,100,20,0.621,0
orange_pos_001785_20260510_222022_080.png,120,20,0.631,0
orange_pos_001785_20260510_222022_080.png,140,20,8.754,0
orange_pos_001785_20260510_222022_080.png,0,40,1.348,0
orange_pos_001785_20260510_222022_080.png,20,40,3.770,0
orange_pos_001785_20260510_222022_080.png,40,40,27.447,0
orange_pos_001785_20260510_222022_080.png,60,40,24.502,0
orange_pos_001785_20260510_222022_080.png,80,40,0.639,0
orange_pos_001785_20260510_222022_080.png,100,40,0.621,0
orange_pos_001785_20260510_222022_080.png,120,40,0.639,0
orange_pos_001785_20260510_222022_080.png,140,40,14.808,0
orange_pos_001785_20260510_222022_080.png,0,60,0.977,0
orange_pos_001785_20260510_222022_080.png,20,60,1.146,0
orange_pos_001785_20260510_222022_080.png,40,60,22.100,0
orange_pos_001785_20260510_222022_080.png,60,60,14.147,0
orange_pos_001785_20260510_222022_080.png,80,60,1.281,0
orange_pos_001785_20260510_222022_080.png,100,60,0.621,0
orange_pos_001785_20260510_222022_080.png,120,60,3.340,0
orange_pos_001785_20260510_222022_080.png,140,60,11.615,0
orange_pos_001785_20260510_222022_080.png,0,80,0.889,0
orange_pos_001785_20260510_222022_080.png,20,80,0.844,0
orange_pos_001785_20260510_222022_080.png,40,80,20.529,0
orange_pos_001785_20260510_222022_080.png,60,80,12.140,0
orange_pos_001785_20260510_222022_080.png,80,80,0.639,0
orange_pos_001785_20260510_222022_080.png,100,80,66.736,1
orange_pos_001785_20260510_222022_080.png,120,80,78.192,1
orange_pos_001785_20260510_222022_080.png,140,80,9.368,0
orange_pos_001785_20260510_222022_080.png,0,100,1.042,0
orange_pos_001785_20260510_222022_080.png,20,100,3.548,0
orange_pos_001785_20260510_222022_080.png,40,100,27.582,0
orange_pos_001785_20260510_222022_080.png,60,100,15.835,0
orange_pos_001785_20260510_222022_080.png,80,100,2.915,0
orange_pos_001785_20260510_222022_080.png,100,100,32.011,0
orange_pos_001785_20260510_222022_080.png,120,100,44.562,0
orange_pos_001785_20260510_222022_080.png,140,100,14.042,0
orange_pos_001786_20260510_222024_444.png,0,0,10.753,0
orange_pos_001786_20260510_222024_444.png,20,0,0.990,0
orange_pos_001786_20260510_222024_444.png,40,0,8.422,0
orange_pos_001786_20260510_222024_444.png,60,0,10.520,0
orange_pos_001786_20260510_222024_444.png,80,0,4.400,0
orange_pos_001786_20260510_222024_444.png,100,0,0.924,0
orange_pos_001786_20260510_222024_444.png,120,0,1.194,0
orange_pos_001786_20260510_222024_444.png,140,0,2.577,0
orange_pos_001786_20260510_222024_444.png,0,20,7.272,0
orange_pos_001786_20260510_222024_444.png,20,20,0.621,0
orange_pos_001786_20260510_222024_444.png,40,20,10.462,0
orange_pos_001786_20260510_222024_444.png,60,20,11.018,0
orange_pos_001786_20260510_222024_444.png,80,20,1.048,0
orange_pos_001786_20260510_222024_444.png,100,20,0.621,0
orange_pos_001786_20260510_222024_444.png,120,20,0.628,0
orange_pos_001786_20260510_222024_444.png,140,20,3.360,0
orange_pos_001786_20260510_222024_444.png,0,40,0.676,0
orange_pos_001786_20260510_222024_444.png,20,40,0.621,0
orange_pos_001786_20260510_222024_444.png,40,40,9.451,0
orange_pos_001786_20260510_222024_444.png,60,40,5.308,0
orange_pos_001786_20260510_222024_444.png,80,40,0.621,0
orange_pos_001786_20260510_222024_444.png,100,40,3.032,0
orange_pos_001786_20260510_222024_444.png,120,40,9.295,0
orange_pos_001786_20260510_222024_444.png,140,40,0.664,0
orange_pos_001786_20260510_222024_444.png,0,60,0.872,0
orange_pos_001786_20260510_222024_444.png,20,60,0.621,0
orange_pos_001786_20260510_222024_444.png,40,60,11.647,0
orange_pos_001786_20260510_222024_444.png,60,60,5.830,0
orange_pos_001786_20260510_222024_444.png,80,60,0.621,0
orange_pos_001786_20260510_222024_444.png,100,60,21.025,0
orange_pos_001786_20260510_222024_444.png,120,60,36.750,0
orange_pos_001786_20260510_222024_444.png,140,60,6.123,0
orange_pos_001786_20260510_222024_444.png,0,80,0.673,0
orange_pos_001786_20260510_222024_444.png,20,80,0.621,0
orange_pos_001786_20260510_222024_444.png,40,80,2.891,0
orange_pos_001786_20260510_222024_444.png,60,80,2.306,0
orange_pos_001786_20260510_222024_444.png,80,80,0.621,0
orange_pos_001786_20260510_222024_444.png,100,80,0.621,0
orange_pos_001786_20260510_222024_444.png,120,80,0.621,0
orange_pos_001786_20260510_222024_444.png,140,80,1.393,0
orange_pos_001786_20260510_222024_444.png,0,100,0.644,0
orange_pos_001786_20260510_222024_444.png,20,100,1.094,0
orange_pos_001786_20260510_222024_444.png,40,100,6.247,0
orange_pos_001786_20260510_222024_444.png,60,100,3.523,0
orange_pos_001786_20260510_222024_444.png,80,100,0.705,0
orange_pos_001786_20260510_222024_444.png,100,100,1.051,0
orange_pos_001786_20260510_222024_444.png,120,100,1.077,0
orange_pos_001786_20260510_222024_444.png,140,100,1.161,0
orange_pos_001787_20260510_222026_813.png,0,0,41.308,0
orange_pos_001787_20260510_222026_813.png,20,0,2.829,0
orange_pos_001787_20260510_222026_813.png,40,0,32.317,0
orange_pos_001787_20260510_222026_813.png,60,0,57.582,0
orange_pos_001787_20260510_222026_813.png,80,0,32.573,0
orange_pos_001787_20260510_222026_813.png,100,0,38.099,0
orange_pos_001787_20260510_222026_813.png,120,0,42.686,0
orange_pos_001787_20260510_222026_813.png,140,0,33.917,0
orange_pos_001787_20260510_222026_813.png,0,20,30.894,0
orange_pos_001787_20260510_222026_813.png,20,20,1.446,0
orange_pos_001787_20260510_222026_813.png,40,20,29.012,0
orange_pos_001787_20260510_222026_813.png,60,20,38.296,0
orange_pos_001787_20260510_222026_813.png,80,20,5.388,0
orange_pos_001787_20260510_222026_813.png,100,20,153.595,1
orange_pos_001787_20260510_222026_813.png,120,20,81.038,1
orange_pos_001787_20260510_222026_813.png,140,20,39.077,0
orange_pos_001787_20260510_222026_813.png,0,40,1.288,0
orange_pos_001787_20260510_222026_813.png,20,40,0.693,0
orange_pos_001787_20260510_222026_813.png,40,40,33.356,0
orange_pos_001787_20260510_222026_813.png,60,40,28.913,0
orange_pos_001787_20260510_222026_813.png,80,40,0.900,0
orange_pos_001787_20260510_222026_813.png,100,40,24.149,0
orange_pos_001787_20260510_222026_813.png,120,40,16.857,0
orange_pos_001787_20260510_222026_813.png,140,40,35.037,0
orange_pos_001787_20260510_222026_813.png,0,60,1.983,0
orange_pos_001787_20260510_222026_813.png,20,60,1.344,0
orange_pos_001787_20260510_222026_813.png,40,60,42.956,0
orange_pos_001787_20260510_222026_813.png,60,60,33.659,0
orange_pos_001787_20260510_222026_813.png,80,60,5.777,0
orange_pos_001787_20260510_222026_813.png,100,60,3.089,0
orange_pos_001787_20260510_222026_813.png,120,60,8.603,0
orange_pos_001787_20260510_222026_813.png,140,60,29.833,0
orange_pos_001787_20260510_222026_813.png,0,80,2.475,0
orange_pos_001787_20260510_222026_813.png,20,80,1.723,0
orange_pos_001787_20260510_222026_813.png,40,80,45.910,0
orange_pos_001787_20260510_222026_813.png,60,80,36.124,0
orange_pos_001787_20260510_222026_813.png,80,80,7.222,0
orange_pos_001787_20260510_222026_813.png,100,80,13.366,0
orange_pos_001787_20260510_222026_813.png,120,80,23.125,0
orange_pos_001787_20260510_222026_813.png,140,80,36.312,0
orange_pos_001787_20260510_222026_813.png,0,100,1.876,0
orange_pos_001787_20260510_222026_813.png,20,100,7.712,0
orange_pos_001787_20260510_222026_813.png,40,100,52.036,0
orange_pos_001787_20260510_222026_813.png,60,100,33.040,0
orange_pos_001787_20260510_222026_813.png,80,100,17.386,0
orange_pos_001787_20260510_222026_813.png,100,100,20.810,0
orange_pos_001787_20260510_222026_813.png,120,100,27.954,0
orange_pos_001787_20260510_222026_813.png,140,100,39.110,0
orange_pos_001788_20260510_222027_266.png,0,0,48.832,0
orange_pos_001788_20260510_222027_266.png,20,0,1.020,0
orange_pos_001788_20260510_222027_266.png,40,0,34.633,0
orange_pos_001788_20260510_222027_266.png,60,0,58.227,0
orange_pos_001788_20260510_222027_266.png,80,0,33.653,0
orange_pos_001788_20260510_222027_266.png,100,0,56.139,0
orange_pos_001788_20260510_222027_266.png,120,0,43.255,0
orange_pos_001788_20260510_222027_266.png,140,0,24.009,0
orange_pos_001788_20260510_222027_266.png,0,20,25.278,0
orange_pos_001788_20260510_222027_266.png,20,20,0.628,0
orange_pos_001788_20260510_222027_266.png,40,20,30.708,0
orange_pos_001788_20260510_222027_266.png,60,20,37.919,0
orange_pos_001788_20260510_222027_266.png,80,20,7.709,0
orange_pos_001788_20260510_222027_266.png,100,20,156.558,1
orange_pos_001788_20260510_222027_266.png,120,20,59.447,0
orange_pos_001788_20260510_222027_266.png,140,20,25.815,0
orange_pos_001788_20260510_222027_266.png,0,40,2.074,0
orange_pos_001788_20260510_222027_266.png,20,40,1.249,0
orange_pos_001788_20260510_222027_266.png,40,40,40.727,0
orange_pos_001788_20260510_222027_266.png,60,40,39.172,0
orange_pos_001788_20260510_222027_266.png,80,40,1.054,0
orange_pos_001788_20260510_222027_266.png,100,40,8.561,0
orange_pos_001788_20260510_222027_266.png,120,40,13.366,0
orange_pos_001788_20260510_222027_266.png,140,40,37.509,0
orange_pos_001788_20260510_222027_266.png,0,60,2.240,0
orange_pos_001788_20260510_222027_266.png,20,60,0.641,0
orange_pos_001788_20260510_222027_266.png,40,60,49.277,0
orange_pos_001788_20260510_222027_266.png,60,60,41.627,0
orange_pos_001788_20260510_222027_266.png,80,60,7.904,0
orange_pos_001788_20260510_222027_266.png,100,60,4.195,0
orange_pos_001788_20260510_222027_266.png,120,60,13.817,0
orange_pos_001788_20260510_222027_266.png,140,60,40.991,0
orange_pos_001788_20260510_222027_266.png,0,80,1.786,0
orange_pos_001788_20260510_222027_266.png,20,80,1.115,0
orange_pos_001788_20260510_222027_266.png,40,80,42.749,0
orange_pos_001788_20260510_222027_266.png,60,80,28.227,0
orange_pos_001788_20260510_222027_266.png,80,80,4.531,0
orange_pos_001788_20260510_222027_266.png,100,80,10.772,0
orange_pos_001788_20260510_222027_266.png,120,80,17.620,0
orange_pos_001788_20260510_222027_266.png,140,80,28.530,0
orange_pos_001788_20260510_222027_266.png,0,100,1.711,0
orange_pos_001788_20260510_222027_266.png,20,100,6.605,0
orange_pos_001788_20260510_222027_266.png,40,100,42.468,0
orange_pos_001788_20260510_222027_266.png,60,100,27.081,0
orange_pos_001788_20260510_222027_266.png,80,100,12.556,0
orange_pos_001788_20260510_222027_266.png,100,100,14.623,0
orange_pos_001788_20260510_222027_266.png,120,100,20.965,0
orange_pos_001788_20260510_222027_266.png,140,100,28.819,0
orange_pos_001814_20260510_222111_582.png,0,0,43.681,0
orange_pos_001814_20260510_222111_582.png,20,0,9.136,0
orange_pos_001814_20260510_222111_582.png,40,0,35.040,0
orange_pos_001814_20260510_222111_582.png,60,0,58.111,0
orange_pos_001814_20260510_222111_582.png,80,0,29.370,0
orange_pos_001814_20260510_222111_582.png,100,0,16.065,0
orange_pos_001814_20260510_222111_582.png,120,0,19.965,0
orange_pos_001814_20260510_222111_582.png,140,0,35.420,0
orange_pos_001814_20260510_222111_582.png,0,20,31.822,0
orange_pos_001814_20260510_222111_582.png,20,20,11.694,0
orange_pos_001814_20260510_222111_582.png,40,20,33.608,0
orange_pos_001814_20260510_222111_582.png,60,20,40.272,0
orange_pos_001814_20260510_222111_582.png,80,20,3.768,0
orange_pos_001814_20260510_222111_582.png,100,20,0.621,0
orange_pos_001814_20260510_222111_582.png,120,20,1.170,0
orange_pos_001814_20260510_222111_582.png,140,20,26.403,0
orange_pos_001814_20260510_222111_582.png,0,40,1.463,0
orange_pos_001814_20260510_222111_582.png,20,40,4.133,0
orange_pos_001814_20260510_222111_582.png,40,40,31.861,0
orange_pos_001814_20260510_222111_582.png,60,40,23.712,0
orange_pos_001814_20260510_222111_582.png,80,40,0.622,0
orange_pos_001814_20260510_222111_582.png,100,40,0.621,0
orange_pos_001814_20260510_222111_582.png,120,40,0.621,0
orange_pos_001814_20260510_222111_582.png,140,40,17.090,0
orange_pos_001814_20260510_222111_582.png,0,60,2.633,0
orange_pos_001814_20260510_222111_582.png,20,60,7.578,0
orange_pos_001814_20260510_222111_582.png,40,60,39.757,0
orange_pos_001814_20260510_222111_582.png,60,60,27.941,0
orange_pos_001814_20260510_222111_582.png,80,60,3.675,0
orange_pos_001814_20260510_222111_582.png,100,60,1.911,0
orange_pos_001814_20260510_222111_582.png,120,60,5.152,0
orange_pos_001814_20260510_222111_582.png,140,60,25.534,0
orange_pos_001814_20260510_222111_582.png,0,80,3.081,0
orange_pos_001814_20260510_222111_582.png,20,80,4.487,0
orange_pos_001814_20260510_222111_582.png,40,80,42.980,0
orange_pos_001814_20260510_222111_582.png,60,80,28.148,0
orange_pos_001814_20260510_222111_582.png,80,80,3.127,0
orange_pos_001814_20260510_222111_582.png,100,80,7.353,0
orange_pos_001814_20260510_222111_582.png,120,80,16.842,0
orange_pos_001814_20260510_222111_582.png,140,80,29.520,0
orange_pos_001814_20260510_222111_582.png,0,100,1.584,0
orange_pos_001814_20260510_222111_582.png,20,100,6.412,0
orange_pos_001814_20260510_222111_582.png,40,100,43.389,0
orange_pos_001814_20260510_222111_582.png,60,100,26.443,0
orange_pos_001814_20260510_222111_582.png,80,100,10.737,0
orange_pos_001814_20260510_222111_582.png,100,100,14.723,0
orange_pos_001814_20260510_222111_582.png,120,100,19.361,0
orange_pos_001814_20260510_222111_582.png,140,100,26.266,0
orange_pos_001815_20260510_222113_511.png,0,0,2.124,0
orange_pos_001815_20260510_222113_511.png,20,0,0.677,0
orange_pos_001815_20260510_222113_511.png,40,0,2.705,0
orange_pos_001815_20260510_222113_511.png,60,0,4.705,0
orange_pos_001815_20260510_222113_511.png,80,0,1.570,0
orange_pos_001815_20260510_222113_511.png,100,0,0.756,0
orange_pos_001815_20260510_222113_511.png,120,0,0.704,0
orange_pos_001815_20260510_222113_511.png,140,0,0.634,0
orange_pos_001815_20260510_222113_511.png,0,20,3.626,0
orange_pos_001815_20260510_222113_511.png,20,20,0.676,0
orange_pos_001815_20260510_222113_511.png,40,20,3.542,0
orange_pos_001815_20260510_222113_511.png,60,20,2.516,0
orange_pos_001815_20260510_222113_511.png,80,20,0.651,0
orange_pos_001815_20260510_222113_511.png,100,20,0.621,0
orange_pos_001815_20260510_222113_511.png,120,20,0.621,0
orange_pos_001815_20260510_222113_511.png,140,20,0.690,0
orange_pos_001815_20260510_222113_511.png,0,40,0.659,0
orange_pos_001815_20260510_222113_511.png,20,40,0.859,0
orange_pos_001815_20260510_222113_511.png,40,40,7.482,0
orange_pos_001815_20260510_222113_511.png,60,40,5.215,0
orange_pos_001815_20260510_222113_511.png,80,40,0.621,0
orange_pos_001815_20260510_222113_511.png,100,40,0.621,0
orange_pos_001815_20260510_222113_511.png,120,40,0.621,0
orange_pos_001815_20260510_222113_511.png,140,40,1.258,0
orange_pos_001815_20260510_222113_511.png,0,60,0.721,0
orange_pos_001815_20260510_222113_511.png,20,60,0.621,0
orange_pos_001815_20260510_222113_511.png,40,60,6.356,0
orange_pos_001815_20260510_222113_511.png,60,60,3.367,0
orange_pos_001815_20260510_222113_511.png,80,60,0.621,0
orange_pos_001815_20260510_222113_511.png,100,60,0.621,0
orange_pos_001815_20260510_222113_511.png,120,60,0.621,0
orange_pos_001815_20260510_222113_511.png,140,60,0.696,0
orange_pos_001815_20260510_222113_511.png,0,80,0.642,0
orange_pos_001815_20260510_222113_511.png,20,80,0.621,0
orange_pos_001815_20260510_222113_511.png,40,80,7.223,0
orange_pos_001815_20260510_222113_511.png,60,80,3.486,0
orange_pos_001815_20260510_222113_511.png,80,80,0.621,0
orange_pos_001815_20260510_222113_511.png,100,80,0.621,0
orange_pos_001815_20260510_222113_511.png,120,80,0.861,0
orange_pos_001815_20260510_222113_511.png,140,80,1.275,0
orange_pos_001815_20260510_222113_511.png,0,100,0.621,0
orange_pos_001815_20260510_222113_511.png,20,100,0.993,0
orange_pos_001815_20260510_222113_511.png,40,100,4.090,0
orange_pos_001815_20260510_222113_511.png,60,100,2.221,0
orange_pos_001815_20260510_222113_511.png,80,100,0.621,0
orange_pos_001815_20260510_222113_511.png,100,100,0.621,0
orange_pos_001815_20260510_222113_511.png,120,100,0.734,0
orange_pos_001815_20260510_222113_511.png,140,100,1.107,0
orange_pos_001816_20260510_222115_654.png,0,0,5.076,0
orange_pos_001816_20260510_222115_654.png,20,0,1.275,0
orange_pos_001816_20260510_222115_654.png,40,0,6.639,0
orange_pos_001816_20260510_222115_654.png,60,0,9.518,0
orange_pos_001816_20260510_222115_654.png,80,0,2.904,0
orange_pos_001816_20260510_222115_654.png,100,0,0.883,0
orange_pos_001816_20260510_222115_654.png,120,0,0.711,0
orange_pos_001816_20260510_222115_654.png,140,0,1.237,0
orange_pos_001816_20260510_222115_654.png,0,20,0.698,0
orange_pos_001816_20260510_222115_654.png,20,20,1.032,0
orange_pos_001816_20260510_222115_654.png,40,20,9.016,0
orange_pos_001816_20260510_222115_654.png,60,20,8.584,0
orange_pos_001816_20260510_222115_654.png,80,20,0.727,0
orange_pos_001816_20260510_222115_654.png,100,20,0.621,0
orange_pos_001816_20260510_222115_654.png,120,20,0.621,0
orange_pos_001816_20260510_222115_654.png,140,20,1.455,0
orange_pos_001816_20260510_222115_654.png,0,40,0.644,0
orange_pos_001816_20260510_222115_654.png,20,40,0.621,0
orange_pos_001816_20260510_222115_654.png,40,40,5.819,0
orange_pos_001816_20260510_222115_654.png,60,40,2.776,0
orange_pos_001816_20260510_222115_654.png,80,40,0.621,0
orange_pos_001816_20260510_222115_654.png,100,40,0.621,0
orange_pos_001816_20260510_222115_654.png,120,40,0.621,0
orange_pos_001816_20260510_222115_654.png,140,40,0.659,0
orange_pos_001816_20260510_222115_654.png,0,60,0.625,0
orange_pos_001816_20260510_222115_654.png,20,60,0.621,0
orange_pos_001816_20260510_222115_654.png,40,60,2.215,0
orange_pos_001816_20260510_222115_654.png,60,60,0.663,0
orange_pos_001816_20260510_222115_654.png,80,60,0.621,0
orange_pos_001816_20260510_222115_654.png,100,60,0.621,0
orange_pos_001816_20260510_222115_654.png,120,60,0.621,0
orange_pos_001816_20260510_222115_654.png,140,60,0.621,0
orange_pos_001816_20260510_222115_654.png,0,80,0.648,0
orange_pos_001816_20260510_222115_654.png,20,80,0.621,0
orange_pos_001816_20260510_222115_654.png,40,80,5.906,0
orange_pos_001816_20260510_222115_654.png,60,80,3.570,0
orange_pos_001816_20260510_222115_654.png,80,80,0.621,0
orange_pos_001816_20260510_222115_654.png,100,80,0.621,0
orange_pos_001816_20260510_222115_654.png,120,80,0.621,0
orange_pos_001816_20260510_222115_654.png,140,80,1.741,0
orange_pos_001816_20260510_222115_654.png,0,100,0.646,0
orange_pos_001816_20260510_222115_654.png,20,100,0.621,0
orange_pos_001816_20260510_222115_654.png,40,100,1.246,0
orange_pos_001816_20260510_222115_654.png,60,100,0.922,0
orange_pos_001816_20260510_222115_654.png,80,100,0.621,0
orange_pos_001816_20260510_222115_654.png,100,100,0.621,0
orange_pos_001816_20260510_222115_654.png,120,100,0.621,0
orange_pos_001816_20260510_222115_654.png,140,100,0.621,0
orange_pos_001817_20260510_222117_790.png,0,0,19.644,0
orange_pos_001817_20260510_222117_790.png,20,0,3.935,0
orange_pos_001817_20260510_222117_790.png,40,0,14.702,0
orange_pos_001817_20260510_222117_790.png,60,0,23.135,0
orange_pos_001817_20260510_222117_790.png,80,0,9.924,0
orange_pos_001817_20260510_222117_790.png,100,0,5.554,0
orange_pos_001817_20260510_222117_790.png,120,0,6.298,0
orange_pos_001817_20260510_222117_790.png,140,0,11.652,0
orange_pos_001817_20260510_222117_790.png,0,20,13.998,0
orange_pos_001817_20260510_222117_790.png,20,20,0.981,0
orange_pos_001817_20260510_222117_790.png,40,20,14.068,0
orange_pos_001817_20260510_222117_790.png,60,20,14.331,0
orange_pos_001817_20260510_222117_790.png,80,20,1.301,0
orange_pos_001817_20260510_222117_790.png,100,20,0.621,0
orange_pos_001817_20260510_222117_790.png,120,20,0.621,0
orange_pos_001817_20260510_222117_790.png,140,20,5.767,0
orange_pos_001817_20260510_222117_790.png,0,40,0.966,0
orange_pos_001817_20260510_222117_790.png,20,40,1.487,0
orange_pos_001817_20260510_222117_790.png,40,40,18.641,0
orange_pos_001817_20260510_222117_790.png,60,40,12.906,0
orange_pos_001817_20260510_222117_790.png,80,40,0.621,0
orange_pos_001817_20260510_222117_790.png,100,40,0.621,0
orange_pos_001817_20260510_222117_790.png,120,40,0.621,0
orange_pos_001817_20260510_222117_790.png,140,40,8.329,0
orange_pos_001817_20260510_222117_790.png,0,60,0.979,0
orange_pos_001817_20260510_222117_790.png,20,60,0.631,0
orange_pos_001817_20260510_222117_790.png,40,60,16.941,0
orange_pos_001817_20260510_222117_790.png,60,60,10.144,0
orange_pos_001817_20260510_222117_790.png,80,60,0.649,0
orange_pos_001817_20260510_222117_790.png,100,60,0.621,0
orange_pos_001817_20260510_222117_790.png,120,60,0.739,0
orange_pos_001817_20260510_222117_790.png,140,60,7.027,0
orange_pos_001817_20260510_222117_790.png,0,80,0.880,0
orange_pos_001817_20260510_222117_790.png,20,80,0.747,0
orange_pos_001817_20260510_222117_790.png,40,80,18.556,0
orange_pos_001817_20260510_222117_790.png,60,80,10.628,0
orange_pos_001817_20260510_222117_790.png,80,80,0.714,0
orange_pos_001817_20260510_222117_790.png,100,80,0.937,0
orange_pos_001817_20260510_222117_790.png,120,80,3.540,0
orange_pos_001817_20260510_222117_790.png,140,80,8.916,0
orange_pos_001817_20260510_222117_790.png,0,100,0.941,0
orange_pos_001817_20260510_222117_790.png,20,100,2.373,0
orange_pos_001817_20260510_222117_790.png,40,100,14.785,0
orange_pos_001817_20260510_222117_790.png,60,100,8.372,0
orange_pos_001817_20260510_222117_790.png,80,100,2.476,0
orange_pos_001817_20260510_222117_790.png,100,100,3.854,0
orange_pos_001817_20260510_222117_790.png,120,100,5.188,0
orange_pos_001817_20260510_222117_790.png,140,100,6.910,0
orange_pos_001818_20260510_222118_144.png,0,0,13.293,0
orange_pos_001818_20260510_222118_144.png,20,0,0.621,0
orange_pos_001818_20260510_222118_144.png,40,0,8.578,0
orange_pos_001818_20260510_222118_144.png,60,0,13.094,0
orange_pos_001818_20260510_222118_144.png,80,0,4.368,0
orange_pos_001818_20260510_222118_144.png,100,0,1.836,0
orange_pos_001818_20260510_222118_144.png,120,0,0.830,0
orange_pos_001818_20260510_222118_144.png,140,0,1.596,0
orange_pos_001818_20260510_222118_144.png,0,20,12.132,0
orange_pos_001818_20260510_222118_144.png,20,20,0.621,0
orange_pos_001818_20260510_222118_144.png,40,20,6.972,0
orange_pos_001818_20260510_222118_144.png,60,20,7.020,0
orange_pos_001818_20260510_222118_144.png,80,20,0.627,0
orange_pos_001818_20260510_222118_144.png,100,20,0.621,0
orange_pos_001818_20260510_222118_144.png,120,20,0.621,0
orange_pos_001818_20260510_222118_144.png,140,20,1.441,0
orange_pos_001818_20260510_222118_144.png,0,40,0.638,0
orange_pos_001818_20260510_222118_144.png,20,40,0.621,0
orange_pos_001818_20260510_222118_144.png,40,40,7.041,0
orange_pos_001818_20260510_222118_144.png,60,40,4.628,0
orange_pos_001818_20260510_222118_144.png,80,40,0.621,0
orange_pos_001818_20260510_222118_144.png,100,40,0.621,0
orange_pos_001818_20260510_222118_144.png,120,40,0.621,0
orange_pos_001818_20260510_222118_144.png,140,40,1.806,0
orange_pos_001818_20260510_222118_144.png,0,60,0.738,0
orange_pos_001818_20260510_222118_144.png,20,60,0.621,0
orange_pos_001818_20260510_222118_144.png,40,60,9.645,0
orange_pos_001818_20260510_222118_144.png,60,60,6.243,0
orange_pos_001818_20260510_222118_144.png,80,60,0.652,0
orange_pos_001818_20260510_222118_144.png,100,60,0.621,0
orange_pos_001818_20260510_222118_144.png,120,60,0.747,0
orange_pos_001818_20260510_222118_144.png,140,60,3.774,0
orange_pos_001818_20260510_222118_144.png,0,80,0.811,0
orange_pos_001818_20260510_222118_144.png,20,80,0.621,0
orange_pos_001818_20260510_222118_144.png,40,80,15.359,0
orange_pos_001818_20260510_222118_144.png,60,80,8.442,0
orange_pos_001818_20260510_222118_144.png,80,80,0.621,0
orange_pos_001818_20260510_222118_144.png,100,80,0.643,0
orange_pos_001818_20260510_222118_144.png,120,80,1.712,0
orange_pos_001818_20260510_222118_144.png,140,80,5.381,0
orange_pos_001818_20260510_222118_144.png,0,100,0.818,0
orange_pos_001818_20260510_222118_144.png,20,100,1.672,0
orange_pos_001818_20260510_222118_144.png,40,100,11.240,0
orange_pos_001818_20260510_222118_144.png,60,100,6.350,0
orange_pos_001818_20260510_222118_144.png,80,100,0.725,0
orange_pos_001818_20260510_222118_144.png,100,100,1.151,0
orange_pos_001818_20260510_222118_144.png,120,100,2.682,0
orange_pos_001818_20260510_222118_144.png,140,100,4.497,0
orange_pos_001819_20260510_222118_504.png,0,0,13.293,0
orange_pos_001819_20260510_222118_504.png,20,0,0.621,0
orange_pos_001819_20260510_222118_504.png,40,0,8.578,0
orange_pos_001819_20260510_222118_504.png,60,0,13.094,0
orange_pos_001819_20260510_222118_504.png,80,0,4.368,0
orange_pos_001819_20260510_222118_504.png,100,0,1.836,0
orange_pos_001819_20260510_222118_504.png,120,0,0.830,0
orange_pos_001819_20260510_222118_504.png,140,0,1.596,0
orange_pos_001819_20260510_222118_504.png,0,20,12.132,0
orange_pos_001819_20260510_222118_504.png,20,20,0.621,0
orange_pos_001819_20260510_222118_504.png,40,20,6.972,0
orange_pos_001819_20260510_222118_504.png,60,20,7.020,0
orange_pos_001819_20260510_222118_504.png,80,20,0.627,0
orange_pos_001819_20260510_222118_504.png,100,20,0.621,0
orange_pos_001819_20260510_222118_504.png,120,20,0.621,0
orange_pos_001819_20260510_222118_504.png,140,20,1.441,0
orange_pos_001819_20260510_222118_504.png,0,40,0.638,0
orange_pos_001819_20260510_222118_504.png,20,40,0.621,0
orange_pos_001819_20260510_222118_504.png,40,40,7.041,0
orange_pos_001819_20260510_222118_504.png,60,40,4.628,0
orange_pos_001819_20260510_222118_504.png,80,40,0.621,0
orange_pos_001819_20260510_222118_504.png,100,40,0.621,0
orange_pos_001819_20260510_222118_504.png,120,40,0.621,0
orange_pos_001819_20260510_222118_504.png,140,40,1.806,0
orange_pos_001819_20260510_222118_504.png,0,60,0.738,0
orange_pos_001819_20260510_222118_504.png,20,60,0.621,0
orange_pos_001819_20260510_222118_504.png,40,60,9.645,0
orange_pos_001819_20260510_222118_504.png,60,60,6.243,0
orange_pos_001819_20260510_222118_504.png,80,60,0.652,0
orange_pos_001819_20260510_222118_504.png,100,60,0.621,0
orange_pos_001819_20260510_222118_504.png,120,60,0.747,0
orange_pos_001819_20260510_222118_504.png,140,60,3.774,0
orange_pos_001819_20260510_222118_504.png,0,80,0.811,0
orange_pos_001819_20260510_222118_504.png,20,80,0.621,0
orange_pos_001819_20260510_222118_504.png,40,80,15.359,0
orange_pos_001819_20260510_222118_504.png,60,80,8.442,0
orange_pos_001819_20260510_222118_504.png,80,80,0.621,0
orange_pos_001819_20260510_222118_504.png,100,80,0.643,0
orange_pos_001819_20260510_222118_504.png,120,80,1.712,0
orange_pos_001819_20260510_222118_504.png,140,80,5.381,0
orange_pos_001819_20260510_222118_504.png,0,100,0.818,0
orange_pos_001819_20260510_222118_504.png,20,100,1.672,0
orange_pos_001819_20260510_222118_504.png,40,100,11.240,0
orange_pos_001819_20260510_222118_504.png,60,100,6.350,0
orange_pos_001819_20260510_222118_504.png,80,100,0.725,0
orange_pos_001819_20260510_222118_504.png,100,100,1.151,0
orange_pos_001819_20260510_222118_504.png,120,100,2.682,0
orange_pos_001819_20260510_222118_504.png,140,100,4.497,0
orange_pos_001820_20260510_222122_210.png,0,0,35.565,0
orange_pos_001820_20260510_222122_210.png,20,0,7.323,0
orange_pos_001820_20260510_222122_210.png,40,0,25.864,0
orange_pos_001820_20260510_222122_210.png,60,0,40.223,0
orange_pos_001820_20260510_222122_210.png,80,0,23.732,0
orange_pos_001820_20260510_222122_210.png,100,0,16.458,0
orange_pos_001820_20260510_222122_210.png,120,0,15.966,0
orange_pos_001820_20260510_222122_210.png,140,0,20.184,0
orange_pos_001820_20260510_222122_210.png,0,20,20.479,0
orange_pos_001820_20260510_222122_210.png,20,20,4.888,0
orange_pos_001820_20260510_222122_210.png,40,20,28.841,0
orange_pos_001820_20260510_222122_210.png,60,20,33.199,0
orange_pos_001820_20260510_222122_210.png,80,20,2.691,0
orange_pos_001820_20260510_222122_210.png,100,20,0.621,0
orange_pos_001820_20260510_222122_210.png,120,20,0.715,0
orange_pos_001820_20260510_222122_210.png,140,20,20.602,0
orange_pos_001820_20260510_222122_210.png,0,40,1.376,0
orange_pos_001820_20260510_222122_210.png,20,40,2.206,0
orange_pos_001820_20260510_222122_210.png,40,40,23.805,0
orange_pos_001820_20260510_222122_210.png,60,40,17.694,0
orange_pos_001820_20260510_222122_210.png,80,40,0.621,0
orange_pos_001820_20260510_222122_210.png,100,40,0.621,0
orange_pos_001820_20260510_222122_210.png,120,40,0.621,0
orange_pos_001820_20260510_222122_210.png,140,40,12.772,0
orange_pos_001820_20260510_222122_210.png,0,60,1.196,0
orange_pos_001820_20260510_222122_210.png,20,60,2.237,0
orange_pos_001820_20260510_222122_210.png,40,60,21.703,0
orange_pos_001820_20260510_222122_210.png,60,60,15.908,0
orange_pos_001820_20260510_222122_210.png,80,60,1.219,0
orange_pos_001820_20260510_222122_210.png,100,60,0.621,0
orange_pos_001820_20260510_222122_210.png,120,60,1.020,0
orange_pos_001820_20260510_222122_210.png,140,60,14.765,0
orange_pos_001820_20260510_222122_210.png,0,80,3.036,0
orange_pos_001820_20260510_222122_210.png,20,80,4.421,0
orange_pos_001820_20260510_222122_210.png,40,80,39.411,0
orange_pos_001820_20260510_222122_210.png,60,80,22.380,0
orange_pos_001820_20260510_222122_210.png,80,80,2.675,0
orange_pos_001820_20260510_222122_210.png,100,80,7.286,0
orange_pos_001820_20260510_222122_210.png,120,80,12.489,0
orange_pos_001820_20260510_222122_210.png,140,80,25.789,0
orange_pos_001820_20260510_222122_210.png,0,100,1.425,0
orange_pos_001820_20260510_222122_210.png,20,100,4.430,0
orange_pos_001820_20260510_222122_210.png,40,100,29.856,0
orange_pos_001820_20260510_222122_210.png,60,100,20.168,0
orange_pos_001820_20260510_222122_210.png,80,100,6.946,0
orange_pos_001820_20260510_222122_210.png,100,100,10.328,0
orange_pos_001820_20260510_222122_210.png,120,100,15.070,0
orange_pos_001820_20260510_222122_210.png,140,100,21.950,0
orange_pos_001821_20260510_222122_570.png,0,0,7.363,0
orange_pos_001821_20260510_222122_570.png,20,0,0.621,0
orange_pos_001821_20260510_222122_570.png,40,0,4.358,0
orange_pos_001821_20260510_222122_570.png,60,0,6.923,0
orange_pos_001821_20260510_222122_570.png,80,0,3.579,0
orange_pos_001821_20260510_222122_570.png,100,0,2.184,0
orange_pos_001821_20260510_222122_570.png,120,0,2.013,0
orange_pos_001821_20260510_222122_570.png,140,0,1.500,0
orange_pos_001821_20260510_222122_570.png,0,20,2.825,0
orange_pos_001821_20260510_222122_570.png,20,20,0.621,0
orange_pos_001821_20260510_222122_570.png,40,20,6.038,0
orange_pos_001821_20260510_222122_570.png,60,20,6.322,0
orange_pos_001821_20260510_222122_570.png,80,20,0.714,0
orange_pos_001821_20260510_222122_570.png,100,20,0.621,0
orange_pos_001821_20260510_222122_570.png,120,20,0.621,0
orange_pos_001821_20260510_222122_570.png,140,20,2.205,0
orange_pos_001821_20260510_222122_570.png,0,40,0.838,0
orange_pos_001821_20260510_222122_570.png,20,40,0.621,0
orange_pos_001821_20260510_222122_570.png,40,40,11.166,0
orange_pos_001821_20260510_222122_570.png,60,40,7.628,0
orange_pos_001821_20260510_222122_570.png,80,40,0.621,0
orange_pos_001821_20260510_222122_570.png,100,40,0.621,0
orange_pos_001821_20260510_222122_570.png,120,40,0.621,0
orange_pos_001821_20260510_222122_570.png,140,40,3.990,0
orange_pos_001821_20260510_222122_570.png,0,60,0.696,0
orange_pos_001821_20260510_222122_570.png,20,60,0.621,0
orange_pos_001821_20260510_222122_570.png,40,60,5.345,0
orange_pos_001821_20260510_222122_570.png,60,60,2.869,0
orange_pos_001821_20260510_222122_570.png,80,60,0.621,0
orange_pos_001821_20260510_222122_570.png,100,60,0.621,0
orange_pos_001821_20260510_222122_570.png,120,60,0.621,0
orange_pos_001821_20260510_222122_570.png,140,60,1.848,0
orange_pos_001821_20260510_222122_570.png,0,80,0.741,0
orange_pos_001821_20260510_222122_570.png,20,80,0.621,0
orange_pos_001821_20260510_222122_570.png,40,80,10.680,0
orange_pos_001821_20260510_222122_570.png,60,80,5.690,0
orange_pos_001821_20260510_222122_570.png,80,80,0.621,0
orange_pos_001821_20260510_222122_570.png,100,80,1.062,0
orange_pos_001821_20260510_222122_570.png,120,80,1.131,0
orange_pos_001821_20260510_222122_570.png,140,80,3.083,0
orange_pos_001821_20260510_222122_570.png,0,100,0.651,0
orange_pos_001821_20260510_222122_570.png,20,100,1.758,0
orange_pos_001821_20260510_222122_570.png,40,100,12.039,0
orange_pos_001821_20260510_222122_570.png,60,100,5.472,0
orange_pos_001821_20260510_222122_570.png,80,100,0.879,0
orange_pos_001821_20260510_222122_570.png,100,100,1.228,0
orange_pos_001821_20260510_222122_570.png,120,100,2.379,0
orange_pos_001821_20260510_222122_570.png,140,100,3.240,0
orange_pos_001822_20260510_222124_669.png,0,0,26.335,0
orange_pos_001822_20260510_222124_669.png,20,0,3.663,0
orange_pos_001822_20260510_222124_669.png,40,0,15.047,0
orange_pos_001822_20260510_222124_669.png,60,0,22.995,0
orange_pos_001822_20260510_222124_669.png,80,0,11.161,0
orange_pos_001822_20260510_222124_669.png,100,0,5.426,0
orange_pos_001822_20260510_222124_669.png,120,0,7.313,0
orange_pos_001822_20260510_222124_669.png,140,0,11.761,0
orange_pos_001822_20260510_222124_669.png,0,20,14.932,0
orange_pos_001822_20260510_222124_669.png,20,20,3.065,0
orange_pos_001822_20260510_222124_669.png,40,20,25.082,0
orange_pos_001822_20260510_222124_669.png,60,20,30.981,0
orange_pos_001822_20260510_222124_669.png,80,20,2.217,0
orange_pos_001822_20260510_222124_669.png,100,20,0.621,0
orange_pos_001822_20260510_222124_669.png,120,20,0.801,0
orange_pos_001822_20260510_222124_669.png,140,20,16.954,0
orange_pos_001822_20260510_222124_669.png,0,40,0.979,0
orange_pos_001822_20260510_222124_669.png,20,40,1.749,0
orange_pos_001822_20260510_222124_669.png,40,40,22.550,0
orange_pos_001822_20260510_222124_669.png,60,40,18.950,0
orange_pos_001822_20260510_222124_669.png,80,40,0.628,0
orange_pos_001822_20260510_222124_669.png,100,40,0.621,0
orange_pos_001822_20260510_222124_669.png,120,40,0.621,0
orange_pos_001822_20260510_222124_669.png,140,40,11.702,0
orange_pos_001822_20260510_222124_669.png,0,60,1.574,0
orange_pos_001822_20260510_222124_669.png,20,60,2.014,0
orange_pos_001822_20260510_222124_669.png,40,60,31.877,0
orange_pos_001822_20260510_222124_669.png,60,60,22.614,0
orange_pos_001822_20260510_222124_669.png,80,60,1.363,0
orange_pos_001822_20260510_222124_669.png,100,60,1.127,0
orange_pos_001822_20260510_222124_669.png,120,60,3.172,0
orange_pos_001822_20260510_222124_669.png,140,60,18.074,0
orange_pos_001822_20260510_222124_669.png,0,80,0.998,0
orange_pos_001822_20260510_222124_669.png,20,80,0.823,0
orange_pos_001822_20260510_222124_669.png,40,80,17.227,0
orange_pos_001822_20260510_222124_669.png,60,80,9.852,0
orange_pos_001822_20260510_222124_669.png,80,80,0.705,0
orange_pos_001822_20260510_222124_669.png,100,80,1.973,0
orange_pos_001822_20260510_222124_669.png,120,80,3.906,0
orange_pos_001822_20260510_222124_669.png,140,80,9.047,0
orange_pos_001822_20260510_222124_669.png,0,100,1.376,0
orange_pos_001822_20260510_222124_669.png,20,100,2.999,0
orange_pos_001822_20260510_222124_669.png,40,100,21.459,0
orange_pos_001822_20260510_222124_669.png,60,100,11.504,0
orange_pos_001822_20260510_222124_669.png,80,100,4.241,0
orange_pos_001822_20260510_222124_669.png,100,100,3.540,0
orange_pos_001822_20260510_222124_669.png,120,100,8.427,0
orange_pos_001822_20260510_222124_669.png,140,100,12.961,0
orange_pos_001823_20260510_222126_647.png,0,0,20.218,0
orange_pos_001823_20260510_222126_647.png,20,0,4.487,0
orange_pos_001823_20260510_222126_647.png,40,0,19.024,0
orange_pos_001823_20260510_222126_647.png,60,0,25.437,0
orange_pos_001823_20260510_222126_647.png,80,0,7.229,0
orange_pos_001823_20260510_222126_647.png,100,0,1.608,0
orange_pos_001823_20260510_222126_647.png,120,0,2.441,0
orange_pos_001823_20260510_222126_647.png,140,0,10.374,0
orange_pos_001823_20260510_222126_647.png,0,20,28.222,0
orange_pos_001823_20260510_222126_647.png,20,20,5.801,0
orange_pos_001823_20260510_222126_647.png,40,20,24.796,0
orange_pos_001823_20260510_222126_647.png,60,20,25.037,0
orange_pos_001823_20260510_222126_647.png,80,20,1.635,0
orange_pos_001823_20260510_222126_647.png,100,20,0.621,0
orange_pos_001823_20260510_222126_647.png,120,20,0.870,0
orange_pos_001823_20260510_222126_647.png,140,20,15.569,0
orange_pos_001823_20260510_222126_647.png,0,40,1.355,0
orange_pos_001823_20260510_222126_647.png,20,40,1.706,0
orange_pos_001823_20260510_222126_647.png,40,40,20.059,0
orange_pos_001823_20260510_222126_647.png,60,40,11.849,0
orange_pos_001823_20260510_222126_647.png,80,40,0.621,0
orange_pos_001823_20260510_222126_647.png,100,40,0.621,0
orange_pos_001823_20260510_222126_647.png,120,40,0.621,0
orange_pos_001823_20260510_222126_647.png,140,40,10.045,0
orange_pos_001823_20260510_222126_647.png,0,60,1.070,0
orange_pos_001823_20260510_222126_647.png,20,60,1.994,0
orange_pos_001823_20260510_222126_647.png,40,60,21.255,0
orange_pos_001823_20260510_222126_647.png,60,60,12.384,0
orange_pos_001823_20260510_222126_647.png,80,60,0.621,0
orange_pos_001823_20260510_222126_647.png,100,60,0.621,0
orange_pos_001823_20260510_222126_647.png,120,60,1.054,0
orange_pos_001823_20260510_222126_647.png,140,60,8.858,0
orange_pos_001823_20260510_222126_647.png,0,80,2.311,0
orange_pos_001823_20260510_222126_647.png,20,80,2.978,0
orange_pos_001823_20260510_222126_647.png,40,80,34.034,0
orange_pos_001823_20260510_222126_647.png,60,80,20.349,0
orange_pos_001823_20260510_222126_647.png,80,80,1.082,0
orange_pos_001823_20260510_222126_647.png,100,80,5.052,0
orange_pos_001823_20260510_222126_647.png,120,80,9.909,0
orange_pos_001823_20260510_222126_647.png,140,80,21.241,0
orange_pos_001823_20260510_222126_647.png,0,100,1.676,0
orange_pos_001823_20260510_222126_647.png,20,100,4.313,0
orange_pos_001823_20260510_222126_647.png,40,100,32.345,0
orange_pos_001823_20260510_222126_647.png,60,100,18.036,0
orange_pos_001823_20260510_222126_647.png,80,100,5.378,0
orange_pos_001823_20260510_222126_647.png,100,100,7.238,0
orange_pos_001823_20260510_222126_647.png,120,100,14.281,0
orange_pos_001823_20260510_222126_647.png,140,100,22.583,0
orange_pos_001825_20260510_222131_615.png,0,0,40.487,0
orange_pos_001825_20260510_222131_615.png,20,0,10.303,0
orange_pos_001825_20260510_222131_615.png,40,0,33.065,0
orange_pos_001825_20260510_222131_615.png,60,0,54.256,0
orange_pos_001825_20260510_222131_615.png,80,0,25.310,0
orange_pos_001825_20260510_222131_615.png,100,0,13.930,0
orange_pos_001825_20260510_222131_615.png,120,0,16.437,0
orange_pos_001825_20260510_222131_615.png,140,0,26.496,0
orange_pos_001825_20260510_222131_615.png,0,20,30.177,0
orange_pos_001825_20260510_222131_615.png,20,20,12.472,0
orange_pos_001825_20260510_222131_615.png,40,20,36.375,0
orange_pos_001825_20260510_222131_615.png,60,20,40.791,0
orange_pos_001825_20260510_222131_615.png,80,20,3.395,0
orange_pos_001825_20260510_222131_615.png,100,20,0.621,0
orange_pos_001825_20260510_222131_615.png,120,20,1.250,0
orange_pos_001825_20260510_222131_615.png,140,20,25.127,0
orange_pos_001825_20260510_222131_615.png,0,40,1.393,0
orange_pos_001825_20260510_222131_615.png,20,40,6.164,0
orange_pos_001825_20260510_222131_615.png,40,40,31.528,0
orange_pos_001825_20260510_222131_615.png,60,40,23.839,0
orange_pos_001825_20260510_222131_615.png,80,40,0.627,0
orange_pos_001825_20260510_222131_615.png,100,40,0.621,0
orange_pos_001825_20260510_222131_615.png,120,40,0.622,0
orange_pos_001825_20260510_222131_615.png,140,40,16.147,0
orange_pos_001825_20260510_222131_615.png,0,60,2.500,0
orange_pos_001825_20260510_222131_615.png,20,60,7.749,0
orange_pos_001825_20260510_222131_615.png,40,60,39.312,0
orange_pos_001825_20260510_222131_615.png,60,60,29.130,0
orange_pos_001825_20260510_222131_615.png,80,60,2.492,0
orange_pos_001825_20260510_222131_615.png,100,60,1.577,0
orange_pos_001825_20260510_222131_615.png,120,60,5.072,0
orange_pos_001825_20260510_222131_615.png,140,60,24.301,0
orange_pos_001825_20260510_222131_615.png,0,80,3.646,0
orange_pos_001825_20260510_222131_615.png,20,80,6.604,0
orange_pos_001825_20260510_222131_615.png,40,80,45.690,0
orange_pos_001825_20260510_222131_615.png,60,80,28.571,0
orange_pos_001825_20260510_222131_615.png,80,80,4.732,0
orange_pos_001825_20260510_222131_615.png,100,80,12.432,0
orange_pos_001825_20260510_222131_615.png,120,80,20.958,0
orange_pos_001825_20260510_222131_615.png,140,80,33.827,0
orange_pos_001825_20260510_222131_615.png,0,100,1.721,0
orange_pos_001825_20260510_222131_615.png,20,100,7.172,0
orange_pos_001825_20260510_222131_615.png,40,100,43.308,0
orange_pos_001825_20260510_222131_615.png,60,100,29.433,0
orange_pos_001825_20260510_222131_615.png,80,100,15.818,0
orange_pos_001825_20260510_222131_615.png,100,100,19.672,0
orange_pos_001825_20260510_222131_615.png,120,100,23.794,0
orange_pos_001825_20260510_222131_615.png,140,100,31.719,0
orange_pos_001826_20260510_222133_351.png,0,0,2.888,0
orange_pos_001826_20260510_222133_351.png,20,0,0.621,0
orange_pos_001826_20260510_222133_351.png,40,0,0.621,0
orange_pos_001826_20260510_222133_351.png,60,0,0.700,0
orange_pos_001826_20260510_222133_351.png,80,0,0.621,0
orange_pos_001826_20260510_222133_351.png,100,0,0.621,0
orange_pos_001826_20260510_222133_351.png,120,0,0.621,0
orange_pos_001826_20260510_222133_351.png,140,0,0.621,0
orange_pos_001826_20260510_222133_351.png,0,20,0.621,0
orange_pos_001826_20260510_222133_351.png,20,20,0.621,0
orange_pos_001826_20260510_222133_351.png,40,20,0.689,0
orange_pos_001826_20260510_222133_351.png,60,20,0.639,0
orange_pos_001826_20260510_222133_351.png,80,20,0.621,0
orange_pos_001826_20260510_222133_351.png,100,20,0.621,0
orange_pos_001826_20260510_222133_351.png,120,20,0.621,0
orange_pos_001826_20260510_222133_351.png,140,20,0.621,0
orange_pos_001826_20260510_222133_351.png,0,40,0.621,0
orange_pos_001826_20260510_222133_351.png,20,40,0.621,0
orange_pos_001826_20260510_222133_351.png,40,40,1.274,0
orange_pos_001826_20260510_222133_351.png,60,40,0.692,0
orange_pos_001826_20260510_222133_351.png,80,40,0.621,0
orange_pos_001826_20260510_222133_351.png,100,40,0.621,0
orange_pos_001826_20260510_222133_351.png,120,40,0.621,0
orange_pos_001826_20260510_222133_351.png,140,40,0.621,0
orange_pos_001826_20260510_222133_351.png,0,60,0.623,0
orange_pos_001826_20260510_222133_351.png,20,60,0.621,0
orange_pos_001826_20260510_222133_351.png,40,60,0.788,0
orange_pos_001826_20260510_222133_351.png,60,60,0.621,0
orange_pos_001826_20260510_222133_351.png,80,60,0.621,0
orange_pos_001826_20260510_222133_351.png,100,60,0.621,0
orange_pos_001826_20260510_222133_351.png,120,60,0.621,0
orange_pos_001826_20260510_222133_351.png,140,60,0.621,0
orange_pos_001826_20260510_222133_351.png,0,80,0.621,0
orange_pos_001826_20260510_222133_351.png,20,80,0.621,0
orange_pos_001826_20260510_222133_351.png,40,80,0.621,0
orange_pos_001826_20260510_222133_351.png,60,80,0.621,0
orange_pos_001826_20260510_222133_351.png,80,80,0.621,0
orange_pos_001826_20260510_222133_351.png,100,80,0.621,0
orange_pos_001826_20260510_222133_351.png,120,80,0.621,0
orange_pos_001826_20260510_222133_351.png,140,80,0.621,0
orange_pos_001826_20260510_222133_351.png,0,100,0.621,0
orange_pos_001826_20260510_222133_351.png,20,100,0.621,0
orange_pos_001826_20260510_222133_351.png,40,100,0.621,0
orange_pos_001826_20260510_222133_351.png,60,100,0.621,0
orange_pos_001826_20260510_222133_351.png,80,100,0.621,0
orange_pos_001826_20260510_222133_351.png,100,100,0.621,0
orange_pos_001826_20260510_222133_351.png,120,100,0.621,0
orange_pos_001826_20260510_222133_351.png,140,100,0.621,0
orange_pos_001827_20260510_222133_734.png,0,0,10.662,0
orange_pos_001827_20260510_222133_734.png,20,0,1.922,0
orange_pos_001827_20260510_222133_734.png,40,0,9.454,0
orange_pos_001827_20260510_222133_734.png,60,0,14.351,0
orange_pos_001827_20260510_222133_734.png,80,0,4.222,0
orange_pos_001827_20260510_222133_734.png,100,0,2.418,0
orange_pos_001827_20260510_222133_734.png,120,0,2.062,0
orange_pos_001827_20260510_222133_734.png,140,0,6.381,0
orange_pos_001827_20260510_222133_734.png,0,20,15.424,0
orange_pos_001827_20260510_222133_734.png,20,20,0.725,0
orange_pos_001827_20260510_222133_734.png,40,20,12.222,0
orange_pos_001827_20260510_222133_734.png,60,20,12.871,0
orange_pos_001827_20260510_222133_734.png,80,20,1.205,0
orange_pos_001827_20260510_222133_734.png,100,20,0.621,0
orange_pos_001827_20260510_222133_734.png,120,20,0.621,0
orange_pos_001827_20260510_222133_734.png,140,20,5.309,0
orange_pos_001827_20260510_222133_734.png,0,40,0.929,0
orange_pos_001827_20260510_222133_734.png,20,40,0.974,0
orange_pos_001827_20260510_222133_734.png,40,40,17.485,0
orange_pos_001827_20260510_222133_734.png,60,40,9.882,0
orange_pos_001827_20260510_222133_734.png,80,40,0.621,0
orange_pos_001827_20260510_222133_734.png,100,40,0.621,0
orange_pos_001827_20260510_222133_734.png,120,40,0.621,0
orange_pos_001827_20260510_222133_734.png,140,40,5.571,0
orange_pos_001827_20260510_222133_734.png,0,60,0.883,0
orange_pos_001827_20260510_222133_734.png,20,60,0.633,0
orange_pos_001827_20260510_222133_734.png,40,60,9.868,0
orange_pos_001827_20260510_222133_734.png,60,60,6.281,0
orange_pos_001827_20260510_222133_734.png,80,60,0.621,0
orange_pos_001827_20260510_222133_734.png,100,60,0.621,0
orange_pos_001827_20260510_222133_734.png,120,60,0.773,0
orange_pos_001827_20260510_222133_734.png,140,60,4.573,0
orange_pos_001827_20260510_222133_734.png,0,80,0.916,0
orange_pos_001827_20260510_222133_734.png,20,80,0.689,0
orange_pos_001827_20260510_222133_734.png,40,80,15.248,0
orange_pos_001827_20260510_222133_734.png,60,80,9.126,0
orange_pos_001827_20260510_222133_734.png,80,80,0.621,0
orange_pos_001827_20260510_222133_734.png,100,80,1.055,0
orange_pos_001827_20260510_222133_734.png,120,80,2.149,0
orange_pos_001827_20260510_222133_734.png,140,80,7.711,0
orange_pos_001827_20260510_222133_734.png,0,100,0.902,0
orange_pos_001827_20260510_222133_734.png,20,100,3.037,0
orange_pos_001827_20260510_222133_734.png,40,100,17.747,0
orange_pos_001827_20260510_222133_734.png,60,100,9.778,0
orange_pos_001827_20260510_222133_734.png,80,100,1.900,0
orange_pos_001827_20260510_222133_734.png,100,100,3.716,0
orange_pos_001827_20260510_222133_734.png,120,100,6.530,0
orange_pos_001827_20260510_222133_734.png,140,100,8.615,0
orange_pos_001828_20260510_222137_822.png,0,0,31.178,0
orange_pos_001828_20260510_222137_822.png,20,0,8.077,0
orange_pos_001828_20260510_222137_822.png,40,0,22.988,0
orange_pos_001828_20260510_222137_822.png,60,0,35.691,0
orange_pos_001828_20260510_222137_822.png,80,0,13.814,0
orange_pos_001828_20260510_222137_822.png,100,0,4.857,0
orange_pos_001828_20260510_222137_822.png,120,0,8.419,0
orange_pos_001828_20260510_222137_822.png,140,0,15.264,0
orange_pos_001828_20260510_222137_822.png,0,20,27.223,0
orange_pos_001828_20260510_222137_822.png,20,20,13.588,0
orange_pos_001828_20260510_222137_822.png,40,20,31.078,0
orange_pos_001828_20260510_222137_822.png,60,20,36.334,0
orange_pos_001828_20260510_222137_822.png,80,20,3.691,0
orange_pos_001828_20260510_222137_822.png,100,20,0.621,0
orange_pos_001828_20260510_222137_822.png,120,20,1.033,0
orange_pos_001828_20260510_222137_822.png,140,20,23.917,0
orange_pos_001828_20260510_222137_822.png,0,40,1.554,0
orange_pos_001828_20260510_222137_822.png,20,40,7.449,0
orange_pos_001828_20260510_222137_822.png,40,40,29.364,0
orange_pos_001828_20260510_222137_822.png,60,40,23.040,0
orange_pos_001828_20260510_222137_822.png,80,40,0.621,0
orange_pos_001828_20260510_222137_822.png,100,40,0.621,0
orange_pos_001828_20260510_222137_822.png,120,40,0.621,0
orange_pos_001828_20260510_222137_822.png,140,40,17.401,0
orange_pos_001828_20260510_222137_822.png,0,60,1.568,0
orange_pos_001828_20260510_222137_822.png,20,60,4.549,0
orange_pos_001828_20260510_222137_822.png,40,60,30.268,0
orange_pos_001828_20260510_222137_822.png,60,60,22.335,0
orange_pos_001828_20260510_222137_822.png,80,60,2.274,0
orange_pos_001828_20260510_222137_822.png,100,60,0.621,0
orange_pos_001828_20260510_222137_822.png,120,60,1.738,0
orange_pos_001828_20260510_222137_822.png,140,60,19.684,0
orange_pos_001828_20260510_222137_822.png,0,80,2.789,0
orange_pos_001828_20260510_222137_822.png,20,80,5.529,0
orange_pos_001828_20260510_222137_822.png,40,80,40.441,0
orange_pos_001828_20260510_222137_822.png,60,80,25.094,0
orange_pos_001828_20260510_222137_822.png,80,80,2.630,0
orange_pos_001828_20260510_222137_822.png,100,80,7.232,0
orange_pos_001828_20260510_222137_822.png,120,80,14.527,0
orange_pos_001828_20260510_222137_822.png,140,80,25.189,0
orange_pos_001828_20260510_222137_822.png,0,100,1.352,0
orange_pos_001828_20260510_222137_822.png,20,100,4.952,0
orange_pos_001828_20260510_222137_822.png,40,100,34.592,0
orange_pos_001828_20260510_222137_822.png,60,100,20.837,0
orange_pos_001828_20260510_222137_822.png,80,100,6.611,0
orange_pos_001828_20260510_222137_822.png,100,100,9.505,0
orange_pos_001828_20260510_222137_822.png,120,100,14.921,0
orange_pos_001828_20260510_222137_822.png,140,100,22.482,0
orange_pos_001829_20260510_222138_352.png,0,0,39.008,0
orange_pos_001829_20260510_222138_352.png,20,0,6.087,0
orange_pos_001829_20260510_222138_352.png,40,0,27.908,0
orange_pos_001829_20260510_222138_352.png,60,0,46.782,0
orange_pos_001829_20260510_222138_352.png,80,0,23.960,0
orange_pos_001829_20260510_222138_352.png,100,0,12.409,0
orange_pos_001829_20260510_222138_352.png,120,0,15.359,0
orange_pos_001829_20260510_222138_352.png,140,0,24.962,0
orange_pos_001829_20260510_222138_352.png,0,20,22.780,0
orange_pos_001829_20260510_222138_352.png,20,20,6.446,0
orange_pos_001829_20260510_222138_352.png,40,20,26.370,0
orange_pos_001829_20260510_222138_352.png,60,20,29.777,0
orange_pos_001829_20260510_222138_352.png,80,20,2.695,0
orange_pos_001829_20260510_222138_352.png,100,20,0.621,0
orange_pos_001829_20260510_222138_352.png,120,20,0.623,0
orange_pos_001829_20260510_222138_352.png,140,20,16.599,0
orange_pos_001829_20260510_222138_352.png,0,40,1.973,0
orange_pos_001829_20260510_222138_352.png,20,40,8.194,0
orange_pos_001829_20260510_222138_352.png,40,40,34.348,0
orange_pos_001829_20260510_222138_352.png,60,40,28.842,0
orange_pos_001829_20260510_222138_352.png,80,40,0.863,0
orange_pos_001829_20260510_222138_352.png,100,40,0.621,0
orange_pos_001829_20260510_222138_352.png,120,40,0.621,0
orange_pos_001829_20260510_222138_352.png,140,40,21.788,0
orange_pos_001829_20260510_222138_352.png,0,60,1.941,0
orange_pos_001829_20260510_222138_352.png,20,60,3.504,0
orange_pos_001829_20260510_222138_352.png,40,60,42.082,0
orange_pos_001829_20260510_222138_352.png,60,60,30.650,0
orange_pos_001829_20260510_222138_352.png,80,60,2.879,0
orange_pos_001829_20260510_222138_352.png,100,60,0.621,0
orange_pos_001829_20260510_222138_352.png,120,60,4.326,0
orange_pos_001829_20260510_222138_352.png,140,60,28.461,0
orange_pos_001829_20260510_222138_352.png,0,80,2.821,0
orange_pos_001829_20260510_222138_352.png,20,80,3.562,0
orange_pos_001829_20260510_222138_352.png,40,80,42.613,0
orange_pos_001829_20260510_222138_352.png,60,80,30.764,0
orange_pos_001829_20260510_222138_352.png,80,80,7.642,0
orange_pos_001829_20260510_222138_352.png,100,80,10.998,0
orange_pos_001829_20260510_222138_352.png,120,80,20.370,0
orange_pos_001829_20260510_222138_352.png,140,80,33.019,0
orange_pos_001829_20260510_222138_352.png,0,100,1.376,0
orange_pos_001829_20260510_222138_352.png,20,100,4.452,0
orange_pos_001829_20260510_222138_352.png,40,100,31.853,0
orange_pos_001829_20260510_222138_352.png,60,100,19.812,0
orange_pos_001829_20260510_222138_352.png,80,100,7.855,0
orange_pos_001829_20260510_222138_352.png,100,100,9.684,0
orange_pos_001829_20260510_222138_352.png,120,100,12.965,0
orange_pos_001829_20260510_222138_352.png,140,100,19.070,0
orange_pos_001830_20260510_222139_969.png,0,0,19.885,0
orange_pos_001830_20260510_222139_969.png,20,0,1.445,0
orange_pos_001830_20260510_222139_969.png,40,0,17.703,0
orange_pos_001830_20260510_222139_969.png,60,0,29.245,0
orange_pos_001830_20260510_222139_969.png,80,0,11.765,0
orange_pos_001830_20260510_222139_969.png,100,0,4.135,0
orange_pos_001830_20260510_222139_969.png,120,0,4.773,0
orange_pos_001830_20260510_222139_969.png,140,0,9.610,0
orange_pos_001830_20260510_222139_969.png,0,20,25.157,0
orange_pos_001830_20260510_222139_969.png,20,20,7.371,0
orange_pos_001830_20260510_222139_969.png,40,20,24.824,0
orange_pos_001830_20260510_222139_969.png,60,20,29.581,0
orange_pos_001830_20260510_222139_969.png,80,20,2.558,0
orange_pos_001830_20260510_222139_969.png,100,20,0.621,0
orange_pos_001830_20260510_222139_969.png,120,20,0.717,0
orange_pos_001830_20260510_222139_969.png,140,20,16.952,0
orange_pos_001830_20260510_222139_969.png,0,40,1.186,0
orange_pos_001830_20260510_222139_969.png,20,40,1.640,0
orange_pos_001830_20260510_222139_969.png,40,40,19.383,0
orange_pos_001830_20260510_222139_969.png,60,40,13.532,0
orange_pos_001830_20260510_222139_969.png,80,40,0.621,0
orange_pos_001830_20260510_222139_969.png,100,40,0.621,0
orange_pos_001830_20260510_222139_969.png,120,40,0.621,0
orange_pos_001830_20260510_222139_969.png,140,40,7.925,0
orange_pos_001830_20260510_222139_969.png,0,60,1.458,0
orange_pos_001830_20260510_222139_969.png,20,60,4.129,0
orange_pos_001830_20260510_222139_969.png,40,60,31.982,0
orange_pos_001830_20260510_222139_969.png,60,60,20.769,0
orange_pos_001830_20260510_222139_969.png,80,60,1.288,0
orange_pos_001830_20260510_222139_969.png,100,60,0.622,0
orange_pos_001830_20260510_222139_969.png,120,60,2.711,0
orange_pos_001830_20260510_222139_969.png,140,60,16.410,0
orange_pos_001830_20260510_222139_969.png,0,80,3.196,0
orange_pos_001830_20260510_222139_969.png,20,80,3.773,0
orange_pos_001830_20260510_222139_969.png,40,80,29.102,0
orange_pos_001830_20260510_222139_969.png,60,80,17.332,0
orange_pos_001830_20260510_222139_969.png,80,80,2.042,0
orange_pos_001830_20260510_222139_969.png,100,80,4.344,0
orange_pos_001830_20260510_222139_969.png,120,80,10.276,0
orange_pos_001830_20260510_222139_969.png,140,80,19.490,0
orange_pos_001830_20260510_222139_969.png,0,100,1.284,0
orange_pos_001830_20260510_222139_969.png,20,100,4.507,0
orange_pos_001830_20260510_222139_969.png,40,100,34.191,0
orange_pos_001830_20260510_222139_969.png,60,100,19.345,0
orange_pos_001830_20260510_222139_969.png,80,100,6.499,0
orange_pos_001830_20260510_222139_969.png,100,100,8.376,0
orange_pos_001830_20260510_222139_969.png,120,100,11.923,0
orange_pos_001830_20260510_222139_969.png,140,100,19.533,0
orange_pos_001831_20260510_222142_395.png,0,0,0.703,0
orange_pos_001831_20260510_222142_395.png,20,0,0.621,0
orange_pos_001831_20260510_222142_395.png,40,0,0.621,0
orange_pos_001831_20260510_222142_395.png,60,0,0.621,0
orange_pos_001831_20260510_222142_395.png,80,0,0.621,0
orange_pos_001831_20260510_222142_395.png,100,0,0.621,0
orange_pos_001831_20260510_222142_395.png,120,0,0.621,0
orange_pos_001831_20260510_222142_395.png,140,0,0.621,0
orange_pos_001831_20260510_222142_395.png,0,20,1.047,0
orange_pos_001831_20260510_222142_395.png,20,20,0.621,0
orange_pos_001831_20260510_222142_395.png,40,20,0.621,0
orange_pos_001831_20260510_222142_395.png,60,20,0.621,0
orange_pos_001831_20260510_222142_395.png,80,20,0.621,0
orange_pos_001831_20260510_222142_395.png,100,20,0.621,0
orange_pos_001831_20260510_222142_395.png,120,20,0.621,0
orange_pos_001831_20260510_222142_395.png,140,20,0.621,0
orange_pos_001831_20260510_222142_395.png,0,40,0.621,0
orange_pos_001831_20260510_222142_395.png,20,40,0.621,0
orange_pos_001831_20260510_222142_395.png,40,40,0.621,0
orange_pos_001831_20260510_222142_395.png,60,40,0.621,0
orange_pos_001831_20260510_222142_395.png,80,40,0.621,0
orange_pos_001831_20260510_222142_395.png,100,40,0.621,0
orange_pos_001831_20260510_222142_395.png,120,40,0.621,0
orange_pos_001831_20260510_222142_395.png,140,40,0.621,0
orange_pos_001831_20260510_222142_395.png,0,60,0.621,0
orange_pos_001831_20260510_222142_395.png,20,60,0.621,0
orange_pos_001831_20260510_222142_395.png,40,60,0.621,0
orange_pos_001831_20260510_222142_395.png,60,60,0.621,0
orange_pos_001831_20260510_222142_395.png,80,60,0.621,0
orange_pos_001831_20260510_222142_395.png,100,60,0.621,0
orange_pos_001831_20260510_222142_395.png,120,60,0.621,0
orange_pos_001831_20260510_222142_395.png,140,60,0.621,0
orange_pos_001831_20260510_222142_395.png,0,80,0.621,0
orange_pos_001831_20260510_222142_395.png,20,80,0.621,0
orange_pos_001831_20260510_222142_395.png,40,80,0.621,0
orange_pos_001831_20260510_222142_395.png,60,80,0.621,0
orange_pos_001831_20260510_222142_395.png,80,80,0.621,0
orange_pos_001831_20260510_222142_395.png,100,80,0.621,0
orange_pos_001831_20260510_222142_395.png,120,80,0.621,0
orange_pos_001831_20260510_222142_395.png,140,80,0.621,0
orange_pos_001831_20260510_222142_395.png,0,100,0.621,0
orange_pos_001831_20260510_222142_395.png,20,100,0.621,0
orange_pos_001831_20260510_222142_395.png,40,100,0.621,0
orange_pos_001831_20260510_222142_395.png,60,100,0.621,0
orange_pos_001831_20260510_222142_395.png,80,100,0.621,0
orange_pos_001831_20260510_222142_395.png,100,100,0.621,0
orange_pos_001831_20260510_222142_395.png,120,100,0.621,0
orange_pos_001831_20260510_222142_395.png,140,100,0.621,0
orange_pos_001833_20260510_222142_751.png,0,0,5.309,0
orange_pos_001833_20260510_222142_751.png,20,0,1.637,0
orange_pos_001833_20260510_222142_751.png,40,0,5.424,0
orange_pos_001833_20260510_222142_751.png,60,0,7.292,0
orange_pos_001833_20260510_222142_751.png,80,0,3.144,0
orange_pos_001833_20260510_222142_751.png,100,0,0.694,0
orange_pos_001833_20260510_222142_751.png,120,0,0.973,0
orange_pos_001833_20260510_222142_751.png,140,0,1.680,0
orange_pos_001833_20260510_222142_751.png,0,20,7.017,0
orange_pos_001833_20260510_222142_751.png,20,20,0.621,0
orange_pos_001833_20260510_222142_751.png,40,20,2.380,0
orange_pos_001833_20260510_222142_751.png,60,20,2.843,0
orange_pos_001833_20260510_222142_751.png,80,20,0.621,0
orange_pos_001833_20260510_222142_751.png,100,20,0.621,0
orange_pos_001833_20260510_222142_751.png,120,20,0.621,0
orange_pos_001833_20260510_222142_751.png,140,20,0.731,0
orange_pos_001833_20260510_222142_751.png,0,40,0.656,0
orange_pos_001833_20260510_222142_751.png,20,40,0.752,0
orange_pos_001833_20260510_222142_751.png,40,40,3.065,0
orange_pos_001833_20260510_222142_751.png,60,40,2.331,0
orange_pos_001833_20260510_222142_751.png,80,40,0.621,0
orange_pos_001833_20260510_222142_751.png,100,40,0.621,0
orange_pos_001833_20260510_222142_751.png,120,40,0.621,0
orange_pos_001833_20260510_222142_751.png,140,40,0.735,0
orange_pos_001833_20260510_222142_751.png,0,60,0.635,0
orange_pos_001833_20260510_222142_751.png,20,60,0.621,0
orange_pos_001833_20260510_222142_751.png,40,60,7.750,0
orange_pos_001833_20260510_222142_751.png,60,60,4.363,0
orange_pos_001833_20260510_222142_751.png,80,60,0.621,0
orange_pos_001833_20260510_222142_751.png,100,60,0.621,0
orange_pos_001833_20260510_222142_751.png,120,60,0.621,0
orange_pos_001833_20260510_222142_751.png,140,60,1.274,0
orange_pos_001833_20260510_222142_751.png,0,80,0.726,0
orange_pos_001833_20260510_222142_751.png,20,80,0.621,0
orange_pos_001833_20260510_222142_751.png,40,80,6.353,0
orange_pos_001833_20260510_222142_751.png,60,80,3.356,0
orange_pos_001833_20260510_222142_751.png,80,80,0.621,0
orange_pos_001833_20260510_222142_751.png,100,80,0.626,0
orange_pos_001833_20260510_222142_751.png,120,80,0.627,0
orange_pos_001833_20260510_222142_751.png,140,80,1.497,0
orange_pos_001833_20260510_222142_751.png,0,100,0.693,0
orange_pos_001833_20260510_222142_751.png,20,100,1.119,0
orange_pos_001833_20260510_222142_751.png,40,100,7.579,0
orange_pos_001833_20260510_222142_751.png,60,100,4.284,0
orange_pos_001833_20260510_222142_751.png,80,100,0.622,0
orange_pos_001833_20260510_222142_751.png,100,100,0.947,0
orange_pos_001833_20260510_222142_751.png,120,100,0.699,0
orange_pos_001833_20260510_222142_751.png,140,100,2.071,0
orange_pos_001834_20260510_222144_439.png,0,0,3.643,0
orange_pos_001834_20260510_222144_439.png,20,0,0.621,0
orange_pos_001834_20260510_222144_439.png,40,0,3.169,0
orange_pos_001834_20260510_222144_439.png,60,0,3.709,0
orange_pos_001834_20260510_222144_439.png,80,0,1.401,0
orange_pos_001834_20260510_222144_439.png,100,0,1.073,0
orange_pos_001834_20260510_222144_439.png,120,0,0.654,0
orange_pos_001834_20260510_222144_439.png,140,0,0.622,0
orange_pos_001834_20260510_222144_439.png,0,20,4.060,0
orange_pos_001834_20260510_222144_439.png,20,20,0.621,0
orange_pos_001834_20260510_222144_439.png,40,20,1.757,0
orange_pos_001834_20260510_222144_439.png,60,20,1.277,0
orange_pos_001834_20260510_222144_439.png,80,20,0.621,0
orange_pos_001834_20260510_222144_439.png,100,20,0.621,0
orange_pos_001834_20260510_222144_439.png,120,20,0.621,0
orange_pos_001834_20260510_222144_439.png,140,20,0.621,0
orange_pos_001834_20260510_222144_439.png,0,40,0.621,0
orange_pos_001834_20260510_222144_439.png,20,40,0.621,0
orange_pos_001834_20260510_222144_439.png,40,40,1.973,0
orange_pos_001834_20260510_222144_439.png,60,40,0.984,0
orange_pos_001834_20260510_222144_439.png,80,40,0.621,0
orange_pos_001834_20260510_222144_439.png,100,40,0.621,0
orange_pos_001834_20260510_222144_439.png,120,40,0.621,0
orange_pos_001834_20260510_222144_439.png,140,40,0.621,0
orange_pos_001834_20260510_222144_439.png,0,60,0.655,0
orange_pos_001834_20260510_222144_439.png,20,60,0.621,0
orange_pos_001834_20260510_222144_439.png,40,60,5.978,0
orange_pos_001834_20260510_222144_439.png,60,60,2.712,0
orange_pos_001834_20260510_222144_439.png,80,60,0.621,0
orange_pos_001834_20260510_222144_439.png,100,60,0.621,0
orange_pos_001834_20260510_222144_439.png,120,60,0.621,0
orange_pos_001834_20260510_222144_439.png,140,60,0.750,0
orange_pos_001834_20260510_222144_439.png,0,80,0.629,0
orange_pos_001834_20260510_222144_439.png,20,80,0.621,0
orange_pos_001834_20260510_222144_439.png,40,80,4.174,0
orange_pos_001834_20260510_222144_439.png,60,80,1.989,0
orange_pos_001834_20260510_222144_439.png,80,80,0.621,0
orange_pos_001834_20260510_222144_439.png,100,80,0.621,0
orange_pos_001834_20260510_222144_439.png,120,80,0.621,0
orange_pos_001834_20260510_222144_439.png,140,80,0.666,0
orange_pos_001834_20260510_222144_439.png,0,100,0.621,0
orange_pos_001834_20260510_222144_439.png,20,100,0.660,0
orange_pos_001834_20260510_222144_439.png,40,100,1.983,0
orange_pos_001834_20260510_222144_439.png,60,100,1.034,0
orange_pos_001834_20260510_222144_439.png,80,100,0.621,0
orange_pos_001834_20260510_222144_439.png,100,100,0.621,0
orange_pos_001834_20260510_222144_439.png,120,100,0.621,0
orange_pos_001834_20260510_222144_439.png,140,100,0.709,0
orange_pos_001835_20260510_222144_981.png,0,0,15.903,0
orange_pos_001835_20260510_222144_981.png,20,0,0.621,0
orange_pos_001835_20260510_222144_981.png,40,0,9.831,0
orange_pos_001835_20260510_222144_981.png,60,0,15.574,0
orange_pos_001835_20260510_222144_981.png,80,0,6.661,0
orange_pos_001835_20260510_222144_981.png,100,0,2.994,0
orange_pos_001835_20260510_222144_981.png,120,0,2.939,0
orange_pos_001835_20260510_222144_981.png,140,0,3.937,0
orange_pos_001835_20260510_222144_981.png,0,20,10.446,0
orange_pos_001835_20260510_222144_981.png,20,20,0.621,0
orange_pos_001835_20260510_222144_981.png,40,20,9.960,0
orange_pos_001835_20260510_222144_981.png,60,20,10.704,0
orange_pos_001835_20260510_222144_981.png,80,20,1.012,0
orange_pos_001835_20260510_222144_981.png,100,20,0.621,0
orange_pos_001835_20260510_222144_981.png,120,20,0.621,0
orange_pos_001835_20260510_222144_981.png,140,20,3.426,0
orange_pos_001835_20260510_222144_981.png,0,40,0.963,0
orange_pos_001835_20260510_222144_981.png,20,40,0.621,0
orange_pos_001835_20260510_222144_981.png,40,40,9.996,0
orange_pos_001835_20260510_222144_981.png,60,40,6.438,0
orange_pos_001835_20260510_222144_981.png,80,40,0.621,0
orange_pos_001835_20260510_222144_981.png,100,40,0.621,0
orange_pos_001835_20260510_222144_981.png,120,40,0.621,0
orange_pos_001835_20260510_222144_981.png,140,40,3.731,0
orange_pos_001835_20260510_222144_981.png,0,60,0.967,0
orange_pos_001835_20260510_222144_981.png,20,60,0.621,0
orange_pos_001835_20260510_222144_981.png,40,60,14.943,0
orange_pos_001835_20260510_222144_981.png,60,60,9.262,0
orange_pos_001835_20260510_222144_981.png,80,60,0.654,0
orange_pos_001835_20260510_222144_981.png,100,60,0.621,0
orange_pos_001835_20260510_222144_981.png,120,60,0.948,0
orange_pos_001835_20260510_222144_981.png,140,60,4.470,0
orange_pos_001835_20260510_222144_981.png,0,80,0.893,0
orange_pos_001835_20260510_222144_981.png,20,80,0.785,0
orange_pos_001835_20260510_222144_981.png,40,80,15.268,0
orange_pos_001835_20260510_222144_981.png,60,80,9.579,0
orange_pos_001835_20260510_222144_981.png,80,80,0.654,0
orange_pos_001835_20260510_222144_981.png,100,80,1.515,0
orange_pos_001835_20260510_222144_981.png,120,80,2.624,0
orange_pos_001835_20260510_222144_981.png,140,80,8.590,0
orange_pos_001835_20260510_222144_981.png,0,100,0.917,0
orange_pos_001835_20260510_222144_981.png,20,100,1.806,0
orange_pos_001835_20260510_222144_981.png,40,100,18.114,0
orange_pos_001835_20260510_222144_981.png,60,100,10.478,0
orange_pos_001835_20260510_222144_981.png,80,100,2.507,0
orange_pos_001835_20260510_222144_981.png,100,100,3.448,0
orange_pos_001835_20260510_222144_981.png,120,100,5.035,0
orange_pos_001835_20260510_222144_981.png,140,100,9.536,0
orange_pos_001836_20260510_222146_926.png,0,0,13.237,0
orange_pos_001836_20260510_222146_926.png,20,0,0.622,0
orange_pos_001836_20260510_222146_926.png,40,0,11.111,0
orange_pos_001836_20260510_222146_926.png,60,0,14.232,0
orange_pos_001836_20260510_222146_926.png,80,0,5.199,0
orange_pos_001836_20260510_222146_926.png,100,0,1.097,0
orange_pos_001836_20260510_222146_926.png,120,0,1.127,0
orange_pos_001836_20260510_222146_926.png,140,0,4.810,0
orange_pos_001836_20260510_222146_926.png,0,20,19.281,0
orange_pos_001836_20260510_222146_926.png,20,20,0.672,0
orange_pos_001836_20260510_222146_926.png,40,20,12.442,0
orange_pos_001836_20260510_222146_926.png,60,20,14.406,0
orange_pos_001836_20260510_222146_926.png,80,20,1.750,0
orange_pos_001836_20260510_222146_926.png,100,20,0.621,0
orange_pos_001836_20260510_222146_926.png,120,20,0.621,0
orange_pos_001836_20260510_222146_926.png,140,20,5.310,0
orange_pos_001836_20260510_222146_926.png,0,40,0.814,0
orange_pos_001836_20260510_222146_926.png,20,40,0.621,0
orange_pos_001836_20260510_222146_926.png,40,40,11.678,0
orange_pos_001836_20260510_222146_926.png,60,40,8.679,0
orange_pos_001836_20260510_222146_926.png,80,40,0.621,0
orange_pos_001836_20260510_222146_926.png,100,40,0.621,0
orange_pos_001836_20260510_222146_926.png,120,40,0.621,0
orange_pos_001836_20260510_222146_926.png,140,40,4.624,0
orange_pos_001836_20260510_222146_926.png,0,60,0.861,0
orange_pos_001836_20260510_222146_926.png,20,60,0.621,0
orange_pos_001836_20260510_222146_926.png,40,60,10.338,0
orange_pos_001836_20260510_222146_926.png,60,60,6.583,0
orange_pos_001836_20260510_222146_926.png,80,60,0.621,0
orange_pos_001836_20260510_222146_926.png,100,60,0.621,0
orange_pos_001836_20260510_222146_926.png,120,60,0.629,0
orange_pos_001836_20260510_222146_926.png,140,60,5.178,0
orange_pos_001836_20260510_222146_926.png,0,80,0.796,0
orange_pos_001836_20260510_222146_926.png,20,80,0.625,0
orange_pos_001836_20260510_222146_926.png,40,80,14.694,0
orange_pos_001836_20260510_222146_926.png,60,80,7.533,0
orange_pos_001836_20260510_222146_926.png,80,80,0.621,0
orange_pos_001836_20260510_222146_926.png,100,80,0.991,0
orange_pos_001836_20260510_222146_926.png,120,80,1.872,0
orange_pos_001836_20260510_222146_926.png,140,80,3.860,0
orange_pos_001836_20260510_222146_926.png,0,100,0.728,0
orange_pos_001836_20260510_222146_926.png,20,100,1.887,0
orange_pos_001836_20260510_222146_926.png,40,100,10.342,0
orange_pos_001836_20260510_222146_926.png,60,100,5.535,0
orange_pos_001836_20260510_222146_926.png,80,100,0.676,0
orange_pos_001836_20260510_222146_926.png,100,100,1.132,0
orange_pos_001836_20260510_222146_926.png,120,100,1.914,0
orange_pos_001836_20260510_222146_926.png,140,100,4.004,0
orange_pos_001837_20260510_222147_283.png,0,0,13.237,0
orange_pos_001837_20260510_222147_283.png,20,0,0.622,0
orange_pos_001837_20260510_222147_283.png,40,0,11.111,0
orange_pos_001837_20260510_222147_283.png,60,0,14.232,0
orange_pos_001837_20260510_222147_283.png,80,0,5.199,0
orange_pos_001837_20260510_222147_283.png,100,0,1.097,0
orange_pos_001837_20260510_222147_283.png,120,0,1.127,0
orange_pos_001837_20260510_222147_283.png,140,0,4.810,0
orange_pos_001837_20260510_222147_283.png,0,20,19.281,0
orange_pos_001837_20260510_222147_283.png,20,20,0.672,0
orange_pos_001837_20260510_222147_283.png,40,20,12.442,0
orange_pos_001837_20260510_222147_283.png,60,20,14.406,0
orange_pos_001837_20260510_222147_283.png,80,20,1.750,0
orange_pos_001837_20260510_222147_283.png,100,20,0.621,0
orange_pos_001837_20260510_222147_283.png,120,20,0.621,0
orange_pos_001837_20260510_222147_283.png,140,20,5.310,0
orange_pos_001837_20260510_222147_283.png,0,40,0.814,0
orange_pos_001837_20260510_222147_283.png,20,40,0.621,0
orange_pos_001837_20260510_222147_283.png,40,40,11.678,0
orange_pos_001837_20260510_222147_283.png,60,40,8.679,0
orange_pos_001837_20260510_222147_283.png,80,40,0.621,0
orange_pos_001837_20260510_222147_283.png,100,40,0.621,0
orange_pos_001837_20260510_222147_283.png,120,40,0.621,0
orange_pos_001837_20260510_222147_283.png,140,40,4.624,0
orange_pos_001837_20260510_222147_283.png,0,60,0.861,0
orange_pos_001837_20260510_222147_283.png,20,60,0.621,0
orange_pos_001837_20260510_222147_283.png,40,60,10.338,0
orange_pos_001837_20260510_222147_283.png,60,60,6.583,0
orange_pos_001837_20260510_222147_283.png,80,60,0.621,0
orange_pos_001837_20260510_222147_283.png,100,60,0.621,0
orange_pos_001837_20260510_222147_283.png,120,60,0.629,0
orange_pos_001837_20260510_222147_283.png,140,60,5.178,0
orange_pos_001837_20260510_222147_283.png,0,80,0.796,0
orange_pos_001837_20260510_222147_283.png,20,80,0.625,0
orange_pos_001837_20260510_222147_283.png,40,80,14.694,0
orange_pos_001837_20260510_222147_283.png,60,80,7.533,0
orange_pos_001837_20260510_222147_283.png,80,80,0.621,0
orange_pos_001837_20260510_222147_283.png,100,80,0.991,0
orange_pos_001837_20260510_222147_283.png,120,80,1.872,0
orange_pos_001837_20260510_222147_283.png,140,80,3.860,0
orange_pos_001837_20260510_222147_283.png,0,100,0.728,0
orange_pos_001837_20260510_222147_283.png,20,100,1.887,0
orange_pos_001837_20260510_222147_283.png,40,100,10.342,0
orange_pos_001837_20260510_222147_283.png,60,100,5.535,0
orange_pos_001837_20260510_222147_283.png,80,100,0.676,0
orange_pos_001837_20260510_222147_283.png,100,100,1.132,0
orange_pos_001837_20260510_222147_283.png,120,100,1.914,0
orange_pos_001837_20260510_222147_283.png,140,100,4.004,0
orange_pos_001838_20260510_222151_756.png,0,0,16.681,0
orange_pos_001838_20260510_222151_756.png,20,0,3.297,0
orange_pos_001838_20260510_222151_756.png,40,0,12.435,0
orange_pos_001838_20260510_222151_756.png,60,0,22.031,0
orange_pos_001838_20260510_222151_756.png,80,0,9.688,0
orange_pos_001838_20260510_222151_756.png,100,0,4.587,0
orange_pos_001838_20260510_222151_756.png,120,0,4.928,0
orange_pos_001838_20260510_222151_756.png,140,0,10.327,0
orange_pos_001838_20260510_222151_756.png,0,20,13.133,0
orange_pos_001838_20260510_222151_756.png,20,20,2.975,0
orange_pos_001838_20260510_222151_756.png,40,20,16.790,0
orange_pos_001838_20260510_222151_756.png,60,20,19.042,0
orange_pos_001838_20260510_222151_756.png,80,20,1.605,0
orange_pos_001838_20260510_222151_756.png,100,20,0.621,0
orange_pos_001838_20260510_222151_756.png,120,20,0.672,0
orange_pos_001838_20260510_222151_756.png,140,20,9.144,0
orange_pos_001838_20260510_222151_756.png,0,40,1.020,0
orange_pos_001838_20260510_222151_756.png,20,40,1.120,0
orange_pos_001838_20260510_222151_756.png,40,40,20.474,0
orange_pos_001838_20260510_222151_756.png,60,40,13.113,0
orange_pos_001838_20260510_222151_756.png,80,40,0.621,0
orange_pos_001838_20260510_222151_756.png,100,40,0.621,0
orange_pos_001838_20260510_222151_756.png,120,40,0.622,0
orange_pos_001838_20260510_222151_756.png,140,40,5.891,0
orange_pos_001838_20260510_222151_756.png,0,60,1.143,0
orange_pos_001838_20260510_222151_756.png,20,60,0.770,0
orange_pos_001838_20260510_222151_756.png,40,60,19.574,0
orange_pos_001838_20260510_222151_756.png,60,60,13.631,0
orange_pos_001838_20260510_222151_756.png,80,60,0.786,0
orange_pos_001838_20260510_222151_756.png,100,60,0.621,0
orange_pos_001838_20260510_222151_756.png,120,60,0.656,0
orange_pos_001838_20260510_222151_756.png,140,60,8.087,0
orange_pos_001838_20260510_222151_756.png,0,80,0.923,0
orange_pos_001838_20260510_222151_756.png,20,80,1.176,0
orange_pos_001838_20260510_222151_756.png,40,80,21.913,0
orange_pos_001838_20260510_222151_756.png,60,80,12.086,0
orange_pos_001838_20260510_222151_756.png,80,80,0.765,0
orange_pos_001838_20260510_222151_756.png,100,80,1.376,0
orange_pos_001838_20260510_222151_756.png,120,80,4.647,0
orange_pos_001838_20260510_222151_756.png,140,80,9.256,0
orange_pos_001838_20260510_222151_756.png,0,100,1.157,0
orange_pos_001838_20260510_222151_756.png,20,100,3.299,0
orange_pos_001838_20260510_222151_756.png,40,100,19.136,0
orange_pos_001838_20260510_222151_756.png,60,100,11.995,0
orange_pos_001838_20260510_222151_756.png,80,100,4.206,0
orange_pos_001838_20260510_222151_756.png,100,100,5.959,0
orange_pos_001838_20260510_222151_756.png,120,100,8.692,0
orange_pos_001838_20260510_222151_756.png,140,100,12.080,0
orange_pos_001839_20260510_222153_462.png,0,0,2.892,0
orange_pos_001839_20260510_222153_462.png,20,0,0.621,0
orange_pos_001839_20260510_222153_462.png,40,0,1.632,0
orange_pos_001839_20260510_222153_462.png,60,0,1.493,0
orange_pos_001839_20260510_222153_462.png,80,0,0.648,0
orange_pos_001839_20260510_222153_462.png,100,0,0.621,0
orange_pos_001839_20260510_222153_462.png,120,0,0.621,0
orange_pos_001839_20260510_222153_462.png,140,0,0.621,0
orange_pos_001839_20260510_222153_462.png,0,20,0.621,0
orange_pos_001839_20260510_222153_462.png,20,20,0.621,0
orange_pos_001839_20260510_222153_462.png,40,20,1.522,0
orange_pos_001839_20260510_222153_462.png,60,20,1.338,0
orange_pos_001839_20260510_222153_462.png,80,20,0.654,0
orange_pos_001839_20260510_222153_462.png,100,20,0.621,0
orange_pos_001839_20260510_222153_462.png,120,20,0.621,0
orange_pos_001839_20260510_222153_462.png,140,20,0.621,0
orange_pos_001839_20260510_222153_462.png,0,40,0.621,0
orange_pos_001839_20260510_222153_462.png,20,40,0.621,0
orange_pos_001839_20260510_222153_462.png,40,40,0.988,0
orange_pos_001839_20260510_222153_462.png,60,40,0.766,0
orange_pos_001839_20260510_222153_462.png,80,40,0.621,0
orange_pos_001839_20260510_222153_462.png,100,40,0.621,0
orange_pos_001839_20260510_222153_462.png,120,40,0.621,0
orange_pos_001839_20260510_222153_462.png,140,40,0.621,0
orange_pos_001839_20260510_222153_462.png,0,60,0.621,0
orange_pos_001839_20260510_222153_462.png,20,60,0.621,0
orange_pos_001839_20260510_222153_462.png,40,60,1.579,0
orange_pos_001839_20260510_222153_462.png,60,60,0.824,0
orange_pos_001839_20260510_222153_462.png,80,60,0.621,0
orange_pos_001839_20260510_222153_462.png,100,60,0.621,0
orange_pos_001839_20260510_222153_462.png,120,60,0.621,0
orange_pos_001839_20260510_222153_462.png,140,60,0.627,0
orange_pos_001839_20260510_222153_462.png,0,80,0.624,0
orange_pos_001839_20260510_222153_462.png,20,80,0.621,0
orange_pos_001839_20260510_222153_462.png,40,80,0.760,0
orange_pos_001839_20260510_222153_462.png,60,80,0.621,0
orange_pos_001839_20260510_222153_462.png,80,80,0.621,0
orange_pos_001839_20260510_222153_462.png,100,80,0.621,0
orange_pos_001839_20260510_222153_462.png,120,80,0.621,0
orange_pos_001839_20260510_222153_462.png,140,80,0.621,0
orange_pos_001839_20260510_222153_462.png,0,100,0.621,0
orange_pos_001839_20260510_222153_462.png,20,100,0.621,0
orange_pos_001839_20260510_222153_462.png,40,100,0.794,0
orange_pos_001839_20260510_222153_462.png,60,100,0.697,0
orange_pos_001839_20260510_222153_462.png,80,100,0.621,0
orange_pos_001839_20260510_222153_462.png,100,100,0.621,0
orange_pos_001839_20260510_222153_462.png,120,100,0.621,0
orange_pos_001839_20260510_222153_462.png,140,100,0.621,0
orange_pos_001840_20260510_222153_777.png,0,0,44.947,0
orange_pos_001840_20260510_222153_777.png,20,0,10.932,0
orange_pos_001840_20260510_222153_777.png,40,0,33.976,0
orange_pos_001840_20260510_222153_777.png,60,0,55.530,0
orange_pos_001840_20260510_222153_777.png,80,0,30.626,0
orange_pos_001840_20260510_222153_777.png,100,0,19.369,0
orange_pos_001840_20260510_222153_777.png,120,0,21.236,0
orange_pos_001840_20260510_222153_777.png,140,0,34.138,0
orange_pos_001840_20260510_222153_777.png,0,20,32.966,0
orange_pos_001840_20260510_222153_777.png,20,20,10.107,0
orange_pos_001840_20260510_222153_777.png,40,20,32.880,0
orange_pos_001840_20260510_222153_777.png,60,20,36.324,0
orange_pos_001840_20260510_222153_777.png,80,20,3.914,0
orange_pos_001840_20260510_222153_777.png,100,20,0.621,0
orange_pos_001840_20260510_222153_777.png,120,20,1.166,0
orange_pos_001840_20260510_222153_777.png,140,20,23.691,0
orange_pos_001840_20260510_222153_777.png,0,40,1.599,0
orange_pos_001840_20260510_222153_777.png,20,40,12.493,0
orange_pos_001840_20260510_222153_777.png,40,40,37.229,0
orange_pos_001840_20260510_222153_777.png,60,40,29.674,0
orange_pos_001840_20260510_222153_777.png,80,40,0.771,0
orange_pos_001840_20260510_222153_777.png,100,40,0.621,0
orange_pos_001840_20260510_222153_777.png,120,40,0.621,0
orange_pos_001840_20260510_222153_777.png,140,40,22.989,0
orange_pos_001840_20260510_222153_777.png,0,60,2.143,0
orange_pos_001840_20260510_222153_777.png,20,60,6.937,0
orange_pos_001840_20260510_222153_777.png,40,60,44.043,0
orange_pos_001840_20260510_222153_777.png,60,60,31.381,0
orange_pos_001840_20260510_222153_777.png,80,60,2.863,0
orange_pos_001840_20260510_222153_777.png,100,60,0.645,0
orange_pos_001840_20260510_222153_777.png,120,60,4.278,0
orange_pos_001840_20260510_222153_777.png,140,60,29.462,0
orange_pos_001840_20260510_222153_777.png,0,80,4.002,0
orange_pos_001840_20260510_222153_777.png,20,80,6.383,0
orange_pos_001840_20260510_222153_777.png,40,80,50.564,0
orange_pos_001840_20260510_222153_777.png,60,80,32.126,0
orange_pos_001840_20260510_222153_777.png,80,80,5.473,0
orange_pos_001840_20260510_222153_777.png,100,80,9.471,0
orange_pos_001840_20260510_222153_777.png,120,80,21.298,0
orange_pos_001840_20260510_222153_777.png,140,80,37.206,0
orange_pos_001840_20260510_222153_777.png,0,100,2.113,0
orange_pos_001840_20260510_222153_777.png,20,100,8.640,0
orange_pos_001840_20260510_222153_777.png,40,100,54.063,0
orange_pos_001840_20260510_222153_777.png,60,100,37.360,0
orange_pos_001840_20260510_222153_777.png,80,100,18.990,0
orange_pos_001840_20260510_222153_777.png,100,100,24.141,0
orange_pos_001840_20260510_222153_777.png,120,100,33.076,0
orange_pos_001840_20260510_222153_777.png,140,100,43.365,0
orange_pos_001841_20260510_222155_910.png,0,0,2.972,0
orange_pos_001841_20260510_222155_910.png,20,0,0.621,0
orange_pos_001841_20260510_222155_910.png,40,0,2.069,0
orange_pos_001841_20260510_222155_910.png,60,0,1.355,0
orange_pos_001841_20260510_222155_910.png,80,0,0.648,0
orange_pos_001841_20260510_222155_910.png,100,0,0.621,0
orange_pos_001841_20260510_222155_910.png,120,0,0.621,0
orange_pos_001841_20260510_222155_910.png,140,0,0.621,0
orange_pos_001841_20260510_222155_910.png,0,20,9.292,0
orange_pos_001841_20260510_222155_910.png,20,20,0.621,0
orange_pos_001841_20260510_222155_910.png,40,20,2.113,0
orange_pos_001841_20260510_222155_910.png,60,20,1.603,0
orange_pos_001841_20260510_222155_910.png,80,20,0.621,0
orange_pos_001841_20260510_222155_910.png,100,20,0.621,0
orange_pos_001841_20260510_222155_910.png,120,20,0.621,0
orange_pos_001841_20260510_222155_910.png,140,20,0.642,0
orange_pos_001841_20260510_222155_910.png,0,40,0.621,0
orange_pos_001841_20260510_222155_910.png,20,40,0.621,0
orange_pos_001841_20260510_222155_910.png,40,40,1.806,0
orange_pos_001841_20260510_222155_910.png,60,40,1.505,0
orange_pos_001841_20260510_222155_910.png,80,40,0.621,0
orange_pos_001841_20260510_222155_910.png,100,40,0.621,0
orange_pos_001841_20260510_222155_910.png,120,40,0.621,0
orange_pos_001841_20260510_222155_910.png,140,40,0.685,0
orange_pos_001841_20260510_222155_910.png,0,60,0.629,0
orange_pos_001841_20260510_222155_910.png,20,60,0.621,0
orange_pos_001841_20260510_222155_910.png,40,60,4.634,0
orange_pos_001841_20260510_222155_910.png,60,60,1.888,0
orange_pos_001841_20260510_222155_910.png,80,60,0.621,0
orange_pos_001841_20260510_222155_910.png,100,60,0.621,0
orange_pos_001841_20260510_222155_910.png,120,60,0.621,0
orange_pos_001841_20260510_222155_910.png,140,60,0.621,0
orange_pos_001841_20260510_222155_910.png,0,80,0.625,0
orange_pos_001841_20260510_222155_910.png,20,80,0.621,0
orange_pos_001841_20260510_222155_910.png,40,80,2.031,0
orange_pos_001841_20260510_222155_910.png,60,80,0.904,0
orange_pos_001841_20260510_222155_910.png,80,80,0.621,0
orange_pos_001841_20260510_222155_910.png,100,80,0.621,0
orange_pos_001841_20260510_222155_910.png,120,80,0.621,0
orange_pos_001841_20260510_222155_910.png,140,80,0.621,0
orange_pos_001841_20260510_222155_910.png,0,100,0.621,0
orange_pos_001841_20260510_222155_910.png,20,100,0.848,0
orange_pos_001841_20260510_222155_910.png,40,100,1.362,0
orange_pos_001841_20260510_222155_910.png,60,100,0.674,0
orange_pos_001841_20260510_222155_910.png,80,100,0.621,0
orange_pos_001841_20260510_222155_910.png,100,100,0.621,0
orange_pos_001841_20260510_222155_910.png,120,100,0.621,0
orange_pos_001841_20260510_222155_910.png,140,100,0.621,0
orange_pos_001842_20260510_222200_318.png,0,0,22.064,0
orange_pos_001842_20260510_222200_318.png,20,0,6.811,0
orange_pos_001842_20260510_222200_318.png,40,0,18.918,0
orange_pos_001842_20260510_222200_318.png,60,0,31.356,0
orange_pos_001842_20260510_222200_318.png,80,0,11.152,0
orange_pos_001842_20260510_222200_318.png,100,0,5.772,0
orange_pos_001842_20260510_222200_318.png,120,0,5.425,0
orange_pos_001842_20260510_222200_318.png,140,0,12.433,0
orange_pos_001842_20260510_222200_318.png,0,20,14.003,0
orange_pos_001842_20260510_222200_318.png,20,20,1.150,0
orange_pos_001842_20260510_222200_318.png,40,20,11.953,0
orange_pos_001842_20260510_222200_318.png,60,20,12.875,0
orange_pos_001842_20260510_222200_318.png,80,20,1.202,0
orange_pos_001842_20260510_222200_318.png,100,20,0.621,0
orange_pos_001842_20260510_222200_318.png,120,20,0.621,0
orange_pos_001842_20260510_222200_318.png,140,20,5.319,0
orange_pos_001842_20260510_222200_318.png,0,40,1.169,0
orange_pos_001842_20260510_222200_318.png,20,40,1.733,0
orange_pos_001842_20260510_222200_318.png,40,40,16.834,0
orange_pos_001842_20260510_222200_318.png,60,40,11.511,0
orange_pos_001842_20260510_222200_318.png,80,40,0.621,0
orange_pos_001842_20260510_222200_318.png,100,40,0.621,0
orange_pos_001842_20260510_222200_318.png,120,40,0.621,0
orange_pos_001842_20260510_222200_318.png,140,40,6.329,0
orange_pos_001842_20260510_222200_318.png,0,60,1.089,0
orange_pos_001842_20260510_222200_318.png,20,60,1.863,0
orange_pos_001842_20260510_222200_318.png,40,60,23.204,0
orange_pos_001842_20260510_222200_318.png,60,60,14.554,0
orange_pos_001842_20260510_222200_318.png,80,60,0.665,0
orange_pos_001842_20260510_222200_318.png,100,60,0.621,0
orange_pos_001842_20260510_222200_318.png,120,60,0.997,0
orange_pos_001842_20260510_222200_318.png,140,60,10.250,0
orange_pos_001842_20260510_222200_318.png,0,80,1.046,0
orange_pos_001842_20260510_222200_318.png,20,80,2.689,0
orange_pos_001842_20260510_222200_318.png,40,80,19.706,0
orange_pos_001842_20260510_222200_318.png,60,80,10.929,0
orange_pos_001842_20260510_222200_318.png,80,80,0.622,0
orange_pos_001842_20260510_222200_318.png,100,80,1.800,0
orange_pos_001842_20260510_222200_318.png,120,80,4.166,0
orange_pos_001842_20260510_222200_318.png,140,80,8.524,0
orange_pos_001842_20260510_222200_318.png,0,100,1.289,0
orange_pos_001842_20260510_222200_318.png,20,100,3.114,0
orange_pos_001842_20260510_222200_318.png,40,100,26.706,0
orange_pos_001842_20260510_222200_318.png,60,100,16.416,0
orange_pos_001842_20260510_222200_318.png,80,100,4.732,0
orange_pos_001842_20260510_222200_318.png,100,100,6.950,0
orange_pos_001842_20260510_222200_318.png,120,100,11.698,0
orange_pos_001842_20260510_222200_318.png,140,100,16.142,0
orange_pos_001843_20260510_222202_586.png,0,0,23.545,0
orange_pos_001843_20260510_222202_586.png,20,0,1.271,0
orange_pos_001843_20260510_222202_586.png,40,0,12.957,0
orange_pos_001843_20260510_222202_586.png,60,0,19.129,0
orange_pos_001843_20260510_222202_586.png,80,0,9.019,0
orange_pos_001843_20260510_222202_586.png,100,0,6.206,0
orange_pos_001843_20260510_222202_586.png,120,0,4.971,0
orange_pos_001843_20260510_222202_586.png,140,0,6.798,0
orange_pos_001843_20260510_222202_586.png,0,20,18.183,0
orange_pos_001843_20260510_222202_586.png,20,20,0.621,0
orange_pos_001843_20260510_222202_586.png,40,20,9.656,0
orange_pos_001843_20260510_222202_586.png,60,20,11.539,0
orange_pos_001843_20260510_222202_586.png,80,20,1.216,0
orange_pos_001843_20260510_222202_586.png,100,20,0.621,0
orange_pos_001843_20260510_222202_586.png,120,20,0.630,0
orange_pos_001843_20260510_222202_586.png,140,20,5.417,0
orange_pos_001843_20260510_222202_586.png,0,40,1.060,0
orange_pos_001843_20260510_222202_586.png,20,40,0.674,0
orange_pos_001843_20260510_222202_586.png,40,40,19.449,0
orange_pos_001843_20260510_222202_586.png,60,40,13.559,0
orange_pos_001843_20260510_222202_586.png,80,40,0.621,0
orange_pos_001843_20260510_222202_586.png,100,40,0.621,0
orange_pos_001843_20260510_222202_586.png,120,40,0.621,0
orange_pos_001843_20260510_222202_586.png,140,40,6.869,0
orange_pos_001843_20260510_222202_586.png,0,60,0.756,0
orange_pos_001843_20260510_222202_586.png,20,60,0.621,0
orange_pos_001843_20260510_222202_586.png,40,60,11.679,0
orange_pos_001843_20260510_222202_586.png,60,60,7.001,0
orange_pos_001843_20260510_222202_586.png,80,60,0.621,0
orange_pos_001843_20260510_222202_586.png,100,60,0.621,0
orange_pos_001843_20260510_222202_586.png,120,60,0.621,0
orange_pos_001843_20260510_222202_586.png,140,60,4.661,0
orange_pos_001843_20260510_222202_586.png,0,80,0.825,0
orange_pos_001843_20260510_222202_586.png,20,80,0.640,0
orange_pos_001843_20260510_222202_586.png,40,80,17.492,0
orange_pos_001843_20260510_222202_586.png,60,80,10.530,0
orange_pos_001843_20260510_222202_586.png,80,80,0.621,0
orange_pos_001843_20260510_222202_586.png,100,80,1.218,0
orange_pos_001843_20260510_222202_586.png,120,80,2.713,0
orange_pos_001843_20260510_222202_586.png,140,80,5.994,0
orange_pos_001843_20260510_222202_586.png,0,100,0.831,0
orange_pos_001843_20260510_222202_586.png,20,100,1.726,0
orange_pos_001843_20260510_222202_586.png,40,100,11.142,0
orange_pos_001843_20260510_222202_586.png,60,100,7.266,0
orange_pos_001843_20260510_222202_586.png,80,100,1.795,0
orange_pos_001843_20260510_222202_586.png,100,100,2.933,0
orange_pos_001843_20260510_222202_586.png,120,100,3.396,0
orange_pos_001843_20260510_222202_586.png,140,100,6.918,0
orange_pos_001844_20260510_222202_944.png,0,0,23.545,0
orange_pos_001844_20260510_222202_944.png,20,0,1.271,0
orange_pos_001844_20260510_222202_944.png,40,0,12.957,0
orange_pos_001844_20260510_222202_944.png,60,0,19.129,0
orange_pos_001844_20260510_222202_944.png,80,0,9.019,0
orange_pos_001844_20260510_222202_944.png,100,0,6.206,0
orange_pos_001844_20260510_222202_944.png,120,0,4.971,0
orange_pos_001844_20260510_222202_944.png,140,0,6.798,0
orange_pos_001844_20260510_222202_944.png,0,20,18.183,0
orange_pos_001844_20260510_222202_944.png,20,20,0.621,0
orange_pos_001844_20260510_222202_944.png,40,20,9.656,0
orange_pos_001844_20260510_222202_944.png,60,20,11.539,0
orange_pos_001844_20260510_222202_944.png,80,20,1.216,0
orange_pos_001844_20260510_222202_944.png,100,20,0.621,0
orange_pos_001844_20260510_222202_944.png,120,20,0.630,0
orange_pos_001844_20260510_222202_944.png,140,20,5.417,0
orange_pos_001844_20260510_222202_944.png,0,40,1.060,0
orange_pos_001844_20260510_222202_944.png,20,40,0.674,0
orange_pos_001844_20260510_222202_944.png,40,40,19.449,0
orange_pos_001844_20260510_222202_944.png,60,40,13.559,0
orange_pos_001844_20260510_222202_944.png,80,40,0.621,0
orange_pos_001844_20260510_222202_944.png,100,40,0.621,0
orange_pos_001844_20260510_222202_944.png,120,40,0.621,0
orange_pos_001844_20260510_222202_944.png,140,40,6.869,0
orange_pos_001844_20260510_222202_944.png,0,60,0.756,0
orange_pos_001844_20260510_222202_944.png,20,60,0.621,0
orange_pos_001844_20260510_222202_944.png,40,60,11.679,0
orange_pos_001844_20260510_222202_944.png,60,60,7.001,0
orange_pos_001844_20260510_222202_944.png,80,60,0.621,0
orange_pos_001844_20260510_222202_944.png,100,60,0.621,0
orange_pos_001844_20260510_222202_944.png,120,60,0.621,0
orange_pos_001844_20260510_222202_944.png,140,60,4.661,0
orange_pos_001844_20260510_222202_944.png,0,80,0.825,0
orange_pos_001844_20260510_222202_944.png,20,80,0.640,0
orange_pos_001844_20260510_222202_944.png,40,80,17.492,0
orange_pos_001844_20260510_222202_944.png,60,80,10.530,0
orange_pos_001844_20260510_222202_944.png,80,80,0.621,0
orange_pos_001844_20260510_222202_944.png,100,80,1.218,0
orange_pos_001844_20260510_222202_944.png,120,80,2.713,0
orange_pos_001844_20260510_222202_944.png,140,80,5.994,0
orange_pos_001844_20260510_222202_944.png,0,100,0.831,0
orange_pos_001844_20260510_222202_944.png,20,100,1.726,0
orange_pos_001844_20260510_222202_944.png,40,100,11.142,0
orange_pos_001844_20260510_222202_944.png,60,100,7.266,0
orange_pos_001844_20260510_222202_944.png,80,100,1.795,0
orange_pos_001844_20260510_222202_944.png,100,100,2.933,0
orange_pos_001844_20260510_222202_944.png,120,100,3.396,0
orange_pos_001844_20260510_222202_944.png,140,100,6.918,0
orange_pos_001845_20260510_222204_837.png,0,0,16.854,0
orange_pos_001845_20260510_222204_837.png,20,0,3.540,0
orange_pos_001845_20260510_222204_837.png,40,0,15.282,0
orange_pos_001845_20260510_222204_837.png,60,0,24.379,0
orange_pos_001845_20260510_222204_837.png,80,0,8.489,0
orange_pos_001845_20260510_222204_837.png,100,0,4.069,0
orange_pos_001845_20260510_222204_837.png,120,0,3.902,0
orange_pos_001845_20260510_222204_837.png,140,0,8.032,0
orange_pos_001845_20260510_222204_837.png,0,20,9.891,0
orange_pos_001845_20260510_222204_837.png,20,20,2.652,0
orange_pos_001845_20260510_222204_837.png,40,20,14.665,0
orange_pos_001845_20260510_222204_837.png,60,20,16.000,0
orange_pos_001845_20260510_222204_837.png,80,20,0.986,0
orange_pos_001845_20260510_222204_837.png,100,20,0.621,0
orange_pos_001845_20260510_222204_837.png,120,20,0.621,0
orange_pos_001845_20260510_222204_837.png,140,20,6.161,0
orange_pos_001845_20260510_222204_837.png,0,40,0.747,0
orange_pos_001845_20260510_222204_837.png,20,40,0.859,0
orange_pos_001845_20260510_222204_837.png,40,40,11.136,0
orange_pos_001845_20260510_222204_837.png,60,40,7.119,0
orange_pos_001845_20260510_222204_837.png,80,40,0.621,0
orange_pos_001845_20260510_222204_837.png,100,40,0.621,0
orange_pos_001845_20260510_222204_837.png,120,40,0.621,0
orange_pos_001845_20260510_222204_837.png,140,40,3.141,0
orange_pos_001845_20260510_222204_837.png,0,60,1.075,0
orange_pos_001845_20260510_222204_837.png,20,60,0.651,0
orange_pos_001845_20260510_222204_837.png,40,60,16.765,0
orange_pos_001845_20260510_222204_837.png,60,60,10.484,0
orange_pos_001845_20260510_222204_837.png,80,60,0.621,0
orange_pos_001845_20260510_222204_837.png,100,60,0.621,0
orange_pos_001845_20260510_222204_837.png,120,60,0.640,0
orange_pos_001845_20260510_222204_837.png,140,60,6.181,0
orange_pos_001845_20260510_222204_837.png,0,80,0.894,0
orange_pos_001845_20260510_222204_837.png,20,80,0.765,0
orange_pos_001845_20260510_222204_837.png,40,80,23.903,0
orange_pos_001845_20260510_222204_837.png,60,80,13.651,0
orange_pos_001845_20260510_222204_837.png,80,80,0.815,0
orange_pos_001845_20260510_222204_837.png,100,80,1.340,0
orange_pos_001845_20260510_222204_837.png,120,80,4.446,0
orange_pos_001845_20260510_222204_837.png,140,80,10.872,0
orange_pos_001845_20260510_222204_837.png,0,100,0.754,0
orange_pos_001845_20260510_222204_837.png,20,100,2.120,0
orange_pos_001845_20260510_222204_837.png,40,100,14.250,0
orange_pos_001845_20260510_222204_837.png,60,100,7.980,0
orange_pos_001845_20260510_222204_837.png,80,100,1.445,0
orange_pos_001845_20260510_222204_837.png,100,100,3.406,0
orange_pos_001845_20260510_222204_837.png,120,100,5.471,0
orange_pos_001845_20260510_222204_837.png,140,100,6.407,0
orange_pos_001846_20260510_222205_226.png,0,0,16.854,0
orange_pos_001846_20260510_222205_226.png,20,0,3.540,0
orange_pos_001846_20260510_222205_226.png,40,0,15.282,0
orange_pos_001846_20260510_222205_226.png,60,0,24.379,0
orange_pos_001846_20260510_222205_226.png,80,0,8.489,0
orange_pos_001846_20260510_222205_226.png,100,0,4.069,0
orange_pos_001846_20260510_222205_226.png,120,0,3.902,0
orange_pos_001846_20260510_222205_226.png,140,0,8.032,0
orange_pos_001846_20260510_222205_226.png,0,20,9.891,0
orange_pos_001846_20260510_222205_226.png,20,20,2.652,0
orange_pos_001846_20260510_222205_226.png,40,20,14.665,0
orange_pos_001846_20260510_222205_226.png,60,20,16.000,0
orange_pos_001846_20260510_222205_226.png,80,20,0.986,0
orange_pos_001846_20260510_222205_226.png,100,20,0.621,0
orange_pos_001846_20260510_222205_226.png,120,20,0.621,0
orange_pos_001846_20260510_222205_226.png,140,20,6.161,0
orange_pos_001846_20260510_222205_226.png,0,40,0.747,0
orange_pos_001846_20260510_222205_226.png,20,40,0.859,0
orange_pos_001846_20260510_222205_226.png,40,40,11.136,0
orange_pos_001846_20260510_222205_226.png,60,40,7.119,0
orange_pos_001846_20260510_222205_226.png,80,40,0.621,0
orange_pos_001846_20260510_222205_226.png,100,40,0.621,0
orange_pos_001846_20260510_222205_226.png,120,40,0.621,0
orange_pos_001846_20260510_222205_226.png,140,40,3.141,0
orange_pos_001846_20260510_222205_226.png,0,60,1.075,0
orange_pos_001846_20260510_222205_226.png,20,60,0.651,0
orange_pos_001846_20260510_222205_226.png,40,60,16.765,0
orange_pos_001846_20260510_222205_226.png,60,60,10.484,0
orange_pos_001846_20260510_222205_226.png,80,60,0.621,0
orange_pos_001846_20260510_222205_226.png,100,60,0.621,0
orange_pos_001846_20260510_222205_226.png,120,60,0.640,0
orange_pos_001846_20260510_222205_226.png,140,60,6.181,0
orange_pos_001846_20260510_222205_226.png,0,80,0.894,0
orange_pos_001846_20260510_222205_226.png,20,80,0.765,0
orange_pos_001846_20260510_222205_226.png,40,80,23.903,0
orange_pos_001846_20260510_222205_226.png,60,80,13.651,0
orange_pos_001846_20260510_222205_226.png,80,80,0.815,0
orange_pos_001846_20260510_222205_226.png,100,80,1.340,0
orange_pos_001846_20260510_222205_226.png,120,80,4.446,0
orange_pos_001846_20260510_222205_226.png,140,80,10.872,0
orange_pos_001846_20260510_222205_226.png,0,100,0.754,0
orange_pos_001846_20260510_222205_226.png,20,100,2.120,0
orange_pos_001846_20260510_222205_226.png,40,100,14.250,0
orange_pos_001846_20260510_222205_226.png,60,100,7.980,0
orange_pos_001846_20260510_222205_226.png,80,100,1.445,0
orange_pos_001846_20260510_222205_226.png,100,100,3.406,0
orange_pos_001846_20260510_222205_226.png,120,100,5.471,0
orange_pos_001846_20260510_222205_226.png,140,100,6.407,0
orange_pos_001847_20260510_222206_892.png,0,0,47.953,0
orange_pos_001847_20260510_222206_892.png,20,0,6.146,0
orange_pos_001847_20260510_222206_892.png,40,0,34.109,0
orange_pos_001847_20260510_222206_892.png,60,0,56.222,0
orange_pos_001847_20260510_222206_892.png,80,0,28.654,0
orange_pos_001847_20260510_222206_892.png,100,0,18.862,0
orange_pos_001847_20260510_222206_892.png,120,0,21.629,0
orange_pos_001847_20260510_222206_892.png,140,0,30.566,0
orange_pos_001847_20260510_222206_892.png,0,20,36.656,0
orange_pos_001847_20260510_222206_892.png,20,20,10.831,0
orange_pos_001847_20260510_222206_892.png,40,20,33.640,0
orange_pos_001847_20260510_222206_892.png,60,20,36.339,0
orange_pos_001847_20260510_222206_892.png,80,20,4.142,0
orange_pos_001847_20260510_222206_892.png,100,20,0.666,0
orange_pos_001847_20260510_222206_892.png,120,20,0.842,0
orange_pos_001847_20260510_222206_892.png,140,20,27.201,0
orange_pos_001847_20260510_222206_892.png,0,40,1.867,0
orange_pos_001847_20260510_222206_892.png,20,40,6.661,0
orange_pos_001847_20260510_222206_892.png,40,40,36.395,0
orange_pos_001847_20260510_222206_892.png,60,40,33.038,0
orange_pos_001847_20260510_222206_892.png,80,40,1.032,0
orange_pos_001847_20260510_222206_892.png,100,40,0.621,0
orange_pos_001847_20260510_222206_892.png,120,40,0.621,0
orange_pos_001847_20260510_222206_892.png,140,40,26.607,0
orange_pos_001847_20260510_222206_892.png,0,60,1.628,0
orange_pos_001847_20260510_222206_892.png,20,60,3.425,0
orange_pos_001847_20260510_222206_892.png,40,60,34.551,0
orange_pos_001847_20260510_222206_892.png,60,60,24.051,0
orange_pos_001847_20260510_222206_892.png,80,60,1.865,0
orange_pos_001847_20260510_222206_892.png,100,60,0.621,0
orange_pos_001847_20260510_222206_892.png,120,60,3.351,0
orange_pos_001847_20260510_222206_892.png,140,60,22.088,0
orange_pos_001847_20260510_222206_892.png,0,80,2.767,0
orange_pos_001847_20260510_222206_892.png,20,80,3.484,0
orange_pos_001847_20260510_222206_892.png,40,80,46.624,0
orange_pos_001847_20260510_222206_892.png,60,80,30.941,0
orange_pos_001847_20260510_222206_892.png,80,80,6.995,0
orange_pos_001847_20260510_222206_892.png,100,80,12.939,0
orange_pos_001847_20260510_222206_892.png,120,80,20.762,0
orange_pos_001847_20260510_222206_892.png,140,80,34.412,0
orange_pos_001847_20260510_222206_892.png,0,100,1.887,0
orange_pos_001847_20260510_222206_892.png,20,100,7.895,0
orange_pos_001847_20260510_222206_892.png,40,100,46.748,0
orange_pos_001847_20260510_222206_892.png,60,100,32.882,0
orange_pos_001847_20260510_222206_892.png,80,100,15.651,0
orange_pos_001847_20260510_222206_892.png,100,100,19.245,0
orange_pos_001847_20260510_222206_892.png,120,100,25.277,0
orange_pos_001847_20260510_222206_892.png,140,100,35.133,0
orange_pos_001848_20260510_222207_260.png,0,0,28.356,0
orange_pos_001848_20260510_222207_260.png,20,0,1.725,0
orange_pos_001848_20260510_222207_260.png,40,0,17.714,0
orange_pos_001848_20260510_222207_260.png,60,0,30.106,0
orange_pos_001848_20260510_222207_260.png,80,0,14.359,0
orange_pos_001848_20260510_222207_260.png,100,0,8.617,0
orange_pos_001848_20260510_222207_260.png,120,0,8.887,0
orange_pos_001848_20260510_222207_260.png,140,0,11.660,0
orange_pos_001848_20260510_222207_260.png,0,20,22.664,0
orange_pos_001848_20260510_222207_260.png,20,20,0.697,0
orange_pos_001848_20260510_222207_260.png,40,20,18.560,0
orange_pos_001848_20260510_222207_260.png,60,20,22.248,0
orange_pos_001848_20260510_222207_260.png,80,20,2.272,0
orange_pos_001848_20260510_222207_260.png,100,20,0.621,0
orange_pos_001848_20260510_222207_260.png,120,20,1.041,0
orange_pos_001848_20260510_222207_260.png,140,20,13.083,0
orange_pos_001848_20260510_222207_260.png,0,40,1.298,0
orange_pos_001848_20260510_222207_260.png,20,40,0.943,0
orange_pos_001848_20260510_222207_260.png,40,40,24.039,0
orange_pos_001848_20260510_222207_260.png,60,40,21.127,0
orange_pos_001848_20260510_222207_260.png,80,40,0.635,0
orange_pos_001848_20260510_222207_260.png,100,40,0.621,0
orange_pos_001848_20260510_222207_260.png,120,40,0.621,0
orange_pos_001848_20260510_222207_260.png,140,40,12.288,0
orange_pos_001848_20260510_222207_260.png,0,60,1.085,0
orange_pos_001848_20260510_222207_260.png,20,60,0.707,0
orange_pos_001848_20260510_222207_260.png,40,60,19.212,0
orange_pos_001848_20260510_222207_260.png,60,60,15.211,0
orange_pos_001848_20260510_222207_260.png,80,60,0.876,0
orange_pos_001848_20260510_222207_260.png,100,60,0.621,0
orange_pos_001848_20260510_222207_260.png,120,60,1.053,0
orange_pos_001848_20260510_222207_260.png,140,60,10.903,0
orange_pos_001848_20260510_222207_260.png,0,80,1.598,0
orange_pos_001848_20260510_222207_260.png,20,80,1.438,0
orange_pos_001848_20260510_222207_260.png,40,80,22.592,0
orange_pos_001848_20260510_222207_260.png,60,80,12.925,0
orange_pos_001848_20260510_222207_260.png,80,80,0.920,0
orange_pos_001848_20260510_222207_260.png,100,80,2.025,0
orange_pos_001848_20260510_222207_260.png,120,80,5.924,0
orange_pos_001848_20260510_222207_260.png,140,80,12.339,0
orange_pos_001848_20260510_222207_260.png,0,100,1.097,0
orange_pos_001848_20260510_222207_260.png,20,100,3.351,0
orange_pos_001848_20260510_222207_260.png,40,100,25.650,0
orange_pos_001848_20260510_222207_260.png,60,100,15.328,0
orange_pos_001848_20260510_222207_260.png,80,100,4.411,0
orange_pos_001848_20260510_222207_260.png,100,100,7.065,0
orange_pos_001848_20260510_222207_260.png,120,100,10.460,0
orange_pos_001848_20260510_222207_260.png,140,100,15.612,0
orange_pos_001849_20260510_222209_029.png,0,0,33.378,0
orange_pos_001849_20260510_222209_029.png,20,0,7.028,0
orange_pos_001849_20260510_222209_029.png,40,0,23.783,0
orange_pos_001849_20260510_222209_029.png,60,0,36.948,0
orange_pos_001849_20260510_222209_029.png,80,0,21.155,0
orange_pos_001849_20260510_222209_029.png,100,0,10.690,0
orange_pos_001849_20260510_222209_029.png,120,0,14.608,0
orange_pos_001849_20260510_222209_029.png,140,0,19.117,0
orange_pos_001849_20260510_222209_029.png,0,20,22.614,0
orange_pos_001849_20260510_222209_029.png,20,20,8.390,0
orange_pos_001849_20260510_222209_029.png,40,20,33.123,0
orange_pos_001849_20260510_222209_029.png,60,20,38.759,0
orange_pos_001849_20260510_222209_029.png,80,20,3.945,0
orange_pos_001849_20260510_222209_029.png,100,20,0.621,0
orange_pos_001849_20260510_222209_029.png,120,20,0.957,0
orange_pos_001849_20260510_222209_029.png,140,20,26.906,0
orange_pos_001849_20260510_222209_029.png,0,40,1.463,0
orange_pos_001849_20260510_222209_029.png,20,40,6.207,0
orange_pos_001849_20260510_222209_029.png,40,40,27.832,0
orange_pos_001849_20260510_222209_029.png,60,40,19.668,0
orange_pos_001849_20260510_222209_029.png,80,40,0.622,0
orange_pos_001849_20260510_222209_029.png,100,40,0.621,0
orange_pos_001849_20260510_222209_029.png,120,40,0.628,0
orange_pos_001849_20260510_222209_029.png,140,40,16.078,0
orange_pos_001849_20260510_222209_029.png,0,60,2.155,0
orange_pos_001849_20260510_222209_029.png,20,60,6.055,0
orange_pos_001849_20260510_222209_029.png,40,60,43.375,0
orange_pos_001849_20260510_222209_029.png,60,60,30.524,0
orange_pos_001849_20260510_222209_029.png,80,60,3.023,0
orange_pos_001849_20260510_222209_029.png,100,60,0.763,0
orange_pos_001849_20260510_222209_029.png,120,60,6.447,0
orange_pos_001849_20260510_222209_029.png,140,60,29.856,0
orange_pos_001849_20260510_222209_029.png,0,80,1.866,0
orange_pos_001849_20260510_222209_029.png,20,80,3.793,0
orange_pos_001849_20260510_222209_029.png,40,80,35.424,0
orange_pos_001849_20260510_222209_029.png,60,80,22.479,0
orange_pos_001849_20260510_222209_029.png,80,80,6.390,0
orange_pos_001849_20260510_222209_029.png,100,80,9.712,0
orange_pos_001849_20260510_222209_029.png,120,80,16.177,0
orange_pos_001849_20260510_222209_029.png,140,80,24.780,0
orange_pos_001849_20260510_222209_029.png,0,100,1.584,0
orange_pos_001849_20260510_222209_029.png,20,100,5.222,0
orange_pos_001849_20260510_222209_029.png,40,100,35.577,0
orange_pos_001849_20260510_222209_029.png,60,100,21.268,0
orange_pos_001849_20260510_222209_029.png,80,100,7.160,0
orange_pos_001849_20260510_222209_029.png,100,100,9.117,0
orange_pos_001849_20260510_222209_029.png,120,100,16.389,0
orange_pos_001849_20260510_222209_029.png,140,100,22.181,0
orange_pos_001850_20260510_222209_542.png,0,0,7.666,0
orange_pos_001850_20260510_222209_542.png,20,0,1.009,0
orange_pos_001850_20260510_222209_542.png,40,0,4.995,0
orange_pos_001850_20260510_222209_542.png,60,0,6.933,0
orange_pos_001850_20260510_222209_542.png,80,0,1.892,0
orange_pos_001850_20260510_222209_542.png,100,0,0.978,0
orange_pos_001850_20260510_222209_542.png,120,0,0.932,0
orange_pos_001850_20260510_222209_542.png,140,0,1.084,0
orange_pos_001850_20260510_222209_542.png,0,20,1.763,0
orange_pos_001850_20260510_222209_542.png,20,20,0.621,0
orange_pos_001850_20260510_222209_542.png,40,20,2.175,0
orange_pos_001850_20260510_222209_542.png,60,20,2.725,0
orange_pos_001850_20260510_222209_542.png,80,20,0.644,0
orange_pos_001850_20260510_222209_542.png,100,20,0.621,0
orange_pos_001850_20260510_222209_542.png,120,20,0.621,0
orange_pos_001850_20260510_222209_542.png,140,20,0.621,0
orange_pos_001850_20260510_222209_542.png,0,40,0.621,0
orange_pos_001850_20260510_222209_542.png,20,40,0.621,0
orange_pos_001850_20260510_222209_542.png,40,40,0.809,0
orange_pos_001850_20260510_222209_542.png,60,40,0.640,0
orange_pos_001850_20260510_222209_542.png,80,40,0.621,0
orange_pos_001850_20260510_222209_542.png,100,40,0.621,0
orange_pos_001850_20260510_222209_542.png,120,40,0.621,0
orange_pos_001850_20260510_222209_542.png,140,40,0.621,0
orange_pos_001850_20260510_222209_542.png,0,60,0.624,0
orange_pos_001850_20260510_222209_542.png,20,60,0.621,0
orange_pos_001850_20260510_222209_542.png,40,60,2.626,0
orange_pos_001850_20260510_222209_542.png,60,60,1.143,0
orange_pos_001850_20260510_222209_542.png,80,60,0.621,0
orange_pos_001850_20260510_222209_542.png,100,60,0.621,0
orange_pos_001850_20260510_222209_542.png,120,60,0.621,0
orange_pos_001850_20260510_222209_542.png,140,60,0.710,0
orange_pos_001850_20260510_222209_542.png,0,80,0.621,0
orange_pos_001850_20260510_222209_542.png,20,80,0.621,0
orange_pos_001850_20260510_222209_542.png,40,80,2.145,0
orange_pos_001850_20260510_222209_542.png,60,80,1.312,0
orange_pos_001850_20260510_222209_542.png,80,80,0.621,0
orange_pos_001850_20260510_222209_542.png,100,80,0.621,0
orange_pos_001850_20260510_222209_542.png,120,80,0.621,0
orange_pos_001850_20260510_222209_542.png,140,80,0.621,0
orange_pos_001850_20260510_222209_542.png,0,100,0.656,0
orange_pos_001850_20260510_222209_542.png,20,100,0.904,0
orange_pos_001850_20260510_222209_542.png,40,100,3.894,0
orange_pos_001850_20260510_222209_542.png,60,100,2.261,0
orange_pos_001850_20260510_222209_542.png,80,100,0.621,0
orange_pos_001850_20260510_222209_542.png,100,100,0.621,0
orange_pos_001850_20260510_222209_542.png,120,100,0.767,0
orange_pos_001850_20260510_222209_542.png,140,100,0.795,0
orange_pos_001851_20260510_222211_479.png,0,0,21.052,0
orange_pos_001851_20260510_222211_479.png,20,0,2.621,0
orange_pos_001851_20260510_222211_479.png,40,0,15.656,0
orange_pos_001851_20260510_222211_479.png,60,0,24.968,0
orange_pos_001851_20260510_222211_479.png,80,0,8.749,0
orange_pos_001851_20260510_222211_479.png,100,0,2.659,0
orange_pos_001851_20260510_222211_479.png,120,0,4.061,0
orange_pos_001851_20260510_222211_479.png,140,0,10.701,0
orange_pos_001851_20260510_222211_479.png,0,20,14.070,0
orange_pos_001851_20260510_222211_479.png,20,20,0.629,0
orange_pos_001851_20260510_222211_479.png,40,20,10.991,0
orange_pos_001851_20260510_222211_479.png,60,20,12.056,0
orange_pos_001851_20260510_222211_479.png,80,20,0.796,0
orange_pos_001851_20260510_222211_479.png,100,20,0.621,0
orange_pos_001851_20260510_222211_479.png,120,20,0.680,0
orange_pos_001851_20260510_222211_479.png,140,20,5.685,0
orange_pos_001851_20260510_222211_479.png,0,40,0.873,0
orange_pos_001851_20260510_222211_479.png,20,40,0.659,0
orange_pos_001851_20260510_222211_479.png,40,40,11.818,0
orange_pos_001851_20260510_222211_479.png,60,40,8.147,0
orange_pos_001851_20260510_222211_479.png,80,40,0.621,0
orange_pos_001851_20260510_222211_479.png,100,40,0.621,0
orange_pos_001851_20260510_222211_479.png,120,40,0.621,0
orange_pos_001851_20260510_222211_479.png,140,40,6.093,0
orange_pos_001851_20260510_222211_479.png,0,60,0.811,0
orange_pos_001851_20260510_222211_479.png,20,60,0.621,0
orange_pos_001851_20260510_222211_479.png,40,60,11.968,0
orange_pos_001851_20260510_222211_479.png,60,60,7.692,0
orange_pos_001851_20260510_222211_479.png,80,60,0.621,0
orange_pos_001851_20260510_222211_479.png,100,60,0.621,0
orange_pos_001851_20260510_222211_479.png,120,60,0.632,0
orange_pos_001851_20260510_222211_479.png,140,60,3.250,0
orange_pos_001851_20260510_222211_479.png,0,80,0.982,0
orange_pos_001851_20260510_222211_479.png,20,80,1.019,0
orange_pos_001851_20260510_222211_479.png,40,80,13.561,0
orange_pos_001851_20260510_222211_479.png,60,80,8.205,0
orange_pos_001851_20260510_222211_479.png,80,80,0.625,0
orange_pos_001851_20260510_222211_479.png,100,80,1.903,0
orange_pos_001851_20260510_222211_479.png,120,80,2.917,0
orange_pos_001851_20260510_222211_479.png,140,80,6.577,0
orange_pos_001851_20260510_222211_479.png,0,100,0.842,0
orange_pos_001851_20260510_222211_479.png,20,100,1.639,0
orange_pos_001851_20260510_222211_479.png,40,100,12.416,0
orange_pos_001851_20260510_222211_479.png,60,100,7.415,0
orange_pos_001851_20260510_222211_479.png,80,100,1.521,0
orange_pos_001851_20260510_222211_479.png,100,100,1.431,0
orange_pos_001851_20260510_222211_479.png,120,100,3.393,0
orange_pos_001851_20260510_222211_479.png,140,100,5.880,0
orange_pos_001852_20260510_222211_840.png,0,0,14.350,0
orange_pos_001852_20260510_222211_840.png,20,0,1.480,0
orange_pos_001852_20260510_222211_840.png,40,0,9.242,0
orange_pos_001852_20260510_222211_840.png,60,0,14.867,0
orange_pos_001852_20260510_222211_840.png,80,0,4.264,0
orange_pos_001852_20260510_222211_840.png,100,0,1.001,0
orange_pos_001852_20260510_222211_840.png,120,0,1.595,0
orange_pos_001852_20260510_222211_840.png,140,0,3.413,0
orange_pos_001852_20260510_222211_840.png,0,20,7.758,0
orange_pos_001852_20260510_222211_840.png,20,20,0.621,0
orange_pos_001852_20260510_222211_840.png,40,20,7.926,0
orange_pos_001852_20260510_222211_840.png,60,20,8.606,0
orange_pos_001852_20260510_222211_840.png,80,20,0.865,0
orange_pos_001852_20260510_222211_840.png,100,20,0.621,0
orange_pos_001852_20260510_222211_840.png,120,20,0.621,0
orange_pos_001852_20260510_222211_840.png,140,20,2.552,0
orange_pos_001852_20260510_222211_840.png,0,40,0.922,0
orange_pos_001852_20260510_222211_840.png,20,40,0.621,0
orange_pos_001852_20260510_222211_840.png,40,40,13.491,0
orange_pos_001852_20260510_222211_840.png,60,40,8.430,0
orange_pos_001852_20260510_222211_840.png,80,40,0.621,0
orange_pos_001852_20260510_222211_840.png,100,40,0.621,0
orange_pos_001852_20260510_222211_840.png,120,40,0.621,0
orange_pos_001852_20260510_222211_840.png,140,40,4.908,0
orange_pos_001852_20260510_222211_840.png,0,60,0.877,0
orange_pos_001852_20260510_222211_840.png,20,60,0.626,0
orange_pos_001852_20260510_222211_840.png,40,60,12.343,0
orange_pos_001852_20260510_222211_840.png,60,60,6.972,0
orange_pos_001852_20260510_222211_840.png,80,60,0.811,0
orange_pos_001852_20260510_222211_840.png,100,60,0.621,0
orange_pos_001852_20260510_222211_840.png,120,60,0.662,0
orange_pos_001852_20260510_222211_840.png,140,60,5.511,0
orange_pos_001852_20260510_222211_840.png,0,80,0.913,0
orange_pos_001852_20260510_222211_840.png,20,80,0.664,0
orange_pos_001852_20260510_222211_840.png,40,80,12.037,0
orange_pos_001852_20260510_222211_840.png,60,80,8.222,0
orange_pos_001852_20260510_222211_840.png,80,80,0.621,0
orange_pos_001852_20260510_222211_840.png,100,80,0.770,0
orange_pos_001852_20260510_222211_840.png,120,80,1.530,0
orange_pos_001852_20260510_222211_840.png,140,80,3.523,0
orange_pos_001852_20260510_222211_840.png,0,100,1.071,0
orange_pos_001852_20260510_222211_840.png,20,100,2.697,0
orange_pos_001852_20260510_222211_840.png,40,100,15.615,0
orange_pos_001852_20260510_222211_840.png,60,100,9.710,0
orange_pos_001852_20260510_222211_840.png,80,100,3.940,0
orange_pos_001852_20260510_222211_840.png,100,100,4.586,0
orange_pos_001852_20260510_222211_840.png,120,100,7.023,0
orange_pos_001852_20260510_222211_840.png,140,100,10.020,0
orange_pos_001853_20260510_222213_503.png,0,0,19.066,0
orange_pos_001853_20260510_222213_503.png,20,0,4.449,0
orange_pos_001853_20260510_222213_503.png,40,0,13.912,0
orange_pos_001853_20260510_222213_503.png,60,0,23.091,0
orange_pos_001853_20260510_222213_503.png,80,0,6.812,0
orange_pos_001853_20260510_222213_503.png,100,0,0.701,0
orange_pos_001853_20260510_222213_503.png,120,0,2.729,0
orange_pos_001853_20260510_222213_503.png,140,0,12.192,0
orange_pos_001853_20260510_222213_503.png,0,20,20.865,0
orange_pos_001853_20260510_222213_503.png,20,20,1.727,0
orange_pos_001853_20260510_222213_503.png,40,20,9.778,0
orange_pos_001853_20260510_222213_503.png,60,20,7.677,0
orange_pos_001853_20260510_222213_503.png,80,20,0.900,0
orange_pos_001853_20260510_222213_503.png,100,20,0.621,0
orange_pos_001853_20260510_222213_503.png,120,20,0.621,0
orange_pos_001853_20260510_222213_503.png,140,20,3.240,0
orange_pos_001853_20260510_222213_503.png,0,40,1.208,0
orange_pos_001853_20260510_222213_503.png,20,40,2.174,0
orange_pos_001853_20260510_222213_503.png,40,40,19.536,0
orange_pos_001853_20260510_222213_503.png,60,40,14.666,0
orange_pos_001853_20260510_222213_503.png,80,40,0.621,0
orange_pos_001853_20260510_222213_503.png,100,40,0.621,0
orange_pos_001853_20260510_222213_503.png,120,40,0.622,0
orange_pos_001853_20260510_222213_503.png,140,40,9.972,0
orange_pos_001853_20260510_222213_503.png,0,60,1.103,0
orange_pos_001853_20260510_222213_503.png,20,60,0.757,0
orange_pos_001853_20260510_222213_503.png,40,60,23.171,0
orange_pos_001853_20260510_222213_503.png,60,60,15.380,0
orange_pos_001853_20260510_222213_503.png,80,60,0.893,0
orange_pos_001853_20260510_222213_503.png,100,60,0.621,0
orange_pos_001853_20260510_222213_503.png,120,60,0.967,0
orange_pos_001853_20260510_222213_503.png,140,60,11.335,0
orange_pos_001853_20260510_222213_503.png,0,80,0.812,0
orange_pos_001853_20260510_222213_503.png,20,80,1.086,0
orange_pos_001853_20260510_222213_503.png,40,80,12.377,0
orange_pos_001853_20260510_222213_503.png,60,80,6.569,0
orange_pos_001853_20260510_222213_503.png,80,80,0.783,0
orange_pos_001853_20260510_222213_503.png,100,80,2.155,0
orange_pos_001853_20260510_222213_503.png,120,80,2.384,0
orange_pos_001853_20260510_222213_503.png,140,80,6.829,0
orange_pos_001853_20260510_222213_503.png,0,100,1.055,0
orange_pos_001853_20260510_222213_503.png,20,100,1.407,0
orange_pos_001853_20260510_222213_503.png,40,100,11.204,0
orange_pos_001853_20260510_222213_503.png,60,100,6.156,0
orange_pos_001853_20260510_222213_503.png,80,100,1.511,0
orange_pos_001853_20260510_222213_503.png,100,100,2.887,0
orange_pos_001853_20260510_222213_503.png,120,100,4.488,0
orange_pos_001853_20260510_222213_503.png,140,100,8.306,0
orange_pos_001854_20260510_222215_966.png,0,0,44.731,0
orange_pos_001854_20260510_222215_966.png,20,0,9.476,0
orange_pos_001854_20260510_222215_966.png,40,0,33.315,0
orange_pos_001854_20260510_222215_966.png,60,0,55.303,0
orange_pos_001854_20260510_222215_966.png,80,0,28.251,0
orange_pos_001854_20260510_222215_966.png,100,0,16.014,0
orange_pos_001854_20260510_222215_966.png,120,0,20.079,0
orange_pos_001854_20260510_222215_966.png,140,0,33.707,0
orange_pos_001854_20260510_222215_966.png,0,20,28.795,0
orange_pos_001854_20260510_222215_966.png,20,20,6.280,0
orange_pos_001854_20260510_222215_966.png,40,20,32.984,0
orange_pos_001854_20260510_222215_966.png,60,20,39.143,0
orange_pos_001854_20260510_222215_966.png,80,20,4.664,0
orange_pos_001854_20260510_222215_966.png,100,20,0.621,0
orange_pos_001854_20260510_222215_966.png,120,20,1.373,0
orange_pos_001854_20260510_222215_966.png,140,20,26.000,0
orange_pos_001854_20260510_222215_966.png,0,40,1.628,0
orange_pos_001854_20260510_222215_966.png,20,40,4.213,0
orange_pos_001854_20260510_222215_966.png,40,40,26.316,0
orange_pos_001854_20260510_222215_966.png,60,40,20.262,0
orange_pos_001854_20260510_222215_966.png,80,40,0.634,0
orange_pos_001854_20260510_222215_966.png,100,40,0.621,0
orange_pos_001854_20260510_222215_966.png,120,40,0.621,0
orange_pos_001854_20260510_222215_966.png,140,40,17.465,0
orange_pos_001854_20260510_222215_966.png,0,60,1.918,0
orange_pos_001854_20260510_222215_966.png,20,60,2.917,0
orange_pos_001854_20260510_222215_966.png,40,60,38.071,0
orange_pos_001854_20260510_222215_966.png,60,60,26.917,0
orange_pos_001854_20260510_222215_966.png,80,60,2.602,0
orange_pos_001854_20260510_222215_966.png,100,60,0.849,0
orange_pos_001854_20260510_222215_966.png,120,60,4.669,0
orange_pos_001854_20260510_222215_966.png,140,60,25.239,0
orange_pos_001854_20260510_222215_966.png,0,80,2.955,0
orange_pos_001854_20260510_222215_966.png,20,80,3.624,0
orange_pos_001854_20260510_222215_966.png,40,80,45.501,0
orange_pos_001854_20260510_222215_966.png,60,80,30.210,0
orange_pos_001854_20260510_222215_966.png,80,80,4.546,0
orange_pos_001854_20260510_222215_966.png,100,80,9.175,0
orange_pos_001854_20260510_222215_966.png,120,80,19.021,0
orange_pos_001854_20260510_222215_966.png,140,80,33.142,0
orange_pos_001854_20260510_222215_966.png,0,100,1.869,0
orange_pos_001854_20260510_222215_966.png,20,100,6.120,0
orange_pos_001854_20260510_222215_966.png,40,100,41.229,0
orange_pos_001854_20260510_222215_966.png,60,100,28.669,0
orange_pos_001854_20260510_222215_966.png,80,100,13.158,0
orange_pos_001854_20260510_222215_966.png,100,100,16.533,0
orange_pos_001854_20260510_222215_966.png,120,100,21.455,0
orange_pos_001854_20260510_222215_966.png,140,100,29.853,0
orange_pos_001855_20260510_222216_333.png,0,0,44.731,0
orange_pos_001855_20260510_222216_333.png,20,0,9.476,0
orange_pos_001855_20260510_222216_333.png,40,0,33.315,0
orange_pos_001855_20260510_222216_333.png,60,0,55.303,0
orange_pos_001855_20260510_222216_333.png,80,0,28.251,0
orange_pos_001855_20260510_222216_333.png,100,0,16.014,0
orange_pos_001855_20260510_222216_333.png,120,0,20.079,0
orange_pos_001855_20260510_222216_333.png,140,0,33.707,0
orange_pos_001855_20260510_222216_333.png,0,20,28.795,0
orange_pos_001855_20260510_222216_333.png,20,20,6.280,0
orange_pos_001855_20260510_222216_333.png,40,20,32.984,0
orange_pos_001855_20260510_222216_333.png,60,20,39.143,0
orange_pos_001855_20260510_222216_333.png,80,20,4.664,0
orange_pos_001855_20260510_222216_333.png,100,20,0.621,0
orange_pos_001855_20260510_222216_333.png,120,20,1.373,0
orange_pos_001855_20260510_222216_333.png,140,20,26.000,0
orange_pos_001855_20260510_222216_333.png,0,40,1.628,0
orange_pos_001855_20260510_222216_333.png,20,40,4.213,0
orange_pos_001855_20260510_222216_333.png,40,40,26.316,0
orange_pos_001855_20260510_222216_333.png,60,40,20.262,0
orange_pos_001855_20260510_222216_333.png,80,40,0.634,0
orange_pos_001855_20260510_222216_333.png,100,40,0.621,0
orange_pos_001855_20260510_222216_333.png,120,40,0.621,0
orange_pos_001855_20260510_222216_333.png,140,40,17.465,0
orange_pos_001855_20260510_222216_333.png,0,60,1.918,0
orange_pos_001855_20260510_222216_333.png,20,60,2.917,0
orange_pos_001855_20260510_222216_333.png,40,60,38.071,0
orange_pos_001855_20260510_222216_333.png,60,60,26.917,0
orange_pos_001855_20260510_222216_333.png,80,60,2.602,0
orange_pos_001855_20260510_222216_333.png,100,60,0.849,0
orange_pos_001855_20260510_222216_333.png,120,60,4.669,0
orange_pos_001855_20260510_222216_333.png,140,60,25.239,0
orange_pos_001855_20260510_222216_333.png,0,80,2.955,0
orange_pos_001855_20260510_222216_333.png,20,80,3.624,0
orange_pos_001855_20260510_222216_333.png,40,80,45.501,0
orange_pos_001855_20260510_222216_333.png,60,80,30.210,0
orange_pos_001855_20260510_222216_333.png,80,80,4.546,0
orange_pos_001855_20260510_222216_333.png,100,80,9.175,0
orange_pos_001855_20260510_222216_333.png,120,80,19.021,0
orange_pos_001855_20260510_222216_333.png,140,80,33.142,0
orange_pos_001855_20260510_222216_333.png,0,100,1.869,0
orange_pos_001855_20260510_222216_333.png,20,100,6.120,0
orange_pos_001855_20260510_222216_333.png,40,100,41.229,0
orange_pos_001855_20260510_222216_333.png,60,100,28.669,0
orange_pos_001855_20260510_222216_333.png,80,100,13.158,0
orange_pos_001855_20260510_222216_333.png,100,100,16.533,0
orange_pos_001855_20260510_222216_333.png,120,100,21.455,0
orange_pos_001855_20260510_222216_333.png,140,100,29.853,0
orange_pos_001856_20260510_222217_878.png,0,0,7.457,0
orange_pos_001856_20260510_222217_878.png,20,0,0.621,0
orange_pos_001856_20260510_222217_878.png,40,0,2.060,0
orange_pos_001856_20260510_222217_878.png,60,0,2.301,0
orange_pos_001856_20260510_222217_878.png,80,0,0.854,0
orange_pos_001856_20260510_222217_878.png,100,0,0.628,0
orange_pos_001856_20260510_222217_878.png,120,0,0.621,0
orange_pos_001856_20260510_222217_878.png,140,0,0.621,0
orange_pos_001856_20260510_222217_878.png,0,20,3.573,0
orange_pos_001856_20260510_222217_878.png,20,20,0.621,0
orange_pos_001856_20260510_222217_878.png,40,20,0.687,0
orange_pos_001856_20260510_222217_878.png,60,20,1.060,0
orange_pos_001856_20260510_222217_878.png,80,20,0.621,0
orange_pos_001856_20260510_222217_878.png,100,20,0.621,0
orange_pos_001856_20260510_222217_878.png,120,20,0.621,0
orange_pos_001856_20260510_222217_878.png,140,20,0.626,0
orange_pos_001856_20260510_222217_878.png,0,40,0.640,0
orange_pos_001856_20260510_222217_878.png,20,40,0.621,0
orange_pos_001856_20260510_222217_878.png,40,40,3.186,0
orange_pos_001856_20260510_222217_878.png,60,40,1.240,0
orange_pos_001856_20260510_222217_878.png,80,40,0.621,0
orange_pos_001856_20260510_222217_878.png,100,40,0.621,0
orange_pos_001856_20260510_222217_878.png,120,40,0.621,0
orange_pos_001856_20260510_222217_878.png,140,40,0.927,0
orange_pos_001856_20260510_222217_878.png,0,60,0.621,0
orange_pos_001856_20260510_222217_878.png,20,60,0.621,0
orange_pos_001856_20260510_222217_878.png,40,60,1.765,0
orange_pos_001856_20260510_222217_878.png,60,60,1.103,0
orange_pos_001856_20260510_222217_878.png,80,60,0.621,0
orange_pos_001856_20260510_222217_878.png,100,60,0.621,0
orange_pos_001856_20260510_222217_878.png,120,60,0.621,0
orange_pos_001856_20260510_222217_878.png,140,60,0.634,0
orange_pos_001856_20260510_222217_878.png,0,80,0.624,0
orange_pos_001856_20260510_222217_878.png,20,80,0.621,0
orange_pos_001856_20260510_222217_878.png,40,80,2.180,0
orange_pos_001856_20260510_222217_878.png,60,80,0.851,0
orange_pos_001856_20260510_222217_878.png,80,80,0.621,0
orange_pos_001856_20260510_222217_878.png,100,80,0.621,0
orange_pos_001856_20260510_222217_878.png,120,80,0.663,0
orange_pos_001856_20260510_222217_878.png,140,80,0.633,0
orange_pos_001856_20260510_222217_878.png,0,100,0.621,0
orange_pos_001856_20260510_222217_878.png,20,100,0.621,0
orange_pos_001856_20260510_222217_878.png,40,100,1.126,0
orange_pos_001856_20260510_222217_878.png,60,100,0.772,0
orange_pos_001856_20260510_222217_878.png,80,100,0.621,0
orange_pos_001856_20260510_222217_878.png,100,100,0.621,0
orange_pos_001856_20260510_222217_878.png,120,100,0.621,0
orange_pos_001856_20260510_222217_878.png,140,100,0.621,0
orange_pos_001857_20260510_222218_310.png,0,0,31.829,0
orange_pos_001857_20260510_222218_310.png,20,0,6.125,0
orange_pos_001857_20260510_222218_310.png,40,0,22.644,0
orange_pos_001857_20260510_222218_310.png,60,0,32.711,0
orange_pos_001857_20260510_222218_310.png,80,0,17.212,0
orange_pos_001857_20260510_222218_310.png,100,0,7.849,0
orange_pos_001857_20260510_222218_310.png,120,0,8.040,0
orange_pos_001857_20260510_222218_310.png,140,0,16.582,0
orange_pos_001857_20260510_222218_310.png,0,20,21.055,0
orange_pos_001857_20260510_222218_310.png,20,20,3.335,0
orange_pos_001857_20260510_222218_310.png,40,20,25.167,0
orange_pos_001857_20260510_222218_310.png,60,20,27.944,0
orange_pos_001857_20260510_222218_310.png,80,20,2.114,0
orange_pos_001857_20260510_222218_310.png,100,20,0.621,0
orange_pos_001857_20260510_222218_310.png,120,20,0.632,0
orange_pos_001857_20260510_222218_310.png,140,20,17.331,0
orange_pos_001857_20260510_222218_310.png,0,40,1.196,0
orange_pos_001857_20260510_222218_310.png,20,40,2.591,0
orange_pos_001857_20260510_222218_310.png,40,40,20.880,0
orange_pos_001857_20260510_222218_310.png,60,40,14.081,0
orange_pos_001857_20260510_222218_310.png,80,40,0.621,0
orange_pos_001857_20260510_222218_310.png,100,40,0.621,0
orange_pos_001857_20260510_222218_310.png,120,40,0.621,0
orange_pos_001857_20260510_222218_310.png,140,40,11.353,0
orange_pos_001857_20260510_222218_310.png,0,60,1.452,0
orange_pos_001857_20260510_222218_310.png,20,60,2.018,0
orange_pos_001857_20260510_222218_310.png,40,60,27.200,0
orange_pos_001857_20260510_222218_310.png,60,60,16.109,0
orange_pos_001857_20260510_222218_310.png,80,60,1.179,0
orange_pos_001857_20260510_222218_310.png,100,60,0.621,0
orange_pos_001857_20260510_222218_310.png,120,60,1.783,0
orange_pos_001857_20260510_222218_310.png,140,60,16.138,0
orange_pos_001857_20260510_222218_310.png,0,80,1.781,0
orange_pos_001857_20260510_222218_310.png,20,80,2.796,0
orange_pos_001857_20260510_222218_310.png,40,80,34.553,0
orange_pos_001857_20260510_222218_310.png,60,80,21.018,0
orange_pos_001857_20260510_222218_310.png,80,80,3.078,0
orange_pos_001857_20260510_222218_310.png,100,80,5.019,0
orange_pos_001857_20260510_222218_310.png,120,80,12.301,0
orange_pos_001857_20260510_222218_310.png,140,80,22.935,0
orange_pos_001857_20260510_222218_310.png,0,100,1.161,0
orange_pos_001857_20260510_222218_310.png,20,100,3.739,0
orange_pos_001857_20260510_222218_310.png,40,100,29.181,0
orange_pos_001857_20260510_222218_310.png,60,100,17.152,0
orange_pos_001857_20260510_222218_310.png,80,100,5.224,0
orange_pos_001857_20260510_222218_310.png,100,100,7.393,0
orange_pos_001857_20260510_222218_310.png,120,100,14.444,0
orange_pos_001857_20260510_222218_310.png,140,100,18.534,0
orange_pos_001858_20260510_222220_228.png,0,0,40.768,0
orange_pos_001858_20260510_222220_228.png,20,0,6.293,0
orange_pos_001858_20260510_222220_228.png,40,0,31.655,0
orange_pos_001858_20260510_222220_228.png,60,0,53.084,0
orange_pos_001858_20260510_222220_228.png,80,0,25.890,0
orange_pos_001858_20260510_222220_228.png,100,0,14.321,0
orange_pos_001858_20260510_222220_228.png,120,0,17.928,0
orange_pos_001858_20260510_222220_228.png,140,0,27.701,0
orange_pos_001858_20260510_222220_228.png,0,20,30.903,0
orange_pos_001858_20260510_222220_228.png,20,20,7.744,0
orange_pos_001858_20260510_222220_228.png,40,20,30.915,0
orange_pos_001858_20260510_222220_228.png,60,20,34.436,0
orange_pos_001858_20260510_222220_228.png,80,20,2.514,0
orange_pos_001858_20260510_222220_228.png,100,20,0.621,0
orange_pos_001858_20260510_222220_228.png,120,20,0.624,0
orange_pos_001858_20260510_222220_228.png,140,20,20.330,0
orange_pos_001858_20260510_222220_228.png,0,40,1.430,0
orange_pos_001858_20260510_222220_228.png,20,40,3.114,0
orange_pos_001858_20260510_222220_228.png,40,40,27.368,0
orange_pos_001858_20260510_222220_228.png,60,40,19.708,0
orange_pos_001858_20260510_222220_228.png,80,40,0.654,0
orange_pos_001858_20260510_222220_228.png,100,40,0.621,0
orange_pos_001858_20260510_222220_228.png,120,40,0.621,0
orange_pos_001858_20260510_222220_228.png,140,40,13.816,0
orange_pos_001858_20260510_222220_228.png,0,60,1.791,0
orange_pos_001858_20260510_222220_228.png,20,60,4.875,0
orange_pos_001858_20260510_222220_228.png,40,60,37.147,0
orange_pos_001858_20260510_222220_228.png,60,60,25.316,0
orange_pos_001858_20260510_222220_228.png,80,60,3.033,0
orange_pos_001858_20260510_222220_228.png,100,60,0.965,0
orange_pos_001858_20260510_222220_228.png,120,60,4.808,0
orange_pos_001858_20260510_222220_228.png,140,60,19.070,0
orange_pos_001858_20260510_222220_228.png,0,80,1.185,0
orange_pos_001858_20260510_222220_228.png,20,80,1.111,0
orange_pos_001858_20260510_222220_228.png,40,80,22.404,0
orange_pos_001858_20260510_222220_228.png,60,80,12.932,0
orange_pos_001858_20260510_222220_228.png,80,80,0.635,0
orange_pos_001858_20260510_222220_228.png,100,80,1.108,0
orange_pos_001858_20260510_222220_228.png,120,80,4.364,0
orange_pos_001858_20260510_222220_228.png,140,80,10.440,0
orange_pos_001858_20260510_222220_228.png,0,100,1.906,0
orange_pos_001858_20260510_222220_228.png,20,100,5.531,0
orange_pos_001858_20260510_222220_228.png,40,100,40.008,0
orange_pos_001858_20260510_222220_228.png,60,100,27.344,0
orange_pos_001858_20260510_222220_228.png,80,100,11.260,0
orange_pos_001858_20260510_222220_228.png,100,100,13.771,0
orange_pos_001858_20260510_222220_228.png,120,100,23.027,0
orange_pos_001858_20260510_222220_228.png,140,100,28.821,0
orange_pos_001859_20260510_222220_602.png,0,0,40.768,0
orange_pos_001859_20260510_222220_602.png,20,0,6.293,0
orange_pos_001859_20260510_222220_602.png,40,0,31.655,0
orange_pos_001859_20260510_222220_602.png,60,0,53.084,0
orange_pos_001859_20260510_222220_602.png,80,0,25.890,0
orange_pos_001859_20260510_222220_602.png,100,0,14.321,0
orange_pos_001859_20260510_222220_602.png,120,0,17.928,0
orange_pos_001859_20260510_222220_602.png,140,0,27.701,0
orange_pos_001859_20260510_222220_602.png,0,20,30.903,0
orange_pos_001859_20260510_222220_602.png,20,20,7.744,0
orange_pos_001859_20260510_222220_602.png,40,20,30.915,0
orange_pos_001859_20260510_222220_602.png,60,20,34.436,0
orange_pos_001859_20260510_222220_602.png,80,20,2.514,0
orange_pos_001859_20260510_222220_602.png,100,20,0.621,0
orange_pos_001859_20260510_222220_602.png,120,20,0.624,0
orange_pos_001859_20260510_222220_602.png,140,20,20.330,0
orange_pos_001859_20260510_222220_602.png,0,40,1.430,0
orange_pos_001859_20260510_222220_602.png,20,40,3.114,0
orange_pos_001859_20260510_222220_602.png,40,40,27.368,0
orange_pos_001859_20260510_222220_602.png,60,40,19.708,0
orange_pos_001859_20260510_222220_602.png,80,40,0.654,0
orange_pos_001859_20260510_222220_602.png,100,40,0.621,0
orange_pos_001859_20260510_222220_602.png,120,40,0.621,0
orange_pos_001859_20260510_222220_602.png,140,40,13.816,0
orange_pos_001859_20260510_222220_602.png,0,60,1.791,0
orange_pos_001859_20260510_222220_602.png,20,60,4.875,0
orange_pos_001859_20260510_222220_602.png,40,60,37.147,0
orange_pos_001859_20260510_222220_602.png,60,60,25.316,0
orange_pos_001859_20260510_222220_602.png,80,60,3.033,0
orange_pos_001859_20260510_222220_602.png,100,60,0.965,0
orange_pos_001859_20260510_222220_602.png,120,60,4.808,0
orange_pos_001859_20260510_222220_602.png,140,60,19.070,0
orange_pos_001859_20260510_222220_602.png,0,80,1.185,0
orange_pos_001859_20260510_222220_602.png,20,80,1.111,0
orange_pos_001859_20260510_222220_602.png,40,80,22.404,0
orange_pos_001859_20260510_222220_602.png,60,80,12.932,0
orange_pos_001859_20260510_222220_602.png,80,80,0.635,0
orange_pos_001859_20260510_222220_602.png,100,80,1.108,0
orange_pos_001859_20260510_222220_602.png,120,80,4.364,0
orange_pos_001859_20260510_222220_602.png,140,80,10.440,0
orange_pos_001859_20260510_222220_602.png,0,100,1.906,0
orange_pos_001859_20260510_222220_602.png,20,100,5.531,0
orange_pos_001859_20260510_222220_602.png,40,100,40.008,0
orange_pos_001859_20260510_222220_602.png,60,100,27.344,0
orange_pos_001859_20260510_222220_602.png,80,100,11.260,0
orange_pos_001859_20260510_222220_602.png,100,100,13.771,0
orange_pos_001859_20260510_222220_602.png,120,100,23.027,0
orange_pos_001859_20260510_222220_602.png,140,100,28.821,0
orange_pos_001860_20260510_222222_440.png,0,0,15.915,0
orange_pos_001860_20260510_222222_440.png,20,0,1.524,0
orange_pos_001860_20260510_222222_440.png,40,0,11.638,0
orange_pos_001860_20260510_222222_440.png,60,0,17.646,0
orange_pos_001860_20260510_222222_440.png,80,0,8.456,0
orange_pos_001860_20260510_222222_440.png,100,0,3.430,0
orange_pos_001860_20260510_222222_440.png,120,0,4.277,0
orange_pos_001860_20260510_222222_440.png,140,0,6.741,0
orange_pos_001860_20260510_222222_440.png,0,20,19.711,0
orange_pos_001860_20260510_222222_440.png,20,20,1.752,0
orange_pos_001860_20260510_222222_440.png,40,20,15.700,0
orange_pos_001860_20260510_222222_440.png,60,20,18.250,0
orange_pos_001860_20260510_222222_440.png,80,20,1.836,0
orange_pos_001860_20260510_222222_440.png,100,20,0.621,0
orange_pos_001860_20260510_222222_440.png,120,20,0.732,0
orange_pos_001860_20260510_222222_440.png,140,20,8.340,0
orange_pos_001860_20260510_222222_440.png,0,40,1.103,0
orange_pos_001860_20260510_222222_440.png,20,40,0.783,0
orange_pos_001860_20260510_222222_440.png,40,40,20.978,0
orange_pos_001860_20260510_222222_440.png,60,40,16.416,0
orange_pos_001860_20260510_222222_440.png,80,40,0.621,0
orange_pos_001860_20260510_222222_440.png,100,40,0.621,0
orange_pos_001860_20260510_222222_440.png,120,40,0.621,0
orange_pos_001860_20260510_222222_440.png,140,40,9.128,0
orange_pos_001860_20260510_222222_440.png,0,60,0.972,0
orange_pos_001860_20260510_222222_440.png,20,60,0.623,0
orange_pos_001860_20260510_222222_440.png,40,60,15.981,0
orange_pos_001860_20260510_222222_440.png,60,60,10.782,0
orange_pos_001860_20260510_222222_440.png,80,60,0.895,0
orange_pos_001860_20260510_222222_440.png,100,60,0.621,0
orange_pos_001860_20260510_222222_440.png,120,60,0.714,0
orange_pos_001860_20260510_222222_440.png,140,60,7.487,0
orange_pos_001860_20260510_222222_440.png,0,80,0.865,0
orange_pos_001860_20260510_222222_440.png,20,80,0.787,0
orange_pos_001860_20260510_222222_440.png,40,80,17.454,0
orange_pos_001860_20260510_222222_440.png,60,80,10.050,0
orange_pos_001860_20260510_222222_440.png,80,80,0.621,0
orange_pos_001860_20260510_222222_440.png,100,80,1.865,0
orange_pos_001860_20260510_222222_440.png,120,80,3.352,0
orange_pos_001860_20260510_222222_440.png,140,80,7.713,0
orange_pos_001860_20260510_222222_440.png,0,100,0.840,0
orange_pos_001860_20260510_222222_440.png,20,100,2.301,0
orange_pos_001860_20260510_222222_440.png,40,100,18.503,0
orange_pos_001860_20260510_222222_440.png,60,100,11.222,0
orange_pos_001860_20260510_222222_440.png,80,100,2.424,0
orange_pos_001860_20260510_222222_440.png,100,100,2.938,0
orange_pos_001860_20260510_222222_440.png,120,100,8.978,0
orange_pos_001860_20260510_222222_440.png,140,100,11.257,0
orange_pos_001862_20260510_222222_752.png,0,0,13.184,0
orange_pos_001862_20260510_222222_752.png,20,0,0.879,0
orange_pos_001862_20260510_222222_752.png,40,0,9.337,0
orange_pos_001862_20260510_222222_752.png,60,0,15.746,0
orange_pos_001862_20260510_222222_752.png,80,0,6.331,0
orange_pos_001862_20260510_222222_752.png,100,0,2.852,0
orange_pos_001862_20260510_222222_752.png,120,0,2.577,0
orange_pos_001862_20260510_222222_752.png,140,0,3.827,0
orange_pos_001862_20260510_222222_752.png,0,20,14.108,0
orange_pos_001862_20260510_222222_752.png,20,20,0.621,0
orange_pos_001862_20260510_222222_752.png,40,20,10.605,0
orange_pos_001862_20260510_222222_752.png,60,20,11.799,0
orange_pos_001862_20260510_222222_752.png,80,20,0.834,0
orange_pos_001862_20260510_222222_752.png,100,20,0.621,0
orange_pos_001862_20260510_222222_752.png,120,20,0.621,0
orange_pos_001862_20260510_222222_752.png,140,20,4.863,0
orange_pos_001862_20260510_222222_752.png,0,40,0.741,0
orange_pos_001862_20260510_222222_752.png,20,40,0.621,0
orange_pos_001862_20260510_222222_752.png,40,40,11.258,0
orange_pos_001862_20260510_222222_752.png,60,40,5.796,0
orange_pos_001862_20260510_222222_752.png,80,40,0.621,0
orange_pos_001862_20260510_222222_752.png,100,40,0.621,0
orange_pos_001862_20260510_222222_752.png,120,40,0.621,0
orange_pos_001862_20260510_222222_752.png,140,40,2.575,0
orange_pos_001862_20260510_222222_752.png,0,60,0.928,0
orange_pos_001862_20260510_222222_752.png,20,60,0.696,0
orange_pos_001862_20260510_222222_752.png,40,60,13.686,0
orange_pos_001862_20260510_222222_752.png,60,60,8.124,0
orange_pos_001862_20260510_222222_752.png,80,60,0.621,0
orange_pos_001862_20260510_222222_752.png,100,60,0.621,0
orange_pos_001862_20260510_222222_752.png,120,60,0.653,0
orange_pos_001862_20260510_222222_752.png,140,60,5.539,0
orange_pos_001862_20260510_222222_752.png,0,80,0.768,0
orange_pos_001862_20260510_222222_752.png,20,80,0.621,0
orange_pos_001862_20260510_222222_752.png,40,80,10.610,0
orange_pos_001862_20260510_222222_752.png,60,80,6.770,0
orange_pos_001862_20260510_222222_752.png,80,80,0.621,0
orange_pos_001862_20260510_222222_752.png,100,80,0.771,0
orange_pos_001862_20260510_222222_752.png,120,80,0.821,0
orange_pos_001862_20260510_222222_752.png,140,80,2.658,0
orange_pos_001862_20260510_222222_752.png,0,100,0.760,0
orange_pos_001862_20260510_222222_752.png,20,100,0.712,0
orange_pos_001862_20260510_222222_752.png,40,100,6.320,0
orange_pos_001862_20260510_222222_752.png,60,100,3.602,0
orange_pos_001862_20260510_222222_752.png,80,100,0.621,0
orange_pos_001862_20260510_222222_752.png,100,100,0.642,0
orange_pos_001862_20260510_222222_752.png,120,100,1.138,0
orange_pos_001862_20260510_222222_752.png,140,100,2.228,0
orange_pos_001863_20260510_222224_689.png,0,0,29.167,0
orange_pos_001863_20260510_222224_689.png,20,0,3.000,0
orange_pos_001863_20260510_222224_689.png,40,0,36.482,0
orange_pos_001863_20260510_222224_689.png,60,0,56.404,0
orange_pos_001863_20260510_222224_689.png,80,0,23.547,0
orange_pos_001863_20260510_222224_689.png,100,0,10.668,0
orange_pos_001863_20260510_222224_689.png,120,0,12.502,0
orange_pos_001863_20260510_222224_689.png,140,0,32.750,0
orange_pos_001863_20260510_222224_689.png,0,20,19.958,0
orange_pos_001863_20260510_222224_689.png,20,20,3.190,0
orange_pos_001863_20260510_222224_689.png,40,20,26.836,0
orange_pos_001863_20260510_222224_689.png,60,20,27.137,0
orange_pos_001863_20260510_222224_689.png,80,20,1.728,0
orange_pos_001863_20260510_222224_689.png,100,20,0.621,0
orange_pos_001863_20260510_222224_689.png,120,20,0.621,0
orange_pos_001863_20260510_222224_689.png,140,20,12.931,0
orange_pos_001863_20260510_222224_689.png,0,40,1.649,0
orange_pos_001863_20260510_222224_689.png,20,40,3.928,0
orange_pos_001863_20260510_222224_689.png,40,40,35.379,0
orange_pos_001863_20260510_222224_689.png,60,40,26.565,0
orange_pos_001863_20260510_222224_689.png,80,40,0.621,0
orange_pos_001863_20260510_222224_689.png,100,40,0.621,0
orange_pos_001863_20260510_222224_689.png,120,40,0.621,0
orange_pos_001863_20260510_222224_689.png,140,40,14.802,0
orange_pos_001863_20260510_222224_689.png,0,60,1.617,0
orange_pos_001863_20260510_222224_689.png,20,60,5.512,0
orange_pos_001863_20260510_222224_689.png,40,60,34.303,0
orange_pos_001863_20260510_222224_689.png,60,60,23.242,0
orange_pos_001863_20260510_222224_689.png,80,60,1.287,0
orange_pos_001863_20260510_222224_689.png,100,60,0.621,0
orange_pos_001863_20260510_222224_689.png,120,60,1.421,0
orange_pos_001863_20260510_222224_689.png,140,60,16.649,0
orange_pos_001863_20260510_222224_689.png,0,80,2.793,0
orange_pos_001863_20260510_222224_689.png,20,80,3.076,0
orange_pos_001863_20260510_222224_689.png,40,80,37.272,0
orange_pos_001863_20260510_222224_689.png,60,80,22.482,0
orange_pos_001863_20260510_222224_689.png,80,80,0.884,0
orange_pos_001863_20260510_222224_689.png,100,80,4.410,0
orange_pos_001863_20260510_222224_689.png,120,80,9.476,0
orange_pos_001863_20260510_222224_689.png,140,80,21.406,0
orange_pos_001863_20260510_222224_689.png,0,100,2.258,0
orange_pos_001863_20260510_222224_689.png,20,100,8.793,0
orange_pos_001863_20260510_222224_689.png,40,100,57.425,0
orange_pos_001863_20260510_222224_689.png,60,100,36.033,0
orange_pos_001863_20260510_222224_689.png,80,100,12.339,0
orange_pos_001863_20260510_222224_689.png,100,100,18.392,0
orange_pos_001863_20260510_222224_689.png,120,100,26.123,0
orange_pos_001863_20260510_222224_689.png,140,100,41.858,0
orange_pos_001864_20260510_222225_064.png,0,0,46.159,0
orange_pos_001864_20260510_222225_064.png,20,0,6.381,0
orange_pos_001864_20260510_222225_064.png,40,0,29.404,0
orange_pos_001864_20260510_222225_064.png,60,0,49.318,0
orange_pos_001864_20260510_222225_064.png,80,0,27.338,0
orange_pos_001864_20260510_222225_064.png,100,0,17.578,0
orange_pos_001864_20260510_222225_064.png,120,0,21.297,0
orange_pos_001864_20260510_222225_064.png,140,0,29.192,0
orange_pos_001864_20260510_222225_064.png,0,20,23.893,0
orange_pos_001864_20260510_222225_064.png,20,20,2.385,0
orange_pos_001864_20260510_222225_064.png,40,20,23.588,0
orange_pos_001864_20260510_222225_064.png,60,20,30.490,0
orange_pos_001864_20260510_222225_064.png,80,20,3.733,0
orange_pos_001864_20260510_222225_064.png,100,20,0.621,0
orange_pos_001864_20260510_222225_064.png,120,20,1.484,0
orange_pos_001864_20260510_222225_064.png,140,20,19.390,0
orange_pos_001864_20260510_222225_064.png,0,40,1.448,0
orange_pos_001864_20260510_222225_064.png,20,40,0.637,0
orange_pos_001864_20260510_222225_064.png,40,40,28.317,0
orange_pos_001864_20260510_222225_064.png,60,40,26.498,0
orange_pos_001864_20260510_222225_064.png,80,40,0.725,0
orange_pos_001864_20260510_222225_064.png,100,40,0.621,0
orange_pos_001864_20260510_222225_064.png,120,40,0.885,0
orange_pos_001864_20260510_222225_064.png,140,40,20.650,0
orange_pos_001864_20260510_222225_064.png,0,60,1.225,0
orange_pos_001864_20260510_222225_064.png,20,60,0.836,0
orange_pos_001864_20260510_222225_064.png,40,60,28.682,0
orange_pos_001864_20260510_222225_064.png,60,60,20.954,0
orange_pos_001864_20260510_222225_064.png,80,60,2.529,0
orange_pos_001864_20260510_222225_064.png,100,60,1.574,0
orange_pos_001864_20260510_222225_064.png,120,60,3.560,0
orange_pos_001864_20260510_222225_064.png,140,60,14.593,0
orange_pos_001864_20260510_222225_064.png,0,80,1.330,0
orange_pos_001864_20260510_222225_064.png,20,80,1.230,0
orange_pos_001864_20260510_222225_064.png,40,80,31.340,0
orange_pos_001864_20260510_222225_064.png,60,80,20.490,0
orange_pos_001864_20260510_222225_064.png,80,80,1.755,0
orange_pos_001864_20260510_222225_064.png,100,80,5.392,0
orange_pos_001864_20260510_222225_064.png,120,80,10.412,0
orange_pos_001864_20260510_222225_064.png,140,80,18.359,0
orange_pos_001864_20260510_222225_064.png,0,100,1.085,0
orange_pos_001864_20260510_222225_064.png,20,100,3.469,0
orange_pos_001864_20260510_222225_064.png,40,100,21.022,0
orange_pos_001864_20260510_222225_064.png,60,100,12.583,0
orange_pos_001864_20260510_222225_064.png,80,100,5.605,0
orange_pos_001864_20260510_222225_064.png,100,100,6.338,0
orange_pos_001864_20260510_222225_064.png,120,100,9.214,0
orange_pos_001864_20260510_222225_064.png,140,100,12.020,0
orange_pos_001865_20260510_222226_997.png,0,0,57.972,0
orange_pos_001865_20260510_222226_997.png,20,0,12.533,0
orange_pos_001865_20260510_222226_997.png,40,0,39.833,0
orange_pos_001865_20260510_222226_997.png,60,0,65.041,1
orange_pos_001865_20260510_222226_997.png,80,0,38.945,0
orange_pos_001865_20260510_222226_997.png,100,0,29.795,0
orange_pos_001865_20260510_222226_997.png,120,0,30.267,0
orange_pos_001865_20260510_222226_997.png,140,0,42.809,0
orange_pos_001865_20260510_222226_997.png,0,20,29.895,0
orange_pos_001865_20260510_222226_997.png,20,20,4.431,0
orange_pos_001865_20260510_222226_997.png,40,20,31.336,0
orange_pos_001865_20260510_222226_997.png,60,20,37.215,0
orange_pos_001865_20260510_222226_997.png,80,20,5.108,0
orange_pos_001865_20260510_222226_997.png,100,20,0.631,0
orange_pos_001865_20260510_222226_997.png,120,20,2.172,0
orange_pos_001865_20260510_222226_997.png,140,20,27.557,0
orange_pos_001865_20260510_222226_997.png,0,40,2.187,0
orange_pos_001865_20260510_222226_997.png,20,40,4.061,0
orange_pos_001865_20260510_222226_997.png,40,40,40.354,0
orange_pos_001865_20260510_222226_997.png,60,40,35.701,0
orange_pos_001865_20260510_222226_997.png,80,40,1.022,0
orange_pos_001865_20260510_222226_997.png,100,40,0.621,0
orange_pos_001865_20260510_222226_997.png,120,40,1.228,0
orange_pos_001865_20260510_222226_997.png,140,40,32.479,0
orange_pos_001865_20260510_222226_997.png,0,60,2.030,0
orange_pos_001865_20260510_222226_997.png,20,60,2.832,0
orange_pos_001865_20260510_222226_997.png,40,60,37.663,0
orange_pos_001865_20260510_222226_997.png,60,60,27.905,0
orange_pos_001865_20260510_222226_997.png,80,60,4.371,0
orange_pos_001865_20260510_222226_997.png,100,60,1.206,0
orange_pos_001865_20260510_222226_997.png,120,60,7.054,0
orange_pos_001865_20260510_222226_997.png,140,60,25.515,0
orange_pos_001865_20260510_222226_997.png,0,80,3.364,0
orange_pos_001865_20260510_222226_997.png,20,80,3.638,0
orange_pos_001865_20260510_222226_997.png,40,80,50.995,0
orange_pos_001865_20260510_222226_997.png,60,80,34.855,0
orange_pos_001865_20260510_222226_997.png,80,80,7.727,0
orange_pos_001865_20260510_222226_997.png,100,80,14.231,0
orange_pos_001865_20260510_222226_997.png,120,80,23.088,0
orange_pos_001865_20260510_222226_997.png,140,80,36.553,0
orange_pos_001865_20260510_222226_997.png,0,100,1.775,0
orange_pos_001865_20260510_222226_997.png,20,100,7.243,0
orange_pos_001865_20260510_222226_997.png,40,100,51.590,0
orange_pos_001865_20260510_222226_997.png,60,100,35.983,0
orange_pos_001865_20260510_222226_997.png,80,100,19.207,0
orange_pos_001865_20260510_222226_997.png,100,100,23.030,0
orange_pos_001865_20260510_222226_997.png,120,100,32.034,0
orange_pos_001865_20260510_222226_997.png,140,100,41.196,0
orange_pos_001866_20260510_222227_362.png,0,0,47.442,0
orange_pos_001866_20260510_222227_362.png,20,0,13.244,0
orange_pos_001866_20260510_222227_362.png,40,0,35.958,0
orange_pos_001866_20260510_222227_362.png,60,0,58.944,0
orange_pos_001866_20260510_222227_362.png,80,0,32.233,0
orange_pos_001866_20260510_222227_362.png,100,0,18.723,0
orange_pos_001866_20260510_222227_362.png,120,0,21.454,0
orange_pos_001866_20260510_222227_362.png,140,0,35.545,0
orange_pos_001866_20260510_222227_362.png,0,20,29.724,0
orange_pos_001866_20260510_222227_362.png,20,20,10.989,0
orange_pos_001866_20260510_222227_362.png,40,20,36.402,0
orange_pos_001866_20260510_222227_362.png,60,20,44.062,0
orange_pos_001866_20260510_222227_362.png,80,20,4.670,0
orange_pos_001866_20260510_222227_362.png,100,20,0.621,0
orange_pos_001866_20260510_222227_362.png,120,20,1.152,0
orange_pos_001866_20260510_222227_362.png,140,20,31.893,0
orange_pos_001866_20260510_222227_362.png,0,40,1.782,0
orange_pos_001866_20260510_222227_362.png,20,40,7.704,0
orange_pos_001866_20260510_222227_362.png,40,40,34.934,0
orange_pos_001866_20260510_222227_362.png,60,40,27.389,0
orange_pos_001866_20260510_222227_362.png,80,40,0.685,0
orange_pos_001866_20260510_222227_362.png,100,40,0.621,0
orange_pos_001866_20260510_222227_362.png,120,40,0.636,0
orange_pos_001866_20260510_222227_362.png,140,40,22.130,0
orange_pos_001866_20260510_222227_362.png,0,60,1.969,0
orange_pos_001866_20260510_222227_362.png,20,60,3.824,0
orange_pos_001866_20260510_222227_362.png,40,60,41.377,0
orange_pos_001866_20260510_222227_362.png,60,60,28.208,0
orange_pos_001866_20260510_222227_362.png,80,60,1.935,0
orange_pos_001866_20260510_222227_362.png,100,60,0.635,0
orange_pos_001866_20260510_222227_362.png,120,60,3.978,0
orange_pos_001866_20260510_222227_362.png,140,60,22.821,0
orange_pos_001866_20260510_222227_362.png,0,80,5.488,0
orange_pos_001866_20260510_222227_362.png,20,80,6.514,0
orange_pos_001866_20260510_222227_362.png,40,80,47.904,0
orange_pos_001866_20260510_222227_362.png,60,80,31.419,0
orange_pos_001866_20260510_222227_362.png,80,80,5.353,0
orange_pos_001866_20260510_222227_362.png,100,80,12.865,0
orange_pos_001866_20260510_222227_362.png,120,80,20.353,0
orange_pos_001866_20260510_222227_362.png,140,80,35.522,0
orange_pos_001866_20260510_222227_362.png,0,100,1.956,0
orange_pos_001866_20260510_222227_362.png,20,100,6.495,0
orange_pos_001866_20260510_222227_362.png,40,100,47.705,0
orange_pos_001866_20260510_222227_362.png,60,100,33.373,0
orange_pos_001866_20260510_222227_362.png,80,100,16.014,0
orange_pos_001866_20260510_222227_362.png,100,100,19.129,0
orange_pos_001866_20260510_222227_362.png,120,100,27.187,0
orange_pos_001866_20260510_222227_362.png,140,100,36.145,0
orange_pos_001867_20260510_222229_080.png,0,0,3.113,0
orange_pos_001867_20260510_222229_080.png,20,0,0.621,0
orange_pos_001867_20260510_222229_080.png,40,0,2.202,0
orange_pos_001867_20260510_222229_080.png,60,0,1.788,0
orange_pos_001867_20260510_222229_080.png,80,0,0.705,0
orange_pos_001867_20260510_222229_080.png,100,0,0.621,0
orange_pos_001867_20260510_222229_080.png,120,0,0.621,0
orange_pos_001867_20260510_222229_080.png,140,0,0.621,0
orange_pos_001867_20260510_222229_080.png,0,20,2.070,0
orange_pos_001867_20260510_222229_080.png,20,20,0.621,0
orange_pos_001867_20260510_222229_080.png,40,20,0.803,0
orange_pos_001867_20260510_222229_080.png,60,20,0.705,0
orange_pos_001867_20260510_222229_080.png,80,20,0.621,0
orange_pos_001867_20260510_222229_080.png,100,20,0.621,0
orange_pos_001867_20260510_222229_080.png,120,20,0.621,0
orange_pos_001867_20260510_222229_080.png,140,20,0.621,0
orange_pos_001867_20260510_222229_080.png,0,40,0.621,0
orange_pos_001867_20260510_222229_080.png,20,40,0.621,0
orange_pos_001867_20260510_222229_080.png,40,40,1.237,0
orange_pos_001867_20260510_222229_080.png,60,40,0.622,0
orange_pos_001867_20260510_222229_080.png,80,40,0.621,0
orange_pos_001867_20260510_222229_080.png,100,40,0.621,0
orange_pos_001867_20260510_222229_080.png,120,40,0.621,0
orange_pos_001867_20260510_222229_080.png,140,40,0.621,0
orange_pos_001867_20260510_222229_080.png,0,60,0.626,0
orange_pos_001867_20260510_222229_080.png,20,60,0.621,0
orange_pos_001867_20260510_222229_080.png,40,60,2.082,0
orange_pos_001867_20260510_222229_080.png,60,60,0.868,0
orange_pos_001867_20260510_222229_080.png,80,60,0.621,0
orange_pos_001867_20260510_222229_080.png,100,60,0.621,0
orange_pos_001867_20260510_222229_080.png,120,60,0.621,0
orange_pos_001867_20260510_222229_080.png,140,60,0.621,0
orange_pos_001867_20260510_222229_080.png,0,80,0.621,0
orange_pos_001867_20260510_222229_080.png,20,80,0.621,0
orange_pos_001867_20260510_222229_080.png,40,80,0.687,0
orange_pos_001867_20260510_222229_080.png,60,80,0.621,0
orange_pos_001867_20260510_222229_080.png,80,80,0.621,0
orange_pos_001867_20260510_222229_080.png,100,80,0.621,0
orange_pos_001867_20260510_222229_080.png,120,80,0.621,0
orange_pos_001867_20260510_222229_080.png,140,80,0.621,0
orange_pos_001867_20260510_222229_080.png,0,100,0.621,0
orange_pos_001867_20260510_222229_080.png,20,100,0.621,0
orange_pos_001867_20260510_222229_080.png,40,100,0.778,0
orange_pos_001867_20260510_222229_080.png,60,100,0.869,0
orange_pos_001867_20260510_222229_080.png,80,100,0.621,0
orange_pos_001867_20260510_222229_080.png,100,100,0.621,0
orange_pos_001867_20260510_222229_080.png,120,100,0.621,0
orange_pos_001867_20260510_222229_080.png,140,100,0.621,0
orange_pos_001869_20260510_222229_433.png,0,0,10.802,0
orange_pos_001869_20260510_222229_433.png,20,0,0.621,0
orange_pos_001869_20260510_222229_433.png,40,0,6.865,0
orange_pos_001869_20260510_222229_433.png,60,0,10.066,0
orange_pos_001869_20260510_222229_433.png,80,0,2.104,0
orange_pos_001869_20260510_222229_433.png,100,0,0.733,0
orange_pos_001869_20260510_222229_433.png,120,0,0.711,0
orange_pos_001869_20260510_222229_433.png,140,0,0.829,0
orange_pos_001869_20260510_222229_433.png,0,20,8.047,0
orange_pos_001869_20260510_222229_433.png,20,20,2.149,0
orange_pos_001869_20260510_222229_433.png,40,20,10.738,0
orange_pos_001869_20260510_222229_433.png,60,20,12.001,0
orange_pos_001869_20260510_222229_433.png,80,20,1.184,0
orange_pos_001869_20260510_222229_433.png,100,20,0.621,0
orange_pos_001869_20260510_222229_433.png,120,20,0.621,0
orange_pos_001869_20260510_222229_433.png,140,20,6.254,0
orange_pos_001869_20260510_222229_433.png,0,40,0.986,0
orange_pos_001869_20260510_222229_433.png,20,40,1.026,0
orange_pos_001869_20260510_222229_433.png,40,40,15.199,0
orange_pos_001869_20260510_222229_433.png,60,40,10.246,0
orange_pos_001869_20260510_222229_433.png,80,40,0.621,0
orange_pos_001869_20260510_222229_433.png,100,40,0.621,0
orange_pos_001869_20260510_222229_433.png,120,40,0.621,0
orange_pos_001869_20260510_222229_433.png,140,40,5.247,0
orange_pos_001869_20260510_222229_433.png,0,60,0.819,0
orange_pos_001869_20260510_222229_433.png,20,60,0.804,0
orange_pos_001869_20260510_222229_433.png,40,60,12.619,0
orange_pos_001869_20260510_222229_433.png,60,60,7.391,0
orange_pos_001869_20260510_222229_433.png,80,60,0.621,0
orange_pos_001869_20260510_222229_433.png,100,60,0.621,0
orange_pos_001869_20260510_222229_433.png,120,60,0.621,0
orange_pos_001869_20260510_222229_433.png,140,60,3.396,0
orange_pos_001869_20260510_222229_433.png,0,80,0.796,0
orange_pos_001869_20260510_222229_433.png,20,80,0.621,0
orange_pos_001869_20260510_222229_433.png,40,80,9.617,0
orange_pos_001869_20260510_222229_433.png,60,80,5.129,0
orange_pos_001869_20260510_222229_433.png,80,80,0.621,0
orange_pos_001869_20260510_222229_433.png,100,80,0.621,0
orange_pos_001869_20260510_222229_433.png,120,80,0.885,0
orange_pos_001869_20260510_222229_433.png,140,80,2.355,0
orange_pos_001869_20260510_222229_433.png,0,100,0.647,0
orange_pos_001869_20260510_222229_433.png,20,100,0.772,0
orange_pos_001869_20260510_222229_433.png,40,100,5.715,0
orange_pos_001869_20260510_222229_433.png,60,100,3.325,0
orange_pos_001869_20260510_222229_433.png,80,100,0.621,0
orange_pos_001869_20260510_222229_433.png,100,100,0.621,0
orange_pos_001869_20260510_222229_433.png,120,100,0.956,0
orange_pos_001869_20260510_222229_433.png,140,100,1.516,0
orange_pos_001870_20260510_222231_225.png,0,0,17.142,0
orange_pos_001870_20260510_222231_225.png,20,0,1.369,0
orange_pos_001870_20260510_222231_225.png,40,0,13.745,0
orange_pos_001870_20260510_222231_225.png,60,0,21.143,0
orange_pos_001870_20260510_222231_225.png,80,0,6.652,0
orange_pos_001870_20260510_222231_225.png,100,0,3.435,0
orange_pos_001870_20260510_222231_225.png,120,0,2.085,0
orange_pos_001870_20260510_222231_225.png,140,0,6.653,0
orange_pos_001870_20260510_222231_225.png,0,20,14.494,0
orange_pos_001870_20260510_222231_225.png,20,20,0.621,0
orange_pos_001870_20260510_222231_225.png,40,20,9.992,0
orange_pos_001870_20260510_222231_225.png,60,20,12.314,0
orange_pos_001870_20260510_222231_225.png,80,20,1.021,0
orange_pos_001870_20260510_222231_225.png,100,20,0.621,0
orange_pos_001870_20260510_222231_225.png,120,20,0.621,0
orange_pos_001870_20260510_222231_225.png,140,20,6.446,0
orange_pos_001870_20260510_222231_225.png,0,40,0.777,0
orange_pos_001870_20260510_222231_225.png,20,40,0.621,0
orange_pos_001870_20260510_222231_225.png,40,40,11.271,0
orange_pos_001870_20260510_222231_225.png,60,40,6.576,0
orange_pos_001870_20260510_222231_225.png,80,40,0.621,0
orange_pos_001870_20260510_222231_225.png,100,40,0.621,0
orange_pos_001870_20260510_222231_225.png,120,40,0.621,0
orange_pos_001870_20260510_222231_225.png,140,40,3.624,0
orange_pos_001870_20260510_222231_225.png,0,60,0.901,0
orange_pos_001870_20260510_222231_225.png,20,60,0.621,0
orange_pos_001870_20260510_222231_225.png,40,60,15.420,0
orange_pos_001870_20260510_222231_225.png,60,60,10.104,0
orange_pos_001870_20260510_222231_225.png,80,60,0.621,0
orange_pos_001870_20260510_222231_225.png,100,60,0.621,0
orange_pos_001870_20260510_222231_225.png,120,60,0.701,0
orange_pos_001870_20260510_222231_225.png,140,60,4.783,0
orange_pos_001870_20260510_222231_225.png,0,80,0.832,0
orange_pos_001870_20260510_222231_225.png,20,80,0.646,0
orange_pos_001870_20260510_222231_225.png,40,80,15.643,0
orange_pos_001870_20260510_222231_225.png,60,80,10.324,0
orange_pos_001870_20260510_222231_225.png,80,80,0.623,0
orange_pos_001870_20260510_222231_225.png,100,80,2.012,0
orange_pos_001870_20260510_222231_225.png,120,80,2.698,0
orange_pos_001870_20260510_222231_225.png,140,80,8.875,0
orange_pos_001870_20260510_222231_225.png,0,100,0.961,0
orange_pos_001870_20260510_222231_225.png,20,100,2.844,0
orange_pos_001870_20260510_222231_225.png,40,100,19.126,0
orange_pos_001870_20260510_222231_225.png,60,100,12.839,0
orange_pos_001870_20260510_222231_225.png,80,100,3.029,0
orange_pos_001870_20260510_222231_225.png,100,100,5.958,0
orange_pos_001870_20260510_222231_225.png,120,100,7.983,0
orange_pos_001870_20260510_222231_225.png,140,100,10.956,0
orange_pos_001871_20260510_222231_612.png,0,0,6.702,0
orange_pos_001871_20260510_222231_612.png,20,0,2.390,0
orange_pos_001871_20260510_222231_612.png,40,0,7.926,0
orange_pos_001871_20260510_222231_612.png,60,0,11.326,0
orange_pos_001871_20260510_222231_612.png,80,0,2.387,0
orange_pos_001871_20260510_222231_612.png,100,0,1.126,0
orange_pos_001871_20260510_222231_612.png,120,0,1.361,0
orange_pos_001871_20260510_222231_612.png,140,0,2.067,0
orange_pos_001871_20260510_222231_612.png,0,20,8.678,0
orange_pos_001871_20260510_222231_612.png,20,20,0.994,0
orange_pos_001871_20260510_222231_612.png,40,20,6.458,0
orange_pos_001871_20260510_222231_612.png,60,20,6.136,0
orange_pos_001871_20260510_222231_612.png,80,20,0.776,0
orange_pos_001871_20260510_222231_612.png,100,20,0.621,0
orange_pos_001871_20260510_222231_612.png,120,20,0.621,0
orange_pos_001871_20260510_222231_612.png,140,20,1.599,0
orange_pos_001871_20260510_222231_612.png,0,40,0.702,0
orange_pos_001871_20260510_222231_612.png,20,40,0.637,0
orange_pos_001871_20260510_222231_612.png,40,40,7.607,0
orange_pos_001871_20260510_222231_612.png,60,40,4.299,0
orange_pos_001871_20260510_222231_612.png,80,40,0.621,0
orange_pos_001871_20260510_222231_612.png,100,40,0.621,0
orange_pos_001871_20260510_222231_612.png,120,40,0.621,0
orange_pos_001871_20260510_222231_612.png,140,40,2.064,0
orange_pos_001871_20260510_222231_612.png,0,60,0.744,0
orange_pos_001871_20260510_222231_612.png,20,60,0.621,0
orange_pos_001871_20260510_222231_612.png,40,60,9.515,0
orange_pos_001871_20260510_222231_612.png,60,60,4.626,0
orange_pos_001871_20260510_222231_612.png,80,60,0.621,0
orange_pos_001871_20260510_222231_612.png,100,60,0.621,0
orange_pos_001871_20260510_222231_612.png,120,60,0.621,0
orange_pos_001871_20260510_222231_612.png,140,60,1.840,0
orange_pos_001871_20260510_222231_612.png,0,80,0.731,0
orange_pos_001871_20260510_222231_612.png,20,80,0.621,0
orange_pos_001871_20260510_222231_612.png,40,80,8.861,0
orange_pos_001871_20260510_222231_612.png,60,80,5.089,0
orange_pos_001871_20260510_222231_612.png,80,80,0.621,0
orange_pos_001871_20260510_222231_612.png,100,80,0.621,0
orange_pos_001871_20260510_222231_612.png,120,80,1.017,0
orange_pos_001871_20260510_222231_612.png,140,80,3.067,0
orange_pos_001871_20260510_222231_612.png,0,100,0.680,0
orange_pos_001871_20260510_222231_612.png,20,100,1.704,0
orange_pos_001871_20260510_222231_612.png,40,100,9.400,0
orange_pos_001871_20260510_222231_612.png,60,100,5.474,0
orange_pos_001871_20260510_222231_612.png,80,100,1.472,0
orange_pos_001871_20260510_222231_612.png,100,100,1.643,0
orange_pos_001871_20260510_222231_612.png,120,100,2.692,0
orange_pos_001871_20260510_222231_612.png,140,100,3.657,0
orange_pos_001872_20260510_222235_727.png,0,0,38.208,0
orange_pos_001872_20260510_222235_727.png,20,0,11.746,0
orange_pos_001872_20260510_222235_727.png,40,0,30.370,0
orange_pos_001872_20260510_222235_727.png,60,0,49.570,0
orange_pos_001872_20260510_222235_727.png,80,0,23.024,0
orange_pos_001872_20260510_222235_727.png,100,0,11.300,0
orange_pos_001872_20260510_222235_727.png,120,0,14.869,0
orange_pos_001872_20260510_222235_727.png,140,0,27.119,0
orange_pos_001872_20260510_222235_727.png,0,20,23.702,0
orange_pos_001872_20260510_222235_727.png,20,20,6.113,0
orange_pos_001872_20260510_222235_727.png,40,20,30.572,0
orange_pos_001872_20260510_222235_727.png,60,20,34.253,0
orange_pos_001872_20260510_222235_727.png,80,20,2.911,0
orange_pos_001872_20260510_222235_727.png,100,20,0.621,0
orange_pos_001872_20260510_222235_727.png,120,20,0.788,0
orange_pos_001872_20260510_222235_727.png,140,20,20.292,0
orange_pos_001872_20260510_222235_727.png,0,40,1.497,0
orange_pos_001872_20260510_222235_727.png,20,40,6.256,0
orange_pos_001872_20260510_222235_727.png,40,40,32.951,0
orange_pos_001872_20260510_222235_727.png,60,40,23.869,0
orange_pos_001872_20260510_222235_727.png,80,40,0.639,0
orange_pos_001872_20260510_222235_727.png,100,40,0.621,0
orange_pos_001872_20260510_222235_727.png,120,40,0.621,0
orange_pos_001872_20260510_222235_727.png,140,40,17.871,0
orange_pos_001872_20260510_222235_727.png,0,60,1.600,0
orange_pos_001872_20260510_222235_727.png,20,60,3.192,0
orange_pos_001872_20260510_222235_727.png,40,60,34.643,0
orange_pos_001872_20260510_222235_727.png,60,60,25.709,0
orange_pos_001872_20260510_222235_727.png,80,60,1.042,0
orange_pos_001872_20260510_222235_727.png,100,60,0.642,0
orange_pos_001872_20260510_222235_727.png,120,60,2.011,0
orange_pos_001872_20260510_222235_727.png,140,60,20.405,0
orange_pos_001872_20260510_222235_727.png,0,80,2.132,0
orange_pos_001872_20260510_222235_727.png,20,80,2.183,0
orange_pos_001872_20260510_222235_727.png,40,80,36.343,0
orange_pos_001872_20260510_222235_727.png,60,80,20.782,0
orange_pos_001872_20260510_222235_727.png,80,80,1.895,0
orange_pos_001872_20260510_222235_727.png,100,80,3.401,0
orange_pos_001872_20260510_222235_727.png,120,80,11.437,0
orange_pos_001872_20260510_222235_727.png,140,80,21.094,0
orange_pos_001872_20260510_222235_727.png,0,100,1.559,0
orange_pos_001872_20260510_222235_727.png,20,100,5.307,0
orange_pos_001872_20260510_222235_727.png,40,100,34.630,0
orange_pos_001872_20260510_222235_727.png,60,100,21.740,0
orange_pos_001872_20260510_222235_727.png,80,100,7.925,0
orange_pos_001872_20260510_222235_727.png,100,100,11.800,0
orange_pos_001872_20260510_222235_727.png,120,100,17.171,0
orange_pos_001872_20260510_222235_727.png,140,100,22.943,0
orange_pos_001873_20260510_222237_827.png,0,0,10.652,0
orange_pos_001873_20260510_222237_827.png,20,0,0.824,0
orange_pos_001873_20260510_222237_827.png,40,0,6.839,0
orange_pos_001873_20260510_222237_827.png,60,0,8.204,0
orange_pos_001873_20260510_222237_827.png,80,0,3.036,0
orange_pos_001873_20260510_222237_827.png,100,0,0.839,0
orange_pos_001873_20260510_222237_827.png,120,0,0.790,0
orange_pos_001873_20260510_222237_827.png,140,0,1.235,0
orange_pos_001873_20260510_222237_827.png,0,20,8.433,0
orange_pos_001873_20260510_222237_827.png,20,20,0.621,0
orange_pos_001873_20260510_222237_827.png,40,20,4.401,0
orange_pos_001873_20260510_222237_827.png,60,20,3.735,0
orange_pos_001873_20260510_222237_827.png,80,20,0.658,0
orange_pos_001873_20260510_222237_827.png,100,20,0.621,0
orange_pos_001873_20260510_222237_827.png,120,20,0.621,0
orange_pos_001873_20260510_222237_827.png,140,20,0.839,0
orange_pos_001873_20260510_222237_827.png,0,40,0.677,0
orange_pos_001873_20260510_222237_827.png,20,40,0.653,0
orange_pos_001873_20260510_222237_827.png,40,40,3.296,0
orange_pos_001873_20260510_222237_827.png,60,40,2.967,0
orange_pos_001873_20260510_222237_827.png,80,40,0.621,0
orange_pos_001873_20260510_222237_827.png,100,40,0.621,0
orange_pos_001873_20260510_222237_827.png,120,40,0.621,0
orange_pos_001873_20260510_222237_827.png,140,40,0.757,0
orange_pos_001873_20260510_222237_827.png,0,60,0.717,0
orange_pos_001873_20260510_222237_827.png,20,60,0.621,0
orange_pos_001873_20260510_222237_827.png,40,60,7.514,0
orange_pos_001873_20260510_222237_827.png,60,60,3.563,0
orange_pos_001873_20260510_222237_827.png,80,60,0.621,0
orange_pos_001873_20260510_222237_827.png,100,60,0.621,0
orange_pos_001873_20260510_222237_827.png,120,60,0.625,0
orange_pos_001873_20260510_222237_827.png,140,60,1.062,0
orange_pos_001873_20260510_222237_827.png,0,80,0.627,0
orange_pos_001873_20260510_222237_827.png,20,80,0.621,0
orange_pos_001873_20260510_222237_827.png,40,80,2.751,0
orange_pos_001873_20260510_222237_827.png,60,80,1.211,0
orange_pos_001873_20260510_222237_827.png,80,80,0.621,0
orange_pos_001873_20260510_222237_827.png,100,80,0.621,0
orange_pos_001873_20260510_222237_827.png,120,80,0.621,0
orange_pos_001873_20260510_222237_827.png,140,80,0.689,0
orange_pos_001873_20260510_222237_827.png,0,100,0.621,0
orange_pos_001873_20260510_222237_827.png,20,100,0.765,0
orange_pos_001873_20260510_222237_827.png,40,100,2.243,0
orange_pos_001873_20260510_222237_827.png,60,100,1.342,0
orange_pos_001873_20260510_222237_827.png,80,100,0.621,0
orange_pos_001873_20260510_222237_827.png,100,100,0.621,0
orange_pos_001873_20260510_222237_827.png,120,100,0.745,0
orange_pos_001873_20260510_222237_827.png,140,100,0.909,0
orange_pos_001874_20260510_222238_138.png,0,0,33.820,0
orange_pos_001874_20260510_222238_138.png,20,0,9.400,0
orange_pos_001874_20260510_222238_138.png,40,0,28.137,0
orange_pos_001874_20260510_222238_138.png,60,0,45.370,0
orange_pos_001874_20260510_222238_138.png,80,0,18.299,0
orange_pos_001874_20260510_222238_138.png,100,0,7.926,0
orange_pos_001874_20260510_222238_138.png,120,0,10.854,0
orange_pos_001874_20260510_222238_138.png,140,0,20.216,0
orange_pos_001874_20260510_222238_138.png,0,20,23.829,0
orange_pos_001874_20260510_222238_138.png,20,20,11.701,0
orange_pos_001874_20260510_222238_138.png,40,20,31.863,0
orange_pos_001874_20260510_222238_138.png,60,20,35.640,0
orange_pos_001874_20260510_222238_138.png,80,20,3.405,0
orange_pos_001874_20260510_222238_138.png,100,20,0.621,0
orange_pos_001874_20260510_222238_138.png,120,20,0.938,0
orange_pos_001874_20260510_222238_138.png,140,20,22.068,0
orange_pos_001874_20260510_222238_138.png,0,40,1.640,0
orange_pos_001874_20260510_222238_138.png,20,40,8.211,0
orange_pos_001874_20260510_222238_138.png,40,40,38.978,0
orange_pos_001874_20260510_222238_138.png,60,40,29.949,0
orange_pos_001874_20260510_222238_138.png,80,40,0.623,0
orange_pos_001874_20260510_222238_138.png,100,40,0.621,0
orange_pos_001874_20260510_222238_138.png,120,40,0.621,0
orange_pos_001874_20260510_222238_138.png,140,40,22.985,0
orange_pos_001874_20260510_222238_138.png,0,60,2.143,0
orange_pos_001874_20260510_222238_138.png,20,60,5.932,0
orange_pos_001874_20260510_222238_138.png,40,60,37.593,0
orange_pos_001874_20260510_222238_138.png,60,60,24.822,0
orange_pos_001874_20260510_222238_138.png,80,60,2.215,0
orange_pos_001874_20260510_222238_138.png,100,60,0.775,0
orange_pos_001874_20260510_222238_138.png,120,60,3.223,0
orange_pos_001874_20260510_222238_138.png,140,60,21.635,0
orange_pos_001874_20260510_222238_138.png,0,80,1.706,0
orange_pos_001874_20260510_222238_138.png,20,80,2.422,0
orange_pos_001874_20260510_222238_138.png,40,80,36.766,0
orange_pos_001874_20260510_222238_138.png,60,80,22.224,0
orange_pos_001874_20260510_222238_138.png,80,80,1.422,0
orange_pos_001874_20260510_222238_138.png,100,80,4.097,0
orange_pos_001874_20260510_222238_138.png,120,80,12.290,0
orange_pos_001874_20260510_222238_138.png,140,80,23.568,0
orange_pos_001874_20260510_222238_138.png,0,100,1.673,0
orange_pos_001874_20260510_222238_138.png,20,100,6.729,0
orange_pos_001874_20260510_222238_138.png,40,100,44.379,0
orange_pos_001874_20260510_222238_138.png,60,100,30.444,0
orange_pos_001874_20260510_222238_138.png,80,100,12.521,0
orange_pos_001874_20260510_222238_138.png,100,100,18.122,0
orange_pos_001874_20260510_222238_138.png,120,100,25.106,0
orange_pos_001874_20260510_222238_138.png,140,100,33.914,0
orange_pos_001875_20260510_222240_280.png,0,0,13.225,0
orange_pos_001875_20260510_222240_280.png,20,0,1.100,0
orange_pos_001875_20260510_222240_280.png,40,0,10.985,0
orange_pos_001875_20260510_222240_280.png,60,0,15.042,0
orange_pos_001875_20260510_222240_280.png,80,0,3.400,0
orange_pos_001875_20260510_222240_280.png,100,0,1.256,0
orange_pos_001875_20260510_222240_280.png,120,0,1.087,0
orange_pos_001875_20260510_222240_280.png,140,0,3.102,0
orange_pos_001875_20260510_222240_280.png,0,20,11.266,0
orange_pos_001875_20260510_222240_280.png,20,20,0.853,0
orange_pos_001875_20260510_222240_280.png,40,20,7.482,0
orange_pos_001875_20260510_222240_280.png,60,20,7.912,0
orange_pos_001875_20260510_222240_280.png,80,20,0.621,0
orange_pos_001875_20260510_222240_280.png,100,20,0.621,0
orange_pos_001875_20260510_222240_280.png,120,20,0.621,0
orange_pos_001875_20260510_222240_280.png,140,20,2.128,0
orange_pos_001875_20260510_222240_280.png,0,40,0.852,0
orange_pos_001875_20260510_222240_280.png,20,40,0.737,0
orange_pos_001875_20260510_222240_280.png,40,40,8.549,0
orange_pos_001875_20260510_222240_280.png,60,40,6.159,0
orange_pos_001875_20260510_222240_280.png,80,40,0.621,0
orange_pos_001875_20260510_222240_280.png,100,40,0.621,0
orange_pos_001875_20260510_222240_280.png,120,40,0.621,0
orange_pos_001875_20260510_222240_280.png,140,40,2.893,0
orange_pos_001875_20260510_222240_280.png,0,60,0.854,0
orange_pos_001875_20260510_222240_280.png,20,60,0.621,0
orange_pos_001875_20260510_222240_280.png,40,60,15.881,0
orange_pos_001875_20260510_222240_280.png,60,60,8.882,0
orange_pos_001875_20260510_222240_280.png,80,60,0.621,0
orange_pos_001875_20260510_222240_280.png,100,60,0.623,0
orange_pos_001875_20260510_222240_280.png,120,60,0.622,0
orange_pos_001875_20260510_222240_280.png,140,60,5.522,0
orange_pos_001875_20260510_222240_280.png,0,80,0.703,0
orange_pos_001875_20260510_222240_280.png,20,80,0.792,0
orange_pos_001875_20260510_222240_280.png,40,80,10.475,0
orange_pos_001875_20260510_222240_280.png,60,80,4.378,0
orange_pos_001875_20260510_222240_280.png,80,80,0.621,0
orange_pos_001875_20260510_222240_280.png,100,80,0.735,0
orange_pos_001875_20260510_222240_280.png,120,80,0.991,0
orange_pos_001875_20260510_222240_280.png,140,80,2.621,0
orange_pos_001875_20260510_222240_280.png,0,100,0.683,0
orange_pos_001875_20260510_222240_280.png,20,100,1.311,0
orange_pos_001875_20260510_222240_280.png,40,100,7.678,0
orange_pos_001875_20260510_222240_280.png,60,100,3.508,0
orange_pos_001875_20260510_222240_280.png,80,100,0.639,0
orange_pos_001875_20260510_222240_280.png,100,100,0.758,0
orange_pos_001875_20260510_222240_280.png,120,100,1.877,0
orange_pos_001875_20260510_222240_280.png,140,100,3.754,0
orange_pos_001876_20260510_222240_662.png,0,0,16.530,0
orange_pos_001876_20260510_222240_662.png,20,0,1.620,0
orange_pos_001876_20260510_222240_662.png,40,0,12.260,0
orange_pos_001876_20260510_222240_662.png,60,0,18.068,0
orange_pos_001876_20260510_222240_662.png,80,0,9.226,0
orange_pos_001876_20260510_222240_662.png,100,0,3.528,0
orange_pos_001876_20260510_222240_662.png,120,0,3.803,0
orange_pos_001876_20260510_222240_662.png,140,0,7.323,0
orange_pos_001876_20260510_222240_662.png,0,20,16.990,0
orange_pos_001876_20260510_222240_662.png,20,20,1.607,0
orange_pos_001876_20260510_222240_662.png,40,20,11.143,0
orange_pos_001876_20260510_222240_662.png,60,20,11.893,0
orange_pos_001876_20260510_222240_662.png,80,20,1.347,0
orange_pos_001876_20260510_222240_662.png,100,20,0.621,0
orange_pos_001876_20260510_222240_662.png,120,20,0.627,0
orange_pos_001876_20260510_222240_662.png,140,20,5.387,0
orange_pos_001876_20260510_222240_662.png,0,40,0.982,0
orange_pos_001876_20260510_222240_662.png,20,40,0.637,0
orange_pos_001876_20260510_222240_662.png,40,40,14.313,0
orange_pos_001876_20260510_222240_662.png,60,40,9.365,0
orange_pos_001876_20260510_222240_662.png,80,40,0.621,0
orange_pos_001876_20260510_222240_662.png,100,40,0.621,0
orange_pos_001876_20260510_222240_662.png,120,40,0.621,0
orange_pos_001876_20260510_222240_662.png,140,40,5.818,0
orange_pos_001876_20260510_222240_662.png,0,60,0.980,0
orange_pos_001876_20260510_222240_662.png,20,60,0.621,0
orange_pos_001876_20260510_222240_662.png,40,60,15.598,0
orange_pos_001876_20260510_222240_662.png,60,60,10.345,0
orange_pos_001876_20260510_222240_662.png,80,60,0.621,0
orange_pos_001876_20260510_222240_662.png,100,60,0.621,0
orange_pos_001876_20260510_222240_662.png,120,60,0.621,0
orange_pos_001876_20260510_222240_662.png,140,60,5.712,0
orange_pos_001876_20260510_222240_662.png,0,80,0.708,0
orange_pos_001876_20260510_222240_662.png,20,80,0.628,0
orange_pos_001876_20260510_222240_662.png,40,80,10.178,0
orange_pos_001876_20260510_222240_662.png,60,80,5.365,0
orange_pos_001876_20260510_222240_662.png,80,80,0.621,0
orange_pos_001876_20260510_222240_662.png,100,80,0.651,0
orange_pos_001876_20260510_222240_662.png,120,80,0.988,0
orange_pos_001876_20260510_222240_662.png,140,80,2.536,0
orange_pos_001876_20260510_222240_662.png,0,100,0.937,0
orange_pos_001876_20260510_222240_662.png,20,100,2.454,0
orange_pos_001876_20260510_222240_662.png,40,100,20.699,0
orange_pos_001876_20260510_222240_662.png,60,100,10.478,0
orange_pos_001876_20260510_222240_662.png,80,100,1.987,0
orange_pos_001876_20260510_222240_662.png,100,100,4.164,0
orange_pos_001876_20260510_222240_662.png,120,100,7.050,0
orange_pos_001876_20260510_222240_662.png,140,100,9.053,0
orange_pos_001877_20260510_222242_652.png,0,0,44.086,0
orange_pos_001877_20260510_222242_652.png,20,0,19.386,0
orange_pos_001877_20260510_222242_652.png,40,0,33.147,0
orange_pos_001877_20260510_222242_652.png,60,0,53.972,0
orange_pos_001877_20260510_222242_652.png,80,0,27.601,0
orange_pos_001877_20260510_222242_652.png,100,0,14.342,0
orange_pos_001877_20260510_222242_652.png,120,0,18.458,0
orange_pos_001877_20260510_222242_652.png,140,0,31.517,0
orange_pos_001877_20260510_222242_652.png,0,20,30.925,0
orange_pos_001877_20260510_222242_652.png,20,20,16.745,0
orange_pos_001877_20260510_222242_652.png,40,20,35.199,0
orange_pos_001877_20260510_222242_652.png,60,20,38.094,0
orange_pos_001877_20260510_222242_652.png,80,20,3.671,0
orange_pos_001877_20260510_222242_652.png,100,20,0.621,0
orange_pos_001877_20260510_222242_652.png,120,20,0.972,0
orange_pos_001877_20260510_222242_652.png,140,20,25.406,0
orange_pos_001877_20260510_222242_652.png,0,40,1.700,0
orange_pos_001877_20260510_222242_652.png,20,40,7.636,0
orange_pos_001877_20260510_222242_652.png,40,40,32.903,0
orange_pos_001877_20260510_222242_652.png,60,40,25.845,0
orange_pos_001877_20260510_222242_652.png,80,40,0.621,0
orange_pos_001877_20260510_222242_652.png,100,40,0.621,0
orange_pos_001877_20260510_222242_652.png,120,40,0.621,0
orange_pos_001877_20260510_222242_652.png,140,40,17.133,0
orange_pos_001877_20260510_222242_652.png,0,60,2.689,0
orange_pos_001877_20260510_222242_652.png,20,60,12.353,0
orange_pos_001877_20260510_222242_652.png,40,60,46.580,0
orange_pos_001877_20260510_222242_652.png,60,60,33.711,0
orange_pos_001877_20260510_222242_652.png,80,60,2.741,0
orange_pos_001877_20260510_222242_652.png,100,60,1.022,0
orange_pos_001877_20260510_222242_652.png,120,60,4.394,0
orange_pos_001877_20260510_222242_652.png,140,60,29.724,0
orange_pos_001877_20260510_222242_652.png,0,80,4.617,0
orange_pos_001877_20260510_222242_652.png,20,80,7.635,0
orange_pos_001877_20260510_222242_652.png,40,80,43.268,0
orange_pos_001877_20260510_222242_652.png,60,80,28.386,0
orange_pos_001877_20260510_222242_652.png,80,80,3.100,0
orange_pos_001877_20260510_222242_652.png,100,80,7.345,0
orange_pos_001877_20260510_222242_652.png,120,80,16.566,0
orange_pos_001877_20260510_222242_652.png,140,80,32.423,0
orange_pos_001877_20260510_222242_652.png,0,100,1.913,0
orange_pos_001877_20260510_222242_652.png,20,100,7.877,0
orange_pos_001877_20260510_222242_652.png,40,100,51.915,0
orange_pos_001877_20260510_222242_652.png,60,100,35.952,0
orange_pos_001877_20260510_222242_652.png,80,100,16.253,0
orange_pos_001877_20260510_222242_652.png,100,100,20.663,0
orange_pos_001877_20260510_222242_652.png,120,100,29.005,0
orange_pos_001877_20260510_222242_652.png,140,100,37.474,0
orange_pos_001878_20260510_222246_774.png,0,0,12.453,0
orange_pos_001878_20260510_222246_774.png,20,0,1.703,0
orange_pos_001878_20260510_222246_774.png,40,0,13.078,0
orange_pos_001878_20260510_222246_774.png,60,0,19.204,0
orange_pos_001878_20260510_222246_774.png,80,0,5.622,0
orange_pos_001878_20260510_222246_774.png,100,0,2.335,0
orange_pos_001878_20260510_222246_774.png,120,0,2.608,0
orange_pos_001878_20260510_222246_774.png,140,0,4.514,0
orange_pos_001878_20260510_222246_774.png,0,20,15.451,0
orange_pos_001878_20260510_222246_774.png,20,20,1.429,0
orange_pos_001878_20260510_222246_774.png,40,20,9.058,0
orange_pos_001878_20260510_222246_774.png,60,20,7.072,0
orange_pos_001878_20260510_222246_774.png,80,20,0.664,0
orange_pos_001878_20260510_222246_774.png,100,20,0.621,0
orange_pos_001878_20260510_222246_774.png,120,20,0.621,0
orange_pos_001878_20260510_222246_774.png,140,20,2.926,0
orange_pos_001878_20260510_222246_774.png,0,40,0.719,0
orange_pos_001878_20260510_222246_774.png,20,40,1.536,0
orange_pos_001878_20260510_222246_774.png,40,40,10.282,0
orange_pos_001878_20260510_222246_774.png,60,40,5.845,0
orange_pos_001878_20260510_222246_774.png,80,40,0.621,0
orange_pos_001878_20260510_222246_774.png,100,40,0.621,0
orange_pos_001878_20260510_222246_774.png,120,40,0.621,0
orange_pos_001878_20260510_222246_774.png,140,40,2.341,0
orange_pos_001878_20260510_222246_774.png,0,60,0.764,0
orange_pos_001878_20260510_222246_774.png,20,60,0.621,0
orange_pos_001878_20260510_222246_774.png,40,60,11.540,0
orange_pos_001878_20260510_222246_774.png,60,60,7.453,0
orange_pos_001878_20260510_222246_774.png,80,60,0.622,0
orange_pos_001878_20260510_222246_774.png,100,60,0.621,0
orange_pos_001878_20260510_222246_774.png,120,60,0.627,0
orange_pos_001878_20260510_222246_774.png,140,60,4.155,0
orange_pos_001878_20260510_222246_774.png,0,80,1.427,0
orange_pos_001878_20260510_222246_774.png,20,80,2.041,0
orange_pos_001878_20260510_222246_774.png,40,80,16.962,0
orange_pos_001878_20260510_222246_774.png,60,80,8.842,0
orange_pos_001878_20260510_222246_774.png,80,80,0.621,0
orange_pos_001878_20260510_222246_774.png,100,80,1.091,0
orange_pos_001878_20260510_222246_774.png,120,80,2.309,0
orange_pos_001878_20260510_222246_774.png,140,80,7.738,0
orange_pos_001878_20260510_222246_774.png,0,100,0.828,0
orange_pos_001878_20260510_222246_774.png,20,100,2.767,0
orange_pos_001878_20260510_222246_774.png,40,100,15.195,0
orange_pos_001878_20260510_222246_774.png,60,100,8.602,0
orange_pos_001878_20260510_222246_774.png,80,100,2.293,0
orange_pos_001878_20260510_222246_774.png,100,100,2.680,0
orange_pos_001878_20260510_222246_774.png,120,100,3.909,0
orange_pos_001878_20260510_222246_774.png,140,100,5.957,0
orange_pos_001879_20260510_222249_578.png,0,0,15.583,0
orange_pos_001879_20260510_222249_578.png,20,0,8.585,0
orange_pos_001879_20260510_222249_578.png,40,0,14.462,0
orange_pos_001879_20260510_222249_578.png,60,0,22.585,0
orange_pos_001879_20260510_222249_578.png,80,0,8.961,0
orange_pos_001879_20260510_222249_578.png,100,0,3.981,0
orange_pos_001879_20260510_222249_578.png,120,0,5.253,0
orange_pos_001879_20260510_222249_578.png,140,0,10.793,0
orange_pos_001879_20260510_222249_578.png,0,20,12.427,0
orange_pos_001879_20260510_222249_578.png,20,20,2.708,0
orange_pos_001879_20260510_222249_578.png,40,20,11.140,0
orange_pos_001879_20260510_222249_578.png,60,20,10.403,0
orange_pos_001879_20260510_222249_578.png,80,20,0.738,0
orange_pos_001879_20260510_222249_578.png,100,20,0.621,0
orange_pos_001879_20260510_222249_578.png,120,20,0.621,0
orange_pos_001879_20260510_222249_578.png,140,20,3.606,0
orange_pos_001879_20260510_222249_578.png,0,40,1.053,0
orange_pos_001879_20260510_222249_578.png,20,40,6.330,0
orange_pos_001879_20260510_222249_578.png,40,40,18.627,0
orange_pos_001879_20260510_222249_578.png,60,40,12.125,0
orange_pos_001879_20260510_222249_578.png,80,40,0.621,0
orange_pos_001879_20260510_222249_578.png,100,40,0.621,0
orange_pos_001879_20260510_222249_578.png,120,40,0.621,0
orange_pos_001879_20260510_222249_578.png,140,40,7.674,0
orange_pos_001879_20260510_222249_578.png,0,60,0.951,0
orange_pos_001879_20260510_222249_578.png,20,60,2.366,0
orange_pos_001879_20260510_222249_578.png,40,60,20.763,0
orange_pos_001879_20260510_222249_578.png,60,60,12.103,0
orange_pos_001879_20260510_222249_578.png,80,60,0.621,0
orange_pos_001879_20260510_222249_578.png,100,60,0.621,0
orange_pos_001879_20260510_222249_578.png,120,60,0.906,0
orange_pos_001879_20260510_222249_578.png,140,60,6.606,0
orange_pos_001879_20260510_222249_578.png,0,80,1.377,0
orange_pos_001879_20260510_222249_578.png,20,80,2.146,0
orange_pos_001879_20260510_222249_578.png,40,80,14.882,0
orange_pos_001879_20260510_222249_578.png,60,80,8.223,0
orange_pos_001879_20260510_222249_578.png,80,80,0.657,0
orange_pos_001879_20260510_222249_578.png,100,80,0.930,0
orange_pos_001879_20260510_222249_578.png,120,80,2.526,0
orange_pos_001879_20260510_222249_578.png,140,80,7.418,0
orange_pos_001879_20260510_222249_578.png,0,100,1.016,0
orange_pos_001879_20260510_222249_578.png,20,100,3.119,0
orange_pos_001879_20260510_222249_578.png,40,100,21.792,0
orange_pos_001879_20260510_222249_578.png,60,100,12.573,0
orange_pos_001879_20260510_222249_578.png,80,100,2.848,0
orange_pos_001879_20260510_222249_578.png,100,100,4.671,0
orange_pos_001879_20260510_222249_578.png,120,100,7.082,0
orange_pos_001879_20260510_222249_578.png,140,100,12.229,0
orange_pos_001880_20260510_222251_521.png,0,0,27.854,0
orange_pos_001880_20260510_222251_521.png,20,0,2.634,0
orange_pos_001880_20260510_222251_521.png,40,0,18.452,0
orange_pos_001880_20260510_222251_521.png,60,0,29.122,0
orange_pos_001880_20260510_222251_521.png,80,0,13.780,0
orange_pos_001880_20260510_222251_521.png,100,0,9.060,0
orange_pos_001880_20260510_222251_521.png,120,0,6.658,0
orange_pos_001880_20260510_222251_521.png,140,0,8.472,0
orange_pos_001880_20260510_222251_521.png,0,20,19.636,0
orange_pos_001880_20260510_222251_521.png,20,20,0.716,0
orange_pos_001880_20260510_222251_521.png,40,20,17.925,0
orange_pos_001880_20260510_222251_521.png,60,20,20.047,0
orange_pos_001880_20260510_222251_521.png,80,20,1.651,0
orange_pos_001880_20260510_222251_521.png,100,20,0.621,0
orange_pos_001880_20260510_222251_521.png,120,20,0.867,0
orange_pos_001880_20260510_222251_521.png,140,20,11.067,0
orange_pos_001880_20260510_222251_521.png,0,40,1.006,0
orange_pos_001880_20260510_222251_521.png,20,40,0.633,0
orange_pos_001880_20260510_222251_521.png,40,40,17.719,0
orange_pos_001880_20260510_222251_521.png,60,40,12.305,0
orange_pos_001880_20260510_222251_521.png,80,40,0.621,0
orange_pos_001880_20260510_222251_521.png,100,40,0.621,0
orange_pos_001880_20260510_222251_521.png,120,40,0.621,0
orange_pos_001880_20260510_222251_521.png,140,40,9.266,0
orange_pos_001880_20260510_222251_521.png,0,60,1.221,0
orange_pos_001880_20260510_222251_521.png,20,60,0.725,0
orange_pos_001880_20260510_222251_521.png,40,60,18.174,0
orange_pos_001880_20260510_222251_521.png,60,60,12.891,0
orange_pos_001880_20260510_222251_521.png,80,60,0.887,0
orange_pos_001880_20260510_222251_521.png,100,60,0.623,0
orange_pos_001880_20260510_222251_521.png,120,60,1.106,0
orange_pos_001880_20260510_222251_521.png,140,60,7.822,0
orange_pos_001880_20260510_222251_521.png,0,80,0.987,0
orange_pos_001880_20260510_222251_521.png,20,80,0.859,0
orange_pos_001880_20260510_222251_521.png,40,80,19.389,0
orange_pos_001880_20260510_222251_521.png,60,80,12.702,0
orange_pos_001880_20260510_222251_521.png,80,80,1.116,0
orange_pos_001880_20260510_222251_521.png,100,80,2.646,0
orange_pos_001880_20260510_222251_521.png,120,80,4.690,0
orange_pos_001880_20260510_222251_521.png,140,80,11.197,0
orange_pos_001880_20260510_222251_521.png,0,100,0.903,0
orange_pos_001880_20260510_222251_521.png,20,100,3.033,0
orange_pos_001880_20260510_222251_521.png,40,100,17.824,0
orange_pos_001880_20260510_222251_521.png,60,100,10.384,0
orange_pos_001880_20260510_222251_521.png,80,100,2.742,0
orange_pos_001880_20260510_222251_521.png,100,100,4.708,0
orange_pos_001880_20260510_222251_521.png,120,100,7.671,0
orange_pos_001880_20260510_222251_521.png,140,100,10.522,0
orange_pos_001881_20260510_222253_511.png,0,0,32.263,0
orange_pos_001881_20260510_222253_511.png,20,0,3.376,0
orange_pos_001881_20260510_222253_511.png,40,0,17.890,0
orange_pos_001881_20260510_222253_511.png,60,0,36.469,0
orange_pos_001881_20260510_222253_511.png,80,0,17.643,0
orange_pos_001881_20260510_222253_511.png,100,0,9.336,0
orange_pos_001881_20260510_222253_511.png,120,0,11.614,0
orange_pos_001881_20260510_222253_511.png,140,0,20.632,0
orange_pos_001881_20260510_222253_511.png,0,20,18.044,0
orange_pos_001881_20260510_222253_511.png,20,20,1.759,0
orange_pos_001881_20260510_222253_511.png,40,20,18.419,0
orange_pos_001881_20260510_222253_511.png,60,20,20.025,0
orange_pos_001881_20260510_222253_511.png,80,20,1.279,0
orange_pos_001881_20260510_222253_511.png,100,20,0.621,0
orange_pos_001881_20260510_222253_511.png,120,20,0.621,0
orange_pos_001881_20260510_222253_511.png,140,20,11.548,0
orange_pos_001881_20260510_222253_511.png,0,40,0.952,0
orange_pos_001881_20260510_222253_511.png,20,40,0.639,0
orange_pos_001881_20260510_222253_511.png,40,40,17.057,0
orange_pos_001881_20260510_222253_511.png,60,40,11.907,0
orange_pos_001881_20260510_222253_511.png,80,40,0.621,0
orange_pos_001881_20260510_222253_511.png,100,40,0.621,0
orange_pos_001881_20260510_222253_511.png,120,40,0.621,0
orange_pos_001881_20260510_222253_511.png,140,40,7.759,0
orange_pos_001881_20260510_222253_511.png,0,60,1.633,0
orange_pos_001881_20260510_222253_511.png,20,60,1.544,0
orange_pos_001881_20260510_222253_511.png,40,60,28.287,0
orange_pos_001881_20260510_222253_511.png,60,60,18.097,0
orange_pos_001881_20260510_222253_511.png,80,60,0.942,0
orange_pos_001881_20260510_222253_511.png,100,60,0.621,0
orange_pos_001881_20260510_222253_511.png,120,60,1.365,0
orange_pos_001881_20260510_222253_511.png,140,60,15.844,0
orange_pos_001881_20260510_222253_511.png,0,80,1.298,0
orange_pos_001881_20260510_222253_511.png,20,80,1.059,0
orange_pos_001881_20260510_222253_511.png,40,80,26.949,0
orange_pos_001881_20260510_222253_511.png,60,80,15.515,0
orange_pos_001881_20260510_222253_511.png,80,80,1.085,0
orange_pos_001881_20260510_222253_511.png,100,80,2.457,0
orange_pos_001881_20260510_222253_511.png,120,80,6.852,0
orange_pos_001881_20260510_222253_511.png,140,80,15.572,0
orange_pos_001881_20260510_222253_511.png,0,100,1.304,0
orange_pos_001881_20260510_222253_511.png,20,100,4.680,0
orange_pos_001881_20260510_222253_511.png,40,100,32.326,0
orange_pos_001881_20260510_222253_511.png,60,100,20.357,0
orange_pos_001881_20260510_222253_511.png,80,100,7.473,0
orange_pos_001881_20260510_222253_511.png,100,100,8.535,0
orange_pos_001881_20260510_222253_511.png,120,100,14.128,0
orange_pos_001881_20260510_222253_511.png,140,100,19.872,0
orange_pos_001882_20260510_222253_869.png,0,0,0.621,0
orange_pos_001882_20260510_222253_869.png,20,0,0.621,0
orange_pos_001882_20260510_222253_869.png,40,0,0.621,0
orange_pos_001882_20260510_222253_869.png,60,0,0.621,0
orange_pos_001882_20260510_222253_869.png,80,0,0.621,0
orange_pos_001882_20260510_222253_869.png,100,0,0.621,0
orange_pos_001882_20260510_222253_869.png,120,0,0.621,0
orange_pos_001882_20260510_222253_869.png,140,0,0.621,0
orange_pos_001882_20260510_222253_869.png,0,20,0.622,0
orange_pos_001882_20260510_222253_869.png,20,20,0.621,0
orange_pos_001882_20260510_222253_869.png,40,20,1.943,0
orange_pos_001882_20260510_222253_869.png,60,20,2.123,0
orange_pos_001882_20260510_222253_869.png,80,20,0.621,0
orange_pos_001882_20260510_222253_869.png,100,20,0.621,0
orange_pos_001882_20260510_222253_869.png,120,20,0.621,0
orange_pos_001882_20260510_222253_869.png,140,20,0.621,0
orange_pos_001882_20260510_222253_869.png,0,40,0.624,0
orange_pos_001882_20260510_222253_869.png,20,40,0.621,0
orange_pos_001882_20260510_222253_869.png,40,40,3.570,0
orange_pos_001882_20260510_222253_869.png,60,40,1.654,0
orange_pos_001882_20260510_222253_869.png,80,40,0.621,0
orange_pos_001882_20260510_222253_869.png,100,40,0.621,0
orange_pos_001882_20260510_222253_869.png,120,40,0.621,0
orange_pos_001882_20260510_222253_869.png,140,40,0.700,0
orange_pos_001882_20260510_222253_869.png,0,60,0.621,0
orange_pos_001882_20260510_222253_869.png,20,60,0.621,0
orange_pos_001882_20260510_222253_869.png,40,60,1.679,0
orange_pos_001882_20260510_222253_869.png,60,60,0.923,0
orange_pos_001882_20260510_222253_869.png,80,60,0.621,0
orange_pos_001882_20260510_222253_869.png,100,60,0.621,0
orange_pos_001882_20260510_222253_869.png,120,60,0.621,0
orange_pos_001882_20260510_222253_869.png,140,60,0.621,0
orange_pos_001882_20260510_222253_869.png,0,80,0.621,0
orange_pos_001882_20260510_222253_869.png,20,80,0.621,0
orange_pos_001882_20260510_222253_869.png,40,80,1.335,0
orange_pos_001882_20260510_222253_869.png,60,80,0.919,0
orange_pos_001882_20260510_222253_869.png,80,80,0.621,0
orange_pos_001882_20260510_222253_869.png,100,80,0.621,0
orange_pos_001882_20260510_222253_869.png,120,80,0.621,0
orange_pos_001882_20260510_222253_869.png,140,80,0.621,0
orange_pos_001882_20260510_222253_869.png,0,100,0.621,0
orange_pos_001882_20260510_222253_869.png,20,100,0.621,0
orange_pos_001882_20260510_222253_869.png,40,100,0.664,0
orange_pos_001882_20260510_222253_869.png,60,100,0.621,0
orange_pos_001882_20260510_222253_869.png,80,100,0.621,0
orange_pos_001882_20260510_222253_869.png,100,100,0.621,0
orange_pos_001882_20260510_222253_869.png,120,100,0.621,0
orange_pos_001882_20260510_222253_869.png,140,100,0.621,0
orange_pos_001883_20260510_222256_096.png,0,0,43.707,0
orange_pos_001883_20260510_222256_096.png,20,0,8.156,0
orange_pos_001883_20260510_222256_096.png,40,0,33.573,0
orange_pos_001883_20260510_222256_096.png,60,0,52.414,0
orange_pos_001883_20260510_222256_096.png,80,0,24.287,0
orange_pos_001883_20260510_222256_096.png,100,0,12.803,0
orange_pos_001883_20260510_222256_096.png,120,0,16.701,0
orange_pos_001883_20260510_222256_096.png,140,0,29.260,0
orange_pos_001883_20260510_222256_096.png,0,20,28.901,0
orange_pos_001883_20260510_222256_096.png,20,20,3.642,0
orange_pos_001883_20260510_222256_096.png,40,20,31.600,0
orange_pos_001883_20260510_222256_096.png,60,20,36.207,0
orange_pos_001883_20260510_222256_096.png,80,20,3.089,0
orange_pos_001883_20260510_222256_096.png,100,20,0.621,0
orange_pos_001883_20260510_222256_096.png,120,20,0.658,0
orange_pos_001883_20260510_222256_096.png,140,20,22.455,0
orange_pos_001883_20260510_222256_096.png,0,40,1.569,0
orange_pos_001883_20260510_222256_096.png,20,40,3.375,0
orange_pos_001883_20260510_222256_096.png,40,40,32.923,0
orange_pos_001883_20260510_222256_096.png,60,40,24.183,0
orange_pos_001883_20260510_222256_096.png,80,40,0.663,0
orange_pos_001883_20260510_222256_096.png,100,40,0.621,0
orange_pos_001883_20260510_222256_096.png,120,40,0.633,0
orange_pos_001883_20260510_222256_096.png,140,40,20.218,0
orange_pos_001883_20260510_222256_096.png,0,60,1.739,0
orange_pos_001883_20260510_222256_096.png,20,60,3.693,0
orange_pos_001883_20260510_222256_096.png,40,60,39.468,0
orange_pos_001883_20260510_222256_096.png,60,60,29.469,0
orange_pos_001883_20260510_222256_096.png,80,60,1.911,0
orange_pos_001883_20260510_222256_096.png,100,60,0.622,0
orange_pos_001883_20260510_222256_096.png,120,60,3.782,0
orange_pos_001883_20260510_222256_096.png,140,60,22.511,0
orange_pos_001883_20260510_222256_096.png,0,80,2.768,0
orange_pos_001883_20260510_222256_096.png,20,80,2.753,0
orange_pos_001883_20260510_222256_096.png,40,80,44.240,0
orange_pos_001883_20260510_222256_096.png,60,80,29.908,0
orange_pos_001883_20260510_222256_096.png,80,80,3.111,0
orange_pos_001883_20260510_222256_096.png,100,80,7.705,0
orange_pos_001883_20260510_222256_096.png,120,80,16.799,0
orange_pos_001883_20260510_222256_096.png,140,80,29.613,0
orange_pos_001883_20260510_222256_096.png,0,100,1.713,0
orange_pos_001883_20260510_222256_096.png,20,100,6.634,0
orange_pos_001883_20260510_222256_096.png,40,100,42.281,0
orange_pos_001883_20260510_222256_096.png,60,100,27.592,0
orange_pos_001883_20260510_222256_096.png,80,100,14.029,0
orange_pos_001883_20260510_222256_096.png,100,100,17.202,0
orange_pos_001883_20260510_222256_096.png,120,100,24.203,0
orange_pos_001883_20260510_222256_096.png,140,100,33.246,0
orange_pos_001884_20260510_222258_014.png,0,0,33.592,0
orange_pos_001884_20260510_222258_014.png,20,0,7.165,0
orange_pos_001884_20260510_222258_014.png,40,0,29.855,0
orange_pos_001884_20260510_222258_014.png,60,0,47.407,0
orange_pos_001884_20260510_222258_014.png,80,0,22.053,0
orange_pos_001884_20260510_222258_014.png,100,0,12.027,0
orange_pos_001884_20260510_222258_014.png,120,0,14.016,0
orange_pos_001884_20260510_222258_014.png,140,0,25.314,0
orange_pos_001884_20260510_222258_014.png,0,20,25.271,0
orange_pos_001884_20260510_222258_014.png,20,20,8.399,0
orange_pos_001884_20260510_222258_014.png,40,20,28.821,0
orange_pos_001884_20260510_222258_014.png,60,20,28.978,0
orange_pos_001884_20260510_222258_014.png,80,20,2.067,0
orange_pos_001884_20260510_222258_014.png,100,20,0.621,0
orange_pos_001884_20260510_222258_014.png,120,20,0.790,0
orange_pos_001884_20260510_222258_014.png,140,20,15.812,0
orange_pos_001884_20260510_222258_014.png,0,40,1.582,0
orange_pos_001884_20260510_222258_014.png,20,40,7.702,0
orange_pos_001884_20260510_222258_014.png,40,40,32.986,0
orange_pos_001884_20260510_222258_014.png,60,40,25.881,0
orange_pos_001884_20260510_222258_014.png,80,40,0.649,0
orange_pos_001884_20260510_222258_014.png,100,40,0.621,0
orange_pos_001884_20260510_222258_014.png,120,40,0.621,0
orange_pos_001884_20260510_222258_014.png,140,40,18.179,0
orange_pos_001884_20260510_222258_014.png,0,60,2.483,0
orange_pos_001884_20260510_222258_014.png,20,60,8.558,0
orange_pos_001884_20260510_222258_014.png,40,60,36.105,0
orange_pos_001884_20260510_222258_014.png,60,60,26.135,0
orange_pos_001884_20260510_222258_014.png,80,60,2.334,0
orange_pos_001884_20260510_222258_014.png,100,60,1.136,0
orange_pos_001884_20260510_222258_014.png,120,60,4.011,0
orange_pos_001884_20260510_222258_014.png,140,60,21.912,0
orange_pos_001884_20260510_222258_014.png,0,80,2.428,0
orange_pos_001884_20260510_222258_014.png,20,80,3.577,0
orange_pos_001884_20260510_222258_014.png,40,80,39.292,0
orange_pos_001884_20260510_222258_014.png,60,80,25.529,0
orange_pos_001884_20260510_222258_014.png,80,80,4.688,0
orange_pos_001884_20260510_222258_014.png,100,80,8.119,0
orange_pos_001884_20260510_222258_014.png,120,80,16.739,0
orange_pos_001884_20260510_222258_014.png,140,80,29.303,0
orange_pos_001884_20260510_222258_014.png,0,100,1.930,0
orange_pos_001884_20260510_222258_014.png,20,100,7.840,0
orange_pos_001884_20260510_222258_014.png,40,100,45.984,0
orange_pos_001884_20260510_222258_014.png,60,100,28.585,0
orange_pos_001884_20260510_222258_014.png,80,100,12.997,0
orange_pos_001884_20260510_222258_014.png,100,100,18.892,0
orange_pos_001884_20260510_222258_014.png,120,100,25.386,0
orange_pos_001884_20260510_222258_014.png,140,100,33.483,0
orange_pos_001885_20260510_222302_880.png,0,0,1.110,0
orange_pos_001885_20260510_222302_880.png,20,0,0.621,0
orange_pos_001885_20260510_222302_880.png,40,0,0.932,0
orange_pos_001885_20260510_222302_880.png,60,0,1.134,0
orange_pos_001885_20260510_222302_880.png,80,0,0.621,0
orange_pos_001885_20260510_222302_880.png,100,0,0.621,0
orange_pos_001885_20260510_222302_880.png,120,0,0.621,0
orange_pos_001885_20260510_222302_880.png,140,0,0.621,0
orange_pos_001885_20260510_222302_880.png,0,20,0.857,0
orange_pos_001885_20260510_222302_880.png,20,20,0.621,0
orange_pos_001885_20260510_222302_880.png,40,20,1.334,0
orange_pos_001885_20260510_222302_880.png,60,20,1.054,0
orange_pos_001885_20260510_222302_880.png,80,20,0.621,0
orange_pos_001885_20260510_222302_880.png,100,20,0.621,0
orange_pos_001885_20260510_222302_880.png,120,20,0.621,0
orange_pos_001885_20260510_222302_880.png,140,20,0.621,0
orange_pos_001885_20260510_222302_880.png,0,40,0.621,0
orange_pos_001885_20260510_222302_880.png,20,40,0.621,0
orange_pos_001885_20260510_222302_880.png,40,40,2.219,0
orange_pos_001885_20260510_222302_880.png,60,40,0.858,0
orange_pos_001885_20260510_222302_880.png,80,40,0.621,0
orange_pos_001885_20260510_222302_880.png,100,40,0.621,0
orange_pos_001885_20260510_222302_880.png,120,40,0.621,0
orange_pos_001885_20260510_222302_880.png,140,40,0.883,0
orange_pos_001885_20260510_222302_880.png,0,60,0.621,0
orange_pos_001885_20260510_222302_880.png,20,60,0.621,0
orange_pos_001885_20260510_222302_880.png,40,60,0.640,0
orange_pos_001885_20260510_222302_880.png,60,60,0.621,0
orange_pos_001885_20260510_222302_880.png,80,60,0.621,0
orange_pos_001885_20260510_222302_880.png,100,60,0.621,0
orange_pos_001885_20260510_222302_880.png,120,60,0.621,0
orange_pos_001885_20260510_222302_880.png,140,60,0.621,0
orange_pos_001885_20260510_222302_880.png,0,80,0.621,0
orange_pos_001885_20260510_222302_880.png,20,80,0.621,0
orange_pos_001885_20260510_222302_880.png,40,80,1.946,0
orange_pos_001885_20260510_222302_880.png,60,80,0.707,0
orange_pos_001885_20260510_222302_880.png,80,80,0.621,0
orange_pos_001885_20260510_222302_880.png,100,80,0.621,0
orange_pos_001885_20260510_222302_880.png,120,80,0.621,0
orange_pos_001885_20260510_222302_880.png,140,80,0.621,0
orange_pos_001885_20260510_222302_880.png,0,100,0.653,0
orange_pos_001885_20260510_222302_880.png,20,100,0.621,0
orange_pos_001885_20260510_222302_880.png,40,100,1.381,0
orange_pos_001885_20260510_222302_880.png,60,100,0.825,0
orange_pos_001885_20260510_222302_880.png,80,100,0.621,0
orange_pos_001885_20260510_222302_880.png,100,100,0.621,0
orange_pos_001885_20260510_222302_880.png,120,100,0.621,0
orange_pos_001885_20260510_222302_880.png,140,100,0.628,0
orange_pos_001886_20260510_222304_562.png,0,0,33.974,0
orange_pos_001886_20260510_222304_562.png,20,0,5.121,0
orange_pos_001886_20260510_222304_562.png,40,0,28.822,0
orange_pos_001886_20260510_222304_562.png,60,0,46.878,0
orange_pos_001886_20260510_222304_562.png,80,0,14.677,0
orange_pos_001886_20260510_222304_562.png,100,0,3.759,0
orange_pos_001886_20260510_222304_562.png,120,0,7.289,0
orange_pos_001886_20260510_222304_562.png,140,0,22.412,0
orange_pos_001886_20260510_222304_562.png,0,20,27.967,0
orange_pos_001886_20260510_222304_562.png,20,20,5.554,0
orange_pos_001886_20260510_222304_562.png,40,20,26.051,0
orange_pos_001886_20260510_222304_562.png,60,20,29.176,0
orange_pos_001886_20260510_222304_562.png,80,20,2.356,0
orange_pos_001886_20260510_222304_562.png,100,20,0.621,0
orange_pos_001886_20260510_222304_562.png,120,20,0.687,0
orange_pos_001886_20260510_222304_562.png,140,20,17.644,0
orange_pos_001886_20260510_222304_562.png,0,40,1.497,0
orange_pos_001886_20260510_222304_562.png,20,40,3.392,0
orange_pos_001886_20260510_222304_562.png,40,40,25.830,0
orange_pos_001886_20260510_222304_562.png,60,40,19.761,0
orange_pos_001886_20260510_222304_562.png,80,40,0.621,0
orange_pos_001886_20260510_222304_562.png,100,40,0.621,0
orange_pos_001886_20260510_222304_562.png,120,40,0.621,0
orange_pos_001886_20260510_222304_562.png,140,40,15.359,0
orange_pos_001886_20260510_222304_562.png,0,60,1.696,0
orange_pos_001886_20260510_222304_562.png,20,60,3.421,0
orange_pos_001886_20260510_222304_562.png,40,60,37.267,0
orange_pos_001886_20260510_222304_562.png,60,60,24.966,0
orange_pos_001886_20260510_222304_562.png,80,60,1.422,0
orange_pos_001886_20260510_222304_562.png,100,60,0.697,0
orange_pos_001886_20260510_222304_562.png,120,60,3.545,0
orange_pos_001886_20260510_222304_562.png,140,60,21.218,0
orange_pos_001886_20260510_222304_562.png,0,80,2.036,0
orange_pos_001886_20260510_222304_562.png,20,80,2.587,0
orange_pos_001886_20260510_222304_562.png,40,80,36.980,0
orange_pos_001886_20260510_222304_562.png,60,80,21.128,0
orange_pos_001886_20260510_222304_562.png,80,80,1.669,0
orange_pos_001886_20260510_222304_562.png,100,80,5.914,0
orange_pos_001886_20260510_222304_562.png,120,80,10.734,0
orange_pos_001886_20260510_222304_562.png,140,80,22.403,0
orange_pos_001886_20260510_222304_562.png,0,100,1.474,0
orange_pos_001886_20260510_222304_562.png,20,100,5.958,0
orange_pos_001886_20260510_222304_562.png,40,100,36.124,0
orange_pos_001886_20260510_222304_562.png,60,100,21.928,0
orange_pos_001886_20260510_222304_562.png,80,100,8.774,0
orange_pos_001886_20260510_222304_562.png,100,100,11.615,0
orange_pos_001886_20260510_222304_562.png,120,100,15.452,0
orange_pos_001886_20260510_222304_562.png,140,100,21.767,0
orange_pos_001887_20260510_222305_152.png,0,0,47.552,0
orange_pos_001887_20260510_222305_152.png,20,0,13.217,0
orange_pos_001887_20260510_222305_152.png,40,0,37.248,0
orange_pos_001887_20260510_222305_152.png,60,0,58.305,0
orange_pos_001887_20260510_222305_152.png,80,0,31.499,0
orange_pos_001887_20260510_222305_152.png,100,0,18.544,0
orange_pos_001887_20260510_222305_152.png,120,0,22.075,0
orange_pos_001887_20260510_222305_152.png,140,0,34.581,0
orange_pos_001887_20260510_222305_152.png,0,20,26.249,0
orange_pos_001887_20260510_222305_152.png,20,20,10.349,0
orange_pos_001887_20260510_222305_152.png,40,20,29.460,0
orange_pos_001887_20260510_222305_152.png,60,20,31.445,0
orange_pos_001887_20260510_222305_152.png,80,20,2.968,0
orange_pos_001887_20260510_222305_152.png,100,20,0.621,0
orange_pos_001887_20260510_222305_152.png,120,20,0.762,0
orange_pos_001887_20260510_222305_152.png,140,20,22.943,0
orange_pos_001887_20260510_222305_152.png,0,40,1.374,0
orange_pos_001887_20260510_222305_152.png,20,40,3.986,0
orange_pos_001887_20260510_222305_152.png,40,40,25.375,0
orange_pos_001887_20260510_222305_152.png,60,40,21.257,0
orange_pos_001887_20260510_222305_152.png,80,40,0.633,0
orange_pos_001887_20260510_222305_152.png,100,40,0.621,0
orange_pos_001887_20260510_222305_152.png,120,40,0.621,0
orange_pos_001887_20260510_222305_152.png,140,40,15.499,0
orange_pos_001887_20260510_222305_152.png,0,60,1.743,0
orange_pos_001887_20260510_222305_152.png,20,60,5.508,0
orange_pos_001887_20260510_222305_152.png,40,60,32.002,0
orange_pos_001887_20260510_222305_152.png,60,60,24.880,0
orange_pos_001887_20260510_222305_152.png,80,60,2.285,0
orange_pos_001887_20260510_222305_152.png,100,60,1.437,0
orange_pos_001887_20260510_222305_152.png,120,60,4.504,0
orange_pos_001887_20260510_222305_152.png,140,60,21.959,0
orange_pos_001887_20260510_222305_152.png,0,80,2.978,0
orange_pos_001887_20260510_222305_152.png,20,80,2.392,0
orange_pos_001887_20260510_222305_152.png,40,80,38.061,0
orange_pos_001887_20260510_222305_152.png,60,80,25.613,0
orange_pos_001887_20260510_222305_152.png,80,80,4.963,0
orange_pos_001887_20260510_222305_152.png,100,80,9.929,0
orange_pos_001887_20260510_222305_152.png,120,80,16.625,0
orange_pos_001887_20260510_222305_152.png,140,80,28.525,0
orange_pos_001887_20260510_222305_152.png,0,100,1.480,0
orange_pos_001887_20260510_222305_152.png,20,100,5.923,0
orange_pos_001887_20260510_222305_152.png,40,100,37.334,0
orange_pos_001887_20260510_222305_152.png,60,100,24.262,0
orange_pos_001887_20260510_222305_152.png,80,100,12.043,0
orange_pos_001887_20260510_222305_152.png,100,100,15.021,0
orange_pos_001887_20260510_222305_152.png,120,100,21.182,0
orange_pos_001887_20260510_222305_152.png,140,100,27.525,0
orange_pos_001888_20260510_222306_925.png,0,0,5.184,0
orange_pos_001888_20260510_222306_925.png,20,0,1.052,0
orange_pos_001888_20260510_222306_925.png,40,0,6.523,0
orange_pos_001888_20260510_222306_925.png,60,0,9.279,0
orange_pos_001888_20260510_222306_925.png,80,0,2.536,0
orange_pos_001888_20260510_222306_925.png,100,0,1.254,0
orange_pos_001888_20260510_222306_925.png,120,0,0.855,0
orange_pos_001888_20260510_222306_925.png,140,0,1.391,0
orange_pos_001888_20260510_222306_925.png,0,20,3.100,0
orange_pos_001888_20260510_222306_925.png,20,20,0.621,0
orange_pos_001888_20260510_222306_925.png,40,20,0.768,0
orange_pos_001888_20260510_222306_925.png,60,20,0.925,0
orange_pos_001888_20260510_222306_925.png,80,20,0.621,0
orange_pos_001888_20260510_222306_925.png,100,20,0.621,0
orange_pos_001888_20260510_222306_925.png,120,20,0.621,0
orange_pos_001888_20260510_222306_925.png,140,20,0.621,0
orange_pos_001888_20260510_222306_925.png,0,40,0.714,0
orange_pos_001888_20260510_222306_925.png,20,40,0.621,0
orange_pos_001888_20260510_222306_925.png,40,40,5.546,0
orange_pos_001888_20260510_222306_925.png,60,40,2.344,0
orange_pos_001888_20260510_222306_925.png,80,40,0.621,0
orange_pos_001888_20260510_222306_925.png,100,40,0.621,0
orange_pos_001888_20260510_222306_925.png,120,40,0.621,0
orange_pos_001888_20260510_222306_925.png,140,40,0.864,0
orange_pos_001888_20260510_222306_925.png,0,60,0.632,0
orange_pos_001888_20260510_222306_925.png,20,60,0.621,0
orange_pos_001888_20260510_222306_925.png,40,60,2.050,0
orange_pos_001888_20260510_222306_925.png,60,60,0.678,0
orange_pos_001888_20260510_222306_925.png,80,60,0.621,0
orange_pos_001888_20260510_222306_925.png,100,60,0.621,0
orange_pos_001888_20260510_222306_925.png,120,60,0.621,0
orange_pos_001888_20260510_222306_925.png,140,60,0.621,0
orange_pos_001888_20260510_222306_925.png,0,80,0.621,0
orange_pos_001888_20260510_222306_925.png,20,80,0.621,0
orange_pos_001888_20260510_222306_925.png,40,80,4.457,0
orange_pos_001888_20260510_222306_925.png,60,80,1.476,0
orange_pos_001888_20260510_222306_925.png,80,80,0.621,0
orange_pos_001888_20260510_222306_925.png,100,80,0.621,0
orange_pos_001888_20260510_222306_925.png,120,80,0.621,0
orange_pos_001888_20260510_222306_925.png,140,80,0.764,0
orange_pos_001888_20260510_222306_925.png,0,100,0.650,0
orange_pos_001888_20260510_222306_925.png,20,100,0.786,0
orange_pos_001888_20260510_222306_925.png,40,100,3.857,0
orange_pos_001888_20260510_222306_925.png,60,100,1.533,0
orange_pos_001888_20260510_222306_925.png,80,100,0.622,0
orange_pos_001888_20260510_222306_925.png,100,100,0.751,0
orange_pos_001888_20260510_222306_925.png,120,100,0.793,0
orange_pos_001888_20260510_222306_925.png,140,100,0.775,0
orange_pos_001889_20260510_222307_314.png,0,0,19.922,0
orange_pos_001889_20260510_222307_314.png,20,0,2.532,0
orange_pos_001889_20260510_222307_314.png,40,0,13.765,0
orange_pos_001889_20260510_222307_314.png,60,0,22.681,0
orange_pos_001889_20260510_222307_314.png,80,0,9.621,0
orange_pos_001889_20260510_222307_314.png,100,0,5.506,0
orange_pos_001889_20260510_222307_314.png,120,0,4.359,0
orange_pos_001889_20260510_222307_314.png,140,0,7.859,0
orange_pos_001889_20260510_222307_314.png,0,20,16.179,0
orange_pos_001889_20260510_222307_314.png,20,20,2.133,0
orange_pos_001889_20260510_222307_314.png,40,20,18.398,0
orange_pos_001889_20260510_222307_314.png,60,20,20.600,0
orange_pos_001889_20260510_222307_314.png,80,20,1.527,0
orange_pos_001889_20260510_222307_314.png,100,20,0.621,0
orange_pos_001889_20260510_222307_314.png,120,20,0.679,0
orange_pos_001889_20260510_222307_314.png,140,20,10.615,0
orange_pos_001889_20260510_222307_314.png,0,40,0.791,0
orange_pos_001889_20260510_222307_314.png,20,40,0.621,0
orange_pos_001889_20260510_222307_314.png,40,40,11.633,0
orange_pos_001889_20260510_222307_314.png,60,40,7.802,0
orange_pos_001889_20260510_222307_314.png,80,40,0.621,0
orange_pos_001889_20260510_222307_314.png,100,40,0.621,0
orange_pos_001889_20260510_222307_314.png,120,40,0.621,0
orange_pos_001889_20260510_222307_314.png,140,40,4.517,0
orange_pos_001889_20260510_222307_314.png,0,60,1.074,0
orange_pos_001889_20260510_222307_314.png,20,60,0.763,0
orange_pos_001889_20260510_222307_314.png,40,60,14.020,0
orange_pos_001889_20260510_222307_314.png,60,60,9.541,0
orange_pos_001889_20260510_222307_314.png,80,60,0.716,0
orange_pos_001889_20260510_222307_314.png,100,60,0.621,0
orange_pos_001889_20260510_222307_314.png,120,60,0.906,0
orange_pos_001889_20260510_222307_314.png,140,60,5.316,0
orange_pos_001889_20260510_222307_314.png,0,80,0.924,0
orange_pos_001889_20260510_222307_314.png,20,80,0.780,0
orange_pos_001889_20260510_222307_314.png,40,80,13.350,0
orange_pos_001889_20260510_222307_314.png,60,80,9.597,0
orange_pos_001889_20260510_222307_314.png,80,80,0.621,0
orange_pos_001889_20260510_222307_314.png,100,80,0.811,0
orange_pos_001889_20260510_222307_314.png,120,80,1.606,0
orange_pos_001889_20260510_222307_314.png,140,80,6.086,0
orange_pos_001889_20260510_222307_314.png,0,100,1.015,0
orange_pos_001889_20260510_222307_314.png,20,100,2.206,0
orange_pos_001889_20260510_222307_314.png,40,100,15.712,0
orange_pos_001889_20260510_222307_314.png,60,100,9.222,0
orange_pos_001889_20260510_222307_314.png,80,100,1.520,0
orange_pos_001889_20260510_222307_314.png,100,100,3.390,0
orange_pos_001889_20260510_222307_314.png,120,100,4.948,0
orange_pos_001889_20260510_222307_314.png,140,100,9.485,0
orange_pos_001890_20260510_222309_253.png,0,0,23.486,0
orange_pos_001890_20260510_222309_253.png,20,0,1.642,0
orange_pos_001890_20260510_222309_253.png,40,0,12.717,0
orange_pos_001890_20260510_222309_253.png,60,0,21.045,0
orange_pos_001890_20260510_222309_253.png,80,0,8.293,0
orange_pos_001890_20260510_222309_253.png,100,0,3.927,0
orange_pos_001890_20260510_222309_253.png,120,0,3.632,0
orange_pos_001890_20260510_222309_253.png,140,0,6.323,0
orange_pos_001890_20260510_222309_253.png,0,20,12.898,0
orange_pos_001890_20260510_222309_253.png,20,20,2.045,0
orange_pos_001890_20260510_222309_253.png,40,20,12.867,0
orange_pos_001890_20260510_222309_253.png,60,20,16.218,0
orange_pos_001890_20260510_222309_253.png,80,20,1.411,0
orange_pos_001890_20260510_222309_253.png,100,20,0.621,0
orange_pos_001890_20260510_222309_253.png,120,20,0.655,0
orange_pos_001890_20260510_222309_253.png,140,20,9.279,0
orange_pos_001890_20260510_222309_253.png,0,40,1.048,0
orange_pos_001890_20260510_222309_253.png,20,40,0.939,0
orange_pos_001890_20260510_222309_253.png,40,40,15.258,0
orange_pos_001890_20260510_222309_253.png,60,40,12.107,0
orange_pos_001890_20260510_222309_253.png,80,40,0.621,0
orange_pos_001890_20260510_222309_253.png,100,40,0.621,0
orange_pos_001890_20260510_222309_253.png,120,40,0.621,0
orange_pos_001890_20260510_222309_253.png,140,40,8.031,0
orange_pos_001890_20260510_222309_253.png,0,60,0.977,0
orange_pos_001890_20260510_222309_253.png,20,60,0.859,0
orange_pos_001890_20260510_222309_253.png,40,60,14.691,0
orange_pos_001890_20260510_222309_253.png,60,60,10.900,0
orange_pos_001890_20260510_222309_253.png,80,60,1.225,0
orange_pos_001890_20260510_222309_253.png,100,60,0.630,0
orange_pos_001890_20260510_222309_253.png,120,60,1.914,0
orange_pos_001890_20260510_222309_253.png,140,60,6.537,0
orange_pos_001890_20260510_222309_253.png,0,80,0.866,0
orange_pos_001890_20260510_222309_253.png,20,80,0.960,0
orange_pos_001890_20260510_222309_253.png,40,80,12.352,0
orange_pos_001890_20260510_222309_253.png,60,80,6.561,0
orange_pos_001890_20260510_222309_253.png,80,80,0.722,0
orange_pos_001890_20260510_222309_253.png,100,80,1.093,0
orange_pos_001890_20260510_222309_253.png,120,80,3.110,0
orange_pos_001890_20260510_222309_253.png,140,80,5.305,0
orange_pos_001890_20260510_222309_253.png,0,100,0.856,0
orange_pos_001890_20260510_222309_253.png,20,100,2.193,0
orange_pos_001890_20260510_222309_253.png,40,100,14.614,0
orange_pos_001890_20260510_222309_253.png,60,100,8.102,0
orange_pos_001890_20260510_222309_253.png,80,100,3.064,0
orange_pos_001890_20260510_222309_253.png,100,100,4.122,0
orange_pos_001890_20260510_222309_253.png,120,100,4.990,0
orange_pos_001890_20260510_222309_253.png,140,100,6.405,0
orange_pos_001891_20260510_222309_626.png,0,0,33.706,0
orange_pos_001891_20260510_222309_626.png,20,0,11.082,0
orange_pos_001891_20260510_222309_626.png,40,0,30.160,0
orange_pos_001891_20260510_222309_626.png,60,0,50.410,0
orange_pos_001891_20260510_222309_626.png,80,0,21.455,0
orange_pos_001891_20260510_222309_626.png,100,0,9.330,0
orange_pos_001891_20260510_222309_626.png,120,0,10.066,0
orange_pos_001891_20260510_222309_626.png,140,0,25.591,0
orange_pos_001891_20260510_222309_626.png,0,20,31.076,0
orange_pos_001891_20260510_222309_626.png,20,20,16.148,0
orange_pos_001891_20260510_222309_626.png,40,20,33.791,0
orange_pos_001891_20260510_222309_626.png,60,20,39.157,0
orange_pos_001891_20260510_222309_626.png,80,20,2.526,0
orange_pos_001891_20260510_222309_626.png,100,20,0.621,0
orange_pos_001891_20260510_222309_626.png,120,20,0.735,0
orange_pos_001891_20260510_222309_626.png,140,20,23.702,0
orange_pos_001891_20260510_222309_626.png,0,40,1.411,0
orange_pos_001891_20260510_222309_626.png,20,40,5.715,0
orange_pos_001891_20260510_222309_626.png,40,40,27.664,0
orange_pos_001891_20260510_222309_626.png,60,40,17.507,0
orange_pos_001891_20260510_222309_626.png,80,40,0.621,0
orange_pos_001891_20260510_222309_626.png,100,40,0.621,0
orange_pos_001891_20260510_222309_626.png,120,40,0.621,0
orange_pos_001891_20260510_222309_626.png,140,40,12.666,0
orange_pos_001891_20260510_222309_626.png,0,60,1.510,0
orange_pos_001891_20260510_222309_626.png,20,60,5.443,0
orange_pos_001891_20260510_222309_626.png,40,60,33.889,0
orange_pos_001891_20260510_222309_626.png,60,60,21.907,0
orange_pos_001891_20260510_222309_626.png,80,60,0.914,0
orange_pos_001891_20260510_222309_626.png,100,60,0.621,0
orange_pos_001891_20260510_222309_626.png,120,60,0.809,0
orange_pos_001891_20260510_222309_626.png,140,60,18.614,0
orange_pos_001891_20260510_222309_626.png,0,80,3.718,0
orange_pos_001891_20260510_222309_626.png,20,80,6.695,0
orange_pos_001891_20260510_222309_626.png,40,80,46.734,0
orange_pos_001891_20260510_222309_626.png,60,80,29.326,0
orange_pos_001891_20260510_222309_626.png,80,80,3.412,0
orange_pos_001891_20260510_222309_626.png,100,80,8.297,0
orange_pos_001891_20260510_222309_626.png,120,80,16.634,0
orange_pos_001891_20260510_222309_626.png,140,80,34.337,0
orange_pos_001891_20260510_222309_626.png,0,100,1.552,0
orange_pos_001891_20260510_222309_626.png,20,100,6.060,0
orange_pos_001891_20260510_222309_626.png,40,100,39.148,0
orange_pos_001891_20260510_222309_626.png,60,100,25.057,0
orange_pos_001891_20260510_222309_626.png,80,100,10.060,0
orange_pos_001891_20260510_222309_626.png,100,100,12.707,0
orange_pos_001891_20260510_222309_626.png,120,100,17.441,0
orange_pos_001891_20260510_222309_626.png,140,100,23.483,0
orange_pos_001967_20260510_222452_238.png,0,0,49.833,0
orange_pos_001967_20260510_222452_238.png,20,0,12.603,0
orange_pos_001967_20260510_222452_238.png,40,0,35.470,0
orange_pos_001967_20260510_222452_238.png,60,0,55.918,0
orange_pos_001967_20260510_222452_238.png,80,0,33.469,0
orange_pos_001967_20260510_222452_238.png,100,0,20.949,0
orange_pos_001967_20260510_222452_238.png,120,0,23.838,0
orange_pos_001967_20260510_222452_238.png,140,0,34.750,0
orange_pos_001967_20260510_222452_238.png,0,20,28.995,0
orange_pos_001967_20260510_222452_238.png,20,20,6.842,0
orange_pos_001967_20260510_222452_238.png,40,20,32.885,0
orange_pos_001967_20260510_222452_238.png,60,20,38.133,0
orange_pos_001967_20260510_222452_238.png,80,20,4.988,0
orange_pos_001967_20260510_222452_238.png,100,20,0.621,0
orange_pos_001967_20260510_222452_238.png,120,20,1.535,0
orange_pos_001967_20260510_222452_238.png,140,20,27.966,0
orange_pos_001967_20260510_222452_238.png,0,40,2.004,0
orange_pos_001967_20260510_222452_238.png,20,40,3.695,0
orange_pos_001967_20260510_222452_238.png,40,40,37.383,0
orange_pos_001967_20260510_222452_238.png,60,40,30.718,0
orange_pos_001967_20260510_222452_238.png,80,40,0.651,0
orange_pos_001967_20260510_222452_238.png,100,40,0.621,0
orange_pos_001967_20260510_222452_238.png,120,40,0.631,0
orange_pos_001967_20260510_222452_238.png,140,40,25.446,0
orange_pos_001967_20260510_222452_238.png,0,60,1.724,0
orange_pos_001967_20260510_222452_238.png,20,60,2.228,0
orange_pos_001967_20260510_222452_238.png,40,60,40.184,0
orange_pos_001967_20260510_222452_238.png,60,60,28.890,0
orange_pos_001967_20260510_222452_238.png,80,60,2.511,0
orange_pos_001967_20260510_222452_238.png,100,60,0.726,0
orange_pos_001967_20260510_222452_238.png,120,60,4.281,0
orange_pos_001967_20260510_222452_238.png,140,60,24.772,0
orange_pos_001967_20260510_222452_238.png,0,80,3.188,0
orange_pos_001967_20260510_222452_238.png,20,80,2.987,0
orange_pos_001967_20260510_222452_238.png,40,80,46.942,0
orange_pos_001967_20260510_222452_238.png,60,80,29.101,0
orange_pos_001967_20260510_222452_238.png,80,80,4.412,0
orange_pos_001967_20260510_222452_238.png,100,80,9.100,0
orange_pos_001967_20260510_222452_238.png,120,80,18.972,0
orange_pos_001967_20260510_222452_238.png,140,80,32.530,0
orange_pos_001967_20260510_222452_238.png,0,100,1.599,0
orange_pos_001967_20260510_222452_238.png,20,100,7.533,0
orange_pos_001967_20260510_222452_238.png,40,100,48.638,0
orange_pos_001967_20260510_222452_238.png,60,100,32.866,0
orange_pos_001967_20260510_222452_238.png,80,100,14.523,0
orange_pos_001967_20260510_222452_238.png,100,100,18.947,0
orange_pos_001967_20260510_222452_238.png,120,100,26.152,0
orange_pos_001967_20260510_222452_238.png,140,100,36.633,0
orange_pos_001968_20260510_222453_758.png,0,0,6.202,0
orange_pos_001968_20260510_222453_758.png,20,0,0.621,0
orange_pos_001968_20260510_222453_758.png,40,0,6.347,0
orange_pos_001968_20260510_222453_758.png,60,0,8.782,0
orange_pos_001968_20260510_222453_758.png,80,0,2.103,0
orange_pos_001968_20260510_222453_758.png,100,0,0.695,0
orange_pos_001968_20260510_222453_758.png,120,0,0.633,0
orange_pos_001968_20260510_222453_758.png,140,0,0.647,0
orange_pos_001968_20260510_222453_758.png,0,20,4.006,0
orange_pos_001968_20260510_222453_758.png,20,20,0.621,0
orange_pos_001968_20260510_222453_758.png,40,20,3.544,0
orange_pos_001968_20260510_222453_758.png,60,20,3.027,0
orange_pos_001968_20260510_222453_758.png,80,20,0.635,0
orange_pos_001968_20260510_222453_758.png,100,20,0.621,0
orange_pos_001968_20260510_222453_758.png,120,20,0.621,0
orange_pos_001968_20260510_222453_758.png,140,20,0.673,0
orange_pos_001968_20260510_222453_758.png,0,40,0.622,0
orange_pos_001968_20260510_222453_758.png,20,40,0.621,0
orange_pos_001968_20260510_222453_758.png,40,40,3.384,0
orange_pos_001968_20260510_222453_758.png,60,40,1.168,0
orange_pos_001968_20260510_222453_758.png,80,40,0.621,0
orange_pos_001968_20260510_222453_758.png,100,40,0.621,0
orange_pos_001968_20260510_222453_758.png,120,40,0.621,0
orange_pos_001968_20260510_222453_758.png,140,40,0.643,0
orange_pos_001968_20260510_222453_758.png,0,60,0.647,0
orange_pos_001968_20260510_222453_758.png,20,60,0.621,0
orange_pos_001968_20260510_222453_758.png,40,60,4.897,0
orange_pos_001968_20260510_222453_758.png,60,60,3.024,0
orange_pos_001968_20260510_222453_758.png,80,60,0.621,0
orange_pos_001968_20260510_222453_758.png,100,60,0.621,0
orange_pos_001968_20260510_222453_758.png,120,60,0.621,0
orange_pos_001968_20260510_222453_758.png,140,60,1.090,0
orange_pos_001968_20260510_222453_758.png,0,80,0.624,0
orange_pos_001968_20260510_222453_758.png,20,80,0.621,0
orange_pos_001968_20260510_222453_758.png,40,80,4.099,0
orange_pos_001968_20260510_222453_758.png,60,80,1.333,0
orange_pos_001968_20260510_222453_758.png,80,80,0.621,0
orange_pos_001968_20260510_222453_758.png,100,80,0.621,0
orange_pos_001968_20260510_222453_758.png,120,80,0.807,0
orange_pos_001968_20260510_222453_758.png,140,80,0.950,0
orange_pos_001968_20260510_222453_758.png,0,100,0.621,0
orange_pos_001968_20260510_222453_758.png,20,100,0.733,0
orange_pos_001968_20260510_222453_758.png,40,100,1.592,0
orange_pos_001968_20260510_222453_758.png,60,100,0.832,0
orange_pos_001968_20260510_222453_758.png,80,100,0.621,0
orange_pos_001968_20260510_222453_758.png,100,100,0.621,0
orange_pos_001968_20260510_222453_758.png,120,100,0.693,0
orange_pos_001968_20260510_222453_758.png,140,100,0.664,0
orange_pos_001970_20260510_222454_067.png,0,0,21.927,0
orange_pos_001970_20260510_222454_067.png,20,0,2.703,0
orange_pos_001970_20260510_222454_067.png,40,0,15.452,0
orange_pos_001970_20260510_222454_067.png,60,0,26.771,0
orange_pos_001970_20260510_222454_067.png,80,0,10.246,0
orange_pos_001970_20260510_222454_067.png,100,0,4.955,0
orange_pos_001970_20260510_222454_067.png,120,0,4.839,0
orange_pos_001970_20260510_222454_067.png,140,0,8.746,0
orange_pos_001970_20260510_222454_067.png,0,20,16.981,0
orange_pos_001970_20260510_222454_067.png,20,20,3.366,0
orange_pos_001970_20260510_222454_067.png,40,20,22.649,0
orange_pos_001970_20260510_222454_067.png,60,20,26.179,0
orange_pos_001970_20260510_222454_067.png,80,20,2.725,0
orange_pos_001970_20260510_222454_067.png,100,20,0.621,0
orange_pos_001970_20260510_222454_067.png,120,20,0.668,0
orange_pos_001970_20260510_222454_067.png,140,20,13.279,0
orange_pos_001970_20260510_222454_067.png,0,40,1.055,0
orange_pos_001970_20260510_222454_067.png,20,40,0.622,0
orange_pos_001970_20260510_222454_067.png,40,40,17.528,0
orange_pos_001970_20260510_222454_067.png,60,40,11.890,0
orange_pos_001970_20260510_222454_067.png,80,40,0.621,0
orange_pos_001970_20260510_222454_067.png,100,40,0.621,0
orange_pos_001970_20260510_222454_067.png,120,40,0.621,0
orange_pos_001970_20260510_222454_067.png,140,40,8.149,0
orange_pos_001970_20260510_222454_067.png,0,60,0.860,0
orange_pos_001970_20260510_222454_067.png,20,60,0.621,0
orange_pos_001970_20260510_222454_067.png,40,60,16.825,0
orange_pos_001970_20260510_222454_067.png,60,60,11.778,0
orange_pos_001970_20260510_222454_067.png,80,60,0.621,0
orange_pos_001970_20260510_222454_067.png,100,60,0.621,0
orange_pos_001970_20260510_222454_067.png,120,60,0.621,0
orange_pos_001970_20260510_222454_067.png,140,60,4.512,0
orange_pos_001970_20260510_222454_067.png,0,80,1.327,0
orange_pos_001970_20260510_222454_067.png,20,80,2.266,0
orange_pos_001970_20260510_222454_067.png,40,80,23.140,0
orange_pos_001970_20260510_222454_067.png,60,80,13.843,0
orange_pos_001970_20260510_222454_067.png,80,80,2.575,0
orange_pos_001970_20260510_222454_067.png,100,80,3.942,0
orange_pos_001970_20260510_222454_067.png,120,80,11.032,0
orange_pos_001970_20260510_222454_067.png,140,80,16.613,0
orange_pos_001970_20260510_222454_067.png,0,100,0.627,0
orange_pos_001970_20260510_222454_067.png,20,100,1.080,0
orange_pos_001970_20260510_222454_067.png,40,100,6.728,0
orange_pos_001970_20260510_222454_067.png,60,100,3.555,0
orange_pos_001970_20260510_222454_067.png,80,100,0.621,0
orange_pos_001970_20260510_222454_067.png,100,100,0.711,0
orange_pos_001970_20260510_222454_067.png,120,100,0.680,0
orange_pos_001970_20260510_222454_067.png,140,100,1.505,0
orange_pos_001971_20260510_222455_961.png,0,0,6.678,0
orange_pos_001971_20260510_222455_961.png,20,0,0.621,0
orange_pos_001971_20260510_222455_961.png,40,0,1.656,0
orange_pos_001971_20260510_222455_961.png,60,0,1.066,0
orange_pos_001971_20260510_222455_961.png,80,0,0.621,0
orange_pos_001971_20260510_222455_961.png,100,0,0.621,0
orange_pos_001971_20260510_222455_961.png,120,0,0.621,0
orange_pos_001971_20260510_222455_961.png,140,0,0.621,0
orange_pos_001971_20260510_222455_961.png,0,20,13.159,0
orange_pos_001971_20260510_222455_961.png,20,20,0.621,0
orange_pos_001971_20260510_222455_961.png,40,20,2.049,0
orange_pos_001971_20260510_222455_961.png,60,20,2.429,0
orange_pos_001971_20260510_222455_961.png,80,20,0.698,0
orange_pos_001971_20260510_222455_961.png,100,20,0.621,0
orange_pos_001971_20260510_222455_961.png,120,20,0.621,0
orange_pos_001971_20260510_222455_961.png,140,20,0.939,0
orange_pos_001971_20260510_222455_961.png,0,40,0.625,0
orange_pos_001971_20260510_222455_961.png,20,40,0.621,0
orange_pos_001971_20260510_222455_961.png,40,40,2.692,0
orange_pos_001971_20260510_222455_961.png,60,40,1.036,0
orange_pos_001971_20260510_222455_961.png,80,40,0.621,0
orange_pos_001971_20260510_222455_961.png,100,40,0.621,0
orange_pos_001971_20260510_222455_961.png,120,40,0.621,0
orange_pos_001971_20260510_222455_961.png,140,40,0.802,0
orange_pos_001971_20260510_222455_961.png,0,60,0.626,0
orange_pos_001971_20260510_222455_961.png,20,60,0.621,0
orange_pos_001971_20260510_222455_961.png,40,60,5.569,0
orange_pos_001971_20260510_222455_961.png,60,60,1.846,0
orange_pos_001971_20260510_222455_961.png,80,60,0.621,0
orange_pos_001971_20260510_222455_961.png,100,60,0.621,0
orange_pos_001971_20260510_222455_961.png,120,60,0.621,0
orange_pos_001971_20260510_222455_961.png,140,60,0.637,0
orange_pos_001971_20260510_222455_961.png,0,80,0.621,0
orange_pos_001971_20260510_222455_961.png,20,80,0.621,0
orange_pos_001971_20260510_222455_961.png,40,80,1.246,0
orange_pos_001971_20260510_222455_961.png,60,80,1.044,0
orange_pos_001971_20260510_222455_961.png,80,80,0.621,0
orange_pos_001971_20260510_222455_961.png,100,80,0.621,0
orange_pos_001971_20260510_222455_961.png,120,80,0.621,0
orange_pos_001971_20260510_222455_961.png,140,80,0.621,0
orange_pos_001971_20260510_222455_961.png,0,100,0.621,0
orange_pos_001971_20260510_222455_961.png,20,100,0.695,0
orange_pos_001971_20260510_222455_961.png,40,100,1.953,0
orange_pos_001971_20260510_222455_961.png,60,100,1.299,0
orange_pos_001971_20260510_222455_961.png,80,100,0.621,0
orange_pos_001971_20260510_222455_961.png,100,100,0.624,0
orange_pos_001971_20260510_222455_961.png,120,100,0.621,0
orange_pos_001971_20260510_222455_961.png,140,100,0.621,0
orange_pos_001972_20260510_222458_375.png,0,0,26.618,0
orange_pos_001972_20260510_222458_375.png,20,0,2.990,0
orange_pos_001972_20260510_222458_375.png,40,0,21.699,0
orange_pos_001972_20260510_222458_375.png,60,0,36.386,0
orange_pos_001972_20260510_222458_375.png,80,0,16.618,0
orange_pos_001972_20260510_222458_375.png,100,0,8.131,0
orange_pos_001972_20260510_222458_375.png,120,0,8.785,0
orange_pos_001972_20260510_222458_375.png,140,0,15.916,0
orange_pos_001972_20260510_222458_375.png,0,20,19.614,0
orange_pos_001972_20260510_222458_375.png,20,20,6.173,0
orange_pos_001972_20260510_222458_375.png,40,20,23.820,0
orange_pos_001972_20260510_222458_375.png,60,20,27.363,0
orange_pos_001972_20260510_222458_375.png,80,20,2.319,0
orange_pos_001972_20260510_222458_375.png,100,20,0.621,0
orange_pos_001972_20260510_222458_375.png,120,20,0.629,0
orange_pos_001972_20260510_222458_375.png,140,20,17.133,0
orange_pos_001972_20260510_222458_375.png,0,40,1.416,0
orange_pos_001972_20260510_222458_375.png,20,40,2.881,0
orange_pos_001972_20260510_222458_375.png,40,40,26.180,0
orange_pos_001972_20260510_222458_375.png,60,40,16.507,0
orange_pos_001972_20260510_222458_375.png,80,40,0.621,0
orange_pos_001972_20260510_222458_375.png,100,40,0.621,0
orange_pos_001972_20260510_222458_375.png,120,40,0.621,0
orange_pos_001972_20260510_222458_375.png,140,40,10.716,0
orange_pos_001972_20260510_222458_375.png,0,60,1.508,0
orange_pos_001972_20260510_222458_375.png,20,60,2.635,0
orange_pos_001972_20260510_222458_375.png,40,60,35.343,0
orange_pos_001972_20260510_222458_375.png,60,60,24.218,0
orange_pos_001972_20260510_222458_375.png,80,60,1.188,0
orange_pos_001972_20260510_222458_375.png,100,60,0.731,0
orange_pos_001972_20260510_222458_375.png,120,60,2.025,0
orange_pos_001972_20260510_222458_375.png,140,60,17.312,0
orange_pos_001972_20260510_222458_375.png,0,80,1.502,0
orange_pos_001972_20260510_222458_375.png,20,80,1.022,0
orange_pos_001972_20260510_222458_375.png,40,80,30.242,0
orange_pos_001972_20260510_222458_375.png,60,80,18.086,0
orange_pos_001972_20260510_222458_375.png,80,80,0.942,0
orange_pos_001972_20260510_222458_375.png,100,80,2.914,0
orange_pos_001972_20260510_222458_375.png,120,80,6.570,0
orange_pos_001972_20260510_222458_375.png,140,80,16.669,0
orange_pos_001972_20260510_222458_375.png,0,100,1.493,0
orange_pos_001972_20260510_222458_375.png,20,100,5.366,0
orange_pos_001972_20260510_222458_375.png,40,100,39.538,0
orange_pos_001972_20260510_222458_375.png,60,100,23.787,0
orange_pos_001972_20260510_222458_375.png,80,100,9.432,0
orange_pos_001972_20260510_222458_375.png,100,100,12.419,0
orange_pos_001972_20260510_222458_375.png,120,100,16.229,0
orange_pos_001972_20260510_222458_375.png,140,100,24.257,0
orange_pos_001973_20260510_222458_729.png,0,0,33.268,0
orange_pos_001973_20260510_222458_729.png,20,0,7.870,0
orange_pos_001973_20260510_222458_729.png,40,0,24.648,0
orange_pos_001973_20260510_222458_729.png,60,0,36.600,0
orange_pos_001973_20260510_222458_729.png,80,0,17.799,0
orange_pos_001973_20260510_222458_729.png,100,0,10.251,0
orange_pos_001973_20260510_222458_729.png,120,0,12.689,0
orange_pos_001973_20260510_222458_729.png,140,0,18.787,0
orange_pos_001973_20260510_222458_729.png,0,20,23.543,0
orange_pos_001973_20260510_222458_729.png,20,20,3.140,0
orange_pos_001973_20260510_222458_729.png,40,20,23.720,0
orange_pos_001973_20260510_222458_729.png,60,20,26.159,0
orange_pos_001973_20260510_222458_729.png,80,20,1.953,0
orange_pos_001973_20260510_222458_729.png,100,20,0.621,0
orange_pos_001973_20260510_222458_729.png,120,20,0.783,0
orange_pos_001973_20260510_222458_729.png,140,20,16.356,0
orange_pos_001973_20260510_222458_729.png,0,40,1.246,0
orange_pos_001973_20260510_222458_729.png,20,40,1.609,0
orange_pos_001973_20260510_222458_729.png,40,40,24.332,0
orange_pos_001973_20260510_222458_729.png,60,40,17.899,0
orange_pos_001973_20260510_222458_729.png,80,40,0.621,0
orange_pos_001973_20260510_222458_729.png,100,40,0.621,0
orange_pos_001973_20260510_222458_729.png,120,40,0.621,0
orange_pos_001973_20260510_222458_729.png,140,40,12.397,0
orange_pos_001973_20260510_222458_729.png,0,60,1.381,0
orange_pos_001973_20260510_222458_729.png,20,60,2.041,0
orange_pos_001973_20260510_222458_729.png,40,60,31.887,0
orange_pos_001973_20260510_222458_729.png,60,60,22.265,0
orange_pos_001973_20260510_222458_729.png,80,60,1.377,0
orange_pos_001973_20260510_222458_729.png,100,60,0.626,0
orange_pos_001973_20260510_222458_729.png,120,60,2.352,0
orange_pos_001973_20260510_222458_729.png,140,60,19.854,0
orange_pos_001973_20260510_222458_729.png,0,80,1.817,0
orange_pos_001973_20260510_222458_729.png,20,80,1.868,0
orange_pos_001973_20260510_222458_729.png,40,80,35.560,0
orange_pos_001973_20260510_222458_729.png,60,80,21.383,0
orange_pos_001973_20260510_222458_729.png,80,80,0.726,0
orange_pos_001973_20260510_222458_729.png,100,80,2.826,0
orange_pos_001973_20260510_222458_729.png,120,80,9.915,0
orange_pos_001973_20260510_222458_729.png,140,80,21.958,0
orange_pos_001973_20260510_222458_729.png,0,100,1.451,0
orange_pos_001973_20260510_222458_729.png,20,100,3.260,0
orange_pos_001973_20260510_222458_729.png,40,100,30.137,0
orange_pos_001973_20260510_222458_729.png,60,100,19.973,0
orange_pos_001973_20260510_222458_729.png,80,100,4.911,0
orange_pos_001973_20260510_222458_729.png,100,100,7.509,0
orange_pos_001973_20260510_222458_729.png,120,100,12.317,0
orange_pos_001973_20260510_222458_729.png,140,100,18.557,0
orange_pos_001974_20260510_222500_420.png,0,0,6.136,0
orange_pos_001974_20260510_222500_420.png,20,0,0.621,0
orange_pos_001974_20260510_222500_420.png,40,0,3.500,0
orange_pos_001974_20260510_222500_420.png,60,0,4.040,0
orange_pos_001974_20260510_222500_420.png,80,0,1.097,0
orange_pos_001974_20260510_222500_420.png,100,0,0.676,0
orange_pos_001974_20260510_222500_420.png,120,0,0.625,0
orange_pos_001974_20260510_222500_420.png,140,0,0.760,0
orange_pos_001974_20260510_222500_420.png,0,20,6.358,0
orange_pos_001974_20260510_222500_420.png,20,20,0.621,0
orange_pos_001974_20260510_222500_420.png,40,20,4.631,0
orange_pos_001974_20260510_222500_420.png,60,20,4.486,0
orange_pos_001974_20260510_222500_420.png,80,20,0.764,0
orange_pos_001974_20260510_222500_420.png,100,20,0.621,0
orange_pos_001974_20260510_222500_420.png,120,20,0.621,0
orange_pos_001974_20260510_222500_420.png,140,20,1.438,0
orange_pos_001974_20260510_222500_420.png,0,40,0.658,0
orange_pos_001974_20260510_222500_420.png,20,40,0.621,0
orange_pos_001974_20260510_222500_420.png,40,40,3.308,0
orange_pos_001974_20260510_222500_420.png,60,40,3.432,0
orange_pos_001974_20260510_222500_420.png,80,40,0.621,0
orange_pos_001974_20260510_222500_420.png,100,40,0.621,0
orange_pos_001974_20260510_222500_420.png,120,40,0.621,0
orange_pos_001974_20260510_222500_420.png,140,40,1.405,0
orange_pos_001974_20260510_222500_420.png,0,60,0.690,0
orange_pos_001974_20260510_222500_420.png,20,60,0.621,0
orange_pos_001974_20260510_222500_420.png,40,60,7.722,0
orange_pos_001974_20260510_222500_420.png,60,60,3.935,0
orange_pos_001974_20260510_222500_420.png,80,60,0.621,0
orange_pos_001974_20260510_222500_420.png,100,60,0.621,0
orange_pos_001974_20260510_222500_420.png,120,60,0.621,0
orange_pos_001974_20260510_222500_420.png,140,60,1.876,0
orange_pos_001974_20260510_222500_420.png,0,80,0.682,0
orange_pos_001974_20260510_222500_420.png,20,80,0.621,0
orange_pos_001974_20260510_222500_420.png,40,80,6.996,0
orange_pos_001974_20260510_222500_420.png,60,80,3.606,0
orange_pos_001974_20260510_222500_420.png,80,80,0.621,0
orange_pos_001974_20260510_222500_420.png,100,80,0.621,0
orange_pos_001974_20260510_222500_420.png,120,80,0.825,0
orange_pos_001974_20260510_222500_420.png,140,80,1.462,0
orange_pos_001974_20260510_222500_420.png,0,100,0.689,0
orange_pos_001974_20260510_222500_420.png,20,100,1.336,0
orange_pos_001974_20260510_222500_420.png,40,100,6.884,0
orange_pos_001974_20260510_222500_420.png,60,100,3.656,0
orange_pos_001974_20260510_222500_420.png,80,100,0.801,0
orange_pos_001974_20260510_222500_420.png,100,100,1.087,0
orange_pos_001974_20260510_222500_420.png,120,100,1.640,0
orange_pos_001974_20260510_222500_420.png,140,100,1.993,0
orange_pos_001975_20260510_222502_574.png,0,0,46.093,0
orange_pos_001975_20260510_222502_574.png,20,0,9.821,0
orange_pos_001975_20260510_222502_574.png,40,0,36.951,0
orange_pos_001975_20260510_222502_574.png,60,0,59.831,0
orange_pos_001975_20260510_222502_574.png,80,0,30.231,0
orange_pos_001975_20260510_222502_574.png,100,0,17.208,0
orange_pos_001975_20260510_222502_574.png,120,0,20.869,0
orange_pos_001975_20260510_222502_574.png,140,0,36.490,0
orange_pos_001975_20260510_222502_574.png,0,20,29.522,0
orange_pos_001975_20260510_222502_574.png,20,20,16.253,0
orange_pos_001975_20260510_222502_574.png,40,20,37.259,0
orange_pos_001975_20260510_222502_574.png,60,20,41.711,0
orange_pos_001975_20260510_222502_574.png,80,20,5.318,0
orange_pos_001975_20260510_222502_574.png,100,20,0.621,0
orange_pos_001975_20260510_222502_574.png,120,20,1.535,0
orange_pos_001975_20260510_222502_574.png,140,20,33.110,0
orange_pos_001975_20260510_222502_574.png,0,40,1.951,0
orange_pos_001975_20260510_222502_574.png,20,40,11.426,0
orange_pos_001975_20260510_222502_574.png,40,40,36.430,0
orange_pos_001975_20260510_222502_574.png,60,40,32.182,0
orange_pos_001975_20260510_222502_574.png,80,40,0.780,0
orange_pos_001975_20260510_222502_574.png,100,40,0.621,0
orange_pos_001975_20260510_222502_574.png,120,40,0.658,0
orange_pos_001975_20260510_222502_574.png,140,40,25.739,0
orange_pos_001975_20260510_222502_574.png,0,60,2.039,0
orange_pos_001975_20260510_222502_574.png,20,60,8.392,0
orange_pos_001975_20260510_222502_574.png,40,60,41.100,0
orange_pos_001975_20260510_222502_574.png,60,60,28.969,0
orange_pos_001975_20260510_222502_574.png,80,60,2.369,0
orange_pos_001975_20260510_222502_574.png,100,60,0.887,0
orange_pos_001975_20260510_222502_574.png,120,60,4.569,0
orange_pos_001975_20260510_222502_574.png,140,60,28.663,0
orange_pos_001975_20260510_222502_574.png,0,80,4.569,0
orange_pos_001975_20260510_222502_574.png,20,80,5.549,0
orange_pos_001975_20260510_222502_574.png,40,80,44.068,0
orange_pos_001975_20260510_222502_574.png,60,80,29.408,0
orange_pos_001975_20260510_222502_574.png,80,80,3.142,0
orange_pos_001975_20260510_222502_574.png,100,80,8.000,0
orange_pos_001975_20260510_222502_574.png,120,80,17.409,0
orange_pos_001975_20260510_222502_574.png,140,80,31.112,0
orange_pos_001975_20260510_222502_574.png,0,100,2.005,0
orange_pos_001975_20260510_222502_574.png,20,100,7.923,0
orange_pos_001975_20260510_222502_574.png,40,100,54.783,0
orange_pos_001975_20260510_222502_574.png,60,100,38.692,0
orange_pos_001975_20260510_222502_574.png,80,100,17.778,0
orange_pos_001975_20260510_222502_574.png,100,100,25.264,0
orange_pos_001975_20260510_222502_574.png,120,100,31.482,0
orange_pos_001975_20260510_222502_574.png,140,100,44.669,0
orange_pos_001976_20260510_222503_096.png,0,0,17.406,0
orange_pos_001976_20260510_222503_096.png,20,0,6.676,0
orange_pos_001976_20260510_222503_096.png,40,0,17.376,0
orange_pos_001976_20260510_222503_096.png,60,0,27.066,0
orange_pos_001976_20260510_222503_096.png,80,0,6.499,0
orange_pos_001976_20260510_222503_096.png,100,0,2.076,0
orange_pos_001976_20260510_222503_096.png,120,0,2.777,0
orange_pos_001976_20260510_222503_096.png,140,0,10.444,0
orange_pos_001976_20260510_222503_096.png,0,20,18.055,0
orange_pos_001976_20260510_222503_096.png,20,20,0.993,0
orange_pos_001976_20260510_222503_096.png,40,20,14.167,0
orange_pos_001976_20260510_222503_096.png,60,20,14.981,0
orange_pos_001976_20260510_222503_096.png,80,20,0.642,0
orange_pos_001976_20260510_222503_096.png,100,20,0.621,0
orange_pos_001976_20260510_222503_096.png,120,20,0.621,0
orange_pos_001976_20260510_222503_096.png,140,20,3.368,0
orange_pos_001976_20260510_222503_096.png,0,40,0.838,0
orange_pos_001976_20260510_222503_096.png,20,40,0.736,0
orange_pos_001976_20260510_222503_096.png,40,40,16.675,0
orange_pos_001976_20260510_222503_096.png,60,40,9.143,0
orange_pos_001976_20260510_222503_096.png,80,40,0.621,0
orange_pos_001976_20260510_222503_096.png,100,40,0.621,0
orange_pos_001976_20260510_222503_096.png,120,40,0.621,0
orange_pos_001976_20260510_222503_096.png,140,40,4.347,0
orange_pos_001976_20260510_222503_096.png,0,60,1.144,0
orange_pos_001976_20260510_222503_096.png,20,60,1.770,0
orange_pos_001976_20260510_222503_096.png,40,60,18.676,0
orange_pos_001976_20260510_222503_096.png,60,60,13.074,0
orange_pos_001976_20260510_222503_096.png,80,60,0.621,0
orange_pos_001976_20260510_222503_096.png,100,60,0.621,0
orange_pos_001976_20260510_222503_096.png,120,60,0.643,0
orange_pos_001976_20260510_222503_096.png,140,60,7.583,0
orange_pos_001976_20260510_222503_096.png,0,80,1.211,0
orange_pos_001976_20260510_222503_096.png,20,80,1.674,0
orange_pos_001976_20260510_222503_096.png,40,80,20.729,0
orange_pos_001976_20260510_222503_096.png,60,80,12.686,0
orange_pos_001976_20260510_222503_096.png,80,80,0.622,0
orange_pos_001976_20260510_222503_096.png,100,80,0.665,0
orange_pos_001976_20260510_222503_096.png,120,80,2.128,0
orange_pos_001976_20260510_222503_096.png,140,80,8.458,0
orange_pos_001976_20260510_222503_096.png,0,100,1.091,0
orange_pos_001976_20260510_222503_096.png,20,100,2.974,0
orange_pos_001976_20260510_222503_096.png,40,100,25.623,0
orange_pos_001976_20260510_222503_096.png,60,100,15.655,0
orange_pos_001976_20260510_222503_096.png,80,100,4.132,0
orange_pos_001976_20260510_222503_096.png,100,100,4.980,0
orange_pos_001976_20260510_222503_096.png,120,100,7.967,0
orange_pos_001976_20260510_222503_096.png,140,100,12.931,0
orange_pos_001977_20260510_222505_306.png,0,0,36.465,0
orange_pos_001977_20260510_222505_306.png,20,0,4.648,0
orange_pos_001977_20260510_222505_306.png,40,0,29.732,0
orange_pos_001977_20260510_222505_306.png,60,0,46.310,0
orange_pos_001977_20260510_222505_306.png,80,0,20.977,0
orange_pos_001977_20260510_222505_306.png,100,0,8.781,0
orange_pos_001977_20260510_222505_306.png,120,0,10.858,0
orange_pos_001977_20260510_222505_306.png,140,0,23.580,0
orange_pos_001977_20260510_222505_306.png,0,20,22.234,0
orange_pos_001977_20260510_222505_306.png,20,20,4.009,0
orange_pos_001977_20260510_222505_306.png,40,20,23.170,0
orange_pos_001977_20260510_222505_306.png,60,20,23.042,0
orange_pos_001977_20260510_222505_306.png,80,20,1.466,0
orange_pos_001977_20260510_222505_306.png,100,20,0.621,0
orange_pos_001977_20260510_222505_306.png,120,20,0.621,0
orange_pos_001977_20260510_222505_306.png,140,20,11.997,0
orange_pos_001977_20260510_222505_306.png,0,40,1.861,0
orange_pos_001977_20260510_222505_306.png,20,40,3.601,0
orange_pos_001977_20260510_222505_306.png,40,40,33.549,0
orange_pos_001977_20260510_222505_306.png,60,40,24.349,0
orange_pos_001977_20260510_222505_306.png,80,40,0.622,0
orange_pos_001977_20260510_222505_306.png,100,40,0.621,0
orange_pos_001977_20260510_222505_306.png,120,40,0.621,0
orange_pos_001977_20260510_222505_306.png,140,40,18.791,0
orange_pos_001977_20260510_222505_306.png,0,60,1.750,0
orange_pos_001977_20260510_222505_306.png,20,60,2.493,0
orange_pos_001977_20260510_222505_306.png,40,60,35.192,0
orange_pos_001977_20260510_222505_306.png,60,60,23.284,0
orange_pos_001977_20260510_222505_306.png,80,60,1.188,0
orange_pos_001977_20260510_222505_306.png,100,60,0.621,0
orange_pos_001977_20260510_222505_306.png,120,60,1.950,0
orange_pos_001977_20260510_222505_306.png,140,60,20.256,0
orange_pos_001977_20260510_222505_306.png,0,80,1.901,0
orange_pos_001977_20260510_222505_306.png,20,80,3.202,0
orange_pos_001977_20260510_222505_306.png,40,80,39.407,0
orange_pos_001977_20260510_222505_306.png,60,80,24.731,0
orange_pos_001977_20260510_222505_306.png,80,80,1.375,0
orange_pos_001977_20260510_222505_306.png,100,80,5.660,0
orange_pos_001977_20260510_222505_306.png,120,80,12.276,0
orange_pos_001977_20260510_222505_306.png,140,80,25.906,0
orange_pos_001977_20260510_222505_306.png,0,100,1.546,0
orange_pos_001977_20260510_222505_306.png,20,100,5.525,0
orange_pos_001977_20260510_222505_306.png,40,100,37.833,0
orange_pos_001977_20260510_222505_306.png,60,100,23.413,0
orange_pos_001977_20260510_222505_306.png,80,100,9.077,0
orange_pos_001977_20260510_222505_306.png,100,100,11.684,0
orange_pos_001977_20260510_222505_306.png,120,100,17.119,0
orange_pos_001977_20260510_222505_306.png,140,100,25.675,0
orange_pos_001978_20260510_222507_067.png,0,0,15.024,0
orange_pos_001978_20260510_222507_067.png,20,0,1.866,0
orange_pos_001978_20260510_222507_067.png,40,0,11.234,0
orange_pos_001978_20260510_222507_067.png,60,0,19.316,0
orange_pos_001978_20260510_222507_067.png,80,0,5.568,0
orange_pos_001978_20260510_222507_067.png,100,0,2.364,0
orange_pos_001978_20260510_222507_067.png,120,0,2.247,0
orange_pos_001978_20260510_222507_067.png,140,0,4.556,0
orange_pos_001978_20260510_222507_067.png,0,20,17.561,0
orange_pos_001978_20260510_222507_067.png,20,20,0.621,0
orange_pos_001978_20260510_222507_067.png,40,20,8.428,0
orange_pos_001978_20260510_222507_067.png,60,20,10.702,0
orange_pos_001978_20260510_222507_067.png,80,20,0.862,0
orange_pos_001978_20260510_222507_067.png,100,20,0.621,0
orange_pos_001978_20260510_222507_067.png,120,20,0.621,0
orange_pos_001978_20260510_222507_067.png,140,20,4.648,0
orange_pos_001978_20260510_222507_067.png,0,40,0.687,0
orange_pos_001978_20260510_222507_067.png,20,40,0.621,0
orange_pos_001978_20260510_222507_067.png,40,40,6.222,0
orange_pos_001978_20260510_222507_067.png,60,40,4.452,0
orange_pos_001978_20260510_222507_067.png,80,40,0.621,0
orange_pos_001978_20260510_222507_067.png,100,40,0.621,0
orange_pos_001978_20260510_222507_067.png,120,40,0.621,0
orange_pos_001978_20260510_222507_067.png,140,40,1.636,0
orange_pos_001978_20260510_222507_067.png,0,60,0.713,0
orange_pos_001978_20260510_222507_067.png,20,60,0.621,0
orange_pos_001978_20260510_222507_067.png,40,60,7.728,0
orange_pos_001978_20260510_222507_067.png,60,60,4.347,0
orange_pos_001978_20260510_222507_067.png,80,60,0.621,0
orange_pos_001978_20260510_222507_067.png,100,60,0.621,0
orange_pos_001978_20260510_222507_067.png,120,60,0.621,0
orange_pos_001978_20260510_222507_067.png,140,60,2.057,0
orange_pos_001978_20260510_222507_067.png,0,80,0.913,0
orange_pos_001978_20260510_222507_067.png,20,80,0.658,0
orange_pos_001978_20260510_222507_067.png,40,80,14.600,0
orange_pos_001978_20260510_222507_067.png,60,80,7.612,0
orange_pos_001978_20260510_222507_067.png,80,80,0.654,0
orange_pos_001978_20260510_222507_067.png,100,80,0.882,0
orange_pos_001978_20260510_222507_067.png,120,80,2.154,0
orange_pos_001978_20260510_222507_067.png,140,80,5.726,0
orange_pos_001978_20260510_222507_067.png,0,100,0.792,0
orange_pos_001978_20260510_222507_067.png,20,100,1.077,0
orange_pos_001978_20260510_222507_067.png,40,100,7.392,0
orange_pos_001978_20260510_222507_067.png,60,100,4.083,0
orange_pos_001978_20260510_222507_067.png,80,100,0.680,0
orange_pos_001978_20260510_222507_067.png,100,100,0.966,0
orange_pos_001978_20260510_222507_067.png,120,100,1.583,0
orange_pos_001978_20260510_222507_067.png,140,100,3.764,0
orange_pos_001979_20260510_222507_485.png,0,0,7.719,0
orange_pos_001979_20260510_222507_485.png,20,0,0.621,0
orange_pos_001979_20260510_222507_485.png,40,0,3.988,0
orange_pos_001979_20260510_222507_485.png,60,0,6.061,0
orange_pos_001979_20260510_222507_485.png,80,0,1.943,0
orange_pos_001979_20260510_222507_485.png,100,0,0.629,0
orange_pos_001979_20260510_222507_485.png,120,0,0.622,0
orange_pos_001979_20260510_222507_485.png,140,0,0.621,0
orange_pos_001979_20260510_222507_485.png,0,20,5.940,0
orange_pos_001979_20260510_222507_485.png,20,20,0.621,0
orange_pos_001979_20260510_222507_485.png,40,20,4.425,0
orange_pos_001979_20260510_222507_485.png,60,20,3.976,0
orange_pos_001979_20260510_222507_485.png,80,20,0.658,0
orange_pos_001979_20260510_222507_485.png,100,20,0.621,0
orange_pos_001979_20260510_222507_485.png,120,20,0.621,0
orange_pos_001979_20260510_222507_485.png,140,20,0.780,0
orange_pos_001979_20260510_222507_485.png,0,40,0.663,0
orange_pos_001979_20260510_222507_485.png,20,40,0.621,0
orange_pos_001979_20260510_222507_485.png,40,40,4.878,0
orange_pos_001979_20260510_222507_485.png,60,40,2.618,0
orange_pos_001979_20260510_222507_485.png,80,40,0.621,0
orange_pos_001979_20260510_222507_485.png,100,40,0.621,0
orange_pos_001979_20260510_222507_485.png,120,40,0.621,0
orange_pos_001979_20260510_222507_485.png,140,40,1.402,0
orange_pos_001979_20260510_222507_485.png,0,60,0.630,0
orange_pos_001979_20260510_222507_485.png,20,60,0.621,0
orange_pos_001979_20260510_222507_485.png,40,60,6.980,0
orange_pos_001979_20260510_222507_485.png,60,60,3.169,0
orange_pos_001979_20260510_222507_485.png,80,60,0.621,0
orange_pos_001979_20260510_222507_485.png,100,60,0.621,0
orange_pos_001979_20260510_222507_485.png,120,60,0.621,0
orange_pos_001979_20260510_222507_485.png,140,60,1.000,0
orange_pos_001979_20260510_222507_485.png,0,80,0.621,0
orange_pos_001979_20260510_222507_485.png,20,80,0.621,0
orange_pos_001979_20260510_222507_485.png,40,80,2.667,0
orange_pos_001979_20260510_222507_485.png,60,80,1.067,0
orange_pos_001979_20260510_222507_485.png,80,80,0.621,0
orange_pos_001979_20260510_222507_485.png,100,80,0.621,0
orange_pos_001979_20260510_222507_485.png,120,80,0.621,0
orange_pos_001979_20260510_222507_485.png,140,80,0.621,0
orange_pos_001979_20260510_222507_485.png,0,100,0.651,0
orange_pos_001979_20260510_222507_485.png,20,100,0.771,0
orange_pos_001979_20260510_222507_485.png,40,100,4.020,0
orange_pos_001979_20260510_222507_485.png,60,100,2.354,0
orange_pos_001979_20260510_222507_485.png,80,100,0.621,0
orange_pos_001979_20260510_222507_485.png,100,100,0.621,0
orange_pos_001979_20260510_222507_485.png,120,100,0.693,0
orange_pos_001979_20260510_222507_485.png,140,100,1.079,0
orange_pos_001980_20260510_222509_275.png,0,0,24.092,0
orange_pos_001980_20260510_222509_275.png,20,0,0.621,0
orange_pos_001980_20260510_222509_275.png,40,0,14.334,0
orange_pos_001980_20260510_222509_275.png,60,0,23.665,0
orange_pos_001980_20260510_222509_275.png,80,0,6.879,0
orange_pos_001980_20260510_222509_275.png,100,0,3.049,0
orange_pos_001980_20260510_222509_275.png,120,0,1.837,0
orange_pos_001980_20260510_222509_275.png,140,0,2.764,0
orange_pos_001980_20260510_222509_275.png,0,20,14.471,0
orange_pos_001980_20260510_222509_275.png,20,20,1.706,0
orange_pos_001980_20260510_222509_275.png,40,20,14.534,0
orange_pos_001980_20260510_222509_275.png,60,20,17.274,0
orange_pos_001980_20260510_222509_275.png,80,20,1.688,0
orange_pos_001980_20260510_222509_275.png,100,20,0.621,0
orange_pos_001980_20260510_222509_275.png,120,20,0.832,0
orange_pos_001980_20260510_222509_275.png,140,20,8.961,0
orange_pos_001980_20260510_222509_275.png,0,40,1.033,0
orange_pos_001980_20260510_222509_275.png,20,40,0.621,0
orange_pos_001980_20260510_222509_275.png,40,40,17.297,0
orange_pos_001980_20260510_222509_275.png,60,40,11.248,0
orange_pos_001980_20260510_222509_275.png,80,40,0.630,0
orange_pos_001980_20260510_222509_275.png,100,40,0.621,0
orange_pos_001980_20260510_222509_275.png,120,40,0.621,0
orange_pos_001980_20260510_222509_275.png,140,40,8.309,0
orange_pos_001980_20260510_222509_275.png,0,60,0.989,0
orange_pos_001980_20260510_222509_275.png,20,60,0.683,0
orange_pos_001980_20260510_222509_275.png,40,60,17.790,0
orange_pos_001980_20260510_222509_275.png,60,60,12.383,0
orange_pos_001980_20260510_222509_275.png,80,60,0.772,0
orange_pos_001980_20260510_222509_275.png,100,60,0.659,0
orange_pos_001980_20260510_222509_275.png,120,60,0.983,0
orange_pos_001980_20260510_222509_275.png,140,60,9.679,0
orange_pos_001980_20260510_222509_275.png,0,80,0.961,0
orange_pos_001980_20260510_222509_275.png,20,80,0.665,0
orange_pos_001980_20260510_222509_275.png,40,80,19.264,0
orange_pos_001980_20260510_222509_275.png,60,80,10.102,0
orange_pos_001980_20260510_222509_275.png,80,80,0.814,0
orange_pos_001980_20260510_222509_275.png,100,80,1.522,0
orange_pos_001980_20260510_222509_275.png,120,80,4.397,0
orange_pos_001980_20260510_222509_275.png,140,80,10.091,0
orange_pos_001980_20260510_222509_275.png,0,100,0.816,0
orange_pos_001980_20260510_222509_275.png,20,100,1.469,0
orange_pos_001980_20260510_222509_275.png,40,100,11.779,0
orange_pos_001980_20260510_222509_275.png,60,100,5.934,0
orange_pos_001980_20260510_222509_275.png,80,100,1.520,0
orange_pos_001980_20260510_222509_275.png,100,100,1.842,0
orange_pos_001980_20260510_222509_275.png,120,100,2.859,0
orange_pos_001980_20260510_222509_275.png,140,100,4.739,0
orange_pos_001981_20260510_222509_673.png,0,0,15.458,0
orange_pos_001981_20260510_222509_673.png,20,0,1.055,0
orange_pos_001981_20260510_222509_673.png,40,0,9.324,0
orange_pos_001981_20260510_222509_673.png,60,0,12.946,0
orange_pos_001981_20260510_222509_673.png,80,0,4.437,0
orange_pos_001981_20260510_222509_673.png,100,0,1.709,0
orange_pos_001981_20260510_222509_673.png,120,0,1.832,0
orange_pos_001981_20260510_222509_673.png,140,0,4.328,0
orange_pos_001981_20260510_222509_673.png,0,20,5.073,0
orange_pos_001981_20260510_222509_673.png,20,20,0.621,0
orange_pos_001981_20260510_222509_673.png,40,20,5.902,0
orange_pos_001981_20260510_222509_673.png,60,20,6.358,0
orange_pos_001981_20260510_222509_673.png,80,20,0.622,0
orange_pos_001981_20260510_222509_673.png,100,20,0.621,0
orange_pos_001981_20260510_222509_673.png,120,20,0.621,0
orange_pos_001981_20260510_222509_673.png,140,20,2.093,0
orange_pos_001981_20260510_222509_673.png,0,40,0.714,0
orange_pos_001981_20260510_222509_673.png,20,40,0.746,0
orange_pos_001981_20260510_222509_673.png,40,40,10.573,0
orange_pos_001981_20260510_222509_673.png,60,40,7.496,0
orange_pos_001981_20260510_222509_673.png,80,40,0.621,0
orange_pos_001981_20260510_222509_673.png,100,40,0.621,0
orange_pos_001981_20260510_222509_673.png,120,40,0.621,0
orange_pos_001981_20260510_222509_673.png,140,40,3.550,0
orange_pos_001981_20260510_222509_673.png,0,60,0.749,0
orange_pos_001981_20260510_222509_673.png,20,60,0.621,0
orange_pos_001981_20260510_222509_673.png,40,60,6.170,0
orange_pos_001981_20260510_222509_673.png,60,60,3.332,0
orange_pos_001981_20260510_222509_673.png,80,60,0.621,0
orange_pos_001981_20260510_222509_673.png,100,60,0.621,0
orange_pos_001981_20260510_222509_673.png,120,60,0.622,0
orange_pos_001981_20260510_222509_673.png,140,60,1.838,0
orange_pos_001981_20260510_222509_673.png,0,80,0.662,0
orange_pos_001981_20260510_222509_673.png,20,80,0.621,0
orange_pos_001981_20260510_222509_673.png,40,80,5.840,0
orange_pos_001981_20260510_222509_673.png,60,80,4.188,0
orange_pos_001981_20260510_222509_673.png,80,80,0.621,0
orange_pos_001981_20260510_222509_673.png,100,80,0.621,0
orange_pos_001981_20260510_222509_673.png,120,80,0.781,0
orange_pos_001981_20260510_222509_673.png,140,80,1.493,0
orange_pos_001981_20260510_222509_673.png,0,100,0.646,0
orange_pos_001981_20260510_222509_673.png,20,100,1.022,0
orange_pos_001981_20260510_222509_673.png,40,100,5.465,0
orange_pos_001981_20260510_222509_673.png,60,100,3.250,0
orange_pos_001981_20260510_222509_673.png,80,100,0.621,0
orange_pos_001981_20260510_222509_673.png,100,100,0.621,0
orange_pos_001981_20260510_222509_673.png,120,100,0.992,0
orange_pos_001981_20260510_222509_673.png,140,100,2.062,0
orange_pos_001983_20260510_222511_612.png,0,0,4.374,0
orange_pos_001983_20260510_222511_612.png,20,0,0.621,0
orange_pos_001983_20260510_222511_612.png,40,0,2.116,0
orange_pos_001983_20260510_222511_612.png,60,0,3.435,0
orange_pos_001983_20260510_222511_612.png,80,0,1.149,0
orange_pos_001983_20260510_222511_612.png,100,0,0.622,0
orange_pos_001983_20260510_222511_612.png,120,0,0.621,0
orange_pos_001983_20260510_222511_612.png,140,0,0.621,0
orange_pos_001983_20260510_222511_612.png,0,20,3.687,0
orange_pos_001983_20260510_222511_612.png,20,20,0.852,0
orange_pos_001983_20260510_222511_612.png,40,20,3.133,0
orange_pos_001983_20260510_222511_612.png,60,20,4.255,0
orange_pos_001983_20260510_222511_612.png,80,20,0.625,0
orange_pos_001983_20260510_222511_612.png,100,20,0.621,0
orange_pos_001983_20260510_222511_612.png,120,20,0.621,0
orange_pos_001983_20260510_222511_612.png,140,20,0.743,0
orange_pos_001983_20260510_222511_612.png,0,40,0.652,0
orange_pos_001983_20260510_222511_612.png,20,40,0.621,0
orange_pos_001983_20260510_222511_612.png,40,40,4.089,0
orange_pos_001983_20260510_222511_612.png,60,40,2.579,0
orange_pos_001983_20260510_222511_612.png,80,40,0.621,0
orange_pos_001983_20260510_222511_612.png,100,40,0.621,0
orange_pos_001983_20260510_222511_612.png,120,40,0.621,0
orange_pos_001983_20260510_222511_612.png,140,40,0.761,0
orange_pos_001983_20260510_222511_612.png,0,60,0.622,0
orange_pos_001983_20260510_222511_612.png,20,60,0.621,0
orange_pos_001983_20260510_222511_612.png,40,60,2.737,0
orange_pos_001983_20260510_222511_612.png,60,60,2.122,0
orange_pos_001983_20260510_222511_612.png,80,60,0.621,0
orange_pos_001983_20260510_222511_612.png,100,60,0.621,0
orange_pos_001983_20260510_222511_612.png,120,60,0.621,0
orange_pos_001983_20260510_222511_612.png,140,60,0.721,0
orange_pos_001983_20260510_222511_612.png,0,80,0.698,0
orange_pos_001983_20260510_222511_612.png,20,80,0.652,0
orange_pos_001983_20260510_222511_612.png,40,80,4.334,0
orange_pos_001983_20260510_222511_612.png,60,80,1.978,0
orange_pos_001983_20260510_222511_612.png,80,80,0.621,0
orange_pos_001983_20260510_222511_612.png,100,80,0.621,0
orange_pos_001983_20260510_222511_612.png,120,80,0.988,0
orange_pos_001983_20260510_222511_612.png,140,80,0.747,0
orange_pos_001983_20260510_222511_612.png,0,100,0.621,0
orange_pos_001983_20260510_222511_612.png,20,100,0.839,0
orange_pos_001983_20260510_222511_612.png,40,100,2.983,0
orange_pos_001983_20260510_222511_612.png,60,100,1.244,0
orange_pos_001983_20260510_222511_612.png,80,100,0.621,0
orange_pos_001983_20260510_222511_612.png,100,100,0.621,0
orange_pos_001983_20260510_222511_612.png,120,100,1.228,0
orange_pos_001983_20260510_222511_612.png,140,100,0.805,0
orange_pos_001984_20260510_222516_515.png,0,0,3.576,0
orange_pos_001984_20260510_222516_515.png,20,0,0.621,0
orange_pos_001984_20260510_222516_515.png,40,0,0.847,0
orange_pos_001984_20260510_222516_515.png,60,0,0.676,0
orange_pos_001984_20260510_222516_515.png,80,0,0.625,0
orange_pos_001984_20260510_222516_515.png,100,0,0.621,0
orange_pos_001984_20260510_222516_515.png,120,0,0.621,0
orange_pos_001984_20260510_222516_515.png,140,0,0.621,0
orange_pos_001984_20260510_222516_515.png,0,20,3.054,0
orange_pos_001984_20260510_222516_515.png,20,20,0.621,0
orange_pos_001984_20260510_222516_515.png,40,20,1.250,0
orange_pos_001984_20260510_222516_515.png,60,20,1.084,0
orange_pos_001984_20260510_222516_515.png,80,20,0.621,0
orange_pos_001984_20260510_222516_515.png,100,20,0.621,0
orange_pos_001984_20260510_222516_515.png,120,20,0.621,0
orange_pos_001984_20260510_222516_515.png,140,20,0.621,0
orange_pos_001984_20260510_222516_515.png,0,40,0.621,0
orange_pos_001984_20260510_222516_515.png,20,40,0.621,0
orange_pos_001984_20260510_222516_515.png,40,40,0.982,0
orange_pos_001984_20260510_222516_515.png,60,40,0.816,0
orange_pos_001984_20260510_222516_515.png,80,40,0.621,0
orange_pos_001984_20260510_222516_515.png,100,40,0.621,0
orange_pos_001984_20260510_222516_515.png,120,40,0.621,0
orange_pos_001984_20260510_222516_515.png,140,40,0.621,0
orange_pos_001984_20260510_222516_515.png,0,60,0.621,0
orange_pos_001984_20260510_222516_515.png,20,60,0.621,0
orange_pos_001984_20260510_222516_515.png,40,60,3.028,0
orange_pos_001984_20260510_222516_515.png,60,60,1.167,0
orange_pos_001984_20260510_222516_515.png,80,60,0.621,0
orange_pos_001984_20260510_222516_515.png,100,60,0.621,0
orange_pos_001984_20260510_222516_515.png,120,60,0.621,0
orange_pos_001984_20260510_222516_515.png,140,60,0.658,0
orange_pos_001984_20260510_222516_515.png,0,80,0.621,0
orange_pos_001984_20260510_222516_515.png,20,80,0.621,0
orange_pos_001984_20260510_222516_515.png,40,80,1.623,0
orange_pos_001984_20260510_222516_515.png,60,80,0.890,0
orange_pos_001984_20260510_222516_515.png,80,80,0.621,0
orange_pos_001984_20260510_222516_515.png,100,80,0.621,0
orange_pos_001984_20260510_222516_515.png,120,80,0.621,0
orange_pos_001984_20260510_222516_515.png,140,80,0.623,0
orange_pos_001984_20260510_222516_515.png,0,100,0.621,0
orange_pos_001984_20260510_222516_515.png,20,100,0.621,0
orange_pos_001984_20260510_222516_515.png,40,100,1.223,0
orange_pos_001984_20260510_222516_515.png,60,100,0.733,0
orange_pos_001984_20260510_222516_515.png,80,100,0.621,0
orange_pos_001984_20260510_222516_515.png,100,100,0.621,0
orange_pos_001984_20260510_222516_515.png,120,100,0.621,0
orange_pos_001984_20260510_222516_515.png,140,100,0.621,0
orange_pos_001985_20260510_222518_679.png,0,0,53.739,0
orange_pos_001985_20260510_222518_679.png,20,0,9.151,0
orange_pos_001985_20260510_222518_679.png,40,0,35.264,0
orange_pos_001985_20260510_222518_679.png,60,0,59.900,0
orange_pos_001985_20260510_222518_679.png,80,0,32.181,0
orange_pos_001985_20260510_222518_679.png,100,0,19.969,0
orange_pos_001985_20260510_222518_679.png,120,0,25.639,0
orange_pos_001985_20260510_222518_679.png,140,0,37.436,0
orange_pos_001985_20260510_222518_679.png,0,20,25.878,0
orange_pos_001985_20260510_222518_679.png,20,20,3.233,0
orange_pos_001985_20260510_222518_679.png,40,20,26.509,0
orange_pos_001985_20260510_222518_679.png,60,20,30.880,0
orange_pos_001985_20260510_222518_679.png,80,20,3.868,0
orange_pos_001985_20260510_222518_679.png,100,20,0.621,0
orange_pos_001985_20260510_222518_679.png,120,20,1.235,0
orange_pos_001985_20260510_222518_679.png,140,20,20.772,0
orange_pos_001985_20260510_222518_679.png,0,40,2.473,0
orange_pos_001985_20260510_222518_679.png,20,40,9.840,0
orange_pos_001985_20260510_222518_679.png,40,40,44.976,0
orange_pos_001985_20260510_222518_679.png,60,40,41.567,0
orange_pos_001985_20260510_222518_679.png,80,40,1.446,0
orange_pos_001985_20260510_222518_679.png,100,40,0.621,0
orange_pos_001985_20260510_222518_679.png,120,40,1.059,0
orange_pos_001985_20260510_222518_679.png,140,40,37.159,0
orange_pos_001985_20260510_222518_679.png,0,60,2.302,0
orange_pos_001985_20260510_222518_679.png,20,60,5.439,0
orange_pos_001985_20260510_222518_679.png,40,60,42.778,0
orange_pos_001985_20260510_222518_679.png,60,60,31.213,0
orange_pos_001985_20260510_222518_679.png,80,60,4.784,0
orange_pos_001985_20260510_222518_679.png,100,60,1.153,0
orange_pos_001985_20260510_222518_679.png,120,60,7.705,0
orange_pos_001985_20260510_222518_679.png,140,60,32.013,0
orange_pos_001985_20260510_222518_679.png,0,80,2.902,0
orange_pos_001985_20260510_222518_679.png,20,80,3.155,0
orange_pos_001985_20260510_222518_679.png,40,80,48.591,0
orange_pos_001985_20260510_222518_679.png,60,80,31.994,0
orange_pos_001985_20260510_222518_679.png,80,80,5.479,0
orange_pos_001985_20260510_222518_679.png,100,80,12.155,0
orange_pos_001985_20260510_222518_679.png,120,80,20.640,0
orange_pos_001985_20260510_222518_679.png,140,80,34.022,0
orange_pos_001985_20260510_222518_679.png,0,100,1.592,0
orange_pos_001985_20260510_222518_679.png,20,100,5.965,0
orange_pos_001985_20260510_222518_679.png,40,100,40.521,0
orange_pos_001985_20260510_222518_679.png,60,100,26.129,0
orange_pos_001985_20260510_222518_679.png,80,100,12.016,0
orange_pos_001985_20260510_222518_679.png,100,100,16.530,0
orange_pos_001985_20260510_222518_679.png,120,100,22.328,0
orange_pos_001985_20260510_222518_679.png,140,100,27.814,0
orange_pos_001986_20260510_222522_638.png,0,0,35.933,0
orange_pos_001986_20260510_222522_638.png,20,0,5.964,0
orange_pos_001986_20260510_222522_638.png,40,0,26.247,0
orange_pos_001986_20260510_222522_638.png,60,0,41.799,0
orange_pos_001986_20260510_222522_638.png,80,0,21.533,0
orange_pos_001986_20260510_222522_638.png,100,0,10.872,0
orange_pos_001986_20260510_222522_638.png,120,0,13.889,0
orange_pos_001986_20260510_222522_638.png,140,0,21.084,0
orange_pos_001986_20260510_222522_638.png,0,20,20.190,0
orange_pos_001986_20260510_222522_638.png,20,20,5.647,0
orange_pos_001986_20260510_222522_638.png,40,20,25.718,0
orange_pos_001986_20260510_222522_638.png,60,20,27.880,0
orange_pos_001986_20260510_222522_638.png,80,20,2.304,0
orange_pos_001986_20260510_222522_638.png,100,20,0.621,0
orange_pos_001986_20260510_222522_638.png,120,20,0.662,0
orange_pos_001986_20260510_222522_638.png,140,20,16.648,0
orange_pos_001986_20260510_222522_638.png,0,40,1.360,0
orange_pos_001986_20260510_222522_638.png,20,40,1.738,0
orange_pos_001986_20260510_222522_638.png,40,40,23.362,0
orange_pos_001986_20260510_222522_638.png,60,40,16.316,0
orange_pos_001986_20260510_222522_638.png,80,40,0.630,0
orange_pos_001986_20260510_222522_638.png,100,40,0.621,0
orange_pos_001986_20260510_222522_638.png,120,40,0.621,0
orange_pos_001986_20260510_222522_638.png,140,40,11.170,0
orange_pos_001986_20260510_222522_638.png,0,60,1.226,0
orange_pos_001986_20260510_222522_638.png,20,60,2.085,0
orange_pos_001986_20260510_222522_638.png,40,60,29.200,0
orange_pos_001986_20260510_222522_638.png,60,60,16.706,0
orange_pos_001986_20260510_222522_638.png,80,60,0.759,0
orange_pos_001986_20260510_222522_638.png,100,60,0.621,0
orange_pos_001986_20260510_222522_638.png,120,60,1.386,0
orange_pos_001986_20260510_222522_638.png,140,60,12.875,0
orange_pos_001986_20260510_222522_638.png,0,80,2.224,0
orange_pos_001986_20260510_222522_638.png,20,80,2.133,0
orange_pos_001986_20260510_222522_638.png,40,80,35.981,0
orange_pos_001986_20260510_222522_638.png,60,80,21.276,0
orange_pos_001986_20260510_222522_638.png,80,80,3.060,0
orange_pos_001986_20260510_222522_638.png,100,80,5.514,0
orange_pos_001986_20260510_222522_638.png,120,80,13.250,0
orange_pos_001986_20260510_222522_638.png,140,80,24.608,0
orange_pos_001986_20260510_222522_638.png,0,100,1.325,0
orange_pos_001986_20260510_222522_638.png,20,100,4.986,0
orange_pos_001986_20260510_222522_638.png,40,100,33.033,0
orange_pos_001986_20260510_222522_638.png,60,100,19.552,0
orange_pos_001986_20260510_222522_638.png,80,100,9.582,0
orange_pos_001986_20260510_222522_638.png,100,100,12.519,0
orange_pos_001986_20260510_222522_638.png,120,100,16.848,0
orange_pos_001986_20260510_222522_638.png,140,100,21.099,0
orange_pos_001987_20260510_222524_915.png,0,0,23.300,0
orange_pos_001987_20260510_222524_915.png,20,0,1.415,0
orange_pos_001987_20260510_222524_915.png,40,0,17.051,0
orange_pos_001987_20260510_222524_915.png,60,0,28.562,0
orange_pos_001987_20260510_222524_915.png,80,0,13.602,0
orange_pos_001987_20260510_222524_915.png,100,0,6.871,0
orange_pos_001987_20260510_222524_915.png,120,0,6.001,0
orange_pos_001987_20260510_222524_915.png,140,0,9.840,0
orange_pos_001987_20260510_222524_915.png,0,20,11.883,0
orange_pos_001987_20260510_222524_915.png,20,20,0.621,0
orange_pos_001987_20260510_222524_915.png,40,20,14.838,0
orange_pos_001987_20260510_222524_915.png,60,20,15.539,0
orange_pos_001987_20260510_222524_915.png,80,20,1.205,0
orange_pos_001987_20260510_222524_915.png,100,20,0.621,0
orange_pos_001987_20260510_222524_915.png,120,20,0.621,0
orange_pos_001987_20260510_222524_915.png,140,20,4.776,0
orange_pos_001987_20260510_222524_915.png,0,40,1.084,0
orange_pos_001987_20260510_222524_915.png,20,40,3.636,0
orange_pos_001987_20260510_222524_915.png,40,40,22.405,0
orange_pos_001987_20260510_222524_915.png,60,40,15.211,0
orange_pos_001987_20260510_222524_915.png,80,40,0.639,0
orange_pos_001987_20260510_222524_915.png,100,40,0.621,0
orange_pos_001987_20260510_222524_915.png,120,40,0.621,0
orange_pos_001987_20260510_222524_915.png,140,40,8.241,0
orange_pos_001987_20260510_222524_915.png,0,60,0.914,0
orange_pos_001987_20260510_222524_915.png,20,60,0.748,0
orange_pos_001987_20260510_222524_915.png,40,60,19.836,0
orange_pos_001987_20260510_222524_915.png,60,60,11.511,0
orange_pos_001987_20260510_222524_915.png,80,60,0.686,0
orange_pos_001987_20260510_222524_915.png,100,60,0.621,0
orange_pos_001987_20260510_222524_915.png,120,60,0.680,0
orange_pos_001987_20260510_222524_915.png,140,60,8.048,0
orange_pos_001987_20260510_222524_915.png,0,80,1.550,0
orange_pos_001987_20260510_222524_915.png,20,80,1.497,0
orange_pos_001987_20260510_222524_915.png,40,80,29.220,0
orange_pos_001987_20260510_222524_915.png,60,80,17.664,0
orange_pos_001987_20260510_222524_915.png,80,80,1.287,0
orange_pos_001987_20260510_222524_915.png,100,80,4.224,0
orange_pos_001987_20260510_222524_915.png,120,80,8.119,0
orange_pos_001987_20260510_222524_915.png,140,80,18.699,0
orange_pos_001987_20260510_222524_915.png,0,100,1.304,0
orange_pos_001987_20260510_222524_915.png,20,100,3.284,0
orange_pos_001987_20260510_222524_915.png,40,100,29.757,0
orange_pos_001987_20260510_222524_915.png,60,100,16.688,0
orange_pos_001987_20260510_222524_915.png,80,100,3.029,0
orange_pos_001987_20260510_222524_915.png,100,100,5.453,0
orange_pos_001987_20260510_222524_915.png,120,100,10.875,0
orange_pos_001987_20260510_222524_915.png,140,100,15.929,0
orange_pos_001989_20260510_222525_325.png,0,0,8.997,0
orange_pos_001989_20260510_222525_325.png,20,0,0.701,0
orange_pos_001989_20260510_222525_325.png,40,0,6.429,0
orange_pos_001989_20260510_222525_325.png,60,0,8.865,0
orange_pos_001989_20260510_222525_325.png,80,0,2.671,0
orange_pos_001989_20260510_222525_325.png,100,0,1.071,0
orange_pos_001989_20260510_222525_325.png,120,0,0.812,0
orange_pos_001989_20260510_222525_325.png,140,0,1.066,0
orange_pos_001989_20260510_222525_325.png,0,20,9.555,0
orange_pos_001989_20260510_222525_325.png,20,20,0.621,0
orange_pos_001989_20260510_222525_325.png,40,20,3.720,0
orange_pos_001989_20260510_222525_325.png,60,20,2.899,0
orange_pos_001989_20260510_222525_325.png,80,20,0.631,0
orange_pos_001989_20260510_222525_325.png,100,20,0.621,0
orange_pos_001989_20260510_222525_325.png,120,20,0.621,0
orange_pos_001989_20260510_222525_325.png,140,20,0.879,0
orange_pos_001989_20260510_222525_325.png,0,40,0.621,0
orange_pos_001989_20260510_222525_325.png,20,40,0.621,0
orange_pos_001989_20260510_222525_325.png,40,40,3.341,0
orange_pos_001989_20260510_222525_325.png,60,40,1.890,0
orange_pos_001989_20260510_222525_325.png,80,40,0.621,0
orange_pos_001989_20260510_222525_325.png,100,40,0.621,0
orange_pos_001989_20260510_222525_325.png,120,40,0.621,0
orange_pos_001989_20260510_222525_325.png,140,40,0.648,0
orange_pos_001989_20260510_222525_325.png,0,60,0.633,0
orange_pos_001989_20260510_222525_325.png,20,60,0.621,0
orange_pos_001989_20260510_222525_325.png,40,60,5.933,0
orange_pos_001989_20260510_222525_325.png,60,60,2.713,0
orange_pos_001989_20260510_222525_325.png,80,60,0.621,0
orange_pos_001989_20260510_222525_325.png,100,60,0.621,0
orange_pos_001989_20260510_222525_325.png,120,60,0.621,0
orange_pos_001989_20260510_222525_325.png,140,60,0.689,0
orange_pos_001989_20260510_222525_325.png,0,80,0.743,0
orange_pos_001989_20260510_222525_325.png,20,80,0.690,0
orange_pos_001989_20260510_222525_325.png,40,80,11.436,0
orange_pos_001989_20260510_222525_325.png,60,80,5.964,0
orange_pos_001989_20260510_222525_325.png,80,80,0.621,0
orange_pos_001989_20260510_222525_325.png,100,80,0.621,0
orange_pos_001989_20260510_222525_325.png,120,80,0.890,0
orange_pos_001989_20260510_222525_325.png,140,80,2.880,0
orange_pos_001989_20260510_222525_325.png,0,100,0.630,0
orange_pos_001989_20260510_222525_325.png,20,100,0.888,0
orange_pos_001989_20260510_222525_325.png,40,100,3.908,0
orange_pos_001989_20260510_222525_325.png,60,100,1.916,0
orange_pos_001989_20260510_222525_325.png,80,100,0.621,0
orange_pos_001989_20260510_222525_325.png,100,100,0.698,0
orange_pos_001989_20260510_222525_325.png,120,100,0.848,0
orange_pos_001989_20260510_222525_325.png,140,100,0.971,0
orange_pos_001990_20260510_222527_213.png,0,0,25.869,0
orange_pos_001990_20260510_222527_213.png,20,0,1.028,0
orange_pos_001990_20260510_222527_213.png,40,0,22.698,0
orange_pos_001990_20260510_222527_213.png,60,0,34.589,0
orange_pos_001990_20260510_222527_213.png,80,0,11.518,0
orange_pos_001990_20260510_222527_213.png,100,0,6.118,0
orange_pos_001990_20260510_222527_213.png,120,0,7.259,0
orange_pos_001990_20260510_222527_213.png,140,0,13.827,0
orange_pos_001990_20260510_222527_213.png,0,20,22.248,0
orange_pos_001990_20260510_222527_213.png,20,20,2.479,0
orange_pos_001990_20260510_222527_213.png,40,20,23.685,0
orange_pos_001990_20260510_222527_213.png,60,20,23.952,0
orange_pos_001990_20260510_222527_213.png,80,20,1.724,0
orange_pos_001990_20260510_222527_213.png,100,20,0.621,0
orange_pos_001990_20260510_222527_213.png,120,20,0.621,0
orange_pos_001990_20260510_222527_213.png,140,20,12.727,0
orange_pos_001990_20260510_222527_213.png,0,40,1.405,0
orange_pos_001990_20260510_222527_213.png,20,40,2.494,0
orange_pos_001990_20260510_222527_213.png,40,40,25.749,0
orange_pos_001990_20260510_222527_213.png,60,40,19.118,0
orange_pos_001990_20260510_222527_213.png,80,40,0.627,0
orange_pos_001990_20260510_222527_213.png,100,40,0.621,0
orange_pos_001990_20260510_222527_213.png,120,40,0.621,0
orange_pos_001990_20260510_222527_213.png,140,40,13.284,0
orange_pos_001990_20260510_222527_213.png,0,60,1.353,0
orange_pos_001990_20260510_222527_213.png,20,60,1.301,0
orange_pos_001990_20260510_222527_213.png,40,60,29.347,0
orange_pos_001990_20260510_222527_213.png,60,60,18.897,0
orange_pos_001990_20260510_222527_213.png,80,60,0.926,0
orange_pos_001990_20260510_222527_213.png,100,60,0.630,0
orange_pos_001990_20260510_222527_213.png,120,60,1.996,0
orange_pos_001990_20260510_222527_213.png,140,60,13.775,0
orange_pos_001990_20260510_222527_213.png,0,80,1.579,0
orange_pos_001990_20260510_222527_213.png,20,80,1.128,0
orange_pos_001990_20260510_222527_213.png,40,80,30.271,0
orange_pos_001990_20260510_222527_213.png,60,80,17.126,0
orange_pos_001990_20260510_222527_213.png,80,80,1.028,0
orange_pos_001990_20260510_222527_213.png,100,80,2.585,0
orange_pos_001990_20260510_222527_213.png,120,80,9.569,0
orange_pos_001990_20260510_222527_213.png,140,80,15.742,0
orange_pos_001990_20260510_222527_213.png,0,100,1.018,0
orange_pos_001990_20260510_222527_213.png,20,100,4.147,0
orange_pos_001990_20260510_222527_213.png,40,100,30.055,0
orange_pos_001990_20260510_222527_213.png,60,100,17.957,0
orange_pos_001990_20260510_222527_213.png,80,100,5.556,0
orange_pos_001990_20260510_222527_213.png,100,100,7.619,0
orange_pos_001990_20260510_222527_213.png,120,100,12.126,0
orange_pos_001990_20260510_222527_213.png,140,100,17.909,0
orange_pos_001991_20260510_222529_204.png,0,0,38.173,0
orange_pos_001991_20260510_222529_204.png,20,0,8.867,0
orange_pos_001991_20260510_222529_204.png,40,0,29.701,0
orange_pos_001991_20260510_222529_204.png,60,0,47.130,0
orange_pos_001991_20260510_222529_204.png,80,0,21.873,0
orange_pos_001991_20260510_222529_204.png,100,0,10.828,0
orange_pos_001991_20260510_222529_204.png,120,0,11.931,0
orange_pos_001991_20260510_222529_204.png,140,0,26.270,0
orange_pos_001991_20260510_222529_204.png,0,20,30.750,0
orange_pos_001991_20260510_222529_204.png,20,20,7.552,0
orange_pos_001991_20260510_222529_204.png,40,20,29.152,0
orange_pos_001991_20260510_222529_204.png,60,20,31.484,0
orange_pos_001991_20260510_222529_204.png,80,20,3.212,0
orange_pos_001991_20260510_222529_204.png,100,20,0.621,0
orange_pos_001991_20260510_222529_204.png,120,20,0.726,0
orange_pos_001991_20260510_222529_204.png,140,20,20.500,0
orange_pos_001991_20260510_222529_204.png,0,40,1.866,0
orange_pos_001991_20260510_222529_204.png,20,40,8.044,0
orange_pos_001991_20260510_222529_204.png,40,40,39.571,0
orange_pos_001991_20260510_222529_204.png,60,40,33.098,0
orange_pos_001991_20260510_222529_204.png,80,40,0.761,0
orange_pos_001991_20260510_222529_204.png,100,40,0.621,0
orange_pos_001991_20260510_222529_204.png,120,40,0.657,0
orange_pos_001991_20260510_222529_204.png,140,40,25.448,0
orange_pos_001991_20260510_222529_204.png,0,60,2.268,0
orange_pos_001991_20260510_222529_204.png,20,60,10.139,0
orange_pos_001991_20260510_222529_204.png,40,60,43.778,0
orange_pos_001991_20260510_222529_204.png,60,60,30.638,0
orange_pos_001991_20260510_222529_204.png,80,60,3.897,0
orange_pos_001991_20260510_222529_204.png,100,60,0.956,0
orange_pos_001991_20260510_222529_204.png,120,60,5.114,0
orange_pos_001991_20260510_222529_204.png,140,60,29.867,0
orange_pos_001991_20260510_222529_204.png,0,80,3.259,0
orange_pos_001991_20260510_222529_204.png,20,80,5.315,0
orange_pos_001991_20260510_222529_204.png,40,80,41.954,0
orange_pos_001991_20260510_222529_204.png,60,80,27.096,0
orange_pos_001991_20260510_222529_204.png,80,80,3.755,0
orange_pos_001991_20260510_222529_204.png,100,80,7.209,0
orange_pos_001991_20260510_222529_204.png,120,80,14.148,0
orange_pos_001991_20260510_222529_204.png,140,80,30.917,0
orange_pos_001991_20260510_222529_204.png,0,100,1.834,0
orange_pos_001991_20260510_222529_204.png,20,100,7.002,0
orange_pos_001991_20260510_222529_204.png,40,100,46.879,0
orange_pos_001991_20260510_222529_204.png,60,100,30.157,0
orange_pos_001991_20260510_222529_204.png,80,100,13.858,0
orange_pos_001991_20260510_222529_204.png,100,100,16.950,0
orange_pos_001991_20260510_222529_204.png,120,100,25.091,0
orange_pos_001991_20260510_222529_204.png,140,100,34.163,0
orange_pos_001992_20260510_222529_734.png,0,0,38.199,0
orange_pos_001992_20260510_222529_734.png,20,0,4.776,0
orange_pos_001992_20260510_222529_734.png,40,0,24.977,0
orange_pos_001992_20260510_222529_734.png,60,0,42.267,0
orange_pos_001992_20260510_222529_734.png,80,0,20.177,0
orange_pos_001992_20260510_222529_734.png,100,0,11.284,0
orange_pos_001992_20260510_222529_734.png,120,0,14.460,0
orange_pos_001992_20260510_222529_734.png,140,0,22.445,0
orange_pos_001992_20260510_222529_734.png,0,20,27.950,0
orange_pos_001992_20260510_222529_734.png,20,20,1.607,0
orange_pos_001992_20260510_222529_734.png,40,20,25.293,0
orange_pos_001992_20260510_222529_734.png,60,20,27.838,0
orange_pos_001992_20260510_222529_734.png,80,20,2.865,0
orange_pos_001992_20260510_222529_734.png,100,20,0.621,0
orange_pos_001992_20260510_222529_734.png,120,20,0.998,0
orange_pos_001992_20260510_222529_734.png,140,20,18.181,0
orange_pos_001992_20260510_222529_734.png,0,40,1.546,0
orange_pos_001992_20260510_222529_734.png,20,40,0.621,0
orange_pos_001992_20260510_222529_734.png,40,40,28.381,0
orange_pos_001992_20260510_222529_734.png,60,40,21.620,0
orange_pos_001992_20260510_222529_734.png,80,40,0.621,0
orange_pos_001992_20260510_222529_734.png,100,40,0.621,0
orange_pos_001992_20260510_222529_734.png,120,40,0.621,0
orange_pos_001992_20260510_222529_734.png,140,40,16.697,0
orange_pos_001992_20260510_222529_734.png,0,60,1.441,0
orange_pos_001992_20260510_222529_734.png,20,60,0.642,0
orange_pos_001992_20260510_222529_734.png,40,60,32.250,0
orange_pos_001992_20260510_222529_734.png,60,60,21.971,0
orange_pos_001992_20260510_222529_734.png,80,60,0.982,0
orange_pos_001992_20260510_222529_734.png,100,60,0.623,0
orange_pos_001992_20260510_222529_734.png,120,60,1.705,0
orange_pos_001992_20260510_222529_734.png,140,60,19.502,0
orange_pos_001992_20260510_222529_734.png,0,80,1.350,0
orange_pos_001992_20260510_222529_734.png,20,80,0.912,0
orange_pos_001992_20260510_222529_734.png,40,80,30.882,0
orange_pos_001992_20260510_222529_734.png,60,80,17.589,0
orange_pos_001992_20260510_222529_734.png,80,80,0.675,0
orange_pos_001992_20260510_222529_734.png,100,80,2.972,0
orange_pos_001992_20260510_222529_734.png,120,80,9.167,0
orange_pos_001992_20260510_222529_734.png,140,80,17.266,0
orange_pos_001992_20260510_222529_734.png,0,100,1.248,0
orange_pos_001992_20260510_222529_734.png,20,100,3.691,0
orange_pos_001992_20260510_222529_734.png,40,100,28.108,0
orange_pos_001992_20260510_222529_734.png,60,100,18.358,0
orange_pos_001992_20260510_222529_734.png,80,100,4.966,0
orange_pos_001992_20260510_222529_734.png,100,100,7.581,0
orange_pos_001992_20260510_222529_734.png,120,100,11.038,0
orange_pos_001992_20260510_222529_734.png,140,100,18.219,0
orange_pos_001993_20260510_222531_599.png,0,0,42.503,0
orange_pos_001993_20260510_222531_599.png,20,0,9.291,0
orange_pos_001993_20260510_222531_599.png,40,0,32.244,0
orange_pos_001993_20260510_222531_599.png,60,0,52.069,0
orange_pos_001993_20260510_222531_599.png,80,0,27.084,0
orange_pos_001993_20260510_222531_599.png,100,0,15.501,0
orange_pos_001993_20260510_222531_599.png,120,0,17.973,0
orange_pos_001993_20260510_222531_599.png,140,0,29.900,0
orange_pos_001993_20260510_222531_599.png,0,20,29.976,0
orange_pos_001993_20260510_222531_599.png,20,20,11.313,0
orange_pos_001993_20260510_222531_599.png,40,20,32.494,0
orange_pos_001993_20260510_222531_599.png,60,20,38.935,0
orange_pos_001993_20260510_222531_599.png,80,20,4.441,0
orange_pos_001993_20260510_222531_599.png,100,20,0.621,0
orange_pos_001993_20260510_222531_599.png,120,20,1.820,0
orange_pos_001993_20260510_222531_599.png,140,20,27.354,0
orange_pos_001993_20260510_222531_599.png,0,40,1.312,0
orange_pos_001993_20260510_222531_599.png,20,40,2.859,0
orange_pos_001993_20260510_222531_599.png,40,40,28.939,0
orange_pos_001993_20260510_222531_599.png,60,40,21.495,0
orange_pos_001993_20260510_222531_599.png,80,40,0.698,0
orange_pos_001993_20260510_222531_599.png,100,40,0.621,0
orange_pos_001993_20260510_222531_599.png,120,40,0.621,0
orange_pos_001993_20260510_222531_599.png,140,40,16.122,0
orange_pos_001993_20260510_222531_599.png,0,60,1.418,0
orange_pos_001993_20260510_222531_599.png,20,60,4.340,0
orange_pos_001993_20260510_222531_599.png,40,60,32.869,0
orange_pos_001993_20260510_222531_599.png,60,60,22.282,0
orange_pos_001993_20260510_222531_599.png,80,60,2.537,0
orange_pos_001993_20260510_222531_599.png,100,60,0.621,0
orange_pos_001993_20260510_222531_599.png,120,60,2.911,0
orange_pos_001993_20260510_222531_599.png,140,60,19.966,0
orange_pos_001993_20260510_222531_599.png,0,80,3.235,0
orange_pos_001993_20260510_222531_599.png,20,80,3.930,0
orange_pos_001993_20260510_222531_599.png,40,80,39.129,0
orange_pos_001993_20260510_222531_599.png,60,80,25.702,0
orange_pos_001993_20260510_222531_599.png,80,80,4.214,0
orange_pos_001993_20260510_222531_599.png,100,80,6.469,0
orange_pos_001993_20260510_222531_599.png,120,80,14.857,0
orange_pos_001993_20260510_222531_599.png,140,80,29.407,0
orange_pos_001993_20260510_222531_599.png,0,100,1.687,0
orange_pos_001993_20260510_222531_599.png,20,100,4.912,0
orange_pos_001993_20260510_222531_599.png,40,100,40.456,0
orange_pos_001993_20260510_222531_599.png,60,100,26.698,0
orange_pos_001993_20260510_222531_599.png,80,100,11.163,0
orange_pos_001993_20260510_222531_599.png,100,100,13.672,0
orange_pos_001993_20260510_222531_599.png,120,100,19.240,0
orange_pos_001993_20260510_222531_599.png,140,100,32.120,0
orange_pos_001994_20260510_222532_048.png,0,0,42.503,0
orange_pos_001994_20260510_222532_048.png,20,0,9.291,0
orange_pos_001994_20260510_222532_048.png,40,0,32.244,0
orange_pos_001994_20260510_222532_048.png,60,0,52.069,0
orange_pos_001994_20260510_222532_048.png,80,0,27.084,0
orange_pos_001994_20260510_222532_048.png,100,0,15.501,0
orange_pos_001994_20260510_222532_048.png,120,0,17.973,0
orange_pos_001994_20260510_222532_048.png,140,0,29.900,0
orange_pos_001994_20260510_222532_048.png,0,20,29.976,0
orange_pos_001994_20260510_222532_048.png,20,20,11.313,0
orange_pos_001994_20260510_222532_048.png,40,20,32.494,0
orange_pos_001994_20260510_222532_048.png,60,20,38.935,0
orange_pos_001994_20260510_222532_048.png,80,20,4.441,0
orange_pos_001994_20260510_222532_048.png,100,20,0.621,0
orange_pos_001994_20260510_222532_048.png,120,20,1.820,0
orange_pos_001994_20260510_222532_048.png,140,20,27.354,0
orange_pos_001994_20260510_222532_048.png,0,40,1.312,0
orange_pos_001994_20260510_222532_048.png,20,40,2.859,0
orange_pos_001994_20260510_222532_048.png,40,40,28.939,0
orange_pos_001994_20260510_222532_048.png,60,40,21.495,0
orange_pos_001994_20260510_222532_048.png,80,40,0.698,0
orange_pos_001994_20260510_222532_048.png,100,40,0.621,0
orange_pos_001994_20260510_222532_048.png,120,40,0.621,0
orange_pos_001994_20260510_222532_048.png,140,40,16.122,0
orange_pos_001994_20260510_222532_048.png,0,60,1.418,0
orange_pos_001994_20260510_222532_048.png,20,60,4.340,0
orange_pos_001994_20260510_222532_048.png,40,60,32.869,0
orange_pos_001994_20260510_222532_048.png,60,60,22.282,0
orange_pos_001994_20260510_222532_048.png,80,60,2.537,0
orange_pos_001994_20260510_222532_048.png,100,60,0.621,0
orange_pos_001994_20260510_222532_048.png,120,60,2.911,0
orange_pos_001994_20260510_222532_048.png,140,60,19.966,0
orange_pos_001994_20260510_222532_048.png,0,80,3.235,0
orange_pos_001994_20260510_222532_048.png,20,80,3.930,0
orange_pos_001994_20260510_222532_048.png,40,80,39.129,0
orange_pos_001994_20260510_222532_048.png,60,80,25.702,0
orange_pos_001994_20260510_222532_048.png,80,80,4.214,0
orange_pos_001994_20260510_222532_048.png,100,80,6.469,0
orange_pos_001994_20260510_222532_048.png,120,80,14.857,0
orange_pos_001994_20260510_222532_048.png,140,80,29.407,0
orange_pos_001994_20260510_222532_048.png,0,100,1.687,0
orange_pos_001994_20260510_222532_048.png,20,100,4.912,0
orange_pos_001994_20260510_222532_048.png,40,100,40.456,0
orange_pos_001994_20260510_222532_048.png,60,100,26.698,0
orange_pos_001994_20260510_222532_048.png,80,100,11.163,0
orange_pos_001994_20260510_222532_048.png,100,100,13.672,0
orange_pos_001994_20260510_222532_048.png,120,100,19.240,0
orange_pos_001994_20260510_222532_048.png,140,100,32.120,0
orange_pos_001995_20260510_222536_069.png,0,0,17.191,0
orange_pos_001995_20260510_222536_069.png,20,0,1.198,0
orange_pos_001995_20260510_222536_069.png,40,0,12.883,0
orange_pos_001995_20260510_222536_069.png,60,0,18.961,0
orange_pos_001995_20260510_222536_069.png,80,0,6.953,0
orange_pos_001995_20260510_222536_069.png,100,0,1.539,0
orange_pos_001995_20260510_222536_069.png,120,0,3.196,0
orange_pos_001995_20260510_222536_069.png,140,0,8.258,0
orange_pos_001995_20260510_222536_069.png,0,20,12.359,0
orange_pos_001995_20260510_222536_069.png,20,20,0.853,0
orange_pos_001995_20260510_222536_069.png,40,20,10.621,0
orange_pos_001995_20260510_222536_069.png,60,20,12.254,0
orange_pos_001995_20260510_222536_069.png,80,20,1.342,0
orange_pos_001995_20260510_222536_069.png,100,20,0.621,0
orange_pos_001995_20260510_222536_069.png,120,20,0.621,0
orange_pos_001995_20260510_222536_069.png,140,20,5.842,0
orange_pos_001995_20260510_222536_069.png,0,40,0.702,0
orange_pos_001995_20260510_222536_069.png,20,40,0.621,0
orange_pos_001995_20260510_222536_069.png,40,40,3.604,0
orange_pos_001995_20260510_222536_069.png,60,40,3.327,0
orange_pos_001995_20260510_222536_069.png,80,40,0.621,0
orange_pos_001995_20260510_222536_069.png,100,40,0.621,0
orange_pos_001995_20260510_222536_069.png,120,40,0.621,0
orange_pos_001995_20260510_222536_069.png,140,40,1.531,0
orange_pos_001995_20260510_222536_069.png,0,60,0.880,0
orange_pos_001995_20260510_222536_069.png,20,60,0.621,0
orange_pos_001995_20260510_222536_069.png,40,60,15.014,0
orange_pos_001995_20260510_222536_069.png,60,60,8.998,0
orange_pos_001995_20260510_222536_069.png,80,60,0.621,0
orange_pos_001995_20260510_222536_069.png,100,60,0.621,0
orange_pos_001995_20260510_222536_069.png,120,60,0.621,0
orange_pos_001995_20260510_222536_069.png,140,60,5.313,0
orange_pos_001995_20260510_222536_069.png,0,80,0.936,0
orange_pos_001995_20260510_222536_069.png,20,80,0.627,0
orange_pos_001995_20260510_222536_069.png,40,80,15.897,0
orange_pos_001995_20260510_222536_069.png,60,80,9.033,0
orange_pos_001995_20260510_222536_069.png,80,80,0.621,0
orange_pos_001995_20260510_222536_069.png,100,80,1.444,0
orange_pos_001995_20260510_222536_069.png,120,80,2.078,0
orange_pos_001995_20260510_222536_069.png,140,80,6.522,0
orange_pos_001995_20260510_222536_069.png,0,100,1.078,0
orange_pos_001995_20260510_222536_069.png,20,100,3.068,0
orange_pos_001995_20260510_222536_069.png,40,100,24.452,0
orange_pos_001995_20260510_222536_069.png,60,100,15.310,0
orange_pos_001995_20260510_222536_069.png,80,100,3.947,0
orange_pos_001995_20260510_222536_069.png,100,100,6.211,0
orange_pos_001995_20260510_222536_069.png,120,100,8.910,0
orange_pos_001995_20260510_222536_069.png,140,100,13.125,0
orange_pos_001996_20260510_222536_422.png,0,0,7.466,0
orange_pos_001996_20260510_222536_422.png,20,0,0.621,0
orange_pos_001996_20260510_222536_422.png,40,0,5.392,0
orange_pos_001996_20260510_222536_422.png,60,0,7.086,0
orange_pos_001996_20260510_222536_422.png,80,0,3.889,0
orange_pos_001996_20260510_222536_422.png,100,0,1.468,0
orange_pos_001996_20260510_222536_422.png,120,0,1.583,0
orange_pos_001996_20260510_222536_422.png,140,0,1.745,0
orange_pos_001996_20260510_222536_422.png,0,20,4.267,0
orange_pos_001996_20260510_222536_422.png,20,20,0.621,0
orange_pos_001996_20260510_222536_422.png,40,20,7.283,0
orange_pos_001996_20260510_222536_422.png,60,20,6.541,0
orange_pos_001996_20260510_222536_422.png,80,20,0.825,0
orange_pos_001996_20260510_222536_422.png,100,20,0.621,0
orange_pos_001996_20260510_222536_422.png,120,20,0.621,0
orange_pos_001996_20260510_222536_422.png,140,20,1.674,0
orange_pos_001996_20260510_222536_422.png,0,40,0.626,0
orange_pos_001996_20260510_222536_422.png,20,40,0.621,0
orange_pos_001996_20260510_222536_422.png,40,40,5.027,0
orange_pos_001996_20260510_222536_422.png,60,40,2.859,0
orange_pos_001996_20260510_222536_422.png,80,40,0.621,0
orange_pos_001996_20260510_222536_422.png,100,40,0.621,0
orange_pos_001996_20260510_222536_422.png,120,40,0.621,0
orange_pos_001996_20260510_222536_422.png,140,40,1.435,0
orange_pos_001996_20260510_222536_422.png,0,60,0.703,0
orange_pos_001996_20260510_222536_422.png,20,60,0.621,0
orange_pos_001996_20260510_222536_422.png,40,60,8.154,0
orange_pos_001996_20260510_222536_422.png,60,60,5.418,0
orange_pos_001996_20260510_222536_422.png,80,60,0.621,0
orange_pos_001996_20260510_222536_422.png,100,60,0.621,0
orange_pos_001996_20260510_222536_422.png,120,60,0.621,0
orange_pos_001996_20260510_222536_422.png,140,60,1.703,0
orange_pos_001996_20260510_222536_422.png,0,80,0.712,0
orange_pos_001996_20260510_222536_422.png,20,80,0.621,0
orange_pos_001996_20260510_222536_422.png,40,80,8.256,0
orange_pos_001996_20260510_222536_422.png,60,80,3.886,0
orange_pos_001996_20260510_222536_422.png,80,80,0.621,0
orange_pos_001996_20260510_222536_422.png,100,80,0.624,0
orange_pos_001996_20260510_222536_422.png,120,80,1.392,0
orange_pos_001996_20260510_222536_422.png,140,80,1.902,0
orange_pos_001996_20260510_222536_422.png,0,100,0.684,0
orange_pos_001996_20260510_222536_422.png,20,100,0.925,0
orange_pos_001996_20260510_222536_422.png,40,100,7.719,0
orange_pos_001996_20260510_222536_422.png,60,100,4.285,0
orange_pos_001996_20260510_222536_422.png,80,100,1.061,0
orange_pos_001996_20260510_222536_422.png,100,100,1.437,0
orange_pos_001996_20260510_222536_422.png,120,100,1.542,0
orange_pos_001996_20260510_222536_422.png,140,100,2.513,0
orange_pos_001997_20260510_222538_328.png,0,0,46.333,0
orange_pos_001997_20260510_222538_328.png,20,0,11.373,0
orange_pos_001997_20260510_222538_328.png,40,0,34.762,0
orange_pos_001997_20260510_222538_328.png,60,0,56.265,0
orange_pos_001997_20260510_222538_328.png,80,0,30.928,0
orange_pos_001997_20260510_222538_328.png,100,0,16.808,0
orange_pos_001997_20260510_222538_328.png,120,0,19.893,0
orange_pos_001997_20260510_222538_328.png,140,0,34.189,0
orange_pos_001997_20260510_222538_328.png,0,20,29.007,0
orange_pos_001997_20260510_222538_328.png,20,20,11.874,0
orange_pos_001997_20260510_222538_328.png,40,20,36.784,0
orange_pos_001997_20260510_222538_328.png,60,20,44.544,0
orange_pos_001997_20260510_222538_328.png,80,20,5.569,0
orange_pos_001997_20260510_222538_328.png,100,20,0.621,0
orange_pos_001997_20260510_222538_328.png,120,20,1.966,0
orange_pos_001997_20260510_222538_328.png,140,20,31.754,0
orange_pos_001997_20260510_222538_328.png,0,40,2.234,0
orange_pos_001997_20260510_222538_328.png,20,40,11.180,0
orange_pos_001997_20260510_222538_328.png,40,40,40.995,0
orange_pos_001997_20260510_222538_328.png,60,40,33.861,0
orange_pos_001997_20260510_222538_328.png,80,40,0.781,0
orange_pos_001997_20260510_222538_328.png,100,40,0.621,0
orange_pos_001997_20260510_222538_328.png,120,40,0.630,0
orange_pos_001997_20260510_222538_328.png,140,40,29.282,0
orange_pos_001997_20260510_222538_328.png,0,60,2.534,0
orange_pos_001997_20260510_222538_328.png,20,60,6.864,0
orange_pos_001997_20260510_222538_328.png,40,60,44.296,0
orange_pos_001997_20260510_222538_328.png,60,60,33.149,0
orange_pos_001997_20260510_222538_328.png,80,60,3.683,0
orange_pos_001997_20260510_222538_328.png,100,60,1.013,0
orange_pos_001997_20260510_222538_328.png,120,60,5.125,0
orange_pos_001997_20260510_222538_328.png,140,60,31.940,0
orange_pos_001997_20260510_222538_328.png,0,80,3.384,0
orange_pos_001997_20260510_222538_328.png,20,80,5.218,0
orange_pos_001997_20260510_222538_328.png,40,80,44.571,0
orange_pos_001997_20260510_222538_328.png,60,80,29.030,0
orange_pos_001997_20260510_222538_328.png,80,80,4.297,0
orange_pos_001997_20260510_222538_328.png,100,80,8.885,0
orange_pos_001997_20260510_222538_328.png,120,80,19.581,0
orange_pos_001997_20260510_222538_328.png,140,80,31.594,0
orange_pos_001997_20260510_222538_328.png,0,100,1.911,0
orange_pos_001997_20260510_222538_328.png,20,100,6.319,0
orange_pos_001997_20260510_222538_328.png,40,100,44.011,0
orange_pos_001997_20260510_222538_328.png,60,100,27.856,0
orange_pos_001997_20260510_222538_328.png,80,100,13.390,0
orange_pos_001997_20260510_222538_328.png,100,100,17.683,0
orange_pos_001997_20260510_222538_328.png,120,100,22.831,0
orange_pos_001997_20260510_222538_328.png,140,100,34.649,0
orange_pos_001998_20260510_222538_652.png,0,0,20.356,0
orange_pos_001998_20260510_222538_652.png,20,0,4.582,0
orange_pos_001998_20260510_222538_652.png,40,0,14.621,0
orange_pos_001998_20260510_222538_652.png,60,0,25.090,0
orange_pos_001998_20260510_222538_652.png,80,0,11.695,0
orange_pos_001998_20260510_222538_652.png,100,0,6.359,0
orange_pos_001998_20260510_222538_652.png,120,0,7.420,0
orange_pos_001998_20260510_222538_652.png,140,0,9.804,0
orange_pos_001998_20260510_222538_652.png,0,20,8.882,0
orange_pos_001998_20260510_222538_652.png,20,20,0.772,0
orange_pos_001998_20260510_222538_652.png,40,20,8.663,0
orange_pos_001998_20260510_222538_652.png,60,20,7.797,0
orange_pos_001998_20260510_222538_652.png,80,20,0.673,0
orange_pos_001998_20260510_222538_652.png,100,20,0.621,0
orange_pos_001998_20260510_222538_652.png,120,20,0.621,0
orange_pos_001998_20260510_222538_652.png,140,20,2.556,0
orange_pos_001998_20260510_222538_652.png,0,40,0.970,0
orange_pos_001998_20260510_222538_652.png,20,40,1.901,0
orange_pos_001998_20260510_222538_652.png,40,40,16.312,0
orange_pos_001998_20260510_222538_652.png,60,40,10.969,0
orange_pos_001998_20260510_222538_652.png,80,40,0.621,0
orange_pos_001998_20260510_222538_652.png,100,40,0.621,0
orange_pos_001998_20260510_222538_652.png,120,40,0.621,0
orange_pos_001998_20260510_222538_652.png,140,40,5.059,0
orange_pos_001998_20260510_222538_652.png,0,60,0.997,0
orange_pos_001998_20260510_222538_652.png,20,60,1.397,0
orange_pos_001998_20260510_222538_652.png,40,60,18.044,0
orange_pos_001998_20260510_222538_652.png,60,60,12.226,0
orange_pos_001998_20260510_222538_652.png,80,60,0.622,0
orange_pos_001998_20260510_222538_652.png,100,60,0.623,0
orange_pos_001998_20260510_222538_652.png,120,60,0.796,0
orange_pos_001998_20260510_222538_652.png,140,60,7.579,0
orange_pos_001998_20260510_222538_652.png,0,80,0.968,0
orange_pos_001998_20260510_222538_652.png,20,80,0.627,0
orange_pos_001998_20260510_222538_652.png,40,80,14.149,0
orange_pos_001998_20260510_222538_652.png,60,80,7.861,0
orange_pos_001998_20260510_222538_652.png,80,80,0.621,0
orange_pos_001998_20260510_222538_652.png,100,80,1.418,0
orange_pos_001998_20260510_222538_652.png,120,80,2.339,0
orange_pos_001998_20260510_222538_652.png,140,80,7.398,0
orange_pos_001998_20260510_222538_652.png,0,100,0.737,0
orange_pos_001998_20260510_222538_652.png,20,100,1.745,0
orange_pos_001998_20260510_222538_652.png,40,100,14.427,0
orange_pos_001998_20260510_222538_652.png,60,100,7.875,0
orange_pos_001998_20260510_222538_652.png,80,100,1.044,0
orange_pos_001998_20260510_222538_652.png,100,100,1.383,0
orange_pos_001998_20260510_222538_652.png,120,100,4.217,0
orange_pos_001998_20260510_222538_652.png,140,100,6.664,0
orange_pos_001999_20260510_222540_787.png,0,0,46.633,0
orange_pos_001999_20260510_222540_787.png,20,0,7.504,0
orange_pos_001999_20260510_222540_787.png,40,0,30.582,0
orange_pos_001999_20260510_222540_787.png,60,0,52.042,0
orange_pos_001999_20260510_222540_787.png,80,0,27.761,0
orange_pos_001999_20260510_222540_787.png,100,0,18.700,0
orange_pos_001999_20260510_222540_787.png,120,0,20.667,0
orange_pos_001999_20260510_222540_787.png,140,0,29.658,0
orange_pos_001999_20260510_222540_787.png,0,20,29.794,0
orange_pos_001999_20260510_222540_787.png,20,20,2.078,0
orange_pos_001999_20260510_222540_787.png,40,20,26.821,0
orange_pos_001999_20260510_222540_787.png,60,20,34.885,0
orange_pos_001999_20260510_222540_787.png,80,20,3.990,0
orange_pos_001999_20260510_222540_787.png,100,20,0.621,0
orange_pos_001999_20260510_222540_787.png,120,20,1.491,0
orange_pos_001999_20260510_222540_787.png,140,20,22.208,0
orange_pos_001999_20260510_222540_787.png,0,40,1.795,0
orange_pos_001999_20260510_222540_787.png,20,40,2.340,0
orange_pos_001999_20260510_222540_787.png,40,40,35.351,0
orange_pos_001999_20260510_222540_787.png,60,40,29.971,0
orange_pos_001999_20260510_222540_787.png,80,40,0.642,0
orange_pos_001999_20260510_222540_787.png,100,40,0.621,0
orange_pos_001999_20260510_222540_787.png,120,40,0.784,0
orange_pos_001999_20260510_222540_787.png,140,40,25.944,0
orange_pos_001999_20260510_222540_787.png,0,60,1.301,0
orange_pos_001999_20260510_222540_787.png,20,60,0.911,0
orange_pos_001999_20260510_222540_787.png,40,60,28.496,0
orange_pos_001999_20260510_222540_787.png,60,60,19.562,0
orange_pos_001999_20260510_222540_787.png,80,60,1.647,0
orange_pos_001999_20260510_222540_787.png,100,60,0.621,0
orange_pos_001999_20260510_222540_787.png,120,60,2.556,0
orange_pos_001999_20260510_222540_787.png,140,60,17.753,0
orange_pos_001999_20260510_222540_787.png,0,80,2.190,0
orange_pos_001999_20260510_222540_787.png,20,80,1.694,0
orange_pos_001999_20260510_222540_787.png,40,80,39.167,0
orange_pos_001999_20260510_222540_787.png,60,80,26.775,0
orange_pos_001999_20260510_222540_787.png,80,80,3.755,0
orange_pos_001999_20260510_222540_787.png,100,80,7.192,0
orange_pos_001999_20260510_222540_787.png,120,80,15.080,0
orange_pos_001999_20260510_222540_787.png,140,80,27.911,0
orange_pos_001999_20260510_222540_787.png,0,100,1.488,0
orange_pos_001999_20260510_222540_787.png,20,100,5.297,0
orange_pos_001999_20260510_222540_787.png,40,100,40.356,0
orange_pos_001999_20260510_222540_787.png,60,100,27.867,0
orange_pos_001999_20260510_222540_787.png,80,100,11.894,0
orange_pos_001999_20260510_222540_787.png,100,100,18.418,0
orange_pos_001999_20260510_222540_787.png,120,100,24.360,0
orange_pos_001999_20260510_222540_787.png,140,100,33.740,0
orange_pos_002000_20260510_222543_185.png,0,0,6.785,0
orange_pos_002000_20260510_222543_185.png,20,0,0.621,0
orange_pos_002000_20260510_222543_185.png,40,0,2.379,0
orange_pos_002000_20260510_222543_185.png,60,0,2.541,0
orange_pos_002000_20260510_222543_185.png,80,0,0.858,0
orange_pos_002000_20260510_222543_185.png,100,0,0.631,0
orange_pos_002000_20260510_222543_185.png,120,0,0.621,0
orange_pos_002000_20260510_222543_185.png,140,0,0.621,0
orange_pos_002000_20260510_222543_185.png,0,20,7.801,0
orange_pos_002000_20260510_222543_185.png,20,20,0.621,0
orange_pos_002000_20260510_222543_185.png,40,20,1.443,0
orange_pos_002000_20260510_222543_185.png,60,20,1.799,0
orange_pos_002000_20260510_222543_185.png,80,20,0.670,0
orange_pos_002000_20260510_222543_185.png,100,20,0.621,0
orange_pos_002000_20260510_222543_185.png,120,20,0.621,0
orange_pos_002000_20260510_222543_185.png,140,20,0.621,0
orange_pos_002000_20260510_222543_185.png,0,40,0.646,0
orange_pos_002000_20260510_222543_185.png,20,40,0.621,0
orange_pos_002000_20260510_222543_185.png,40,40,3.020,0
orange_pos_002000_20260510_222543_185.png,60,40,2.807,0
orange_pos_002000_20260510_222543_185.png,80,40,0.621,0
orange_pos_002000_20260510_222543_185.png,100,40,0.621,0
orange_pos_002000_20260510_222543_185.png,120,40,0.621,0
orange_pos_002000_20260510_222543_185.png,140,40,1.214,0
orange_pos_002000_20260510_222543_185.png,0,60,0.637,0
orange_pos_002000_20260510_222543_185.png,20,60,0.621,0
orange_pos_002000_20260510_222543_185.png,40,60,2.076,0
orange_pos_002000_20260510_222543_185.png,60,60,1.017,0
orange_pos_002000_20260510_222543_185.png,80,60,0.621,0
orange_pos_002000_20260510_222543_185.png,100,60,0.621,0
orange_pos_002000_20260510_222543_185.png,120,60,0.621,0
orange_pos_002000_20260510_222543_185.png,140,60,0.621,0
orange_pos_002000_20260510_222543_185.png,0,80,0.638,0
orange_pos_002000_20260510_222543_185.png,20,80,0.621,0
orange_pos_002000_20260510_222543_185.png,40,80,3.946,0
orange_pos_002000_20260510_222543_185.png,60,80,2.459,0
orange_pos_002000_20260510_222543_185.png,80,80,0.621,0
orange_pos_002000_20260510_222543_185.png,100,80,0.621,0
orange_pos_002000_20260510_222543_185.png,120,80,0.875,0
orange_pos_002000_20260510_222543_185.png,140,80,1.192,0
orange_pos_002000_20260510_222543_185.png,0,100,0.638,0
orange_pos_002000_20260510_222543_185.png,20,100,1.128,0
orange_pos_002000_20260510_222543_185.png,40,100,5.565,0
orange_pos_002000_20260510_222543_185.png,60,100,3.545,0
orange_pos_002000_20260510_222543_185.png,80,100,0.621,0
orange_pos_002000_20260510_222543_185.png,100,100,0.621,0
orange_pos_002000_20260510_222543_185.png,120,100,0.848,0
orange_pos_002000_20260510_222543_185.png,140,100,1.342,0
orange_pos_002001_20260510_222544_832.png,0,0,14.013,0
orange_pos_002001_20260510_222544_832.png,20,0,4.501,0
orange_pos_002001_20260510_222544_832.png,40,0,14.114,0
orange_pos_002001_20260510_222544_832.png,60,0,22.040,0
orange_pos_002001_20260510_222544_832.png,80,0,7.789,0
orange_pos_002001_20260510_222544_832.png,100,0,3.228,0
orange_pos_002001_20260510_222544_832.png,120,0,3.078,0
orange_pos_002001_20260510_222544_832.png,140,0,6.602,0
orange_pos_002001_20260510_222544_832.png,0,20,13.552,0
orange_pos_002001_20260510_222544_832.png,20,20,1.068,0
orange_pos_002001_20260510_222544_832.png,40,20,9.115,0
orange_pos_002001_20260510_222544_832.png,60,20,9.055,0
orange_pos_002001_20260510_222544_832.png,80,20,0.806,0
orange_pos_002001_20260510_222544_832.png,100,20,0.621,0
orange_pos_002001_20260510_222544_832.png,120,20,0.621,0
orange_pos_002001_20260510_222544_832.png,140,20,2.695,0
orange_pos_002001_20260510_222544_832.png,0,40,0.798,0
orange_pos_002001_20260510_222544_832.png,20,40,1.560,0
orange_pos_002001_20260510_222544_832.png,40,40,13.793,0
orange_pos_002001_20260510_222544_832.png,60,40,7.213,0
orange_pos_002001_20260510_222544_832.png,80,40,0.621,0
orange_pos_002001_20260510_222544_832.png,100,40,0.621,0
orange_pos_002001_20260510_222544_832.png,120,40,0.621,0
orange_pos_002001_20260510_222544_832.png,140,40,2.987,0
orange_pos_002001_20260510_222544_832.png,0,60,0.873,0
orange_pos_002001_20260510_222544_832.png,20,60,0.621,0
orange_pos_002001_20260510_222544_832.png,40,60,12.046,0
orange_pos_002001_20260510_222544_832.png,60,60,6.934,0
orange_pos_002001_20260510_222544_832.png,80,60,0.624,0
orange_pos_002001_20260510_222544_832.png,100,60,0.621,0
orange_pos_002001_20260510_222544_832.png,120,60,0.621,0
orange_pos_002001_20260510_222544_832.png,140,60,2.799,0
orange_pos_002001_20260510_222544_832.png,0,80,0.994,0
orange_pos_002001_20260510_222544_832.png,20,80,0.680,0
orange_pos_002001_20260510_222544_832.png,40,80,16.958,0
orange_pos_002001_20260510_222544_832.png,60,80,9.731,0
orange_pos_002001_20260510_222544_832.png,80,80,0.621,0
orange_pos_002001_20260510_222544_832.png,100,80,0.628,0
orange_pos_002001_20260510_222544_832.png,120,80,2.792,0
orange_pos_002001_20260510_222544_832.png,140,80,7.025,0
orange_pos_002001_20260510_222544_832.png,0,100,0.949,0
orange_pos_002001_20260510_222544_832.png,20,100,2.296,0
orange_pos_002001_20260510_222544_832.png,40,100,13.874,0
orange_pos_002001_20260510_222544_832.png,60,100,6.342,0
orange_pos_002001_20260510_222544_832.png,80,100,1.600,0
orange_pos_002001_20260510_222544_832.png,100,100,2.918,0
orange_pos_002001_20260510_222544_832.png,120,100,4.735,0
orange_pos_002001_20260510_222544_832.png,140,100,8.111,0
orange_pos_002002_20260510_222547_463.png,0,0,54.148,0
orange_pos_002002_20260510_222547_463.png,20,0,7.867,0
orange_pos_002002_20260510_222547_463.png,40,0,31.912,0
orange_pos_002002_20260510_222547_463.png,60,0,54.853,0
orange_pos_002002_20260510_222547_463.png,80,0,32.351,0
orange_pos_002002_20260510_222547_463.png,100,0,21.522,0
orange_pos_002002_20260510_222547_463.png,120,0,25.690,0
orange_pos_002002_20260510_222547_463.png,140,0,34.970,0
orange_pos_002002_20260510_222547_463.png,0,20,30.491,0
orange_pos_002002_20260510_222547_463.png,20,20,2.603,0
orange_pos_002002_20260510_222547_463.png,40,20,27.442,0
orange_pos_002002_20260510_222547_463.png,60,20,30.236,0
orange_pos_002002_20260510_222547_463.png,80,20,3.554,0
orange_pos_002002_20260510_222547_463.png,100,20,0.626,0
orange_pos_002002_20260510_222547_463.png,120,20,1.416,0
orange_pos_002002_20260510_222547_463.png,140,20,20.479,0
orange_pos_002002_20260510_222547_463.png,0,40,1.798,0
orange_pos_002002_20260510_222547_463.png,20,40,3.608,0
orange_pos_002002_20260510_222547_463.png,40,40,33.867,0
orange_pos_002002_20260510_222547_463.png,60,40,28.385,0
orange_pos_002002_20260510_222547_463.png,80,40,0.837,0
orange_pos_002002_20260510_222547_463.png,100,40,0.621,0
orange_pos_002002_20260510_222547_463.png,120,40,0.757,0
orange_pos_002002_20260510_222547_463.png,140,40,24.940,0
orange_pos_002002_20260510_222547_463.png,0,60,2.189,0
orange_pos_002002_20260510_222547_463.png,20,60,2.681,0
orange_pos_002002_20260510_222547_463.png,40,60,43.783,0
orange_pos_002002_20260510_222547_463.png,60,60,33.087,0
orange_pos_002002_20260510_222547_463.png,80,60,3.848,0
orange_pos_002002_20260510_222547_463.png,100,60,1.307,0
orange_pos_002002_20260510_222547_463.png,120,60,7.270,0
orange_pos_002002_20260510_222547_463.png,140,60,32.052,0
orange_pos_002002_20260510_222547_463.png,0,80,2.738,0
orange_pos_002002_20260510_222547_463.png,20,80,1.293,0
orange_pos_002002_20260510_222547_463.png,40,80,44.466,0
orange_pos_002002_20260510_222547_463.png,60,80,29.690,0
orange_pos_002002_20260510_222547_463.png,80,80,4.436,0
orange_pos_002002_20260510_222547_463.png,100,80,8.818,0
orange_pos_002002_20260510_222547_463.png,120,80,17.673,0
orange_pos_002002_20260510_222547_463.png,140,80,31.395,0
orange_pos_002002_20260510_222547_463.png,0,100,1.418,0
orange_pos_002002_20260510_222547_463.png,20,100,4.941,0
orange_pos_002002_20260510_222547_463.png,40,100,34.769,0
orange_pos_002002_20260510_222547_463.png,60,100,23.348,0
orange_pos_002002_20260510_222547_463.png,80,100,8.960,0
orange_pos_002002_20260510_222547_463.png,100,100,10.358,0
orange_pos_002002_20260510_222547_463.png,120,100,18.973,0
orange_pos_002002_20260510_222547_463.png,140,100,23.859,0
orange_pos_002003_20260510_222549_695.png,0,0,57.157,0
orange_pos_002003_20260510_222549_695.png,20,0,8.110,0
orange_pos_002003_20260510_222549_695.png,40,0,35.143,0
orange_pos_002003_20260510_222549_695.png,60,0,56.452,0
orange_pos_002003_20260510_222549_695.png,80,0,34.450,0
orange_pos_002003_20260510_222549_695.png,100,0,25.413,0
orange_pos_002003_20260510_222549_695.png,120,0,26.831,0
orange_pos_002003_20260510_222549_695.png,140,0,35.858,0
orange_pos_002003_20260510_222549_695.png,0,20,33.470,0
orange_pos_002003_20260510_222549_695.png,20,20,6.809,0
orange_pos_002003_20260510_222549_695.png,40,20,33.606,0
orange_pos_002003_20260510_222549_695.png,60,20,40.497,0
orange_pos_002003_20260510_222549_695.png,80,20,6.269,0
orange_pos_002003_20260510_222549_695.png,100,20,0.622,0
orange_pos_002003_20260510_222549_695.png,120,20,2.743,0
orange_pos_002003_20260510_222549_695.png,140,20,29.292,0
orange_pos_002003_20260510_222549_695.png,0,40,2.260,0
orange_pos_002003_20260510_222549_695.png,20,40,6.654,0
orange_pos_002003_20260510_222549_695.png,40,40,41.551,0
orange_pos_002003_20260510_222549_695.png,60,40,36.370,0
orange_pos_002003_20260510_222549_695.png,80,40,1.048,0
orange_pos_002003_20260510_222549_695.png,100,40,0.621,0
orange_pos_002003_20260510_222549_695.png,120,40,0.800,0
orange_pos_002003_20260510_222549_695.png,140,40,33.440,0
orange_pos_002003_20260510_222549_695.png,0,60,2.256,0
orange_pos_002003_20260510_222549_695.png,20,60,4.276,0
orange_pos_002003_20260510_222549_695.png,40,60,43.041,0
orange_pos_002003_20260510_222549_695.png,60,60,33.809,0
orange_pos_002003_20260510_222549_695.png,80,60,4.933,0
orange_pos_002003_20260510_222549_695.png,100,60,2.242,0
orange_pos_002003_20260510_222549_695.png,120,60,7.646,0
orange_pos_002003_20260510_222549_695.png,140,60,31.333,0
orange_pos_002003_20260510_222549_695.png,0,80,3.483,0
orange_pos_002003_20260510_222549_695.png,20,80,4.149,0
orange_pos_002003_20260510_222549_695.png,40,80,46.028,0
orange_pos_002003_20260510_222549_695.png,60,80,30.486,0
orange_pos_002003_20260510_222549_695.png,80,80,5.716,0
orange_pos_002003_20260510_222549_695.png,100,80,12.667,0
orange_pos_002003_20260510_222549_695.png,120,80,20.636,0
orange_pos_002003_20260510_222549_695.png,140,80,34.668,0
orange_pos_002003_20260510_222549_695.png,0,100,1.753,0
orange_pos_002003_20260510_222549_695.png,20,100,5.737,0
orange_pos_002003_20260510_222549_695.png,40,100,41.399,0
orange_pos_002003_20260510_222549_695.png,60,100,28.662,0
orange_pos_002003_20260510_222549_695.png,80,100,15.356,0
orange_pos_002003_20260510_222549_695.png,100,100,18.011,0
orange_pos_002003_20260510_222549_695.png,120,100,22.965,0
orange_pos_002003_20260510_222549_695.png,140,100,31.286,0
orange_pos_002004_20260510_222551_900.png,0,0,14.314,0
orange_pos_002004_20260510_222551_900.png,20,0,2.941,0
orange_pos_002004_20260510_222551_900.png,40,0,10.646,0
orange_pos_002004_20260510_222551_900.png,60,0,16.966,0
orange_pos_002004_20260510_222551_900.png,80,0,6.933,0
orange_pos_002004_20260510_222551_900.png,100,0,4.027,0
orange_pos_002004_20260510_222551_900.png,120,0,2.914,0
orange_pos_002004_20260510_222551_900.png,140,0,6.419,0
orange_pos_002004_20260510_222551_900.png,0,20,13.813,0
orange_pos_002004_20260510_222551_900.png,20,20,1.074,0
orange_pos_002004_20260510_222551_900.png,40,20,12.373,0
orange_pos_002004_20260510_222551_900.png,60,20,14.399,0
orange_pos_002004_20260510_222551_900.png,80,20,1.306,0
orange_pos_002004_20260510_222551_900.png,100,20,0.621,0
orange_pos_002004_20260510_222551_900.png,120,20,0.646,0
orange_pos_002004_20260510_222551_900.png,140,20,6.408,0
orange_pos_002004_20260510_222551_900.png,0,40,0.939,0
orange_pos_002004_20260510_222551_900.png,20,40,0.622,0
orange_pos_002004_20260510_222551_900.png,40,40,12.703,0
orange_pos_002004_20260510_222551_900.png,60,40,7.588,0
orange_pos_002004_20260510_222551_900.png,80,40,0.621,0
orange_pos_002004_20260510_222551_900.png,100,40,0.621,0
orange_pos_002004_20260510_222551_900.png,120,40,0.621,0
orange_pos_002004_20260510_222551_900.png,140,40,4.679,0
orange_pos_002004_20260510_222551_900.png,0,60,0.933,0
orange_pos_002004_20260510_222551_900.png,20,60,0.621,0
orange_pos_002004_20260510_222551_900.png,40,60,13.022,0
orange_pos_002004_20260510_222551_900.png,60,60,7.725,0
orange_pos_002004_20260510_222551_900.png,80,60,0.621,0
orange_pos_002004_20260510_222551_900.png,100,60,0.621,0
orange_pos_002004_20260510_222551_900.png,120,60,0.621,0
orange_pos_002004_20260510_222551_900.png,140,60,3.922,0
orange_pos_002004_20260510_222551_900.png,0,80,0.875,0
orange_pos_002004_20260510_222551_900.png,20,80,0.649,0
orange_pos_002004_20260510_222551_900.png,40,80,10.258,0
orange_pos_002004_20260510_222551_900.png,60,80,5.525,0
orange_pos_002004_20260510_222551_900.png,80,80,0.631,0
orange_pos_002004_20260510_222551_900.png,100,80,0.843,0
orange_pos_002004_20260510_222551_900.png,120,80,1.943,0
orange_pos_002004_20260510_222551_900.png,140,80,4.021,0
orange_pos_002004_20260510_222551_900.png,0,100,0.888,0
orange_pos_002004_20260510_222551_900.png,20,100,1.599,0
orange_pos_002004_20260510_222551_900.png,40,100,15.072,0
orange_pos_002004_20260510_222551_900.png,60,100,8.267,0
orange_pos_002004_20260510_222551_900.png,80,100,0.992,0
orange_pos_002004_20260510_222551_900.png,100,100,2.369,0
orange_pos_002004_20260510_222551_900.png,120,100,3.224,0
orange_pos_002004_20260510_222551_900.png,140,100,7.664,0
orange_pos_002005_20260510_222553_864.png,0,0,11.051,0
orange_pos_002005_20260510_222553_864.png,20,0,0.773,0
orange_pos_002005_20260510_222553_864.png,40,0,5.344,0
orange_pos_002005_20260510_222553_864.png,60,0,7.604,0
orange_pos_002005_20260510_222553_864.png,80,0,3.900,0
orange_pos_002005_20260510_222553_864.png,100,0,2.453,0
orange_pos_002005_20260510_222553_864.png,120,0,2.343,0
orange_pos_002005_20260510_222553_864.png,140,0,1.412,0
orange_pos_002005_20260510_222553_864.png,0,20,7.895,0
orange_pos_002005_20260510_222553_864.png,20,20,0.621,0
orange_pos_002005_20260510_222553_864.png,40,20,3.909,0
orange_pos_002005_20260510_222553_864.png,60,20,5.117,0
orange_pos_002005_20260510_222553_864.png,80,20,0.885,0
orange_pos_002005_20260510_222553_864.png,100,20,0.621,0
orange_pos_002005_20260510_222553_864.png,120,20,0.621,0
orange_pos_002005_20260510_222553_864.png,140,20,1.931,0
orange_pos_002005_20260510_222553_864.png,0,40,0.748,0
orange_pos_002005_20260510_222553_864.png,20,40,0.621,0
orange_pos_002005_20260510_222553_864.png,40,40,5.407,0
orange_pos_002005_20260510_222553_864.png,60,40,3.277,0
orange_pos_002005_20260510_222553_864.png,80,40,0.621,0
orange_pos_002005_20260510_222553_864.png,100,40,0.621,0
orange_pos_002005_20260510_222553_864.png,120,40,0.621,0
orange_pos_002005_20260510_222553_864.png,140,40,1.550,0
orange_pos_002005_20260510_222553_864.png,0,60,0.648,0
orange_pos_002005_20260510_222553_864.png,20,60,0.621,0
orange_pos_002005_20260510_222553_864.png,40,60,8.004,0
orange_pos_002005_20260510_222553_864.png,60,60,4.091,0
orange_pos_002005_20260510_222553_864.png,80,60,0.621,0
orange_pos_002005_20260510_222553_864.png,100,60,0.621,0
orange_pos_002005_20260510_222553_864.png,120,60,0.626,0
orange_pos_002005_20260510_222553_864.png,140,60,1.686,0
orange_pos_002005_20260510_222553_864.png,0,80,0.677,0
orange_pos_002005_20260510_222553_864.png,20,80,0.621,0
orange_pos_002005_20260510_222553_864.png,40,80,5.828,0
orange_pos_002005_20260510_222553_864.png,60,80,3.136,0
orange_pos_002005_20260510_222553_864.png,80,80,0.621,0
orange_pos_002005_20260510_222553_864.png,100,80,0.633,0
orange_pos_002005_20260510_222553_864.png,120,80,0.705,0
orange_pos_002005_20260510_222553_864.png,140,80,2.218,0
orange_pos_002005_20260510_222553_864.png,0,100,0.659,0
orange_pos_002005_20260510_222553_864.png,20,100,1.335,0
orange_pos_002005_20260510_222553_864.png,40,100,6.755,0
orange_pos_002005_20260510_222553_864.png,60,100,3.289,0
orange_pos_002005_20260510_222553_864.png,80,100,0.745,0
orange_pos_002005_20260510_222553_864.png,100,100,0.960,0
orange_pos_002005_20260510_222553_864.png,120,100,1.254,0
orange_pos_002005_20260510_222553_864.png,140,100,2.781,0
orange_pos_002006_20260510_222554_172.png,0,0,0.621,0
orange_pos_002006_20260510_222554_172.png,20,0,0.621,0
orange_pos_002006_20260510_222554_172.png,40,0,0.621,0
orange_pos_002006_20260510_222554_172.png,60,0,0.621,0
orange_pos_002006_20260510_222554_172.png,80,0,0.621,0
orange_pos_002006_20260510_222554_172.png,100,0,0.621,0
orange_pos_002006_20260510_222554_172.png,120,0,0.621,0
orange_pos_002006_20260510_222554_172.png,140,0,0.621,0
orange_pos_002006_20260510_222554_172.png,0,20,0.621,0
orange_pos_002006_20260510_222554_172.png,20,20,0.621,0
orange_pos_002006_20260510_222554_172.png,40,20,0.621,0
orange_pos_002006_20260510_222554_172.png,60,20,0.621,0
orange_pos_002006_20260510_222554_172.png,80,20,0.621,0
orange_pos_002006_20260510_222554_172.png,100,20,0.621,0
orange_pos_002006_20260510_222554_172.png,120,20,0.621,0
orange_pos_002006_20260510_222554_172.png,140,20,0.621,0
orange_pos_002006_20260510_222554_172.png,0,40,0.621,0
orange_pos_002006_20260510_222554_172.png,20,40,0.621,0
orange_pos_002006_20260510_222554_172.png,40,40,0.621,0
orange_pos_002006_20260510_222554_172.png,60,40,0.621,0
orange_pos_002006_20260510_222554_172.png,80,40,0.621,0
orange_pos_002006_20260510_222554_172.png,100,40,0.621,0
orange_pos_002006_20260510_222554_172.png,120,40,0.621,0
orange_pos_002006_20260510_222554_172.png,140,40,0.621,0
orange_pos_002006_20260510_222554_172.png,0,60,0.621,0
orange_pos_002006_20260510_222554_172.png,20,60,0.621,0
orange_pos_002006_20260510_222554_172.png,40,60,0.621,0
orange_pos_002006_20260510_222554_172.png,60,60,0.621,0
orange_pos_002006_20260510_222554_172.png,80,60,0.621,0
orange_pos_002006_20260510_222554_172.png,100,60,0.621,0
orange_pos_002006_20260510_222554_172.png,120,60,0.621,0
orange_pos_002006_20260510_222554_172.png,140,60,0.621,0
orange_pos_002006_20260510_222554_172.png,0,80,0.621,0
orange_pos_002006_20260510_222554_172.png,20,80,0.621,0
orange_pos_002006_20260510_222554_172.png,40,80,0.621,0
orange_pos_002006_20260510_222554_172.png,60,80,0.621,0
orange_pos_002006_20260510_222554_172.png,80,80,0.621,0
orange_pos_002006_20260510_222554_172.png,100,80,0.621,0
orange_pos_002006_20260510_222554_172.png,120,80,0.621,0
orange_pos_002006_20260510_222554_172.png,140,80,0.621,0
orange_pos_002006_20260510_222554_172.png,0,100,0.621,0
orange_pos_002006_20260510_222554_172.png,20,100,0.621,0
orange_pos_002006_20260510_222554_172.png,40,100,0.621,0
orange_pos_002006_20260510_222554_172.png,60,100,0.621,0
orange_pos_002006_20260510_222554_172.png,80,100,0.621,0
orange_pos_002006_20260510_222554_172.png,100,100,0.621,0
orange_pos_002006_20260510_222554_172.png,120,100,0.621,0
orange_pos_002006_20260510_222554_172.png,140,100,0.621,0
orange_pos_002007_20260510_222556_132.png,0,0,45.582,0
orange_pos_002007_20260510_222556_132.png,20,0,3.065,0
orange_pos_002007_20260510_222556_132.png,40,0,30.100,0
orange_pos_002007_20260510_222556_132.png,60,0,49.372,0
orange_pos_002007_20260510_222556_132.png,80,0,26.800,0
orange_pos_002007_20260510_222556_132.png,100,0,15.238,0
orange_pos_002007_20260510_222556_132.png,120,0,17.750,0
orange_pos_002007_20260510_222556_132.png,140,0,27.211,0
orange_pos_002007_20260510_222556_132.png,0,20,25.811,0
orange_pos_002007_20260510_222556_132.png,20,20,1.158,0
orange_pos_002007_20260510_222556_132.png,40,20,22.447,0
orange_pos_002007_20260510_222556_132.png,60,20,26.518,0
orange_pos_002007_20260510_222556_132.png,80,20,3.498,0
orange_pos_002007_20260510_222556_132.png,100,20,0.621,0
orange_pos_002007_20260510_222556_132.png,120,20,1.520,0
orange_pos_002007_20260510_222556_132.png,140,20,17.214,0
orange_pos_002007_20260510_222556_132.png,0,40,1.971,0
orange_pos_002007_20260510_222556_132.png,20,40,1.627,0
orange_pos_002007_20260510_222556_132.png,40,40,34.132,0
orange_pos_002007_20260510_222556_132.png,60,40,28.625,0
orange_pos_002007_20260510_222556_132.png,80,40,0.674,0
orange_pos_002007_20260510_222556_132.png,100,40,0.621,0
orange_pos_002007_20260510_222556_132.png,120,40,0.714,0
orange_pos_002007_20260510_222556_132.png,140,40,25.055,0
orange_pos_002007_20260510_222556_132.png,0,60,1.797,0
orange_pos_002007_20260510_222556_132.png,20,60,1.627,0
orange_pos_002007_20260510_222556_132.png,40,60,42.206,0
orange_pos_002007_20260510_222556_132.png,60,60,32.167,0
orange_pos_002007_20260510_222556_132.png,80,60,3.680,0
orange_pos_002007_20260510_222556_132.png,100,60,0.668,0
orange_pos_002007_20260510_222556_132.png,120,60,6.067,0
orange_pos_002007_20260510_222556_132.png,140,60,30.336,0
orange_pos_002007_20260510_222556_132.png,0,80,1.487,0
orange_pos_002007_20260510_222556_132.png,20,80,0.959,0
orange_pos_002007_20260510_222556_132.png,40,80,29.975,0
orange_pos_002007_20260510_222556_132.png,60,80,18.836,0
orange_pos_002007_20260510_222556_132.png,80,80,1.612,0
orange_pos_002007_20260510_222556_132.png,100,80,3.823,0
orange_pos_002007_20260510_222556_132.png,120,80,8.591,0
orange_pos_002007_20260510_222556_132.png,140,80,14.524,0
orange_pos_002007_20260510_222556_132.png,0,100,1.461,0
orange_pos_002007_20260510_222556_132.png,20,100,5.408,0
orange_pos_002007_20260510_222556_132.png,40,100,36.134,0
orange_pos_002007_20260510_222556_132.png,60,100,23.078,0
orange_pos_002007_20260510_222556_132.png,80,100,9.605,0
orange_pos_002007_20260510_222556_132.png,100,100,12.921,0
orange_pos_002007_20260510_222556_132.png,120,100,18.594,0
orange_pos_002007_20260510_222556_132.png,140,100,24.607,0
orange_pos_002008_20260510_222556_504.png,0,0,6.394,0
orange_pos_002008_20260510_222556_504.png,20,0,0.621,0
orange_pos_002008_20260510_222556_504.png,40,0,1.605,0
orange_pos_002008_20260510_222556_504.png,60,0,3.303,0
orange_pos_002008_20260510_222556_504.png,80,0,1.149,0
orange_pos_002008_20260510_222556_504.png,100,0,0.621,0
orange_pos_002008_20260510_222556_504.png,120,0,0.816,0
orange_pos_002008_20260510_222556_504.png,140,0,1.384,0
orange_pos_002008_20260510_222556_504.png,0,20,4.159,0
orange_pos_002008_20260510_222556_504.png,20,20,0.621,0
orange_pos_002008_20260510_222556_504.png,40,20,2.597,0
orange_pos_002008_20260510_222556_504.png,60,20,2.251,0
orange_pos_002008_20260510_222556_504.png,80,20,0.648,0
orange_pos_002008_20260510_222556_504.png,100,20,0.621,0
orange_pos_002008_20260510_222556_504.png,120,20,0.621,0
orange_pos_002008_20260510_222556_504.png,140,20,0.626,0
orange_pos_002008_20260510_222556_504.png,0,40,0.664,0
orange_pos_002008_20260510_222556_504.png,20,40,0.621,0
orange_pos_002008_20260510_222556_504.png,40,40,2.537,0
orange_pos_002008_20260510_222556_504.png,60,40,1.635,0
orange_pos_002008_20260510_222556_504.png,80,40,0.621,0
orange_pos_002008_20260510_222556_504.png,100,40,0.621,0
orange_pos_002008_20260510_222556_504.png,120,40,0.621,0
orange_pos_002008_20260510_222556_504.png,140,40,1.024,0
orange_pos_002008_20260510_222556_504.png,0,60,0.622,0
orange_pos_002008_20260510_222556_504.png,20,60,0.621,0
orange_pos_002008_20260510_222556_504.png,40,60,1.161,0
orange_pos_002008_20260510_222556_504.png,60,60,0.715,0
orange_pos_002008_20260510_222556_504.png,80,60,0.621,0
orange_pos_002008_20260510_222556_504.png,100,60,0.621,0
orange_pos_002008_20260510_222556_504.png,120,60,0.621,0
orange_pos_002008_20260510_222556_504.png,140,60,0.621,0
orange_pos_002008_20260510_222556_504.png,0,80,0.622,0
orange_pos_002008_20260510_222556_504.png,20,80,0.621,0
orange_pos_002008_20260510_222556_504.png,40,80,1.690,0
orange_pos_002008_20260510_222556_504.png,60,80,1.087,0
orange_pos_002008_20260510_222556_504.png,80,80,0.621,0
orange_pos_002008_20260510_222556_504.png,100,80,0.621,0
orange_pos_002008_20260510_222556_504.png,120,80,0.621,0
orange_pos_002008_20260510_222556_504.png,140,80,0.711,0
orange_pos_002008_20260510_222556_504.png,0,100,0.631,0
orange_pos_002008_20260510_222556_504.png,20,100,0.621,0
orange_pos_002008_20260510_222556_504.png,40,100,1.846,0
orange_pos_002008_20260510_222556_504.png,60,100,0.984,0
orange_pos_002008_20260510_222556_504.png,80,100,0.621,0
orange_pos_002008_20260510_222556_504.png,100,100,0.621,0
orange_pos_002008_20260510_222556_504.png,120,100,0.621,0
orange_pos_002008_20260510_222556_504.png,140,100,0.621,0
orange_pos_002009_20260510_222558_297.png,0,0,1.426,0
orange_pos_002009_20260510_222558_297.png,20,0,0.621,0
orange_pos_002009_20260510_222558_297.png,40,0,0.896,0
orange_pos_002009_20260510_222558_297.png,60,0,1.024,0
orange_pos_002009_20260510_222558_297.png,80,0,0.621,0
orange_pos_002009_20260510_222558_297.png,100,0,0.621,0
orange_pos_002009_20260510_222558_297.png,120,0,0.621,0
orange_pos_002009_20260510_222558_297.png,140,0,0.621,0
orange_pos_002009_20260510_222558_297.png,0,20,1.470,0
orange_pos_002009_20260510_222558_297.png,20,20,0.621,0
orange_pos_002009_20260510_222558_297.png,40,20,1.971,0
orange_pos_002009_20260510_222558_297.png,60,20,1.734,0
orange_pos_002009_20260510_222558_297.png,80,20,0.621,0
orange_pos_002009_20260510_222558_297.png,100,20,0.621,0
orange_pos_002009_20260510_222558_297.png,120,20,0.621,0
orange_pos_002009_20260510_222558_297.png,140,20,0.621,0
orange_pos_002009_20260510_222558_297.png,0,40,0.637,0
orange_pos_002009_20260510_222558_297.png,20,40,0.947,0
orange_pos_002009_20260510_222558_297.png,40,40,2.730,0
orange_pos_002009_20260510_222558_297.png,60,40,1.515,0
orange_pos_002009_20260510_222558_297.png,80,40,0.621,0
orange_pos_002009_20260510_222558_297.png,100,40,0.621,0
orange_pos_002009_20260510_222558_297.png,120,40,0.621,0
orange_pos_002009_20260510_222558_297.png,140,40,0.651,0
orange_pos_002009_20260510_222558_297.png,0,60,0.629,0
orange_pos_002009_20260510_222558_297.png,20,60,0.621,0
orange_pos_002009_20260510_222558_297.png,40,60,4.824,0
orange_pos_002009_20260510_222558_297.png,60,60,1.503,0
orange_pos_002009_20260510_222558_297.png,80,60,0.621,0
orange_pos_002009_20260510_222558_297.png,100,60,0.621,0
orange_pos_002009_20260510_222558_297.png,120,60,0.621,0
orange_pos_002009_20260510_222558_297.png,140,60,0.621,0
orange_pos_002009_20260510_222558_297.png,0,80,0.621,0
orange_pos_002009_20260510_222558_297.png,20,80,0.621,0
orange_pos_002009_20260510_222558_297.png,40,80,1.418,0
orange_pos_002009_20260510_222558_297.png,60,80,0.951,0
orange_pos_002009_20260510_222558_297.png,80,80,0.621,0
orange_pos_002009_20260510_222558_297.png,100,80,0.621,0
orange_pos_002009_20260510_222558_297.png,120,80,0.621,0
orange_pos_002009_20260510_222558_297.png,140,80,0.621,0
orange_pos_002009_20260510_222558_297.png,0,100,0.621,0
orange_pos_002009_20260510_222558_297.png,20,100,0.802,0
orange_pos_002009_20260510_222558_297.png,40,100,4.025,0
orange_pos_002009_20260510_222558_297.png,60,100,2.367,0
orange_pos_002009_20260510_222558_297.png,80,100,0.621,0
orange_pos_002009_20260510_222558_297.png,100,100,0.621,0
orange_pos_002009_20260510_222558_297.png,120,100,0.621,0
orange_pos_002009_20260510_222558_297.png,140,100,0.795,0
orange_pos_002010_20260510_222600_518.png,0,0,13.606,0
orange_pos_002010_20260510_222600_518.png,20,0,0.621,0
orange_pos_002010_20260510_222600_518.png,40,0,5.717,0
orange_pos_002010_20260510_222600_518.png,60,0,10.215,0
orange_pos_002010_20260510_222600_518.png,80,0,2.721,0
orange_pos_002010_20260510_222600_518.png,100,0,0.893,0
orange_pos_002010_20260510_222600_518.png,120,0,0.679,0
orange_pos_002010_20260510_222600_518.png,140,0,1.138,0
orange_pos_002010_20260510_222600_518.png,0,20,12.772,0
orange_pos_002010_20260510_222600_518.png,20,20,1.438,0
orange_pos_002010_20260510_222600_518.png,40,20,14.372,0
orange_pos_002010_20260510_222600_518.png,60,20,15.708,0
orange_pos_002010_20260510_222600_518.png,80,20,1.043,0
orange_pos_002010_20260510_222600_518.png,100,20,0.621,0
orange_pos_002010_20260510_222600_518.png,120,20,0.621,0
orange_pos_002010_20260510_222600_518.png,140,20,7.451,0
orange_pos_002010_20260510_222600_518.png,0,40,0.829,0
orange_pos_002010_20260510_222600_518.png,20,40,0.621,0
orange_pos_002010_20260510_222600_518.png,40,40,8.683,0
orange_pos_002010_20260510_222600_518.png,60,40,6.291,0
orange_pos_002010_20260510_222600_518.png,80,40,0.621,0
orange_pos_002010_20260510_222600_518.png,100,40,0.621,0
orange_pos_002010_20260510_222600_518.png,120,40,0.621,0
orange_pos_002010_20260510_222600_518.png,140,40,2.206,0
orange_pos_002010_20260510_222600_518.png,0,60,0.945,0
orange_pos_002010_20260510_222600_518.png,20,60,0.621,0
orange_pos_002010_20260510_222600_518.png,40,60,12.929,0
orange_pos_002010_20260510_222600_518.png,60,60,7.737,0
orange_pos_002010_20260510_222600_518.png,80,60,0.621,0
orange_pos_002010_20260510_222600_518.png,100,60,0.621,0
orange_pos_002010_20260510_222600_518.png,120,60,0.649,0
orange_pos_002010_20260510_222600_518.png,140,60,5.229,0
orange_pos_002010_20260510_222600_518.png,0,80,0.702,0
orange_pos_002010_20260510_222600_518.png,20,80,0.621,0
orange_pos_002010_20260510_222600_518.png,40,80,10.400,0
orange_pos_002010_20260510_222600_518.png,60,80,6.178,0
orange_pos_002010_20260510_222600_518.png,80,80,0.621,0
orange_pos_002010_20260510_222600_518.png,100,80,0.641,0
orange_pos_002010_20260510_222600_518.png,120,80,0.648,0
orange_pos_002010_20260510_222600_518.png,140,80,1.389,0
orange_pos_002010_20260510_222600_518.png,0,100,0.816,0
orange_pos_002010_20260510_222600_518.png,20,100,2.278,0
orange_pos_002010_20260510_222600_518.png,40,100,15.823,0
orange_pos_002010_20260510_222600_518.png,60,100,8.799,0
orange_pos_002010_20260510_222600_518.png,80,100,2.782,0
orange_pos_002010_20260510_222600_518.png,100,100,2.969,0
orange_pos_002010_20260510_222600_518.png,120,100,5.056,0
orange_pos_002010_20260510_222600_518.png,140,100,8.254,0
orange_pos_002011_20260510_222602_882.png,0,0,57.290,0
orange_pos_002011_20260510_222602_882.png,20,0,10.431,0
orange_pos_002011_20260510_222602_882.png,40,0,36.655,0
orange_pos_002011_20260510_222602_882.png,60,0,63.097,0
orange_pos_002011_20260510_222602_882.png,80,0,37.404,0
orange_pos_002011_20260510_222602_882.png,100,0,24.255,0
orange_pos_002011_20260510_222602_882.png,120,0,29.775,0
orange_pos_002011_20260510_222602_882.png,140,0,39.575,0
orange_pos_002011_20260510_222602_882.png,0,20,32.151,0
orange_pos_002011_20260510_222602_882.png,20,20,7.765,0
orange_pos_002011_20260510_222602_882.png,40,20,33.575,0
orange_pos_002011_20260510_222602_882.png,60,20,40.490,0
orange_pos_002011_20260510_222602_882.png,80,20,6.997,0
orange_pos_002011_20260510_222602_882.png,100,20,0.621,0
orange_pos_002011_20260510_222602_882.png,120,20,2.205,0
orange_pos_002011_20260510_222602_882.png,140,20,28.572,0
orange_pos_002011_20260510_222602_882.png,0,40,2.895,0
orange_pos_002011_20260510_222602_882.png,20,40,4.113,0
orange_pos_002011_20260510_222602_882.png,40,40,43.255,0
orange_pos_002011_20260510_222602_882.png,60,40,41.218,0
orange_pos_002011_20260510_222602_882.png,80,40,1.190,0
orange_pos_002011_20260510_222602_882.png,100,40,0.621,0
orange_pos_002011_20260510_222602_882.png,120,40,0.737,0
orange_pos_002011_20260510_222602_882.png,140,40,35.406,0
orange_pos_002011_20260510_222602_882.png,0,60,2.233,0
orange_pos_002011_20260510_222602_882.png,20,60,3.858,0
orange_pos_002011_20260510_222602_882.png,40,60,44.805,0
orange_pos_002011_20260510_222602_882.png,60,60,37.171,0
orange_pos_002011_20260510_222602_882.png,80,60,4.943,0
orange_pos_002011_20260510_222602_882.png,100,60,1.339,0
orange_pos_002011_20260510_222602_882.png,120,60,8.036,0
orange_pos_002011_20260510_222602_882.png,140,60,34.205,0
orange_pos_002011_20260510_222602_882.png,0,80,4.469,0
orange_pos_002011_20260510_222602_882.png,20,80,5.715,0
orange_pos_002011_20260510_222602_882.png,40,80,49.445,0
orange_pos_002011_20260510_222602_882.png,60,80,33.919,0
orange_pos_002011_20260510_222602_882.png,80,80,7.433,0
orange_pos_002011_20260510_222602_882.png,100,80,14.293,0
orange_pos_002011_20260510_222602_882.png,120,80,23.278,0
orange_pos_002011_20260510_222602_882.png,140,80,40.029,0
orange_pos_002011_20260510_222602_882.png,0,100,1.701,0
orange_pos_002011_20260510_222602_882.png,20,100,6.245,0
orange_pos_002011_20260510_222602_882.png,40,100,45.573,0
orange_pos_002011_20260510_222602_882.png,60,100,30.896,0
orange_pos_002011_20260510_222602_882.png,80,100,13.759,0
orange_pos_002011_20260510_222602_882.png,100,100,17.663,0
orange_pos_002011_20260510_222602_882.png,120,100,25.192,0
orange_pos_002011_20260510_222602_882.png,140,100,34.154,0
orange_pos_002012_20260510_222609_254.png,0,0,40.090,0
orange_pos_002012_20260510_222609_254.png,20,0,9.546,0
orange_pos_002012_20260510_222609_254.png,40,0,31.560,0
orange_pos_002012_20260510_222609_254.png,60,0,49.179,0
orange_pos_002012_20260510_222609_254.png,80,0,25.966,0
orange_pos_002012_20260510_222609_254.png,100,0,18.214,0
orange_pos_002012_20260510_222609_254.png,120,0,18.588,0
orange_pos_002012_20260510_222609_254.png,140,0,24.466,0
orange_pos_002012_20260510_222609_254.png,0,20,14.909,0
orange_pos_002012_20260510_222609_254.png,20,20,4.672,0
orange_pos_002012_20260510_222609_254.png,40,20,18.056,0
orange_pos_002012_20260510_222609_254.png,60,20,17.837,0
orange_pos_002012_20260510_222609_254.png,80,20,0.998,0
orange_pos_002012_20260510_222609_254.png,100,20,0.621,0
orange_pos_002012_20260510_222609_254.png,120,20,0.621,0
orange_pos_002012_20260510_222609_254.png,140,20,8.388,0
orange_pos_002012_20260510_222609_254.png,0,40,1.872,0
orange_pos_002012_20260510_222609_254.png,20,40,7.138,0
orange_pos_002012_20260510_222609_254.png,40,40,40.500,0
orange_pos_002012_20260510_222609_254.png,60,40,30.793,0
orange_pos_002012_20260510_222609_254.png,80,40,0.662,0
orange_pos_002012_20260510_222609_254.png,100,40,0.621,0
orange_pos_002012_20260510_222609_254.png,120,40,0.621,0
orange_pos_002012_20260510_222609_254.png,140,40,26.547,0
orange_pos_002012_20260510_222609_254.png,0,60,0.666,0
orange_pos_002012_20260510_222609_254.png,20,60,0.621,0
orange_pos_002012_20260510_222609_254.png,40,60,8.270,0
orange_pos_002012_20260510_222609_254.png,60,60,3.871,0
orange_pos_002012_20260510_222609_254.png,80,60,0.621,0
orange_pos_002012_20260510_222609_254.png,100,60,0.621,0
orange_pos_002012_20260510_222609_254.png,120,60,0.622,0
orange_pos_002012_20260510_222609_254.png,140,60,1.403,0
orange_pos_002012_20260510_222609_254.png,0,80,4.277,0
orange_pos_002012_20260510_222609_254.png,20,80,6.523,0
orange_pos_002012_20260510_222609_254.png,40,80,46.453,0
orange_pos_002012_20260510_222609_254.png,60,80,31.208,0
orange_pos_002012_20260510_222609_254.png,80,80,5.005,0
orange_pos_002012_20260510_222609_254.png,100,80,9.775,0
orange_pos_002012_20260510_222609_254.png,120,80,19.965,0
orange_pos_002012_20260510_222609_254.png,140,80,34.691,0
orange_pos_002012_20260510_222609_254.png,0,100,1.593,0
orange_pos_002012_20260510_222609_254.png,20,100,4.695,0
orange_pos_002012_20260510_222609_254.png,40,100,35.103,0
orange_pos_002012_20260510_222609_254.png,60,100,22.465,0
orange_pos_002012_20260510_222609_254.png,80,100,9.175,0
orange_pos_002012_20260510_222609_254.png,100,100,12.596,0
orange_pos_002012_20260510_222609_254.png,120,100,16.398,0
orange_pos_002012_20260510_222609_254.png,140,100,26.380,0
orange_pos_002013_20260510_222609_608.png,0,0,40.936,0
orange_pos_002013_20260510_222609_608.png,20,0,10.839,0
orange_pos_002013_20260510_222609_608.png,40,0,31.778,0
orange_pos_002013_20260510_222609_608.png,60,0,56.839,0
orange_pos_002013_20260510_222609_608.png,80,0,27.834,0
orange_pos_002013_20260510_222609_608.png,100,0,15.502,0
orange_pos_002013_20260510_222609_608.png,120,0,17.525,0
orange_pos_002013_20260510_222609_608.png,140,0,30.648,0
orange_pos_002013_20260510_222609_608.png,0,20,25.026,0
orange_pos_002013_20260510_222609_608.png,20,20,2.720,0
orange_pos_002013_20260510_222609_608.png,40,20,24.478,0
orange_pos_002013_20260510_222609_608.png,60,20,28.478,0
orange_pos_002013_20260510_222609_608.png,80,20,2.492,0
orange_pos_002013_20260510_222609_608.png,100,20,0.621,0
orange_pos_002013_20260510_222609_608.png,120,20,0.679,0
orange_pos_002013_20260510_222609_608.png,140,20,14.471,0
orange_pos_002013_20260510_222609_608.png,0,40,1.689,0
orange_pos_002013_20260510_222609_608.png,20,40,8.422,0
orange_pos_002013_20260510_222609_608.png,40,40,33.594,0
orange_pos_002013_20260510_222609_608.png,60,40,26.402,0
orange_pos_002013_20260510_222609_608.png,80,40,0.676,0
orange_pos_002013_20260510_222609_608.png,100,40,0.621,0
orange_pos_002013_20260510_222609_608.png,120,40,0.680,0
orange_pos_002013_20260510_222609_608.png,140,40,22.126,0
orange_pos_002013_20260510_222609_608.png,0,60,1.560,0
orange_pos_002013_20260510_222609_608.png,20,60,2.758,0
orange_pos_002013_20260510_222609_608.png,40,60,31.731,0
orange_pos_002013_20260510_222609_608.png,60,60,22.683,0
orange_pos_002013_20260510_222609_608.png,80,60,1.623,0
orange_pos_002013_20260510_222609_608.png,100,60,0.621,0
orange_pos_002013_20260510_222609_608.png,120,60,2.417,0
orange_pos_002013_20260510_222609_608.png,140,60,17.819,0
orange_pos_002013_20260510_222609_608.png,0,80,2.614,0
orange_pos_002013_20260510_222609_608.png,20,80,2.176,0
orange_pos_002013_20260510_222609_608.png,40,80,42.125,0
orange_pos_002013_20260510_222609_608.png,60,80,26.438,0
orange_pos_002013_20260510_222609_608.png,80,80,1.721,0
orange_pos_002013_20260510_222609_608.png,100,80,6.385,0
orange_pos_002013_20260510_222609_608.png,120,80,14.750,0
orange_pos_002013_20260510_222609_608.png,140,80,28.685,0
orange_pos_002013_20260510_222609_608.png,0,100,1.295,0
orange_pos_002013_20260510_222609_608.png,20,100,4.596,0
orange_pos_002013_20260510_222609_608.png,40,100,33.472,0
orange_pos_002013_20260510_222609_608.png,60,100,19.109,0
orange_pos_002013_20260510_222609_608.png,80,100,6.007,0
orange_pos_002013_20260510_222609_608.png,100,100,8.276,0
orange_pos_002013_20260510_222609_608.png,120,100,15.570,0
orange_pos_002013_20260510_222609_608.png,140,100,20.895,0
orange_pos_002014_20260510_222609_968.png,0,0,14.198,0
orange_pos_002014_20260510_222609_968.png,20,0,2.226,0
orange_pos_002014_20260510_222609_968.png,40,0,9.344,0
orange_pos_002014_20260510_222609_968.png,60,0,13.702,0
orange_pos_002014_20260510_222609_968.png,80,0,5.770,0
orange_pos_002014_20260510_222609_968.png,100,0,1.992,0
orange_pos_002014_20260510_222609_968.png,120,0,2.442,0
orange_pos_002014_20260510_222609_968.png,140,0,5.382,0
orange_pos_002014_20260510_222609_968.png,0,20,7.195,0
orange_pos_002014_20260510_222609_968.png,20,20,0.929,0
orange_pos_002014_20260510_222609_968.png,40,20,14.908,0
orange_pos_002014_20260510_222609_968.png,60,20,15.861,0
orange_pos_002014_20260510_222609_968.png,80,20,1.147,0
orange_pos_002014_20260510_222609_968.png,100,20,0.621,0
orange_pos_002014_20260510_222609_968.png,120,20,0.621,0
orange_pos_002014_20260510_222609_968.png,140,20,6.410,0
orange_pos_002014_20260510_222609_968.png,0,40,0.924,0
orange_pos_002014_20260510_222609_968.png,20,40,0.621,0
orange_pos_002014_20260510_222609_968.png,40,40,11.626,0
orange_pos_002014_20260510_222609_968.png,60,40,7.902,0
orange_pos_002014_20260510_222609_968.png,80,40,0.621,0
orange_pos_002014_20260510_222609_968.png,100,40,0.621,0
orange_pos_002014_20260510_222609_968.png,120,40,0.621,0
orange_pos_002014_20260510_222609_968.png,140,40,3.218,0
orange_pos_002014_20260510_222609_968.png,0,60,0.823,0
orange_pos_002014_20260510_222609_968.png,20,60,0.626,0
orange_pos_002014_20260510_222609_968.png,40,60,13.763,0
orange_pos_002014_20260510_222609_968.png,60,60,7.217,0
orange_pos_002014_20260510_222609_968.png,80,60,0.621,0
orange_pos_002014_20260510_222609_968.png,100,60,0.621,0
orange_pos_002014_20260510_222609_968.png,120,60,0.803,0
orange_pos_002014_20260510_222609_968.png,140,60,4.488,0
orange_pos_002014_20260510_222609_968.png,0,80,0.841,0
orange_pos_002014_20260510_222609_968.png,20,80,0.850,0
orange_pos_002014_20260510_222609_968.png,40,80,14.244,0
orange_pos_002014_20260510_222609_968.png,60,80,8.010,0
orange_pos_002014_20260510_222609_968.png,80,80,0.624,0
orange_pos_002014_20260510_222609_968.png,100,80,1.173,0
orange_pos_002014_20260510_222609_968.png,120,80,1.737,0
orange_pos_002014_20260510_222609_968.png,140,80,6.157,0
orange_pos_002014_20260510_222609_968.png,0,100,0.735,0
orange_pos_002014_20260510_222609_968.png,20,100,0.965,0
orange_pos_002014_20260510_222609_968.png,40,100,7.647,0
orange_pos_002014_20260510_222609_968.png,60,100,3.208,0
orange_pos_002014_20260510_222609_968.png,80,100,0.628,0
orange_pos_002014_20260510_222609_968.png,100,100,0.876,0
orange_pos_002014_20260510_222609_968.png,120,100,1.777,0
orange_pos_002014_20260510_222609_968.png,140,100,3.485,0
orange_pos_002015_20260510_222613_702.png,0,0,9.728,0
orange_pos_002015_20260510_222613_702.png,20,0,0.621,0
orange_pos_002015_20260510_222613_702.png,40,0,0.923,0
orange_pos_002015_20260510_222613_702.png,60,0,1.186,0
orange_pos_002015_20260510_222613_702.png,80,0,0.705,0
orange_pos_002015_20260510_222613_702.png,100,0,0.842,0
orange_pos_002015_20260510_222613_702.png,120,0,0.621,0
orange_pos_002015_20260510_222613_702.png,140,0,0.621,0
orange_pos_002015_20260510_222613_702.png,0,20,8.936,0
orange_pos_002015_20260510_222613_702.png,20,20,0.621,0
orange_pos_002015_20260510_222613_702.png,40,20,0.654,0
orange_pos_002015_20260510_222613_702.png,60,20,0.705,0
orange_pos_002015_20260510_222613_702.png,80,20,0.621,0
orange_pos_002015_20260510_222613_702.png,100,20,0.621,0
orange_pos_002015_20260510_222613_702.png,120,20,0.621,0
orange_pos_002015_20260510_222613_702.png,140,20,0.621,0
orange_pos_002015_20260510_222613_702.png,0,40,0.621,0
orange_pos_002015_20260510_222613_702.png,20,40,0.621,0
orange_pos_002015_20260510_222613_702.png,40,40,2.465,0
orange_pos_002015_20260510_222613_702.png,60,40,3.034,0
orange_pos_002015_20260510_222613_702.png,80,40,1.479,0
orange_pos_002015_20260510_222613_702.png,100,40,0.621,0
orange_pos_002015_20260510_222613_702.png,120,40,0.621,0
orange_pos_002015_20260510_222613_702.png,140,40,0.621,0
orange_pos_002015_20260510_222613_702.png,0,60,0.630,0
orange_pos_002015_20260510_222613_702.png,20,60,0.621,0
orange_pos_002015_20260510_222613_702.png,40,60,4.203,0
orange_pos_002015_20260510_222613_702.png,60,60,255.000,1
orange_pos_002015_20260510_222613_702.png,80,60,125.188,1
orange_pos_002015_20260510_222613_702.png,100,60,0.621,0
orange_pos_002015_20260510_222613_702.png,120,60,0.621,0
orange_pos_002015_20260510_222613_702.png,140,60,0.875,0
orange_pos_002015_20260510_222613_702.png,0,80,0.621,0
orange_pos_002015_20260510_222613_702.png,20,80,0.621,0
orange_pos_002015_20260510_222613_702.png,40,80,1.295,0
orange_pos_002015_20260510_222613_702.png,60,80,175.808,1
orange_pos_002015_20260510_222613_702.png,80,80,71.637,1
orange_pos_002015_20260510_222613_702.png,100,80,0.621,0
orange_pos_002015_20260510_222613_702.png,120,80,0.621,0
orange_pos_002015_20260510_222613_702.png,140,80,0.621,0
orange_pos_002015_20260510_222613_702.png,0,100,0.621,0
orange_pos_002015_20260510_222613_702.png,20,100,0.621,0
orange_pos_002015_20260510_222613_702.png,40,100,0.839,0
orange_pos_002015_20260510_222613_702.png,60,100,0.625,0
orange_pos_002015_20260510_222613_702.png,80,100,0.621,0
orange_pos_002015_20260510_222613_702.png,100,100,0.621,0
orange_pos_002015_20260510_222613_702.png,120,100,0.621,0
orange_pos_002015_20260510_222613_702.png,140,100,0.621,0
orange_pos_002016_20260510_222616_016.png,0,0,31.079,0
orange_pos_002016_20260510_222616_016.png,20,0,3.918,0
orange_pos_002016_20260510_222616_016.png,40,0,17.350,0
orange_pos_002016_20260510_222616_016.png,60,0,28.559,0
orange_pos_002016_20260510_222616_016.png,80,0,14.967,0
orange_pos_002016_20260510_222616_016.png,100,0,9.864,0
orange_pos_002016_20260510_222616_016.png,120,0,10.428,0
orange_pos_002016_20260510_222616_016.png,140,0,11.604,0
orange_pos_002016_20260510_222616_016.png,0,20,23.843,0
orange_pos_002016_20260510_222616_016.png,20,20,1.619,0
orange_pos_002016_20260510_222616_016.png,40,20,15.187,0
orange_pos_002016_20260510_222616_016.png,60,20,17.779,0
orange_pos_002016_20260510_222616_016.png,80,20,2.103,0
orange_pos_002016_20260510_222616_016.png,100,20,0.621,0
orange_pos_002016_20260510_222616_016.png,120,20,0.946,0
orange_pos_002016_20260510_222616_016.png,140,20,8.942,0
orange_pos_002016_20260510_222616_016.png,0,40,0.704,0
orange_pos_002016_20260510_222616_016.png,20,40,0.708,0
orange_pos_002016_20260510_222616_016.png,40,40,18.699,0
orange_pos_002016_20260510_222616_016.png,60,40,14.032,0
orange_pos_002016_20260510_222616_016.png,80,40,0.621,0
orange_pos_002016_20260510_222616_016.png,100,40,0.621,0
orange_pos_002016_20260510_222616_016.png,120,40,0.621,0
orange_pos_002016_20260510_222616_016.png,140,40,4.371,0
orange_pos_002016_20260510_222616_016.png,0,60,1.110,0
orange_pos_002016_20260510_222616_016.png,20,60,0.621,0
orange_pos_002016_20260510_222616_016.png,40,60,19.547,0
orange_pos_002016_20260510_222616_016.png,60,60,13.846,0
orange_pos_002016_20260510_222616_016.png,80,60,1.079,0
orange_pos_002016_20260510_222616_016.png,100,60,0.634,0
orange_pos_002016_20260510_222616_016.png,120,60,1.500,0
orange_pos_002016_20260510_222616_016.png,140,60,6.381,0
orange_pos_002016_20260510_222616_016.png,0,80,1.220,0
orange_pos_002016_20260510_222616_016.png,20,80,0.914,0
orange_pos_002016_20260510_222616_016.png,40,80,26.915,0
orange_pos_002016_20260510_222616_016.png,60,80,16.766,0
orange_pos_002016_20260510_222616_016.png,80,80,1.595,0
orange_pos_002016_20260510_222616_016.png,100,80,54.049,0
orange_pos_002016_20260510_222616_016.png,120,80,69.479,1
orange_pos_002016_20260510_222616_016.png,140,80,13.589,0
orange_pos_002016_20260510_222616_016.png,0,100,1.172,0
orange_pos_002016_20260510_222616_016.png,20,100,2.495,0
orange_pos_002016_20260510_222616_016.png,40,100,18.184,0
orange_pos_002016_20260510_222616_016.png,60,100,10.228,0
orange_pos_002016_20260510_222616_016.png,80,100,2.852,0
orange_pos_002016_20260510_222616_016.png,100,100,72.266,1
orange_pos_002016_20260510_222616_016.png,120,100,80.004,1
orange_pos_002016_20260510_222616_016.png,140,100,13.174,0
orange_pos_002017_20260510_222616_421.png,0,0,31.039,0
orange_pos_002017_20260510_222616_421.png,20,0,0.677,0
orange_pos_002017_20260510_222616_421.png,40,0,15.198,0
orange_pos_002017_20260510_222616_421.png,60,0,28.959,0
orange_pos_002017_20260510_222616_421.png,80,0,12.150,0
orange_pos_002017_20260510_222616_421.png,100,0,6.202,0
orange_pos_002017_20260510_222616_421.png,120,0,7.259,0
orange_pos_002017_20260510_222616_421.png,140,0,10.195,0
orange_pos_002017_20260510_222616_421.png,0,20,19.313,0
orange_pos_002017_20260510_222616_421.png,20,20,1.384,0
orange_pos_002017_20260510_222616_421.png,40,20,13.323,0
orange_pos_002017_20260510_222616_421.png,60,20,15.908,0
orange_pos_002017_20260510_222616_421.png,80,20,2.198,0
orange_pos_002017_20260510_222616_421.png,100,20,0.622,0
orange_pos_002017_20260510_222616_421.png,120,20,0.858,0
orange_pos_002017_20260510_222616_421.png,140,20,10.223,0
orange_pos_002017_20260510_222616_421.png,0,40,0.857,0
orange_pos_002017_20260510_222616_421.png,20,40,0.655,0
orange_pos_002017_20260510_222616_421.png,40,40,16.098,0
orange_pos_002017_20260510_222616_421.png,60,40,14.351,0
orange_pos_002017_20260510_222616_421.png,80,40,0.678,0
orange_pos_002017_20260510_222616_421.png,100,40,0.621,0
orange_pos_002017_20260510_222616_421.png,120,40,0.658,0
orange_pos_002017_20260510_222616_421.png,140,40,3.301,0
orange_pos_002017_20260510_222616_421.png,0,60,1.032,0
orange_pos_002017_20260510_222616_421.png,20,60,1.238,0
orange_pos_002017_20260510_222616_421.png,40,60,22.183,0
orange_pos_002017_20260510_222616_421.png,60,60,15.500,0
orange_pos_002017_20260510_222616_421.png,80,60,2.108,0
orange_pos_002017_20260510_222616_421.png,100,60,1.355,0
orange_pos_002017_20260510_222616_421.png,120,60,3.840,0
orange_pos_002017_20260510_222616_421.png,140,60,8.839,0
orange_pos_002017_20260510_222616_421.png,0,80,0.689,0
orange_pos_002017_20260510_222616_421.png,20,80,0.711,0
orange_pos_002017_20260510_222616_421.png,40,80,13.758,0
orange_pos_002017_20260510_222616_421.png,60,80,8.976,0
orange_pos_002017_20260510_222616_421.png,80,80,0.670,0
orange_pos_002017_20260510_222616_421.png,100,80,38.240,0
orange_pos_002017_20260510_222616_421.png,120,80,54.378,0
orange_pos_002017_20260510_222616_421.png,140,80,3.642,0
orange_pos_002017_20260510_222616_421.png,0,100,0.936,0
orange_pos_002017_20260510_222616_421.png,20,100,2.089,0
orange_pos_002017_20260510_222616_421.png,40,100,15.386,0
orange_pos_002017_20260510_222616_421.png,60,100,9.152,0
orange_pos_002017_20260510_222616_421.png,80,100,2.248,0
orange_pos_002017_20260510_222616_421.png,100,100,59.318,0
orange_pos_002017_20260510_222616_421.png,120,100,84.091,1
orange_pos_002017_20260510_222616_421.png,140,100,7.874,0
orange_pos_002018_20260510_222618_466.png,0,0,16.210,0
orange_pos_002018_20260510_222618_466.png,20,0,0.621,0
orange_pos_002018_20260510_222618_466.png,40,0,9.714,0
orange_pos_002018_20260510_222618_466.png,60,0,21.126,0
orange_pos_002018_20260510_222618_466.png,80,0,74.110,1
orange_pos_002018_20260510_222618_466.png,100,0,12.180,0
orange_pos_002018_20260510_222618_466.png,120,0,7.770,0
orange_pos_002018_20260510_222618_466.png,140,0,7.674,0
orange_pos_002018_20260510_222618_466.png,0,20,11.931,0
orange_pos_002018_20260510_222618_466.png,20,20,0.621,0
orange_pos_002018_20260510_222618_466.png,40,20,11.310,0
orange_pos_002018_20260510_222618_466.png,60,20,58.444,0
orange_pos_002018_20260510_222618_466.png,80,20,165.078,1
orange_pos_002018_20260510_222618_466.png,100,20,39.616,0
orange_pos_002018_20260510_222618_466.png,120,20,4.189,0
orange_pos_002018_20260510_222618_466.png,140,20,9.150,0
orange_pos_002018_20260510_222618_466.png,0,40,1.240,0
orange_pos_002018_20260510_222618_466.png,20,40,0.621,0
orange_pos_002018_20260510_222618_466.png,40,40,18.379,0
orange_pos_002018_20260510_222618_466.png,60,40,15.403,0
orange_pos_002018_20260510_222618_466.png,80,40,33.327,0
orange_pos_002018_20260510_222618_466.png,100,40,3.034,0
orange_pos_002018_20260510_222618_466.png,120,40,4.343,0
orange_pos_002018_20260510_222618_466.png,140,40,8.046,0
orange_pos_002018_20260510_222618_466.png,0,60,0.873,0
orange_pos_002018_20260510_222618_466.png,20,60,0.621,0
orange_pos_002018_20260510_222618_466.png,40,60,13.749,0
orange_pos_002018_20260510_222618_466.png,60,60,12.294,0
orange_pos_002018_20260510_222618_466.png,80,60,1.284,0
orange_pos_002018_20260510_222618_466.png,100,60,0.621,0
orange_pos_002018_20260510_222618_466.png,120,60,1.290,0
orange_pos_002018_20260510_222618_466.png,140,60,7.123,0
orange_pos_002018_20260510_222618_466.png,0,80,0.777,0
orange_pos_002018_20260510_222618_466.png,20,80,0.651,0
orange_pos_002018_20260510_222618_466.png,40,80,7.858,0
orange_pos_002018_20260510_222618_466.png,60,80,4.947,0
orange_pos_002018_20260510_222618_466.png,80,80,0.669,0
orange_pos_002018_20260510_222618_466.png,100,80,0.979,0
orange_pos_002018_20260510_222618_466.png,120,80,3.111,0
orange_pos_002018_20260510_222618_466.png,140,80,4.312,0
orange_pos_002018_20260510_222618_466.png,0,100,0.798,0
orange_pos_002018_20260510_222618_466.png,20,100,1.851,0
orange_pos_002018_20260510_222618_466.png,40,100,10.721,0
orange_pos_002018_20260510_222618_466.png,60,100,6.109,0
orange_pos_002018_20260510_222618_466.png,80,100,1.504,0
orange_pos_002018_20260510_222618_466.png,100,100,1.821,0
orange_pos_002018_20260510_222618_466.png,120,100,2.932,0
orange_pos_002018_20260510_222618_466.png,140,100,4.523,0
orange_pos_002019_20260510_222620_619.png,0,0,6.348,0
orange_pos_002019_20260510_222620_619.png,20,0,0.623,0
orange_pos_002019_20260510_222620_619.png,40,0,0.621,0
orange_pos_002019_20260510_222620_619.png,60,0,0.621,0
orange_pos_002019_20260510_222620_619.png,80,0,1.391,0
orange_pos_002019_20260510_222620_619.png,100,0,0.696,0
orange_pos_002019_20260510_222620_619.png,120,0,0.621,0
orange_pos_002019_20260510_222620_619.png,140,0,1.175,0
orange_pos_002019_20260510_222620_619.png,0,20,11.333,0
orange_pos_002019_20260510_222620_619.png,20,20,0.621,0
orange_pos_002019_20260510_222620_619.png,40,20,0.621,0
orange_pos_002019_20260510_222620_619.png,60,20,0.621,0
orange_pos_002019_20260510_222620_619.png,80,20,0.621,0
orange_pos_002019_20260510_222620_619.png,100,20,0.621,0
orange_pos_002019_20260510_222620_619.png,120,20,0.621,0
orange_pos_002019_20260510_222620_619.png,140,20,0.669,0
orange_pos_002019_20260510_222620_619.png,0,40,0.846,0
orange_pos_002019_20260510_222620_619.png,20,40,1.400,0
orange_pos_002019_20260510_222620_619.png,40,40,1.249,0
orange_pos_002019_20260510_222620_619.png,60,40,44.521,0
orange_pos_002019_20260510_222620_619.png,80,40,73.905,1
orange_pos_002019_20260510_222620_619.png,100,40,0.621,0
orange_pos_002019_20260510_222620_619.png,120,40,0.621,0
orange_pos_002019_20260510_222620_619.png,140,40,2.225,0
orange_pos_002019_20260510_222620_619.png,0,60,0.972,0
orange_pos_002019_20260510_222620_619.png,20,60,0.621,0
orange_pos_002019_20260510_222620_619.png,40,60,8.959,0
orange_pos_002019_20260510_222620_619.png,60,60,128.645,1
orange_pos_002019_20260510_222620_619.png,80,60,184.597,1
orange_pos_002019_20260510_222620_619.png,100,60,1.306,0
orange_pos_002019_20260510_222620_619.png,120,60,0.621,0
orange_pos_002019_20260510_222620_619.png,140,60,5.049,0
orange_pos_002019_20260510_222620_619.png,0,80,0.720,0
orange_pos_002019_20260510_222620_619.png,20,80,0.621,0
orange_pos_002019_20260510_222620_619.png,40,80,8.154,0
orange_pos_002019_20260510_222620_619.png,60,80,4.258,0
orange_pos_002019_20260510_222620_619.png,80,80,0.621,0
orange_pos_002019_20260510_222620_619.png,100,80,0.621,0
orange_pos_002019_20260510_222620_619.png,120,80,0.781,0
orange_pos_002019_20260510_222620_619.png,140,80,1.322,0
orange_pos_002019_20260510_222620_619.png,0,100,0.764,0
orange_pos_002019_20260510_222620_619.png,20,100,1.951,0
orange_pos_002019_20260510_222620_619.png,40,100,13.911,0
orange_pos_002019_20260510_222620_619.png,60,100,6.902,0
orange_pos_002019_20260510_222620_619.png,80,100,1.090,0
orange_pos_002019_20260510_222620_619.png,100,100,1.452,0
orange_pos_002019_20260510_222620_619.png,120,100,3.938,0
orange_pos_002019_20260510_222620_619.png,140,100,7.073,0
orange_pos_002020_20260510_222620_998.png,0,0,33.734,0
orange_pos_002020_20260510_222620_998.png,20,0,5.963,0
orange_pos_002020_20260510_222620_998.png,40,0,2.962,0
orange_pos_002020_20260510_222620_998.png,60,0,1.133,0
orange_pos_002020_20260510_222620_998.png,80,0,14.810,0
orange_pos_002020_20260510_222620_998.png,100,0,12.453,0
orange_pos_002020_20260510_222620_998.png,120,0,11.267,0
orange_pos_002020_20260510_222620_998.png,140,0,17.526,0
orange_pos_002020_20260510_222620_998.png,0,20,20.468,0
orange_pos_002020_20260510_222620_998.png,20,20,0.914,0
orange_pos_002020_20260510_222620_998.png,40,20,0.869,0
orange_pos_002020_20260510_222620_998.png,60,20,1.218,0
orange_pos_002020_20260510_222620_998.png,80,20,1.089,0
orange_pos_002020_20260510_222620_998.png,100,20,0.621,0
orange_pos_002020_20260510_222620_998.png,120,20,0.731,0
orange_pos_002020_20260510_222620_998.png,140,20,10.697,0
orange_pos_002020_20260510_222620_998.png,0,40,1.556,0
orange_pos_002020_20260510_222620_998.png,20,40,2.427,0
orange_pos_002020_20260510_222620_998.png,40,40,3.693,0
orange_pos_002020_20260510_222620_998.png,60,40,9.436,0
orange_pos_002020_20260510_222620_998.png,80,40,28.128,0
orange_pos_002020_20260510_222620_998.png,100,40,0.621,0
orange_pos_002020_20260510_222620_998.png,120,40,0.646,0
orange_pos_002020_20260510_222620_998.png,140,40,16.929,0
orange_pos_002020_20260510_222620_998.png,0,60,1.367,0
orange_pos_002020_20260510_222620_998.png,20,60,1.026,0
orange_pos_002020_20260510_222620_998.png,40,60,12.267,0
orange_pos_002020_20260510_222620_998.png,60,60,150.758,1
orange_pos_002020_20260510_222620_998.png,80,60,222.530,1
orange_pos_002020_20260510_222620_998.png,100,60,4.641,0
orange_pos_002020_20260510_222620_998.png,120,60,3.137,0
orange_pos_002020_20260510_222620_998.png,140,60,16.703,0
orange_pos_002020_20260510_222620_998.png,0,80,0.878,0
orange_pos_002020_20260510_222620_998.png,20,80,0.693,0
orange_pos_002020_20260510_222620_998.png,40,80,20.328,0
orange_pos_002020_20260510_222620_998.png,60,80,31.358,0
orange_pos_002020_20260510_222620_998.png,80,80,55.375,0
orange_pos_002020_20260510_222620_998.png,100,80,3.263,0
orange_pos_002020_20260510_222620_998.png,120,80,5.500,0
orange_pos_002020_20260510_222620_998.png,140,80,9.572,0
orange_pos_002020_20260510_222620_998.png,0,100,1.092,0
orange_pos_002020_20260510_222620_998.png,20,100,3.360,0
orange_pos_002020_20260510_222620_998.png,40,100,24.037,0
orange_pos_002020_20260510_222620_998.png,60,100,15.491,0
orange_pos_002020_20260510_222620_998.png,80,100,5.898,0
orange_pos_002020_20260510_222620_998.png,100,100,6.893,0
orange_pos_002020_20260510_222620_998.png,120,100,10.930,0
orange_pos_002020_20260510_222620_998.png,140,100,14.476,0
orange_pos_002021_20260510_222622_768.png,0,0,18.459,0
orange_pos_002021_20260510_222622_768.png,20,0,1.639,0
orange_pos_002021_20260510_222622_768.png,40,0,13.790,0
orange_pos_002021_20260510_222622_768.png,60,0,2.738,0
orange_pos_002021_20260510_222622_768.png,80,0,5.830,0
orange_pos_002021_20260510_222622_768.png,100,0,8.685,0
orange_pos_002021_20260510_222622_768.png,120,0,12.788,0
orange_pos_002021_20260510_222622_768.png,140,0,17.609,0
orange_pos_002021_20260510_222622_768.png,0,20,13.613,0
orange_pos_002021_20260510_222622_768.png,20,20,0.856,0
orange_pos_002021_20260510_222622_768.png,40,20,3.776,0
orange_pos_002021_20260510_222622_768.png,60,20,1.263,0
orange_pos_002021_20260510_222622_768.png,80,20,0.924,0
orange_pos_002021_20260510_222622_768.png,100,20,6.407,0
orange_pos_002021_20260510_222622_768.png,120,20,2.031,0
orange_pos_002021_20260510_222622_768.png,140,20,15.926,0
orange_pos_002021_20260510_222622_768.png,0,40,1.098,0
orange_pos_002021_20260510_222622_768.png,20,40,0.836,0
orange_pos_002021_20260510_222622_768.png,40,40,11.835,0
orange_pos_002021_20260510_222622_768.png,60,40,2.820,0
orange_pos_002021_20260510_222622_768.png,80,40,0.638,0
orange_pos_002021_20260510_222622_768.png,100,40,41.141,0
orange_pos_002021_20260510_222622_768.png,120,40,52.847,0
orange_pos_002021_20260510_222622_768.png,140,40,8.772,0
orange_pos_002021_20260510_222622_768.png,0,60,1.273,0
orange_pos_002021_20260510_222622_768.png,20,60,0.621,0
orange_pos_002021_20260510_222622_768.png,40,60,22.868,0
orange_pos_002021_20260510_222622_768.png,60,60,15.742,0
orange_pos_002021_20260510_222622_768.png,80,60,0.912,0
orange_pos_002021_20260510_222622_768.png,100,60,78.981,1
orange_pos_002021_20260510_222622_768.png,120,60,81.446,1
orange_pos_002021_20260510_222622_768.png,140,60,11.495,0
orange_pos_002021_20260510_222622_768.png,0,80,1.152,0
orange_pos_002021_20260510_222622_768.png,20,80,1.234,0
orange_pos_002021_20260510_222622_768.png,40,80,19.128,0
orange_pos_002021_20260510_222622_768.png,60,80,12.994,0
orange_pos_002021_20260510_222622_768.png,80,80,0.986,0
orange_pos_002021_20260510_222622_768.png,100,80,2.865,0
orange_pos_002021_20260510_222622_768.png,120,80,4.923,0
orange_pos_002021_20260510_222622_768.png,140,80,12.139,0
orange_pos_002021_20260510_222622_768.png,0,100,0.839,0
orange_pos_002021_20260510_222622_768.png,20,100,2.183,0
orange_pos_002021_20260510_222622_768.png,40,100,16.462,0
orange_pos_002021_20260510_222622_768.png,60,100,10.999,0
orange_pos_002021_20260510_222622_768.png,80,100,3.532,0
orange_pos_002021_20260510_222622_768.png,100,100,5.306,0
orange_pos_002021_20260510_222622_768.png,120,100,7.502,0
orange_pos_002021_20260510_222622_768.png,140,100,11.055,0
orange_pos_002023_20260510_222623_196.png,0,0,6.548,0
orange_pos_002023_20260510_222623_196.png,20,0,0.621,0
orange_pos_002023_20260510_222623_196.png,40,0,1.197,0
orange_pos_002023_20260510_222623_196.png,60,0,0.705,0
orange_pos_002023_20260510_222623_196.png,80,0,0.621,0
orange_pos_002023_20260510_222623_196.png,100,0,0.621,0
orange_pos_002023_20260510_222623_196.png,120,0,0.621,0
orange_pos_002023_20260510_222623_196.png,140,0,0.621,0
orange_pos_002023_20260510_222623_196.png,0,20,10.036,0
orange_pos_002023_20260510_222623_196.png,20,20,0.621,0
orange_pos_002023_20260510_222623_196.png,40,20,0.969,0
orange_pos_002023_20260510_222623_196.png,60,20,0.752,0
orange_pos_002023_20260510_222623_196.png,80,20,0.621,0
orange_pos_002023_20260510_222623_196.png,100,20,0.621,0
orange_pos_002023_20260510_222623_196.png,120,20,0.681,0
orange_pos_002023_20260510_222623_196.png,140,20,1.117,0
orange_pos_002023_20260510_222623_196.png,0,40,0.707,0
orange_pos_002023_20260510_222623_196.png,20,40,0.621,0
orange_pos_002023_20260510_222623_196.png,40,40,0.988,0
orange_pos_002023_20260510_222623_196.png,60,40,0.888,0
orange_pos_002023_20260510_222623_196.png,80,40,0.621,0
orange_pos_002023_20260510_222623_196.png,100,40,10.773,0
orange_pos_002023_20260510_222623_196.png,120,40,2.896,0
orange_pos_002023_20260510_222623_196.png,140,40,0.865,0
orange_pos_002023_20260510_222623_196.png,0,60,0.651,0
orange_pos_002023_20260510_222623_196.png,20,60,0.621,0
orange_pos_002023_20260510_222623_196.png,40,60,2.696,0
orange_pos_002023_20260510_222623_196.png,60,60,2.469,0
orange_pos_002023_20260510_222623_196.png,80,60,0.621,0
orange_pos_002023_20260510_222623_196.png,100,60,23.525,0
orange_pos_002023_20260510_222623_196.png,120,60,22.799,0
orange_pos_002023_20260510_222623_196.png,140,60,0.740,0
orange_pos_002023_20260510_222623_196.png,0,80,0.621,0
orange_pos_002023_20260510_222623_196.png,20,80,0.621,0
orange_pos_002023_20260510_222623_196.png,40,80,2.206,0
orange_pos_002023_20260510_222623_196.png,60,80,1.588,0
orange_pos_002023_20260510_222623_196.png,80,80,0.621,0
orange_pos_002023_20260510_222623_196.png,100,80,0.621,0
orange_pos_002023_20260510_222623_196.png,120,80,0.621,0
orange_pos_002023_20260510_222623_196.png,140,80,0.621,0
orange_pos_002023_20260510_222623_196.png,0,100,0.621,0
orange_pos_002023_20260510_222623_196.png,20,100,0.621,0
orange_pos_002023_20260510_222623_196.png,40,100,0.820,0
orange_pos_002023_20260510_222623_196.png,60,100,0.829,0
orange_pos_002023_20260510_222623_196.png,80,100,0.621,0
orange_pos_002023_20260510_222623_196.png,100,100,0.621,0
orange_pos_002023_20260510_222623_196.png,120,100,0.622,0
orange_pos_002023_20260510_222623_196.png,140,100,0.659,0
orange_pos_002024_20260510_222625_359.png,0,0,30.231,0
orange_pos_002024_20260510_222625_359.png,20,0,2.847,0
orange_pos_002024_20260510_222625_359.png,40,0,17.275,0
orange_pos_002024_20260510_222625_359.png,60,0,17.785,0
orange_pos_002024_20260510_222625_359.png,80,0,5.437,0
orange_pos_002024_20260510_222625_359.png,100,0,6.722,0
orange_pos_002024_20260510_222625_359.png,120,0,30.370,0
orange_pos_002024_20260510_222625_359.png,140,0,16.072,0
orange_pos_002024_20260510_222625_359.png,0,20,21.134,0
orange_pos_002024_20260510_222625_359.png,20,20,2.569,0
orange_pos_002024_20260510_222625_359.png,40,20,4.272,0
orange_pos_002024_20260510_222625_359.png,60,20,27.122,0
orange_pos_002024_20260510_222625_359.png,80,20,3.998,0
orange_pos_002024_20260510_222625_359.png,100,20,0.621,0
orange_pos_002024_20260510_222625_359.png,120,20,7.226,0
orange_pos_002024_20260510_222625_359.png,140,20,13.370,0
orange_pos_002024_20260510_222625_359.png,0,40,1.300,0
orange_pos_002024_20260510_222625_359.png,20,40,1.530,0
orange_pos_002024_20260510_222625_359.png,40,40,19.666,0
orange_pos_002024_20260510_222625_359.png,60,40,20.588,0
orange_pos_002024_20260510_222625_359.png,80,40,0.664,0
orange_pos_002024_20260510_222625_359.png,100,40,0.621,0
orange_pos_002024_20260510_222625_359.png,120,40,0.645,0
orange_pos_002024_20260510_222625_359.png,140,40,12.806,0
orange_pos_002024_20260510_222625_359.png,0,60,1.295,0
orange_pos_002024_20260510_222625_359.png,20,60,1.427,0
orange_pos_002024_20260510_222625_359.png,40,60,28.947,0
orange_pos_002024_20260510_222625_359.png,60,60,21.101,0
orange_pos_002024_20260510_222625_359.png,80,60,1.888,0
orange_pos_002024_20260510_222625_359.png,100,60,0.978,0
orange_pos_002024_20260510_222625_359.png,120,60,3.185,0
orange_pos_002024_20260510_222625_359.png,140,60,18.710,0
orange_pos_002024_20260510_222625_359.png,0,80,1.381,0
orange_pos_002024_20260510_222625_359.png,20,80,2.427,0
orange_pos_002024_20260510_222625_359.png,40,80,14.904,0
orange_pos_002024_20260510_222625_359.png,60,80,10.526,0
orange_pos_002024_20260510_222625_359.png,80,80,2.022,0
orange_pos_002024_20260510_222625_359.png,100,80,3.829,0
orange_pos_002024_20260510_222625_359.png,120,80,5.916,0
orange_pos_002024_20260510_222625_359.png,140,80,9.641,0
orange_pos_002024_20260510_222625_359.png,0,100,1.236,0
orange_pos_002024_20260510_222625_359.png,20,100,4.852,0
orange_pos_002024_20260510_222625_359.png,40,100,31.237,0
orange_pos_002024_20260510_222625_359.png,60,100,21.007,0
orange_pos_002024_20260510_222625_359.png,80,100,9.921,0
orange_pos_002024_20260510_222625_359.png,100,100,11.213,0
orange_pos_002024_20260510_222625_359.png,120,100,16.318,0
orange_pos_002024_20260510_222625_359.png,140,100,20.116,0
orange_pos_002025_20260510_222627_209.png,0,0,38.627,0
orange_pos_002025_20260510_222627_209.png,20,0,3.234,0
orange_pos_002025_20260510_222627_209.png,40,0,25.187,0
orange_pos_002025_20260510_222627_209.png,60,0,45.672,0
orange_pos_002025_20260510_222627_209.png,80,0,34.491,0
orange_pos_002025_20260510_222627_209.png,100,0,36.516,0
orange_pos_002025_20260510_222627_209.png,120,0,25.588,0
orange_pos_002025_20260510_222627_209.png,140,0,19.152,0
orange_pos_002025_20260510_222627_209.png,0,20,21.092,0
orange_pos_002025_20260510_222627_209.png,20,20,0.758,0
orange_pos_002025_20260510_222627_209.png,40,20,3.294,0
orange_pos_002025_20260510_222627_209.png,60,20,28.527,0
orange_pos_002025_20260510_222627_209.png,80,20,84.238,1
orange_pos_002025_20260510_222627_209.png,100,20,151.498,1
orange_pos_002025_20260510_222627_209.png,120,20,16.038,0
orange_pos_002025_20260510_222627_209.png,140,20,17.195,0
orange_pos_002025_20260510_222627_209.png,0,40,1.516,0
orange_pos_002025_20260510_222627_209.png,20,40,0.667,0
orange_pos_002025_20260510_222627_209.png,40,40,22.684,0
orange_pos_002025_20260510_222627_209.png,60,40,28.598,0
orange_pos_002025_20260510_222627_209.png,80,40,25.965,0
orange_pos_002025_20260510_222627_209.png,100,40,69.257,1
orange_pos_002025_20260510_222627_209.png,120,40,9.938,0
orange_pos_002025_20260510_222627_209.png,140,40,17.966,0
orange_pos_002025_20260510_222627_209.png,0,60,1.510,0
orange_pos_002025_20260510_222627_209.png,20,60,0.626,0
orange_pos_002025_20260510_222627_209.png,40,60,25.528,0
orange_pos_002025_20260510_222627_209.png,60,60,22.562,0
orange_pos_002025_20260510_222627_209.png,80,60,3.657,0
orange_pos_002025_20260510_222627_209.png,100,60,2.453,0
orange_pos_002025_20260510_222627_209.png,120,60,6.896,0
orange_pos_002025_20260510_222627_209.png,140,60,19.285,0
orange_pos_002025_20260510_222627_209.png,0,80,1.475,0
orange_pos_002025_20260510_222627_209.png,20,80,0.622,0
orange_pos_002025_20260510_222627_209.png,40,80,26.314,0
orange_pos_002025_20260510_222627_209.png,60,80,17.931,0
orange_pos_002025_20260510_222627_209.png,80,80,1.957,0
orange_pos_002025_20260510_222627_209.png,100,80,5.929,0
orange_pos_002025_20260510_222627_209.png,120,80,9.936,0
orange_pos_002025_20260510_222627_209.png,140,80,17.288,0
orange_pos_002025_20260510_222627_209.png,0,100,1.249,0
orange_pos_002025_20260510_222627_209.png,20,100,3.962,0
orange_pos_002025_20260510_222627_209.png,40,100,29.222,0
orange_pos_002025_20260510_222627_209.png,60,100,18.413,0
orange_pos_002025_20260510_222627_209.png,80,100,4.997,0
orange_pos_002025_20260510_222627_209.png,100,100,8.988,0
orange_pos_002025_20260510_222627_209.png,120,100,11.449,0
orange_pos_002025_20260510_222627_209.png,140,100,17.117,0
orange_pos_002026_20260510_222629_816.png,0,0,56.144,0
orange_pos_002026_20260510_222629_816.png,20,0,5.562,0
orange_pos_002026_20260510_222629_816.png,40,0,37.674,0
orange_pos_002026_20260510_222629_816.png,60,0,68.632,1
orange_pos_002026_20260510_222629_816.png,80,0,47.446,0
orange_pos_002026_20260510_222629_816.png,100,0,28.154,0
orange_pos_002026_20260510_222629_816.png,120,0,34.075,0
orange_pos_002026_20260510_222629_816.png,140,0,46.616,0
orange_pos_002026_20260510_222629_816.png,0,20,29.121,0
orange_pos_002026_20260510_222629_816.png,20,20,3.534,0
orange_pos_002026_20260510_222629_816.png,40,20,5.032,0
orange_pos_002026_20260510_222629_816.png,60,20,41.165,0
orange_pos_002026_20260510_222629_816.png,80,20,8.286,0
orange_pos_002026_20260510_222629_816.png,100,20,0.621,0
orange_pos_002026_20260510_222629_816.png,120,20,2.772,0
orange_pos_002026_20260510_222629_816.png,140,20,33.493,0
orange_pos_002026_20260510_222629_816.png,0,40,1.862,0
orange_pos_002026_20260510_222629_816.png,20,40,1.174,0
orange_pos_002026_20260510_222629_816.png,40,40,32.750,0
orange_pos_002026_20260510_222629_816.png,60,40,32.963,0
orange_pos_002026_20260510_222629_816.png,80,40,1.658,0
orange_pos_002026_20260510_222629_816.png,100,40,0.621,0
orange_pos_002026_20260510_222629_816.png,120,40,4.457,0
orange_pos_002026_20260510_222629_816.png,140,40,29.058,0
orange_pos_002026_20260510_222629_816.png,0,60,1.902,0
orange_pos_002026_20260510_222629_816.png,20,60,1.498,0
orange_pos_002026_20260510_222629_816.png,40,60,39.269,0
orange_pos_002026_20260510_222629_816.png,60,60,88.190,1
orange_pos_002026_20260510_222629_816.png,80,60,64.911,0
orange_pos_002026_20260510_222629_816.png,100,60,5.084,0
orange_pos_002026_20260510_222629_816.png,120,60,16.414,0
orange_pos_002026_20260510_222629_816.png,140,60,35.374,0
orange_pos_002026_20260510_222629_816.png,0,80,2.894,0
orange_pos_002026_20260510_222629_816.png,20,80,2.447,0
orange_pos_002026_20260510_222629_816.png,40,80,46.762,0
orange_pos_002026_20260510_222629_816.png,60,80,254.796,1
orange_pos_002026_20260510_222629_816.png,80,80,197.068,1
orange_pos_002026_20260510_222629_816.png,100,80,9.790,0
orange_pos_002026_20260510_222629_816.png,120,80,21.680,0
orange_pos_002026_20260510_222629_816.png,140,80,35.452,0
orange_pos_002026_20260510_222629_816.png,0,100,1.888,0
orange_pos_002026_20260510_222629_816.png,20,100,6.910,0
orange_pos_002026_20260510_222629_816.png,40,100,46.409,0
orange_pos_002026_20260510_222629_816.png,60,100,61.570,0
orange_pos_002026_20260510_222629_816.png,80,100,41.642,0
orange_pos_002026_20260510_222629_816.png,100,100,20.216,0
orange_pos_002026_20260510_222629_816.png,120,100,27.099,0
orange_pos_002026_20260510_222629_816.png,140,100,36.575,0
orange_pos_002027_20260510_222631_878.png,0,0,21.180,0
orange_pos_002027_20260510_222631_878.png,20,0,2.074,0
orange_pos_002027_20260510_222631_878.png,40,0,14.876,0
orange_pos_002027_20260510_222631_878.png,60,0,24.332,0
orange_pos_002027_20260510_222631_878.png,80,0,12.490,0
orange_pos_002027_20260510_222631_878.png,100,0,3.229,0
orange_pos_002027_20260510_222631_878.png,120,0,4.384,0
orange_pos_002027_20260510_222631_878.png,140,0,10.562,0
orange_pos_002027_20260510_222631_878.png,0,20,15.867,0
orange_pos_002027_20260510_222631_878.png,20,20,0.857,0
orange_pos_002027_20260510_222631_878.png,40,20,1.934,0
orange_pos_002027_20260510_222631_878.png,60,20,15.088,0
orange_pos_002027_20260510_222631_878.png,80,20,1.159,0
orange_pos_002027_20260510_222631_878.png,100,20,0.621,0
orange_pos_002027_20260510_222631_878.png,120,20,0.621,0
orange_pos_002027_20260510_222631_878.png,140,20,8.181,0
orange_pos_002027_20260510_222631_878.png,0,40,0.638,0
orange_pos_002027_20260510_222631_878.png,20,40,0.621,0
orange_pos_002027_20260510_222631_878.png,40,40,12.514,0
orange_pos_002027_20260510_222631_878.png,60,40,8.169,0
orange_pos_002027_20260510_222631_878.png,80,40,0.621,0
orange_pos_002027_20260510_222631_878.png,100,40,0.621,0
orange_pos_002027_20260510_222631_878.png,120,40,0.621,0
orange_pos_002027_20260510_222631_878.png,140,40,2.876,0
orange_pos_002027_20260510_222631_878.png,0,60,0.625,0
orange_pos_002027_20260510_222631_878.png,20,60,0.621,0
orange_pos_002027_20260510_222631_878.png,40,60,11.361,0
orange_pos_002027_20260510_222631_878.png,60,60,5.987,0
orange_pos_002027_20260510_222631_878.png,80,60,0.621,0
orange_pos_002027_20260510_222631_878.png,100,60,0.621,0
orange_pos_002027_20260510_222631_878.png,120,60,0.621,0
orange_pos_002027_20260510_222631_878.png,140,60,0.871,0
orange_pos_002027_20260510_222631_878.png,0,80,0.785,0
orange_pos_002027_20260510_222631_878.png,20,80,0.626,0
orange_pos_002027_20260510_222631_878.png,40,80,10.901,0
orange_pos_002027_20260510_222631_878.png,60,80,6.243,0
orange_pos_002027_20260510_222631_878.png,80,80,0.621,0
orange_pos_002027_20260510_222631_878.png,100,80,6.353,0
orange_pos_002027_20260510_222631_878.png,120,80,0.991,0
orange_pos_002027_20260510_222631_878.png,140,80,1.658,0
orange_pos_002027_20260510_222631_878.png,0,100,0.944,0
orange_pos_002027_20260510_222631_878.png,20,100,1.772,0
orange_pos_002027_20260510_222631_878.png,40,100,12.427,0
orange_pos_002027_20260510_222631_878.png,60,100,6.984,0
orange_pos_002027_20260510_222631_878.png,80,100,12.875,0
orange_pos_002027_20260510_222631_878.png,100,100,122.233,1
orange_pos_002027_20260510_222631_878.png,120,100,28.947,0
orange_pos_002027_20260510_222631_878.png,140,100,4.107,0
orange_pos_002028_20260510_222634_254.png,0,0,2.244,0
orange_pos_002028_20260510_222634_254.png,20,0,0.621,0
orange_pos_002028_20260510_222634_254.png,40,0,1.282,0
orange_pos_002028_20260510_222634_254.png,60,0,1.569,0
orange_pos_002028_20260510_222634_254.png,80,0,0.631,0
orange_pos_002028_20260510_222634_254.png,100,0,0.621,0
orange_pos_002028_20260510_222634_254.png,120,0,0.621,0
orange_pos_002028_20260510_222634_254.png,140,0,0.646,0
orange_pos_002028_20260510_222634_254.png,0,20,1.387,0
orange_pos_002028_20260510_222634_254.png,20,20,0.621,0
orange_pos_002028_20260510_222634_254.png,40,20,0.621,0
orange_pos_002028_20260510_222634_254.png,60,20,0.621,0
orange_pos_002028_20260510_222634_254.png,80,20,0.621,0
orange_pos_002028_20260510_222634_254.png,100,20,0.621,0
orange_pos_002028_20260510_222634_254.png,120,20,0.621,0
orange_pos_002028_20260510_222634_254.png,140,20,0.621,0
orange_pos_002028_20260510_222634_254.png,0,40,0.621,0
orange_pos_002028_20260510_222634_254.png,20,40,0.621,0
orange_pos_002028_20260510_222634_254.png,40,40,1.556,0
orange_pos_002028_20260510_222634_254.png,60,40,0.740,0
orange_pos_002028_20260510_222634_254.png,80,40,0.621,0
orange_pos_002028_20260510_222634_254.png,100,40,0.621,0
orange_pos_002028_20260510_222634_254.png,120,40,0.621,0
orange_pos_002028_20260510_222634_254.png,140,40,0.621,0
orange_pos_002028_20260510_222634_254.png,0,60,0.624,0
orange_pos_002028_20260510_222634_254.png,20,60,0.621,0
orange_pos_002028_20260510_222634_254.png,40,60,0.718,0
orange_pos_002028_20260510_222634_254.png,60,60,99.315,1
orange_pos_002028_20260510_222634_254.png,80,60,31.388,0
orange_pos_002028_20260510_222634_254.png,100,60,0.621,0
orange_pos_002028_20260510_222634_254.png,120,60,0.621,0
orange_pos_002028_20260510_222634_254.png,140,60,0.621,0
orange_pos_002028_20260510_222634_254.png,0,80,0.621,0
orange_pos_002028_20260510_222634_254.png,20,80,0.621,0
orange_pos_002028_20260510_222634_254.png,40,80,4.296,0
orange_pos_002028_20260510_222634_254.png,60,80,255.000,1
orange_pos_002028_20260510_222634_254.png,80,80,115.969,1
orange_pos_002028_20260510_222634_254.png,100,80,0.621,0
orange_pos_002028_20260510_222634_254.png,120,80,0.621,0
orange_pos_002028_20260510_222634_254.png,140,80,0.621,0
orange_pos_002028_20260510_222634_254.png,0,100,0.621,0
orange_pos_002028_20260510_222634_254.png,20,100,0.621,0
orange_pos_002028_20260510_222634_254.png,40,100,0.795,0
orange_pos_002028_20260510_222634_254.png,60,100,23.970,0
orange_pos_002028_20260510_222634_254.png,80,100,3.858,0
orange_pos_002028_20260510_222634_254.png,100,100,0.621,0
orange_pos_002028_20260510_222634_254.png,120,100,0.621,0
orange_pos_002028_20260510_222634_254.png,140,100,0.621,0
orange_pos_002029_20260510_222636_335.png,0,0,7.896,0
orange_pos_002029_20260510_222636_335.png,20,0,0.621,0
orange_pos_002029_20260510_222636_335.png,40,0,1.800,0
orange_pos_002029_20260510_222636_335.png,60,0,2.955,0
orange_pos_002029_20260510_222636_335.png,80,0,1.196,0
orange_pos_002029_20260510_222636_335.png,100,0,0.621,0
orange_pos_002029_20260510_222636_335.png,120,0,0.621,0
orange_pos_002029_20260510_222636_335.png,140,0,0.621,0
orange_pos_002029_20260510_222636_335.png,0,20,8.566,0
orange_pos_002029_20260510_222636_335.png,20,20,0.621,0
orange_pos_002029_20260510_222636_335.png,40,20,0.875,0
orange_pos_002029_20260510_222636_335.png,60,20,8.421,0
orange_pos_002029_20260510_222636_335.png,80,20,97.270,1
orange_pos_002029_20260510_222636_335.png,100,20,16.337,0
orange_pos_002029_20260510_222636_335.png,120,20,0.621,0
orange_pos_002029_20260510_222636_335.png,140,20,0.955,0
orange_pos_002029_20260510_222636_335.png,0,40,0.715,0
orange_pos_002029_20260510_222636_335.png,20,40,0.621,0
orange_pos_002029_20260510_222636_335.png,40,40,5.491,0
orange_pos_002029_20260510_222636_335.png,60,40,25.594,0
orange_pos_002029_20260510_222636_335.png,80,40,204.653,1
orange_pos_002029_20260510_222636_335.png,100,40,46.691,0
orange_pos_002029_20260510_222636_335.png,120,40,0.621,0
orange_pos_002029_20260510_222636_335.png,140,40,1.231,0
orange_pos_002029_20260510_222636_335.png,0,60,0.627,0
orange_pos_002029_20260510_222636_335.png,20,60,0.621,0
orange_pos_002029_20260510_222636_335.png,40,60,4.019,0
orange_pos_002029_20260510_222636_335.png,60,60,2.893,0
orange_pos_002029_20260510_222636_335.png,80,60,0.621,0
orange_pos_002029_20260510_222636_335.png,100,60,0.621,0
orange_pos_002029_20260510_222636_335.png,120,60,0.621,0
orange_pos_002029_20260510_222636_335.png,140,60,0.624,0
orange_pos_002029_20260510_222636_335.png,0,80,0.654,0
orange_pos_002029_20260510_222636_335.png,20,80,0.621,0
orange_pos_002029_20260510_222636_335.png,40,80,5.612,0
orange_pos_002029_20260510_222636_335.png,60,80,3.789,0
orange_pos_002029_20260510_222636_335.png,80,80,0.621,0
orange_pos_002029_20260510_222636_335.png,100,80,0.841,0
orange_pos_002029_20260510_222636_335.png,120,80,1.164,0
orange_pos_002029_20260510_222636_335.png,140,80,1.533,0
orange_pos_002029_20260510_222636_335.png,0,100,0.621,0
orange_pos_002029_20260510_222636_335.png,20,100,0.736,0
orange_pos_002029_20260510_222636_335.png,40,100,1.295,0
orange_pos_002029_20260510_222636_335.png,60,100,1.325,0
orange_pos_002029_20260510_222636_335.png,80,100,0.621,0
orange_pos_002029_20260510_222636_335.png,100,100,0.621,0
orange_pos_002029_20260510_222636_335.png,120,100,0.621,0
orange_pos_002029_20260510_222636_335.png,140,100,0.621,0
orange_pos_002030_20260510_222636_695.png,0,0,7.896,0
orange_pos_002030_20260510_222636_695.png,20,0,0.621,0
orange_pos_002030_20260510_222636_695.png,40,0,1.800,0
orange_pos_002030_20260510_222636_695.png,60,0,2.955,0
orange_pos_002030_20260510_222636_695.png,80,0,1.196,0
orange_pos_002030_20260510_222636_695.png,100,0,0.621,0
orange_pos_002030_20260510_222636_695.png,120,0,0.621,0
orange_pos_002030_20260510_222636_695.png,140,0,0.621,0
orange_pos_002030_20260510_222636_695.png,0,20,8.566,0
orange_pos_002030_20260510_222636_695.png,20,20,0.621,0
orange_pos_002030_20260510_222636_695.png,40,20,0.875,0
orange_pos_002030_20260510_222636_695.png,60,20,8.421,0
orange_pos_002030_20260510_222636_695.png,80,20,97.270,1
orange_pos_002030_20260510_222636_695.png,100,20,16.337,0
orange_pos_002030_20260510_222636_695.png,120,20,0.621,0
orange_pos_002030_20260510_222636_695.png,140,20,0.955,0
orange_pos_002030_20260510_222636_695.png,0,40,0.715,0
orange_pos_002030_20260510_222636_695.png,20,40,0.621,0
orange_pos_002030_20260510_222636_695.png,40,40,5.491,0
orange_pos_002030_20260510_222636_695.png,60,40,25.594,0
orange_pos_002030_20260510_222636_695.png,80,40,204.653,1
orange_pos_002030_20260510_222636_695.png,100,40,46.691,0
orange_pos_002030_20260510_222636_695.png,120,40,0.621,0
orange_pos_002030_20260510_222636_695.png,140,40,1.231,0
orange_pos_002030_20260510_222636_695.png,0,60,0.627,0
orange_pos_002030_20260510_222636_695.png,20,60,0.621,0
orange_pos_002030_20260510_222636_695.png,40,60,4.019,0
orange_pos_002030_20260510_222636_695.png,60,60,2.893,0
orange_pos_002030_20260510_222636_695.png,80,60,0.621,0
orange_pos_002030_20260510_222636_695.png,100,60,0.621,0
orange_pos_002030_20260510_222636_695.png,120,60,0.621,0
orange_pos_002030_20260510_222636_695.png,140,60,0.624,0
orange_pos_002030_20260510_222636_695.png,0,80,0.654,0
orange_pos_002030_20260510_222636_695.png,20,80,0.621,0
orange_pos_002030_20260510_222636_695.png,40,80,5.612,0
orange_pos_002030_20260510_222636_695.png,60,80,3.789,0
orange_pos_002030_20260510_222636_695.png,80,80,0.621,0
orange_pos_002030_20260510_222636_695.png,100,80,0.841,0
orange_pos_002030_20260510_222636_695.png,120,80,1.164,0
orange_pos_002030_20260510_222636_695.png,140,80,1.533,0
orange_pos_002030_20260510_222636_695.png,0,100,0.621,0
orange_pos_002030_20260510_222636_695.png,20,100,0.736,0
orange_pos_002030_20260510_222636_695.png,40,100,1.295,0
orange_pos_002030_20260510_222636_695.png,60,100,1.325,0
orange_pos_002030_20260510_222636_695.png,80,100,0.621,0
orange_pos_002030_20260510_222636_695.png,100,100,0.621,0
orange_pos_002030_20260510_222636_695.png,120,100,0.621,0
orange_pos_002030_20260510_222636_695.png,140,100,0.621,0
orange_pos_002031_20260510_222638_190.png,0,0,39.084,0
orange_pos_002031_20260510_222638_190.png,20,0,2.811,0
orange_pos_002031_20260510_222638_190.png,40,0,27.769,0
orange_pos_002031_20260510_222638_190.png,60,0,52.705,0
orange_pos_002031_20260510_222638_190.png,80,0,190.710,1
orange_pos_002031_20260510_222638_190.png,100,0,107.769,1
orange_pos_002031_20260510_222638_190.png,120,0,38.188,0
orange_pos_002031_20260510_222638_190.png,140,0,40.352,0
orange_pos_002031_20260510_222638_190.png,0,20,23.241,0
orange_pos_002031_20260510_222638_190.png,20,20,1.804,0
orange_pos_002031_20260510_222638_190.png,40,20,6.065,0
orange_pos_002031_20260510_222638_190.png,60,20,40.951,0
orange_pos_002031_20260510_222638_190.png,80,20,73.512,1
orange_pos_002031_20260510_222638_190.png,100,20,32.529,0
orange_pos_002031_20260510_222638_190.png,120,20,16.931,0
orange_pos_002031_20260510_222638_190.png,140,20,39.432,0
orange_pos_002031_20260510_222638_190.png,0,40,1.412,0
orange_pos_002031_20260510_222638_190.png,20,40,0.901,0
orange_pos_002031_20260510_222638_190.png,40,40,24.651,0
orange_pos_002031_20260510_222638_190.png,60,40,23.486,0
orange_pos_002031_20260510_222638_190.png,80,40,0.785,0
orange_pos_002031_20260510_222638_190.png,100,40,0.621,0
orange_pos_002031_20260510_222638_190.png,120,40,0.621,0
orange_pos_002031_20260510_222638_190.png,140,40,14.884,0
orange_pos_002031_20260510_222638_190.png,0,60,1.604,0
orange_pos_002031_20260510_222638_190.png,20,60,1.389,0
orange_pos_002031_20260510_222638_190.png,40,60,36.149,0
orange_pos_002031_20260510_222638_190.png,60,60,31.269,0
orange_pos_002031_20260510_222638_190.png,80,60,2.383,0
orange_pos_002031_20260510_222638_190.png,100,60,2.236,0
orange_pos_002031_20260510_222638_190.png,120,60,5.995,0
orange_pos_002031_20260510_222638_190.png,140,60,25.630,0
orange_pos_002031_20260510_222638_190.png,0,80,3.656,0
orange_pos_002031_20260510_222638_190.png,20,80,2.671,0
orange_pos_002031_20260510_222638_190.png,40,80,46.385,0
orange_pos_002031_20260510_222638_190.png,60,80,32.026,0
orange_pos_002031_20260510_222638_190.png,80,80,6.725,0
orange_pos_002031_20260510_222638_190.png,100,80,12.905,0
orange_pos_002031_20260510_222638_190.png,120,80,22.414,0
orange_pos_002031_20260510_222638_190.png,140,80,36.369,0
orange_pos_002031_20260510_222638_190.png,0,100,1.283,0
orange_pos_002031_20260510_222638_190.png,20,100,4.865,0
orange_pos_002031_20260510_222638_190.png,40,100,34.771,0
orange_pos_002031_20260510_222638_190.png,60,100,21.279,0
orange_pos_002031_20260510_222638_190.png,80,100,8.783,0
orange_pos_002031_20260510_222638_190.png,100,100,12.219,0
orange_pos_002031_20260510_222638_190.png,120,100,14.360,0
orange_pos_002031_20260510_222638_190.png,140,100,22.751,0
orange_pos_002033_20260510_222640_889.png,0,0,50.050,0
orange_pos_002033_20260510_222640_889.png,20,0,4.588,0
orange_pos_002033_20260510_222640_889.png,40,0,30.404,0
orange_pos_002033_20260510_222640_889.png,60,0,50.102,0
orange_pos_002033_20260510_222640_889.png,80,0,35.727,0
orange_pos_002033_20260510_222640_889.png,100,0,22.379,0
orange_pos_002033_20260510_222640_889.png,120,0,24.492,0
orange_pos_002033_20260510_222640_889.png,140,0,32.905,0
orange_pos_002033_20260510_222640_889.png,0,20,31.426,0
orange_pos_002033_20260510_222640_889.png,20,20,4.713,0
orange_pos_002033_20260510_222640_889.png,40,20,7.606,0
orange_pos_002033_20260510_222640_889.png,60,20,44.014,0
orange_pos_002033_20260510_222640_889.png,80,20,10.461,0
orange_pos_002033_20260510_222640_889.png,100,20,0.780,0
orange_pos_002033_20260510_222640_889.png,120,20,23.819,0
orange_pos_002033_20260510_222640_889.png,140,20,66.317,1
orange_pos_002033_20260510_222640_889.png,0,40,1.891,0
orange_pos_002033_20260510_222640_889.png,20,40,4.806,0
orange_pos_002033_20260510_222640_889.png,40,40,34.641,0
orange_pos_002033_20260510_222640_889.png,60,40,32.247,0
orange_pos_002033_20260510_222640_889.png,80,40,0.840,0
orange_pos_002033_20260510_222640_889.png,100,40,0.621,0
orange_pos_002033_20260510_222640_889.png,120,40,48.339,0
orange_pos_002033_20260510_222640_889.png,140,40,67.852,1
orange_pos_002033_20260510_222640_889.png,0,60,2.925,0
orange_pos_002033_20260510_222640_889.png,20,60,3.830,0
orange_pos_002033_20260510_222640_889.png,40,60,53.294,0
orange_pos_002033_20260510_222640_889.png,60,60,41.972,0
orange_pos_002033_20260510_222640_889.png,80,60,7.573,0
orange_pos_002033_20260510_222640_889.png,100,60,4.377,0
orange_pos_002033_20260510_222640_889.png,120,60,18.379,0
orange_pos_002033_20260510_222640_889.png,140,60,46.385,0
orange_pos_002033_20260510_222640_889.png,0,80,4.104,0
orange_pos_002033_20260510_222640_889.png,20,80,2.151,0
orange_pos_002033_20260510_222640_889.png,40,80,45.150,0
orange_pos_002033_20260510_222640_889.png,60,80,32.069,0
orange_pos_002033_20260510_222640_889.png,80,80,11.161,0
orange_pos_002033_20260510_222640_889.png,100,80,15.654,0
orange_pos_002033_20260510_222640_889.png,120,80,24.757,0
orange_pos_002033_20260510_222640_889.png,140,80,36.240,0
orange_pos_002033_20260510_222640_889.png,0,100,1.791,0
orange_pos_002033_20260510_222640_889.png,20,100,7.166,0
orange_pos_002033_20260510_222640_889.png,40,100,50.299,0
orange_pos_002033_20260510_222640_889.png,60,100,34.770,0
orange_pos_002033_20260510_222640_889.png,80,100,18.112,0
orange_pos_002033_20260510_222640_889.png,100,100,22.700,0
orange_pos_002033_20260510_222640_889.png,120,100,29.363,0
orange_pos_002033_20260510_222640_889.png,140,100,38.704,0
orange_pos_002034_20260510_222642_840.png,0,0,35.345,0
orange_pos_002034_20260510_222642_840.png,20,0,2.122,0
orange_pos_002034_20260510_222642_840.png,40,0,21.910,0
orange_pos_002034_20260510_222642_840.png,60,0,40.651,0
orange_pos_002034_20260510_222642_840.png,80,0,23.172,0
orange_pos_002034_20260510_222642_840.png,100,0,11.327,0
orange_pos_002034_20260510_222642_840.png,120,0,11.978,0
orange_pos_002034_20260510_222642_840.png,140,0,21.101,0
orange_pos_002034_20260510_222642_840.png,0,20,21.141,0
orange_pos_002034_20260510_222642_840.png,20,20,0.826,0
orange_pos_002034_20260510_222642_840.png,40,20,3.442,0
orange_pos_002034_20260510_222642_840.png,60,20,22.363,0
orange_pos_002034_20260510_222642_840.png,80,20,4.192,0
orange_pos_002034_20260510_222642_840.png,100,20,0.621,0
orange_pos_002034_20260510_222642_840.png,120,20,1.365,0
orange_pos_002034_20260510_222642_840.png,140,20,14.384,0
orange_pos_002034_20260510_222642_840.png,0,40,1.468,0
orange_pos_002034_20260510_222642_840.png,20,40,1.692,0
orange_pos_002034_20260510_222642_840.png,40,40,20.436,0
orange_pos_002034_20260510_222642_840.png,60,40,19.347,0
orange_pos_002034_20260510_222642_840.png,80,40,0.678,0
orange_pos_002034_20260510_222642_840.png,100,40,0.621,0
orange_pos_002034_20260510_222642_840.png,120,40,1.640,0
orange_pos_002034_20260510_222642_840.png,140,40,14.116,0
orange_pos_002034_20260510_222642_840.png,0,60,1.526,0
orange_pos_002034_20260510_222642_840.png,20,60,0.621,0
orange_pos_002034_20260510_222642_840.png,40,60,23.824,0
orange_pos_002034_20260510_222642_840.png,60,60,19.524,0
orange_pos_002034_20260510_222642_840.png,80,60,2.319,0
orange_pos_002034_20260510_222642_840.png,100,60,78.100,1
orange_pos_002034_20260510_222642_840.png,120,60,20.100,0
orange_pos_002034_20260510_222642_840.png,140,60,10.426,0
orange_pos_002034_20260510_222642_840.png,0,80,1.730,0
orange_pos_002034_20260510_222642_840.png,20,80,1.615,0
orange_pos_002034_20260510_222642_840.png,40,80,29.015,0
orange_pos_002034_20260510_222642_840.png,60,80,18.910,0
orange_pos_002034_20260510_222642_840.png,80,80,9.782,0
orange_pos_002034_20260510_222642_840.png,100,80,164.494,1
orange_pos_002034_20260510_222642_840.png,120,80,55.088,0
orange_pos_002034_20260510_222642_840.png,140,80,14.365,0
orange_pos_002034_20260510_222642_840.png,0,100,0.729,0
orange_pos_002034_20260510_222642_840.png,20,100,2.068,0
orange_pos_002034_20260510_222642_840.png,40,100,8.708,0
orange_pos_002034_20260510_222642_840.png,60,100,4.432,0
orange_pos_002034_20260510_222642_840.png,80,100,1.110,0
orange_pos_002034_20260510_222642_840.png,100,100,1.540,0
orange_pos_002034_20260510_222642_840.png,120,100,2.345,0
orange_pos_002034_20260510_222642_840.png,140,100,3.099,0
orange_pos_002035_20260510_222643_217.png,0,0,35.345,0
orange_pos_002035_20260510_222643_217.png,20,0,2.122,0
orange_pos_002035_20260510_222643_217.png,40,0,21.910,0
orange_pos_002035_20260510_222643_217.png,60,0,40.651,0
orange_pos_002035_20260510_222643_217.png,80,0,23.172,0
orange_pos_002035_20260510_222643_217.png,100,0,11.327,0
orange_pos_002035_20260510_222643_217.png,120,0,11.978,0
orange_pos_002035_20260510_222643_217.png,140,0,21.101,0
orange_pos_002035_20260510_222643_217.png,0,20,21.141,0
orange_pos_002035_20260510_222643_217.png,20,20,0.826,0
orange_pos_002035_20260510_222643_217.png,40,20,3.442,0
orange_pos_002035_20260510_222643_217.png,60,20,22.363,0
orange_pos_002035_20260510_222643_217.png,80,20,4.192,0
orange_pos_002035_20260510_222643_217.png,100,20,0.621,0
orange_pos_002035_20260510_222643_217.png,120,20,1.365,0
orange_pos_002035_20260510_222643_217.png,140,20,14.384,0
orange_pos_002035_20260510_222643_217.png,0,40,1.468,0
orange_pos_002035_20260510_222643_217.png,20,40,1.692,0
orange_pos_002035_20260510_222643_217.png,40,40,20.436,0
orange_pos_002035_20260510_222643_217.png,60,40,19.347,0
orange_pos_002035_20260510_222643_217.png,80,40,0.678,0
orange_pos_002035_20260510_222643_217.png,100,40,0.621,0
orange_pos_002035_20260510_222643_217.png,120,40,1.640,0
orange_pos_002035_20260510_222643_217.png,140,40,14.116,0
orange_pos_002035_20260510_222643_217.png,0,60,1.526,0
orange_pos_002035_20260510_222643_217.png,20,60,0.621,0
orange_pos_002035_20260510_222643_217.png,40,60,23.824,0
orange_pos_002035_20260510_222643_217.png,60,60,19.524,0
orange_pos_002035_20260510_222643_217.png,80,60,2.319,0
orange_pos_002035_20260510_222643_217.png,100,60,78.100,1
orange_pos_002035_20260510_222643_217.png,120,60,20.100,0
orange_pos_002035_20260510_222643_217.png,140,60,10.426,0
orange_pos_002035_20260510_222643_217.png,0,80,1.730,0
orange_pos_002035_20260510_222643_217.png,20,80,1.615,0
orange_pos_002035_20260510_222643_217.png,40,80,29.015,0
orange_pos_002035_20260510_222643_217.png,60,80,18.910,0
orange_pos_002035_20260510_222643_217.png,80,80,9.782,0
orange_pos_002035_20260510_222643_217.png,100,80,164.494,1
orange_pos_002035_20260510_222643_217.png,120,80,55.088,0
orange_pos_002035_20260510_222643_217.png,140,80,14.365,0
orange_pos_002035_20260510_222643_217.png,0,100,0.729,0
orange_pos_002035_20260510_222643_217.png,20,100,2.068,0
orange_pos_002035_20260510_222643_217.png,40,100,8.708,0
orange_pos_002035_20260510_222643_217.png,60,100,4.432,0
orange_pos_002035_20260510_222643_217.png,80,100,1.110,0
orange_pos_002035_20260510_222643_217.png,100,100,1.540,0
orange_pos_002035_20260510_222643_217.png,120,100,2.345,0
orange_pos_002035_20260510_222643_217.png,140,100,3.099,0
orange_pos_002036_20260510_222645_071.png,0,0,26.464,0
orange_pos_002036_20260510_222645_071.png,20,0,2.936,0
orange_pos_002036_20260510_222645_071.png,40,0,13.702,0
orange_pos_002036_20260510_222645_071.png,60,0,23.227,0
orange_pos_002036_20260510_222645_071.png,80,0,11.402,0
orange_pos_002036_20260510_222645_071.png,100,0,4.949,0
orange_pos_002036_20260510_222645_071.png,120,0,4.890,0
orange_pos_002036_20260510_222645_071.png,140,0,9.690,0
orange_pos_002036_20260510_222645_071.png,0,20,17.885,0
orange_pos_002036_20260510_222645_071.png,20,20,0.848,0
orange_pos_002036_20260510_222645_071.png,40,20,2.028,0
orange_pos_002036_20260510_222645_071.png,60,20,14.335,0
orange_pos_002036_20260510_222645_071.png,80,20,2.531,0
orange_pos_002036_20260510_222645_071.png,100,20,0.621,0
orange_pos_002036_20260510_222645_071.png,120,20,0.751,0
orange_pos_002036_20260510_222645_071.png,140,20,4.617,0
orange_pos_002036_20260510_222645_071.png,0,40,0.783,0
orange_pos_002036_20260510_222645_071.png,20,40,0.621,0
orange_pos_002036_20260510_222645_071.png,40,40,14.738,0
orange_pos_002036_20260510_222645_071.png,60,40,13.183,0
orange_pos_002036_20260510_222645_071.png,80,40,0.621,0
orange_pos_002036_20260510_222645_071.png,100,40,0.621,0
orange_pos_002036_20260510_222645_071.png,120,40,0.621,0
orange_pos_002036_20260510_222645_071.png,140,40,4.246,0
orange_pos_002036_20260510_222645_071.png,0,60,1.148,0
orange_pos_002036_20260510_222645_071.png,20,60,0.640,0
orange_pos_002036_20260510_222645_071.png,40,60,16.895,0
orange_pos_002036_20260510_222645_071.png,60,60,10.679,0
orange_pos_002036_20260510_222645_071.png,80,60,0.658,0
orange_pos_002036_20260510_222645_071.png,100,60,0.665,0
orange_pos_002036_20260510_222645_071.png,120,60,0.621,0
orange_pos_002036_20260510_222645_071.png,140,60,4.357,0
orange_pos_002036_20260510_222645_071.png,0,80,1.187,0
orange_pos_002036_20260510_222645_071.png,20,80,0.650,0
orange_pos_002036_20260510_222645_071.png,40,80,22.550,0
orange_pos_002036_20260510_222645_071.png,60,80,37.028,0
orange_pos_002036_20260510_222645_071.png,80,80,180.163,1
orange_pos_002036_20260510_222645_071.png,100,80,38.245,0
orange_pos_002036_20260510_222645_071.png,120,80,0.862,0
orange_pos_002036_20260510_222645_071.png,140,80,13.333,0
orange_pos_002036_20260510_222645_071.png,0,100,1.066,0
orange_pos_002036_20260510_222645_071.png,20,100,2.867,0
orange_pos_002036_20260510_222645_071.png,40,100,20.467,0
orange_pos_002036_20260510_222645_071.png,60,100,34.358,0
orange_pos_002036_20260510_222645_071.png,80,100,172.479,1
orange_pos_002036_20260510_222645_071.png,100,100,34.565,0
orange_pos_002036_20260510_222645_071.png,120,100,5.409,0
orange_pos_002036_20260510_222645_071.png,140,100,10.531,0
orange_pos_002037_20260510_222645_441.png,0,0,26.464,0
orange_pos_002037_20260510_222645_441.png,20,0,2.936,0
orange_pos_002037_20260510_222645_441.png,40,0,13.702,0
orange_pos_002037_20260510_222645_441.png,60,0,23.227,0
orange_pos_002037_20260510_222645_441.png,80,0,11.402,0
orange_pos_002037_20260510_222645_441.png,100,0,4.949,0
orange_pos_002037_20260510_222645_441.png,120,0,4.890,0
orange_pos_002037_20260510_222645_441.png,140,0,9.690,0
orange_pos_002037_20260510_222645_441.png,0,20,17.885,0
orange_pos_002037_20260510_222645_441.png,20,20,0.848,0
orange_pos_002037_20260510_222645_441.png,40,20,2.028,0
orange_pos_002037_20260510_222645_441.png,60,20,14.335,0
orange_pos_002037_20260510_222645_441.png,80,20,2.531,0
orange_pos_002037_20260510_222645_441.png,100,20,0.621,0
orange_pos_002037_20260510_222645_441.png,120,20,0.751,0
orange_pos_002037_20260510_222645_441.png,140,20,4.617,0
orange_pos_002037_20260510_222645_441.png,0,40,0.783,0
orange_pos_002037_20260510_222645_441.png,20,40,0.621,0
orange_pos_002037_20260510_222645_441.png,40,40,14.738,0
orange_pos_002037_20260510_222645_441.png,60,40,13.183,0
orange_pos_002037_20260510_222645_441.png,80,40,0.621,0
orange_pos_002037_20260510_222645_441.png,100,40,0.621,0
orange_pos_002037_20260510_222645_441.png,120,40,0.621,0
orange_pos_002037_20260510_222645_441.png,140,40,4.246,0
orange_pos_002037_20260510_222645_441.png,0,60,1.148,0
orange_pos_002037_20260510_222645_441.png,20,60,0.640,0
orange_pos_002037_20260510_222645_441.png,40,60,16.895,0
orange_pos_002037_20260510_222645_441.png,60,60,10.679,0
orange_pos_002037_20260510_222645_441.png,80,60,0.658,0
orange_pos_002037_20260510_222645_441.png,100,60,0.665,0
orange_pos_002037_20260510_222645_441.png,120,60,0.621,0
orange_pos_002037_20260510_222645_441.png,140,60,4.357,0
orange_pos_002037_20260510_222645_441.png,0,80,1.187,0
orange_pos_002037_20260510_222645_441.png,20,80,0.650,0
orange_pos_002037_20260510_222645_441.png,40,80,22.550,0
orange_pos_002037_20260510_222645_441.png,60,80,37.028,0
orange_pos_002037_20260510_222645_441.png,80,80,180.163,1
orange_pos_002037_20260510_222645_441.png,100,80,38.245,0
orange_pos_002037_20260510_222645_441.png,120,80,0.862,0
orange_pos_002037_20260510_222645_441.png,140,80,13.333,0
orange_pos_002037_20260510_222645_441.png,0,100,1.066,0
orange_pos_002037_20260510_222645_441.png,20,100,2.867,0
orange_pos_002037_20260510_222645_441.png,40,100,20.467,0
orange_pos_002037_20260510_222645_441.png,60,100,34.358,0
orange_pos_002037_20260510_222645_441.png,80,100,172.479,1
orange_pos_002037_20260510_222645_441.png,100,100,34.565,0
orange_pos_002037_20260510_222645_441.png,120,100,5.409,0
orange_pos_002037_20260510_222645_441.png,140,100,10.531,0
orange_pos_002038_20260510_222647_668.png,0,0,12.996,0
orange_pos_002038_20260510_222647_668.png,20,0,0.621,0
orange_pos_002038_20260510_222647_668.png,40,0,7.348,0
orange_pos_002038_20260510_222647_668.png,60,0,12.061,0
orange_pos_002038_20260510_222647_668.png,80,0,6.382,0
orange_pos_002038_20260510_222647_668.png,100,0,3.247,0
orange_pos_002038_20260510_222647_668.png,120,0,2.148,0
orange_pos_002038_20260510_222647_668.png,140,0,1.920,0
orange_pos_002038_20260510_222647_668.png,0,20,9.548,0
orange_pos_002038_20260510_222647_668.png,20,20,0.621,0
orange_pos_002038_20260510_222647_668.png,40,20,2.026,0
orange_pos_002038_20260510_222647_668.png,60,20,6.349,0
orange_pos_002038_20260510_222647_668.png,80,20,1.695,0
orange_pos_002038_20260510_222647_668.png,100,20,0.621,0
orange_pos_002038_20260510_222647_668.png,120,20,0.829,0
orange_pos_002038_20260510_222647_668.png,140,20,1.993,0
orange_pos_002038_20260510_222647_668.png,0,40,0.787,0
orange_pos_002038_20260510_222647_668.png,20,40,0.621,0
orange_pos_002038_20260510_222647_668.png,40,40,48.817,0
orange_pos_002038_20260510_222647_668.png,60,40,56.146,0
orange_pos_002038_20260510_222647_668.png,80,40,1.601,0
orange_pos_002038_20260510_222647_668.png,100,40,0.621,0
orange_pos_002038_20260510_222647_668.png,120,40,0.891,0
orange_pos_002038_20260510_222647_668.png,140,40,5.093,0
orange_pos_002038_20260510_222647_668.png,0,60,0.818,0
orange_pos_002038_20260510_222647_668.png,20,60,0.621,0
orange_pos_002038_20260510_222647_668.png,40,60,255.000,1
orange_pos_002038_20260510_222647_668.png,60,60,255.000,1
orange_pos_002038_20260510_222647_668.png,80,60,1.259,0
orange_pos_002038_20260510_222647_668.png,100,60,0.760,0
orange_pos_002038_20260510_222647_668.png,120,60,1.319,0
orange_pos_002038_20260510_222647_668.png,140,60,5.353,0
orange_pos_002038_20260510_222647_668.png,0,80,0.645,0
orange_pos_002038_20260510_222647_668.png,20,80,0.645,0
orange_pos_002038_20260510_222647_668.png,40,80,59.417,0
orange_pos_002038_20260510_222647_668.png,60,80,56.921,0
orange_pos_002038_20260510_222647_668.png,80,80,0.621,0
orange_pos_002038_20260510_222647_668.png,100,80,0.672,0
orange_pos_002038_20260510_222647_668.png,120,80,1.375,0
orange_pos_002038_20260510_222647_668.png,140,80,3.056,0
orange_pos_002038_20260510_222647_668.png,0,100,0.770,0
orange_pos_002038_20260510_222647_668.png,20,100,1.688,0
orange_pos_002038_20260510_222647_668.png,40,100,11.740,0
orange_pos_002038_20260510_222647_668.png,60,100,6.380,0
orange_pos_002038_20260510_222647_668.png,80,100,1.027,0
orange_pos_002038_20260510_222647_668.png,100,100,1.647,0
orange_pos_002038_20260510_222647_668.png,120,100,3.268,0
orange_pos_002038_20260510_222647_668.png,140,100,6.986,0
orange_pos_002039_20260510_222649_719.png,0,0,35.656,0
orange_pos_002039_20260510_222649_719.png,20,0,0.621,0
orange_pos_002039_20260510_222649_719.png,40,0,27.578,0
orange_pos_002039_20260510_222649_719.png,60,0,51.029,0
orange_pos_002039_20260510_222649_719.png,80,0,30.566,0
orange_pos_002039_20260510_222649_719.png,100,0,18.629,0
orange_pos_002039_20260510_222649_719.png,120,0,21.947,0
orange_pos_002039_20260510_222649_719.png,140,0,6.530,0
orange_pos_002039_20260510_222649_719.png,0,20,18.228,0
orange_pos_002039_20260510_222649_719.png,20,20,0.632,0
orange_pos_002039_20260510_222649_719.png,40,20,4.361,0
orange_pos_002039_20260510_222649_719.png,60,20,181.951,1
orange_pos_002039_20260510_222649_719.png,80,20,183.000,1
orange_pos_002039_20260510_222649_719.png,100,20,9.852,0
orange_pos_002039_20260510_222649_719.png,120,20,18.178,0
orange_pos_002039_20260510_222649_719.png,140,20,28.491,0
orange_pos_002039_20260510_222649_719.png,0,40,1.862,0
orange_pos_002039_20260510_222649_719.png,20,40,1.272,0
orange_pos_002039_20260510_222649_719.png,40,40,31.588,0
orange_pos_002039_20260510_222649_719.png,60,40,125.197,1
orange_pos_002039_20260510_222649_719.png,80,40,110.680,1
orange_pos_002039_20260510_222649_719.png,100,40,12.305,0
orange_pos_002039_20260510_222649_719.png,120,40,10.086,0
orange_pos_002039_20260510_222649_719.png,140,40,25.856,0
orange_pos_002039_20260510_222649_719.png,0,60,1.502,0
orange_pos_002039_20260510_222649_719.png,20,60,0.681,0
orange_pos_002039_20260510_222649_719.png,40,60,34.821,0
orange_pos_002039_20260510_222649_719.png,60,60,28.423,0
orange_pos_002039_20260510_222649_719.png,80,60,2.772,0
orange_pos_002039_20260510_222649_719.png,100,60,0.678,0
orange_pos_002039_20260510_222649_719.png,120,60,4.106,0
orange_pos_002039_20260510_222649_719.png,140,60,20.655,0
orange_pos_002039_20260510_222649_719.png,0,80,2.641,0
orange_pos_002039_20260510_222649_719.png,20,80,0.880,0
orange_pos_002039_20260510_222649_719.png,40,80,41.009,0
orange_pos_002039_20260510_222649_719.png,60,80,28.885,0
orange_pos_002039_20260510_222649_719.png,80,80,4.353,0
orange_pos_002039_20260510_222649_719.png,100,80,10.589,0
orange_pos_002039_20260510_222649_719.png,120,80,18.223,0
orange_pos_002039_20260510_222649_719.png,140,80,31.659,0
orange_pos_002039_20260510_222649_719.png,0,100,1.603,0
orange_pos_002039_20260510_222649_719.png,20,100,6.428,0
orange_pos_002039_20260510_222649_719.png,40,100,44.182,0
orange_pos_002039_20260510_222649_719.png,60,100,28.012,0
orange_pos_002039_20260510_222649_719.png,80,100,11.763,0
orange_pos_002039_20260510_222649_719.png,100,100,16.112,0
orange_pos_002039_20260510_222649_719.png,120,100,23.523,0
orange_pos_002039_20260510_222649_719.png,140,100,29.944,0
orange_pos_002040_20260510_222650_094.png,0,0,35.656,0
orange_pos_002040_20260510_222650_094.png,20,0,0.621,0
orange_pos_002040_20260510_222650_094.png,40,0,27.578,0
orange_pos_002040_20260510_222650_094.png,60,0,51.029,0
orange_pos_002040_20260510_222650_094.png,80,0,30.566,0
orange_pos_002040_20260510_222650_094.png,100,0,18.629,0
orange_pos_002040_20260510_222650_094.png,120,0,21.947,0
orange_pos_002040_20260510_222650_094.png,140,0,6.530,0
orange_pos_002040_20260510_222650_094.png,0,20,18.228,0
orange_pos_002040_20260510_222650_094.png,20,20,0.632,0
orange_pos_002040_20260510_222650_094.png,40,20,4.361,0
orange_pos_002040_20260510_222650_094.png,60,20,181.951,1
orange_pos_002040_20260510_222650_094.png,80,20,183.000,1
orange_pos_002040_20260510_222650_094.png,100,20,9.852,0
orange_pos_002040_20260510_222650_094.png,120,20,18.178,0
orange_pos_002040_20260510_222650_094.png,140,20,28.491,0
orange_pos_002040_20260510_222650_094.png,0,40,1.862,0
orange_pos_002040_20260510_222650_094.png,20,40,1.272,0
orange_pos_002040_20260510_222650_094.png,40,40,31.588,0
orange_pos_002040_20260510_222650_094.png,60,40,125.197,1
orange_pos_002040_20260510_222650_094.png,80,40,110.680,1
orange_pos_002040_20260510_222650_094.png,100,40,12.305,0
orange_pos_002040_20260510_222650_094.png,120,40,10.086,0
orange_pos_002040_20260510_222650_094.png,140,40,25.856,0
orange_pos_002040_20260510_222650_094.png,0,60,1.502,0
orange_pos_002040_20260510_222650_094.png,20,60,0.681,0
orange_pos_002040_20260510_222650_094.png,40,60,34.821,0
orange_pos_002040_20260510_222650_094.png,60,60,28.423,0
orange_pos_002040_20260510_222650_094.png,80,60,2.772,0
orange_pos_002040_20260510_222650_094.png,100,60,0.678,0
orange_pos_002040_20260510_222650_094.png,120,60,4.106,0
orange_pos_002040_20260510_222650_094.png,140,60,20.655,0
orange_pos_002040_20260510_222650_094.png,0,80,2.641,0
orange_pos_002040_20260510_222650_094.png,20,80,0.880,0
orange_pos_002040_20260510_222650_094.png,40,80,41.009,0
orange_pos_002040_20260510_222650_094.png,60,80,28.885,0
orange_pos_002040_20260510_222650_094.png,80,80,4.353,0
orange_pos_002040_20260510_222650_094.png,100,80,10.589,0
orange_pos_002040_20260510_222650_094.png,120,80,18.223,0
orange_pos_002040_20260510_222650_094.png,140,80,31.659,0
orange_pos_002040_20260510_222650_094.png,0,100,1.603,0
orange_pos_002040_20260510_222650_094.png,20,100,6.428,0
orange_pos_002040_20260510_222650_094.png,40,100,44.182,0
orange_pos_002040_20260510_222650_094.png,60,100,28.012,0
orange_pos_002040_20260510_222650_094.png,80,100,11.763,0
orange_pos_002040_20260510_222650_094.png,100,100,16.112,0
orange_pos_002040_20260510_222650_094.png,120,100,23.523,0
orange_pos_002040_20260510_222650_094.png,140,100,29.944,0
