image,x,y,score,hit
orange_pos_001721_20260510_221828_918.png,0,0,0.614,0
orange_pos_001721_20260510_221828_918.png,20,0,0.614,0
orange_pos_001721_20260510_221828_918.png,40,0,1.985,0
orange_pos_001721_20260510_221828_918.png,60,0,0.987,0
orange_pos_001721_20260510_221828_918.png,80,0,0.614,0
orange_pos_001721_20260510_221828_918.png,100,0,0.614,0
orange_pos_001721_20260510_221828_918.png,120,0,0.614,0
orange_pos_001721_20260510_221828_918.png,140,0,0.614,0
orange_pos_001721_20260510_221828_918.png,0,20,0.614,0
orange_pos_001721_20260510_221828_918.png,20,20,0.614,0
orange_pos_001721_20260510_221828_918.png,40,20,1.489,0
orange_pos_001721_20260510_221828_918.png,60,20,0.619,0
orange_pos_001721_20260510_221828_918.png,80,20,0.614,0
orange_pos_001721_20260510_221828_918.png,100,20,0.614,0
orange_pos_001721_20260510_221828_918.png,120,20,0.614,0
orange_pos_001721_20260510_221828_918.png,140,20,0.614,0
orange_pos_001721_20260510_221828_918.png,0,40,0.649,0
orange_pos_001721_20260510_221828_918.png,20,40,0.614,0
orange_pos_001721_20260510_221828_918.png,40,40,0.747,0
orange_pos_001721_20260510_221828_918.png,60,40,0.614,0
orange_pos_001721_20260510_221828_918.png,80,40,0.614,0
orange_pos_001721_20260510_221828_918.png,100,40,0.614,0
orange_pos_001721_20260510_221828_918.png,120,40,0.614,0
orange_pos_001721_20260510_221828_918.png,140,40,0.614,0
orange_pos_001721_20260510_221828_918.png,0,60,0.614,0
orange_pos_001721_20260510_221828_918.png,20,60,0.614,0
orange_pos_001721_20260510_221828_918.png,40,60,1.202,0
orange_pos_001721_20260510_221828_918.png,60,60,0.614,0
orange_pos_001721_20260510_221828_918.png,80,60,0.614,0
orange_pos_001721_20260510_221828_918.png,100,60,0.614,0
orange_pos_001721_20260510_221828_918.png,120,60,0.614,0
orange_pos_001721_20260510_221828_918.png,140,60,0.614,0
orange_pos_001721_20260510_221828_918.png,0,80,0.614,0
orange_pos_001721_20260510_221828_918.png,20,80,0.614,0
orange_pos_001721_20260510_221828_918.png,40,80,1.191,0
orange_pos_001721_20260510_221828_918.png,60,80,0.917,0
orange_pos_001721_20260510_221828_918.png,80,80,0.615,0
orange_pos_001721_20260510_221828_918.png,100,80,0.614,0
orange_pos_001721_20260510_221828_918.png,120,80,0.614,0
orange_pos_001721_20260510_221828_918.png,140,80,0.710,0
orange_pos_001721_20260510_221828_918.png,0,100,0.614,0
orange_pos_001721_20260510_221828_918.png,20,100,0.658,0
orange_pos_001721_20260510_221828_918.png,40,100,0.828,0
orange_pos_001721_20260510_221828_918.png,60,100,0.786,0
orange_pos_001721_20260510_221828_918.png,80,100,0.631,0
orange_pos_001721_20260510_221828_918.png,100,100,0.614,0
orange_pos_001721_20260510_221828_918.png,120,100,0.614,0
orange_pos_001721_20260510_221828_918.png,140,100,0.614,0
orange_pos_001722_20260510_221830_889.png,0,0,11.366,0
orange_pos_001722_20260510_221830_889.png,20,0,12.950,0
orange_pos_001722_20260510_221830_889.png,40,0,43.953,0
orange_pos_001722_20260510_221830_889.png,60,0,46.550,0
orange_pos_001722_20260510_221830_889.png,80,0,23.278,0
orange_pos_001722_20260510_221830_889.png,100,0,9.402,0
orange_pos_001722_20260510_221830_889.png,120,0,13.130,0
orange_pos_001722_20260510_221830_889.png,140,0,27.534,0
orange_pos_001722_20260510_221830_889.png,0,20,20.042,0
orange_pos_001722_20260510_221830_889.png,20,20,11.602,0
orange_pos_001722_20260510_221830_889.png,40,20,35.491,0
orange_pos_001722_20260510_221830_889.png,60,20,24.151,0
orange_pos_001722_20260510_221830_889.png,80,20,2.703,0
orange_pos_001722_20260510_221830_889.png,100,20,0.614,0
orange_pos_001722_20260510_221830_889.png,120,20,0.701,0
orange_pos_001722_20260510_221830_889.png,140,20,17.472,0
orange_pos_001722_20260510_221830_889.png,0,40,16.196,0
orange_pos_001722_20260510_221830_889.png,20,40,14.432,0
orange_pos_001722_20260510_221830_889.png,40,40,38.133,0
orange_pos_001722_20260510_221830_889.png,60,40,17.264,0
orange_pos_001722_20260510_221830_889.png,80,40,1.051,0
orange_pos_001722_20260510_221830_889.png,100,40,0.614,0
orange_pos_001722_20260510_221830_889.png,120,40,0.661,0
orange_pos_001722_20260510_221830_889.png,140,40,18.457,0
orange_pos_001722_20260510_221830_889.png,0,60,13.693,0
orange_pos_001722_20260510_221830_889.png,20,60,12.323,0
orange_pos_001722_20260510_221830_889.png,40,60,35.545,0
orange_pos_001722_20260510_221830_889.png,60,60,19.689,0
orange_pos_001722_20260510_221830_889.png,80,60,4.975,0
orange_pos_001722_20260510_221830_889.png,100,60,0.676,0
orange_pos_001722_20260510_221830_889.png,120,60,4.208,0
orange_pos_001722_20260510_221830_889.png,140,60,19.348,0
orange_pos_001722_20260510_221830_889.png,0,80,14.112,0
orange_pos_001722_20260510_221830_889.png,20,80,14.134,0
orange_pos_001722_20260510_221830_889.png,40,80,43.862,0
orange_pos_001722_20260510_221830_889.png,60,80,31.015,0
orange_pos_001722_20260510_221830_889.png,80,80,22.923,0
orange_pos_001722_20260510_221830_889.png,100,80,16.910,0
orange_pos_001722_20260510_221830_889.png,120,80,20.043,0
orange_pos_001722_20260510_221830_889.png,140,80,32.245,0
orange_pos_001722_20260510_221830_889.png,0,100,7.040,0
orange_pos_001722_20260510_221830_889.png,20,100,18.328,0
orange_pos_001722_20260510_221830_889.png,40,100,47.963,0
orange_pos_001722_20260510_221830_889.png,60,100,42.115,0
orange_pos_001722_20260510_221830_889.png,80,100,37.798,0
orange_pos_001722_20260510_221830_889.png,100,100,36.425,0
orange_pos_001722_20260510_221830_889.png,120,100,34.901,0
orange_pos_001722_20260510_221830_889.png,140,100,39.066,0
orange_pos_001723_20260510_221831_276.png,0,0,3.185,0
orange_pos_001723_20260510_221831_276.png,20,0,1.853,0
orange_pos_001723_20260510_221831_276.png,40,0,35.171,0
orange_pos_001723_20260510_221831_276.png,60,0,39.402,0
orange_pos_001723_20260510_221831_276.png,80,0,27.368,0
orange_pos_001723_20260510_221831_276.png,100,0,15.469,0
orange_pos_001723_20260510_221831_276.png,120,0,15.720,0
orange_pos_001723_20260510_221831_276.png,140,0,19.682,0
orange_pos_001723_20260510_221831_276.png,0,20,9.846,0
orange_pos_001723_20260510_221831_276.png,20,20,2.713,0
orange_pos_001723_20260510_221831_276.png,40,20,25.773,0
orange_pos_001723_20260510_221831_276.png,60,20,19.548,0
orange_pos_001723_20260510_221831_276.png,80,20,2.876,0
orange_pos_001723_20260510_221831_276.png,100,20,0.614,0
orange_pos_001723_20260510_221831_276.png,120,20,1.080,0
orange_pos_001723_20260510_221831_276.png,140,20,15.434,0
orange_pos_001723_20260510_221831_276.png,0,40,25.735,0
orange_pos_001723_20260510_221831_276.png,20,40,20.008,0
orange_pos_001723_20260510_221831_276.png,40,40,59.549,0
orange_pos_001723_20260510_221831_276.png,60,40,40.178,0
orange_pos_001723_20260510_221831_276.png,80,40,5.746,0
orange_pos_001723_20260510_221831_276.png,100,40,0.614,0
orange_pos_001723_20260510_221831_276.png,120,40,2.283,0
orange_pos_001723_20260510_221831_276.png,140,40,43.940,0
orange_pos_001723_20260510_221831_276.png,0,60,20.330,0
orange_pos_001723_20260510_221831_276.png,20,60,19.999,0
orange_pos_001723_20260510_221831_276.png,40,60,52.288,0
orange_pos_001723_20260510_221831_276.png,60,60,34.551,0
orange_pos_001723_20260510_221831_276.png,80,60,16.759,0
orange_pos_001723_20260510_221831_276.png,100,60,5.209,0
orange_pos_001723_20260510_221831_276.png,120,60,14.858,0
orange_pos_001723_20260510_221831_276.png,140,60,38.464,0
orange_pos_001723_20260510_221831_276.png,0,80,18.208,0
orange_pos_001723_20260510_221831_276.png,20,80,14.734,0
orange_pos_001723_20260510_221831_276.png,40,80,48.355,0
orange_pos_001723_20260510_221831_276.png,60,80,36.753,0
orange_pos_001723_20260510_221831_276.png,80,80,27.314,0
orange_pos_001723_20260510_221831_276.png,100,80,24.139,0
orange_pos_001723_20260510_221831_276.png,120,80,28.560,0
orange_pos_001723_20260510_221831_276.png,140,80,36.767,0
orange_pos_001723_20260510_221831_276.png,0,100,7.692,0
orange_pos_001723_20260510_221831_276.png,20,100,17.109,0
orange_pos_001723_20260510_221831_276.png,40,100,51.988,0
orange_pos_001723_20260510_221831_276.png,60,100,44.837,0
orange_pos_001723_20260510_221831_276.png,80,100,40.779,0
orange_pos_001723_20260510_221831_276.png,100,100,35.879,0
orange_pos_001723_20260510_221831_276.png,120,100,39.110,0
orange_pos_001723_20260510_221831_276.png,140,100,42.120,0
orange_pos_001724_20260510_221833_387.png,0,0,0.614,0
orange_pos_001724_20260510_221833_387.png,20,0,0.614,0
orange_pos_001724_20260510_221833_387.png,40,0,1.326,0
orange_pos_001724_20260510_221833_387.png,60,0,0.616,0
orange_pos_001724_20260510_221833_387.png,80,0,0.614,0
orange_pos_001724_20260510_221833_387.png,100,0,0.614,0
orange_pos_001724_20260510_221833_387.png,120,0,0.614,0
orange_pos_001724_20260510_221833_387.png,140,0,0.614,0
orange_pos_001724_20260510_221833_387.png,0,20,0.614,0
orange_pos_001724_20260510_221833_387.png,20,20,0.614,0
orange_pos_001724_20260510_221833_387.png,40,20,1.062,0
orange_pos_001724_20260510_221833_387.png,60,20,0.651,0
orange_pos_001724_20260510_221833_387.png,80,20,0.614,0
orange_pos_001724_20260510_221833_387.png,100,20,0.614,0
orange_pos_001724_20260510_221833_387.png,120,20,0.614,0
orange_pos_001724_20260510_221833_387.png,140,20,0.614,0
orange_pos_001724_20260510_221833_387.png,0,40,0.614,0
orange_pos_001724_20260510_221833_387.png,20,40,0.614,0
orange_pos_001724_20260510_221833_387.png,40,40,1.616,0
orange_pos_001724_20260510_221833_387.png,60,40,0.824,0
orange_pos_001724_20260510_221833_387.png,80,40,0.614,0
orange_pos_001724_20260510_221833_387.png,100,40,0.614,0
orange_pos_001724_20260510_221833_387.png,120,40,0.614,0
orange_pos_001724_20260510_221833_387.png,140,40,0.614,0
orange_pos_001724_20260510_221833_387.png,0,60,0.614,0
orange_pos_001724_20260510_221833_387.png,20,60,0.614,0
orange_pos_001724_20260510_221833_387.png,40,60,1.615,0
orange_pos_001724_20260510_221833_387.png,60,60,0.752,0
orange_pos_001724_20260510_221833_387.png,80,60,0.614,0
orange_pos_001724_20260510_221833_387.png,100,60,0.614,0
orange_pos_001724_20260510_221833_387.png,120,60,0.614,0
orange_pos_001724_20260510_221833_387.png,140,60,0.614,0
orange_pos_001724_20260510_221833_387.png,0,80,0.614,0
orange_pos_001724_20260510_221833_387.png,20,80,0.614,0
orange_pos_001724_20260510_221833_387.png,40,80,0.857,0
orange_pos_001724_20260510_221833_387.png,60,80,0.894,0
orange_pos_001724_20260510_221833_387.png,80,80,0.614,0
orange_pos_001724_20260510_221833_387.png,100,80,0.614,0
orange_pos_001724_20260510_221833_387.png,120,80,0.614,0
orange_pos_001724_20260510_221833_387.png,140,80,0.614,0
orange_pos_001724_20260510_221833_387.png,0,100,0.614,0
orange_pos_001724_20260510_221833_387.png,20,100,0.614,0
orange_pos_001724_20260510_221833_387.png,40,100,0.715,0
orange_pos_001724_20260510_221833_387.png,60,100,0.777,0
orange_pos_001724_20260510_221833_387.png,80,100,0.625,0
orange_pos_001724_20260510_221833_387.png,100,100,0.614,0
orange_pos_001724_20260510_221833_387.png,120,100,0.614,0
orange_pos_001724_20260510_221833_387.png,140,100,0.614,0
orange_pos_001725_20260510_221833_772.png,0,0,7.332,0
orange_pos_001725_20260510_221833_772.png,20,0,5.976,0
orange_pos_001725_20260510_221833_772.png,40,0,19.776,0
orange_pos_001725_20260510_221833_772.png,60,0,21.965,0
orange_pos_001725_20260510_221833_772.png,80,0,15.214,0
orange_pos_001725_20260510_221833_772.png,100,0,8.129,0
orange_pos_001725_20260510_221833_772.png,120,0,8.411,0
orange_pos_001725_20260510_221833_772.png,140,0,13.119,0
orange_pos_001725_20260510_221833_772.png,0,20,4.700,0
orange_pos_001725_20260510_221833_772.png,20,20,3.483,0
orange_pos_001725_20260510_221833_772.png,40,20,11.885,0
orange_pos_001725_20260510_221833_772.png,60,20,10.442,0
orange_pos_001725_20260510_221833_772.png,80,20,2.681,0
orange_pos_001725_20260510_221833_772.png,100,20,0.614,0
orange_pos_001725_20260510_221833_772.png,120,20,1.289,0
orange_pos_001725_20260510_221833_772.png,140,20,7.621,0
orange_pos_001725_20260510_221833_772.png,0,40,5.178,0
orange_pos_001725_20260510_221833_772.png,20,40,4.562,0
orange_pos_001725_20260510_221833_772.png,40,40,22.993,0
orange_pos_001725_20260510_221833_772.png,60,40,12.860,0
orange_pos_001725_20260510_221833_772.png,80,40,1.287,0
orange_pos_001725_20260510_221833_772.png,100,40,0.614,0
orange_pos_001725_20260510_221833_772.png,120,40,0.749,0
orange_pos_001725_20260510_221833_772.png,140,40,11.144,0
orange_pos_001725_20260510_221833_772.png,0,60,2.754,0
orange_pos_001725_20260510_221833_772.png,20,60,1.277,0
orange_pos_001725_20260510_221833_772.png,40,60,22.750,0
orange_pos_001725_20260510_221833_772.png,60,60,12.768,0
orange_pos_001725_20260510_221833_772.png,80,60,5.652,0
orange_pos_001725_20260510_221833_772.png,100,60,1.560,0
orange_pos_001725_20260510_221833_772.png,120,60,4.567,0
orange_pos_001725_20260510_221833_772.png,140,60,13.185,0
orange_pos_001725_20260510_221833_772.png,0,80,4.604,0
orange_pos_001725_20260510_221833_772.png,20,80,3.561,0
orange_pos_001725_20260510_221833_772.png,40,80,21.443,0
orange_pos_001725_20260510_221833_772.png,60,80,16.055,0
orange_pos_001725_20260510_221833_772.png,80,80,11.213,0
orange_pos_001725_20260510_221833_772.png,100,80,9.812,0
orange_pos_001725_20260510_221833_772.png,120,80,10.815,0
orange_pos_001725_20260510_221833_772.png,140,80,14.210,0
orange_pos_001725_20260510_221833_772.png,0,100,1.555,0
orange_pos_001725_20260510_221833_772.png,20,100,4.221,0
orange_pos_001725_20260510_221833_772.png,40,100,20.881,0
orange_pos_001725_20260510_221833_772.png,60,100,16.297,0
orange_pos_001725_20260510_221833_772.png,80,100,13.798,0
orange_pos_001725_20260510_221833_772.png,100,100,11.838,0
orange_pos_001725_20260510_221833_772.png,120,100,12.874,0
orange_pos_001725_20260510_221833_772.png,140,100,11.926,0
orange_pos_001726_20260510_221837_557.png,0,0,50.109,0
orange_pos_001726_20260510_221837_557.png,20,0,4.931,0
orange_pos_001726_20260510_221837_557.png,40,0,38.567,0
orange_pos_001726_20260510_221837_557.png,60,0,64.788,0
orange_pos_001726_20260510_221837_557.png,80,0,40.766,0
orange_pos_001726_20260510_221837_557.png,100,0,26.425,0
orange_pos_001726_20260510_221837_557.png,120,0,27.637,0
orange_pos_001726_20260510_221837_557.png,140,0,37.375,0
orange_pos_001726_20260510_221837_557.png,0,20,36.165,0
orange_pos_001726_20260510_221837_557.png,20,20,3.041,0
orange_pos_001726_20260510_221837_557.png,40,20,33.302,0
orange_pos_001726_20260510_221837_557.png,60,20,39.049,0
orange_pos_001726_20260510_221837_557.png,80,20,13.007,0
orange_pos_001726_20260510_221837_557.png,100,20,1.920,0
orange_pos_001726_20260510_221837_557.png,120,20,7.409,0
orange_pos_001726_20260510_221837_557.png,140,20,30.276,0
orange_pos_001726_20260510_221837_557.png,0,40,4.592,0
orange_pos_001726_20260510_221837_557.png,20,40,1.993,0
orange_pos_001726_20260510_221837_557.png,40,40,40.951,0
orange_pos_001726_20260510_221837_557.png,60,40,38.612,0
orange_pos_001726_20260510_221837_557.png,80,40,1.749,0
orange_pos_001726_20260510_221837_557.png,100,40,0.614,0
orange_pos_001726_20260510_221837_557.png,120,40,3.211,0
orange_pos_001726_20260510_221837_557.png,140,40,37.962,0
orange_pos_001726_20260510_221837_557.png,0,60,3.141,0
orange_pos_001726_20260510_221837_557.png,20,60,1.286,0
orange_pos_001726_20260510_221837_557.png,40,60,48.363,0
orange_pos_001726_20260510_221837_557.png,60,60,36.158,0
orange_pos_001726_20260510_221837_557.png,80,60,8.078,0
orange_pos_001726_20260510_221837_557.png,100,60,3.602,0
orange_pos_001726_20260510_221837_557.png,120,60,13.310,0
orange_pos_001726_20260510_221837_557.png,140,60,42.012,0
orange_pos_001726_20260510_221837_557.png,0,80,4.023,0
orange_pos_001726_20260510_221837_557.png,20,80,3.635,0
orange_pos_001726_20260510_221837_557.png,40,80,51.753,0
orange_pos_001726_20260510_221837_557.png,60,80,35.028,0
orange_pos_001726_20260510_221837_557.png,80,80,12.681,0
orange_pos_001726_20260510_221837_557.png,100,80,19.091,0
orange_pos_001726_20260510_221837_557.png,120,80,29.331,0
orange_pos_001726_20260510_221837_557.png,140,80,43.949,0
orange_pos_001726_20260510_221837_557.png,0,100,1.720,0
orange_pos_001726_20260510_221837_557.png,20,100,7.396,0
orange_pos_001726_20260510_221837_557.png,40,100,48.145,0
orange_pos_001726_20260510_221837_557.png,60,100,33.682,0
orange_pos_001726_20260510_221837_557.png,80,100,18.353,0
orange_pos_001726_20260510_221837_557.png,100,100,20.942,0
orange_pos_001726_20260510_221837_557.png,120,100,29.161,0
orange_pos_001726_20260510_221837_557.png,140,100,34.595,0
orange_pos_001727_20260510_221838_137.png,0,0,50.109,0
orange_pos_001727_20260510_221838_137.png,20,0,4.931,0
orange_pos_001727_20260510_221838_137.png,40,0,38.567,0
orange_pos_001727_20260510_221838_137.png,60,0,64.788,0
orange_pos_001727_20260510_221838_137.png,80,0,40.766,0
orange_pos_001727_20260510_221838_137.png,100,0,26.425,0
orange_pos_001727_20260510_221838_137.png,120,0,27.637,0
orange_pos_001727_20260510_221838_137.png,140,0,37.375,0
orange_pos_001727_20260510_221838_137.png,0,20,36.165,0
orange_pos_001727_20260510_221838_137.png,20,20,3.041,0
orange_pos_001727_20260510_221838_137.png,40,20,33.302,0
orange_pos_001727_20260510_221838_137.png,60,20,39.049,0
orange_pos_001727_20260510_221838_137.png,80,20,13.007,0
orange_pos_001727_20260510_221838_137.png,100,20,1.920,0
orange_pos_001727_20260510_221838_137.png,120,20,7.409,0
orange_pos_001727_20260510_221838_137.png,140,20,30.276,0
orange_pos_001727_20260510_221838_137.png,0,40,4.592,0
orange_pos_001727_20260510_221838_137.png,20,40,1.993,0
orange_pos_001727_20260510_221838_137.png,40,40,40.951,0
orange_pos_001727_20260510_221838_137.png,60,40,38.612,0
orange_pos_001727_20260510_221838_137.png,80,40,1.749,0
orange_pos_001727_20260510_221838_137.png,100,40,0.614,0
orange_pos_001727_20260510_221838_137.png,120,40,3.211,0
orange_pos_001727_20260510_221838_137.png,140,40,37.962,0
orange_pos_001727_20260510_221838_137.png,0,60,3.141,0
orange_pos_001727_20260510_221838_137.png,20,60,1.286,0
orange_pos_001727_20260510_221838_137.png,40,60,48.363,0
orange_pos_001727_20260510_221838_137.png,60,60,36.158,0
orange_pos_001727_20260510_221838_137.png,80,60,8.078,0
orange_pos_001727_20260510_221838_137.png,100,60,3.602,0
orange_pos_001727_20260510_221838_137.png,120,60,13.310,0
orange_pos_001727_20260510_221838_137.png,140,60,42.012,0
orange_pos_001727_20260510_221838_137.png,0,80,4.023,0
orange_pos_001727_20260510_221838_137.png,20,80,3.635,0
orange_pos_001727_20260510_221838_137.png,40,80,51.753,0
orange_pos_001727_20260510_221838_137.png,60,80,35.028,0
orange_pos_001727_20260510_221838_137.png,80,80,12.681,0
orange_pos_001727_20260510_221838_137.png,100,80,19.091,0
orange_pos_001727_20260510_221838_137.png,120,80,29.331,0
orange_pos_001727_20260510_221838_137.png,140,80,43.949,0
orange_pos_001727_20260510_221838_137.png,0,100,1.720,0
orange_pos_001727_20260510_221838_137.png,20,100,7.396,0
orange_pos_001727_20260510_221838_137.png,40,100,48.145,0
orange_pos_001727_20260510_221838_137.png,60,100,33.682,0
orange_pos_001727_20260510_221838_137.png,80,100,18.353,0
orange_pos_001727_20260510_221838_137.png,100,100,20.942,0
orange_pos_001727_20260510_221838_137.png,120,100,29.161,0
orange_pos_001727_20260510_221838_137.png,140,100,34.595,0
orange_pos_001728_20260510_221840_362.png,0,0,31.262,0
orange_pos_001728_20260510_221840_362.png,20,0,0.780,0
orange_pos_001728_20260510_221840_362.png,40,0,19.986,0
orange_pos_001728_20260510_221840_362.png,60,0,30.638,0
orange_pos_001728_20260510_221840_362.png,80,0,16.416,0
orange_pos_001728_20260510_221840_362.png,100,0,10.833,0
orange_pos_001728_20260510_221840_362.png,120,0,5.840,0
orange_pos_001728_20260510_221840_362.png,140,0,6.216,0
orange_pos_001728_20260510_221840_362.png,0,20,19.975,0
orange_pos_001728_20260510_221840_362.png,20,20,0.706,0
orange_pos_001728_20260510_221840_362.png,40,20,14.467,0
orange_pos_001728_20260510_221840_362.png,60,20,15.634,0
orange_pos_001728_20260510_221840_362.png,80,20,2.669,0
orange_pos_001728_20260510_221840_362.png,100,20,2.264,0
orange_pos_001728_20260510_221840_362.png,120,20,2.517,0
orange_pos_001728_20260510_221840_362.png,140,20,13.981,0
orange_pos_001728_20260510_221840_362.png,0,40,0.942,0
orange_pos_001728_20260510_221840_362.png,20,40,0.614,0
orange_pos_001728_20260510_221840_362.png,40,40,24.459,0
orange_pos_001728_20260510_221840_362.png,60,40,227.824,1
orange_pos_001728_20260510_221840_362.png,80,40,75.317,1
orange_pos_001728_20260510_221840_362.png,100,40,1.513,0
orange_pos_001728_20260510_221840_362.png,120,40,0.801,0
orange_pos_001728_20260510_221840_362.png,140,40,11.537,0
orange_pos_001728_20260510_221840_362.png,0,60,1.211,0
orange_pos_001728_20260510_221840_362.png,20,60,0.614,0
orange_pos_001728_20260510_221840_362.png,40,60,25.132,0
orange_pos_001728_20260510_221840_362.png,60,60,80.070,1
orange_pos_001728_20260510_221840_362.png,80,60,18.164,0
orange_pos_001728_20260510_221840_362.png,100,60,0.953,0
orange_pos_001728_20260510_221840_362.png,120,60,2.731,0
orange_pos_001728_20260510_221840_362.png,140,60,9.699,0
orange_pos_001728_20260510_221840_362.png,0,80,1.436,0
orange_pos_001728_20260510_221840_362.png,20,80,0.773,0
orange_pos_001728_20260510_221840_362.png,40,80,25.639,0
orange_pos_001728_20260510_221840_362.png,60,80,15.770,0
orange_pos_001728_20260510_221840_362.png,80,80,0.882,0
orange_pos_001728_20260510_221840_362.png,100,80,3.594,0
orange_pos_001728_20260510_221840_362.png,120,80,8.300,0
orange_pos_001728_20260510_221840_362.png,140,80,14.128,0
orange_pos_001728_20260510_221840_362.png,0,100,1.051,0
orange_pos_001728_20260510_221840_362.png,20,100,4.057,0
orange_pos_001728_20260510_221840_362.png,40,100,23.125,0
orange_pos_001728_20260510_221840_362.png,60,100,14.614,0
orange_pos_001728_20260510_221840_362.png,80,100,7.375,0
orange_pos_001728_20260510_221840_362.png,100,100,8.908,0
orange_pos_001728_20260510_221840_362.png,120,100,14.160,0
orange_pos_001728_20260510_221840_362.png,140,100,17.612,0
orange_pos_001729_20260510_221842_258.png,0,0,37.009,0
orange_pos_001729_20260510_221842_258.png,20,0,0.614,0
orange_pos_001729_20260510_221842_258.png,40,0,16.011,0
orange_pos_001729_20260510_221842_258.png,60,0,21.131,0
orange_pos_001729_20260510_221842_258.png,80,0,12.587,0
orange_pos_001729_20260510_221842_258.png,100,0,8.881,0
orange_pos_001729_20260510_221842_258.png,120,0,3.482,0
orange_pos_001729_20260510_221842_258.png,140,0,2.891,0
orange_pos_001729_20260510_221842_258.png,0,20,26.904,0
orange_pos_001729_20260510_221842_258.png,20,20,0.721,0
orange_pos_001729_20260510_221842_258.png,40,20,15.205,0
orange_pos_001729_20260510_221842_258.png,60,20,19.806,0
orange_pos_001729_20260510_221842_258.png,80,20,3.136,0
orange_pos_001729_20260510_221842_258.png,100,20,2.287,0
orange_pos_001729_20260510_221842_258.png,120,20,3.351,0
orange_pos_001729_20260510_221842_258.png,140,20,19.424,0
orange_pos_001729_20260510_221842_258.png,0,40,0.993,0
orange_pos_001729_20260510_221842_258.png,20,40,0.670,0
orange_pos_001729_20260510_221842_258.png,40,40,18.160,0
orange_pos_001729_20260510_221842_258.png,60,40,198.648,1
orange_pos_001729_20260510_221842_258.png,80,40,86.260,1
orange_pos_001729_20260510_221842_258.png,100,40,4.029,0
orange_pos_001729_20260510_221842_258.png,120,40,4.105,0
orange_pos_001729_20260510_221842_258.png,140,40,13.768,0
orange_pos_001729_20260510_221842_258.png,0,60,1.343,0
orange_pos_001729_20260510_221842_258.png,20,60,0.614,0
orange_pos_001729_20260510_221842_258.png,40,60,31.749,0
orange_pos_001729_20260510_221842_258.png,60,60,85.576,1
orange_pos_001729_20260510_221842_258.png,80,60,29.453,0
orange_pos_001729_20260510_221842_258.png,100,60,6.408,0
orange_pos_001729_20260510_221842_258.png,120,60,14.197,0
orange_pos_001729_20260510_221842_258.png,140,60,22.628,0
orange_pos_001729_20260510_221842_258.png,0,80,1.849,0
orange_pos_001729_20260510_221842_258.png,20,80,1.452,0
orange_pos_001729_20260510_221842_258.png,40,80,30.781,0
orange_pos_001729_20260510_221842_258.png,60,80,21.473,0
orange_pos_001729_20260510_221842_258.png,80,80,5.803,0
orange_pos_001729_20260510_221842_258.png,100,80,10.972,0
orange_pos_001729_20260510_221842_258.png,120,80,16.517,0
orange_pos_001729_20260510_221842_258.png,140,80,20.871,0
orange_pos_001729_20260510_221842_258.png,0,100,0.705,0
orange_pos_001729_20260510_221842_258.png,20,100,1.840,0
orange_pos_001729_20260510_221842_258.png,40,100,14.196,0
orange_pos_001729_20260510_221842_258.png,60,100,8.582,0
orange_pos_001729_20260510_221842_258.png,80,100,2.007,0
orange_pos_001729_20260510_221842_258.png,100,100,2.978,0
orange_pos_001729_20260510_221842_258.png,120,100,4.631,0
orange_pos_001729_20260510_221842_258.png,140,100,5.616,0
orange_pos_001730_20260510_221842_638.png,0,0,41.092,0
orange_pos_001730_20260510_221842_638.png,20,0,0.725,0
orange_pos_001730_20260510_221842_638.png,40,0,26.503,0
orange_pos_001730_20260510_221842_638.png,60,0,42.881,0
orange_pos_001730_20260510_221842_638.png,80,0,21.655,0
orange_pos_001730_20260510_221842_638.png,100,0,16.262,0
orange_pos_001730_20260510_221842_638.png,120,0,7.078,0
orange_pos_001730_20260510_221842_638.png,140,0,1.638,0
orange_pos_001730_20260510_221842_638.png,0,20,37.542,0
orange_pos_001730_20260510_221842_638.png,20,20,1.011,0
orange_pos_001730_20260510_221842_638.png,40,20,23.742,0
orange_pos_001730_20260510_221842_638.png,60,20,32.625,0
orange_pos_001730_20260510_221842_638.png,80,20,6.497,0
orange_pos_001730_20260510_221842_638.png,100,20,4.633,0
orange_pos_001730_20260510_221842_638.png,120,20,16.484,0
orange_pos_001730_20260510_221842_638.png,140,20,24.577,0
orange_pos_001730_20260510_221842_638.png,0,40,1.426,0
orange_pos_001730_20260510_221842_638.png,20,40,0.618,0
orange_pos_001730_20260510_221842_638.png,40,40,34.262,0
orange_pos_001730_20260510_221842_638.png,60,40,213.147,1
orange_pos_001730_20260510_221842_638.png,80,40,125.218,1
orange_pos_001730_20260510_221842_638.png,100,40,7.272,0
orange_pos_001730_20260510_221842_638.png,120,40,3.810,0
orange_pos_001730_20260510_221842_638.png,140,40,23.980,0
orange_pos_001730_20260510_221842_638.png,0,60,1.810,0
orange_pos_001730_20260510_221842_638.png,20,60,0.614,0
orange_pos_001730_20260510_221842_638.png,40,60,40.871,0
orange_pos_001730_20260510_221842_638.png,60,60,71.781,1
orange_pos_001730_20260510_221842_638.png,80,60,27.876,0
orange_pos_001730_20260510_221842_638.png,100,60,4.392,0
orange_pos_001730_20260510_221842_638.png,120,60,10.789,0
orange_pos_001730_20260510_221842_638.png,140,60,30.393,0
orange_pos_001730_20260510_221842_638.png,0,80,2.758,0
orange_pos_001730_20260510_221842_638.png,20,80,1.561,0
orange_pos_001730_20260510_221842_638.png,40,80,53.710,0
orange_pos_001730_20260510_221842_638.png,60,80,36.704,0
orange_pos_001730_20260510_221842_638.png,80,80,9.656,0
orange_pos_001730_20260510_221842_638.png,100,80,16.776,0
orange_pos_001730_20260510_221842_638.png,120,80,24.818,0
orange_pos_001730_20260510_221842_638.png,140,80,37.306,0
orange_pos_001730_20260510_221842_638.png,0,100,1.640,0
orange_pos_001730_20260510_221842_638.png,20,100,8.301,0
orange_pos_001730_20260510_221842_638.png,40,100,46.864,0
orange_pos_001730_20260510_221842_638.png,60,100,30.522,0
orange_pos_001730_20260510_221842_638.png,80,100,10.782,0
orange_pos_001730_20260510_221842_638.png,100,100,14.618,0
orange_pos_001730_20260510_221842_638.png,120,100,23.205,0
orange_pos_001730_20260510_221842_638.png,140,100,30.182,0
orange_pos_001731_20260510_221844_255.png,0,0,9.049,0
orange_pos_001731_20260510_221844_255.png,20,0,0.614,0
orange_pos_001731_20260510_221844_255.png,40,0,2.507,0
orange_pos_001731_20260510_221844_255.png,60,0,3.262,0
orange_pos_001731_20260510_221844_255.png,80,0,21.366,0
orange_pos_001731_20260510_221844_255.png,100,0,3.381,0
orange_pos_001731_20260510_221844_255.png,120,0,0.614,0
orange_pos_001731_20260510_221844_255.png,140,0,0.614,0
orange_pos_001731_20260510_221844_255.png,0,20,15.236,0
orange_pos_001731_20260510_221844_255.png,20,20,0.614,0
orange_pos_001731_20260510_221844_255.png,40,20,1.645,0
orange_pos_001731_20260510_221844_255.png,60,20,1.637,0
orange_pos_001731_20260510_221844_255.png,80,20,17.888,0
orange_pos_001731_20260510_221844_255.png,100,20,2.901,0
orange_pos_001731_20260510_221844_255.png,120,20,0.614,0
orange_pos_001731_20260510_221844_255.png,140,20,0.649,0
orange_pos_001731_20260510_221844_255.png,0,40,0.614,0
orange_pos_001731_20260510_221844_255.png,20,40,0.614,0
orange_pos_001731_20260510_221844_255.png,40,40,3.035,0
orange_pos_001731_20260510_221844_255.png,60,40,1.957,0
orange_pos_001731_20260510_221844_255.png,80,40,0.614,0
orange_pos_001731_20260510_221844_255.png,100,40,0.614,0
orange_pos_001731_20260510_221844_255.png,120,40,0.614,0
orange_pos_001731_20260510_221844_255.png,140,40,0.650,0
orange_pos_001731_20260510_221844_255.png,0,60,0.620,0
orange_pos_001731_20260510_221844_255.png,20,60,0.614,0
orange_pos_001731_20260510_221844_255.png,40,60,4.411,0
orange_pos_001731_20260510_221844_255.png,60,60,2.443,0
orange_pos_001731_20260510_221844_255.png,80,60,0.614,0
orange_pos_001731_20260510_221844_255.png,100,60,0.614,0
orange_pos_001731_20260510_221844_255.png,120,60,0.614,0
orange_pos_001731_20260510_221844_255.png,140,60,0.748,0
orange_pos_001731_20260510_221844_255.png,0,80,0.655,0
orange_pos_001731_20260510_221844_255.png,20,80,0.614,0
orange_pos_001731_20260510_221844_255.png,40,80,2.372,0
orange_pos_001731_20260510_221844_255.png,60,80,0.918,0
orange_pos_001731_20260510_221844_255.png,80,80,0.614,0
orange_pos_001731_20260510_221844_255.png,100,80,0.614,0
orange_pos_001731_20260510_221844_255.png,120,80,0.614,0
orange_pos_001731_20260510_221844_255.png,140,80,0.652,0
orange_pos_001731_20260510_221844_255.png,0,100,0.614,0
orange_pos_001731_20260510_221844_255.png,20,100,0.645,0
orange_pos_001731_20260510_221844_255.png,40,100,0.872,0
orange_pos_001731_20260510_221844_255.png,60,100,0.654,0
orange_pos_001731_20260510_221844_255.png,80,100,0.614,0
orange_pos_001731_20260510_221844_255.png,100,100,0.614,0
orange_pos_001731_20260510_221844_255.png,120,100,0.614,0
orange_pos_001731_20260510_221844_255.png,140,100,0.614,0
orange_pos_001732_20260510_221844_664.png,0,0,9.049,0
orange_pos_001732_20260510_221844_664.png,20,0,0.614,0
orange_pos_001732_20260510_221844_664.png,40,0,2.507,0
orange_pos_001732_20260510_221844_664.png,60,0,3.262,0
orange_pos_001732_20260510_221844_664.png,80,0,21.366,0
orange_pos_001732_20260510_221844_664.png,100,0,3.381,0
orange_pos_001732_20260510_221844_664.png,120,0,0.614,0
orange_pos_001732_20260510_221844_664.png,140,0,0.614,0
orange_pos_001732_20260510_221844_664.png,0,20,15.236,0
orange_pos_001732_20260510_221844_664.png,20,20,0.614,0
orange_pos_001732_20260510_221844_664.png,40,20,1.645,0
orange_pos_001732_20260510_221844_664.png,60,20,1.637,0
orange_pos_001732_20260510_221844_664.png,80,20,17.888,0
orange_pos_001732_20260510_221844_664.png,100,20,2.901,0
orange_pos_001732_20260510_221844_664.png,120,20,0.614,0
orange_pos_001732_20260510_221844_664.png,140,20,0.649,0
orange_pos_001732_20260510_221844_664.png,0,40,0.614,0
orange_pos_001732_20260510_221844_664.png,20,40,0.614,0
orange_pos_001732_20260510_221844_664.png,40,40,3.035,0
orange_pos_001732_20260510_221844_664.png,60,40,1.957,0
orange_pos_001732_20260510_221844_664.png,80,40,0.614,0
orange_pos_001732_20260510_221844_664.png,100,40,0.614,0
orange_pos_001732_20260510_221844_664.png,120,40,0.614,0
orange_pos_001732_20260510_221844_664.png,140,40,0.650,0
orange_pos_001732_20260510_221844_664.png,0,60,0.620,0
orange_pos_001732_20260510_221844_664.png,20,60,0.614,0
orange_pos_001732_20260510_221844_664.png,40,60,4.411,0
orange_pos_001732_20260510_221844_664.png,60,60,2.443,0
orange_pos_001732_20260510_221844_664.png,80,60,0.614,0
orange_pos_001732_20260510_221844_664.png,100,60,0.614,0
orange_pos_001732_20260510_221844_664.png,120,60,0.614,0
orange_pos_001732_20260510_221844_664.png,140,60,0.748,0
orange_pos_001732_20260510_221844_664.png,0,80,0.655,0
orange_pos_001732_20260510_221844_664.png,20,80,0.614,0
orange_pos_001732_20260510_221844_664.png,40,80,2.372,0
orange_pos_001732_20260510_221844_664.png,60,80,0.918,0
orange_pos_001732_20260510_221844_664.png,80,80,0.614,0
orange_pos_001732_20260510_221844_664.png,100,80,0.614,0
orange_pos_001732_20260510_221844_664.png,120,80,0.614,0
orange_pos_001732_20260510_221844_664.png,140,80,0.652,0
orange_pos_001732_20260510_221844_664.png,0,100,0.614,0
orange_pos_001732_20260510_221844_664.png,20,100,0.645,0
orange_pos_001732_20260510_221844_664.png,40,100,0.872,0
orange_pos_001732_20260510_221844_664.png,60,100,0.654,0
orange_pos_001732_20260510_221844_664.png,80,100,0.614,0
orange_pos_001732_20260510_221844_664.png,100,100,0.614,0
orange_pos_001732_20260510_221844_664.png,120,100,0.614,0
orange_pos_001732_20260510_221844_664.png,140,100,0.614,0
orange_pos_001733_20260510_221847_055.png,0,0,11.430,0
orange_pos_001733_20260510_221847_055.png,20,0,0.614,0
orange_pos_001733_20260510_221847_055.png,40,0,4.646,0
orange_pos_001733_20260510_221847_055.png,60,0,4.761,0
orange_pos_001733_20260510_221847_055.png,80,0,1.094,0
orange_pos_001733_20260510_221847_055.png,100,0,0.614,0
orange_pos_001733_20260510_221847_055.png,120,0,0.689,0
orange_pos_001733_20260510_221847_055.png,140,0,0.615,0
orange_pos_001733_20260510_221847_055.png,0,20,18.922,0
orange_pos_001733_20260510_221847_055.png,20,20,0.614,0
orange_pos_001733_20260510_221847_055.png,40,20,3.114,0
orange_pos_001733_20260510_221847_055.png,60,20,14.303,0
orange_pos_001733_20260510_221847_055.png,80,20,102.190,1
orange_pos_001733_20260510_221847_055.png,100,20,7.840,0
orange_pos_001733_20260510_221847_055.png,120,20,0.614,0
orange_pos_001733_20260510_221847_055.png,140,20,1.737,0
orange_pos_001733_20260510_221847_055.png,0,40,0.631,0
orange_pos_001733_20260510_221847_055.png,20,40,0.614,0
orange_pos_001733_20260510_221847_055.png,40,40,9.162,0
orange_pos_001733_20260510_221847_055.png,60,40,17.739,0
orange_pos_001733_20260510_221847_055.png,80,40,139.036,1
orange_pos_001733_20260510_221847_055.png,100,40,7.926,0
orange_pos_001733_20260510_221847_055.png,120,40,0.614,0
orange_pos_001733_20260510_221847_055.png,140,40,2.397,0
orange_pos_001733_20260510_221847_055.png,0,60,0.783,0
orange_pos_001733_20260510_221847_055.png,20,60,0.614,0
orange_pos_001733_20260510_221847_055.png,40,60,4.342,0
orange_pos_001733_20260510_221847_055.png,60,60,3.379,0
orange_pos_001733_20260510_221847_055.png,80,60,0.674,0
orange_pos_001733_20260510_221847_055.png,100,60,0.615,0
orange_pos_001733_20260510_221847_055.png,120,60,0.652,0
orange_pos_001733_20260510_221847_055.png,140,60,1.550,0
orange_pos_001733_20260510_221847_055.png,0,80,0.821,0
orange_pos_001733_20260510_221847_055.png,20,80,0.614,0
orange_pos_001733_20260510_221847_055.png,40,80,10.777,0
orange_pos_001733_20260510_221847_055.png,60,80,7.167,0
orange_pos_001733_20260510_221847_055.png,80,80,0.616,0
orange_pos_001733_20260510_221847_055.png,100,80,1.202,0
orange_pos_001733_20260510_221847_055.png,120,80,1.677,0
orange_pos_001733_20260510_221847_055.png,140,80,3.477,0
orange_pos_001733_20260510_221847_055.png,0,100,0.634,0
orange_pos_001733_20260510_221847_055.png,20,100,1.399,0
orange_pos_001733_20260510_221847_055.png,40,100,11.292,0
orange_pos_001733_20260510_221847_055.png,60,100,5.469,0
orange_pos_001733_20260510_221847_055.png,80,100,1.320,0
orange_pos_001733_20260510_221847_055.png,100,100,2.391,0
orange_pos_001733_20260510_221847_055.png,120,100,3.058,0
orange_pos_001733_20260510_221847_055.png,140,100,2.767,0
orange_pos_001734_20260510_221848_950.png,0,0,55.332,0
orange_pos_001734_20260510_221848_950.png,20,0,1.006,0
orange_pos_001734_20260510_221848_950.png,40,0,37.200,0
orange_pos_001734_20260510_221848_950.png,60,0,64.076,0
orange_pos_001734_20260510_221848_950.png,80,0,37.608,0
orange_pos_001734_20260510_221848_950.png,100,0,27.085,0
orange_pos_001734_20260510_221848_950.png,120,0,26.297,0
orange_pos_001734_20260510_221848_950.png,140,0,45.995,0
orange_pos_001734_20260510_221848_950.png,0,20,34.870,0
orange_pos_001734_20260510_221848_950.png,20,20,1.314,0
orange_pos_001734_20260510_221848_950.png,40,20,36.204,0
orange_pos_001734_20260510_221848_950.png,60,20,45.529,0
orange_pos_001734_20260510_221848_950.png,80,20,14.258,0
orange_pos_001734_20260510_221848_950.png,100,20,3.820,0
orange_pos_001734_20260510_221848_950.png,120,20,21.193,0
orange_pos_001734_20260510_221848_950.png,140,20,42.027,0
orange_pos_001734_20260510_221848_950.png,0,40,2.721,0
orange_pos_001734_20260510_221848_950.png,20,40,2.867,0
orange_pos_001734_20260510_221848_950.png,40,40,43.048,0
orange_pos_001734_20260510_221848_950.png,60,40,47.124,0
orange_pos_001734_20260510_221848_950.png,80,40,218.377,1
orange_pos_001734_20260510_221848_950.png,100,40,72.130,1
orange_pos_001734_20260510_221848_950.png,120,40,29.961,0
orange_pos_001734_20260510_221848_950.png,140,40,53.963,0
orange_pos_001734_20260510_221848_950.png,0,60,2.710,0
orange_pos_001734_20260510_221848_950.png,20,60,0.868,0
orange_pos_001734_20260510_221848_950.png,40,60,50.368,0
orange_pos_001734_20260510_221848_950.png,60,60,42.260,0
orange_pos_001734_20260510_221848_950.png,80,60,123.822,1
orange_pos_001734_20260510_221848_950.png,100,60,37.696,0
orange_pos_001734_20260510_221848_950.png,120,60,20.065,0
orange_pos_001734_20260510_221848_950.png,140,60,39.972,0
orange_pos_001734_20260510_221848_950.png,0,80,3.183,0
orange_pos_001734_20260510_221848_950.png,20,80,1.972,0
orange_pos_001734_20260510_221848_950.png,40,80,48.464,0
orange_pos_001734_20260510_221848_950.png,60,80,37.882,0
orange_pos_001734_20260510_221848_950.png,80,80,8.874,0
orange_pos_001734_20260510_221848_950.png,100,80,16.479,0
orange_pos_001734_20260510_221848_950.png,120,80,26.953,0
orange_pos_001734_20260510_221848_950.png,140,80,39.641,0
orange_pos_001734_20260510_221848_950.png,0,100,1.723,0
orange_pos_001734_20260510_221848_950.png,20,100,8.700,0
orange_pos_001734_20260510_221848_950.png,40,100,54.824,0
orange_pos_001734_20260510_221848_950.png,60,100,38.115,0
orange_pos_001734_20260510_221848_950.png,80,100,20.126,0
orange_pos_001734_20260510_221848_950.png,100,100,24.343,0
orange_pos_001734_20260510_221848_950.png,120,100,31.958,0
orange_pos_001734_20260510_221848_950.png,140,100,41.066,0
orange_pos_001735_20260510_221851_244.png,0,0,7.663,0
orange_pos_001735_20260510_221851_244.png,20,0,0.614,0
orange_pos_001735_20260510_221851_244.png,40,0,0.896,0
orange_pos_001735_20260510_221851_244.png,60,0,1.182,0
orange_pos_001735_20260510_221851_244.png,80,0,0.616,0
orange_pos_001735_20260510_221851_244.png,100,0,0.614,0
orange_pos_001735_20260510_221851_244.png,120,0,0.614,0
orange_pos_001735_20260510_221851_244.png,140,0,0.614,0
orange_pos_001735_20260510_221851_244.png,0,20,11.882,0
orange_pos_001735_20260510_221851_244.png,20,20,0.614,0
orange_pos_001735_20260510_221851_244.png,40,20,0.943,0
orange_pos_001735_20260510_221851_244.png,60,20,0.928,0
orange_pos_001735_20260510_221851_244.png,80,20,1.078,0
orange_pos_001735_20260510_221851_244.png,100,20,0.864,0
orange_pos_001735_20260510_221851_244.png,120,20,0.614,0
orange_pos_001735_20260510_221851_244.png,140,20,0.614,0
orange_pos_001735_20260510_221851_244.png,0,40,0.614,0
orange_pos_001735_20260510_221851_244.png,20,40,0.614,0
orange_pos_001735_20260510_221851_244.png,40,40,0.614,0
orange_pos_001735_20260510_221851_244.png,60,40,0.614,0
orange_pos_001735_20260510_221851_244.png,80,40,109.192,1
orange_pos_001735_20260510_221851_244.png,100,40,39.087,0
orange_pos_001735_20260510_221851_244.png,120,40,0.614,0
orange_pos_001735_20260510_221851_244.png,140,40,0.614,0
orange_pos_001735_20260510_221851_244.png,0,60,0.619,0
orange_pos_001735_20260510_221851_244.png,20,60,0.614,0
orange_pos_001735_20260510_221851_244.png,40,60,0.660,0
orange_pos_001735_20260510_221851_244.png,60,60,0.614,0
orange_pos_001735_20260510_221851_244.png,80,60,39.072,0
orange_pos_001735_20260510_221851_244.png,100,60,17.089,0
orange_pos_001735_20260510_221851_244.png,120,60,0.614,0
orange_pos_001735_20260510_221851_244.png,140,60,0.614,0
orange_pos_001735_20260510_221851_244.png,0,80,0.614,0
orange_pos_001735_20260510_221851_244.png,20,80,0.614,0
orange_pos_001735_20260510_221851_244.png,40,80,0.989,0
orange_pos_001735_20260510_221851_244.png,60,80,1.288,0
orange_pos_001735_20260510_221851_244.png,80,80,0.614,0
orange_pos_001735_20260510_221851_244.png,100,80,0.614,0
orange_pos_001735_20260510_221851_244.png,120,80,0.614,0
orange_pos_001735_20260510_221851_244.png,140,80,0.614,0
orange_pos_001735_20260510_221851_244.png,0,100,0.614,0
orange_pos_001735_20260510_221851_244.png,20,100,0.614,0
orange_pos_001735_20260510_221851_244.png,40,100,0.614,0
orange_pos_001735_20260510_221851_244.png,60,100,0.614,0
orange_pos_001735_20260510_221851_244.png,80,100,0.614,0
orange_pos_001735_20260510_221851_244.png,100,100,0.614,0
orange_pos_001735_20260510_221851_244.png,120,100,0.614,0
orange_pos_001735_20260510_221851_244.png,140,100,0.614,0
orange_pos_001736_20260510_221853_277.png,0,0,51.538,0
orange_pos_001736_20260510_221853_277.png,20,0,2.408,0
orange_pos_001736_20260510_221853_277.png,40,0,22.918,0
orange_pos_001736_20260510_221853_277.png,60,0,43.735,0
orange_pos_001736_20260510_221853_277.png,80,0,26.329,0
orange_pos_001736_20260510_221853_277.png,100,0,21.843,0
orange_pos_001736_20260510_221853_277.png,120,0,19.500,0
orange_pos_001736_20260510_221853_277.png,140,0,18.929,0
orange_pos_001736_20260510_221853_277.png,0,20,37.693,0
orange_pos_001736_20260510_221853_277.png,20,20,3.213,0
orange_pos_001736_20260510_221853_277.png,40,20,29.039,0
orange_pos_001736_20260510_221853_277.png,60,20,39.261,0
orange_pos_001736_20260510_221853_277.png,80,20,10.917,0
orange_pos_001736_20260510_221853_277.png,100,20,2.864,0
orange_pos_001736_20260510_221853_277.png,120,20,7.846,0
orange_pos_001736_20260510_221853_277.png,140,20,14.571,0
orange_pos_001736_20260510_221853_277.png,0,40,1.596,0
orange_pos_001736_20260510_221853_277.png,20,40,0.614,0
orange_pos_001736_20260510_221853_277.png,40,40,32.940,0
orange_pos_001736_20260510_221853_277.png,60,40,30.242,0
orange_pos_001736_20260510_221853_277.png,80,40,2.007,0
orange_pos_001736_20260510_221853_277.png,100,40,0.614,0
orange_pos_001736_20260510_221853_277.png,120,40,0.673,0
orange_pos_001736_20260510_221853_277.png,140,40,8.390,0
orange_pos_001736_20260510_221853_277.png,0,60,1.758,0
orange_pos_001736_20260510_221853_277.png,20,60,0.643,0
orange_pos_001736_20260510_221853_277.png,40,60,35.449,0
orange_pos_001736_20260510_221853_277.png,60,60,26.825,0
orange_pos_001736_20260510_221853_277.png,80,60,2.385,0
orange_pos_001736_20260510_221853_277.png,100,60,1.059,0
orange_pos_001736_20260510_221853_277.png,120,60,2.528,0
orange_pos_001736_20260510_221853_277.png,140,60,15.443,0
orange_pos_001736_20260510_221853_277.png,0,80,2.206,0
orange_pos_001736_20260510_221853_277.png,20,80,0.900,0
orange_pos_001736_20260510_221853_277.png,40,80,31.543,0
orange_pos_001736_20260510_221853_277.png,60,80,22.439,0
orange_pos_001736_20260510_221853_277.png,80,80,178.929,1
orange_pos_001736_20260510_221853_277.png,100,80,44.155,0
orange_pos_001736_20260510_221853_277.png,120,80,7.147,0
orange_pos_001736_20260510_221853_277.png,140,80,26.088,0
orange_pos_001736_20260510_221853_277.png,0,100,1.055,0
orange_pos_001736_20260510_221853_277.png,20,100,3.954,0
orange_pos_001736_20260510_221853_277.png,40,100,26.649,0
orange_pos_001736_20260510_221853_277.png,60,100,16.463,0
orange_pos_001736_20260510_221853_277.png,80,100,71.638,1
orange_pos_001736_20260510_221853_277.png,100,100,18.020,0
orange_pos_001736_20260510_221853_277.png,120,100,11.452,0
orange_pos_001736_20260510_221853_277.png,140,100,15.192,0
orange_pos_001737_20260510_221855_501.png,0,0,63.966,0
orange_pos_001737_20260510_221855_501.png,20,0,4.988,0
orange_pos_001737_20260510_221855_501.png,40,0,39.243,0
orange_pos_001737_20260510_221855_501.png,60,0,67.318,1
orange_pos_001737_20260510_221855_501.png,80,0,43.406,0
orange_pos_001737_20260510_221855_501.png,100,0,33.749,0
orange_pos_001737_20260510_221855_501.png,120,0,36.870,0
orange_pos_001737_20260510_221855_501.png,140,0,44.472,0
orange_pos_001737_20260510_221855_501.png,0,20,50.105,0
orange_pos_001737_20260510_221855_501.png,20,20,7.857,0
orange_pos_001737_20260510_221855_501.png,40,20,43.038,0
orange_pos_001737_20260510_221855_501.png,60,20,53.300,0
orange_pos_001737_20260510_221855_501.png,80,20,13.781,0
orange_pos_001737_20260510_221855_501.png,100,20,1.493,0
orange_pos_001737_20260510_221855_501.png,120,20,8.335,0
orange_pos_001737_20260510_221855_501.png,140,20,38.929,0
orange_pos_001737_20260510_221855_501.png,0,40,3.364,0
orange_pos_001737_20260510_221855_501.png,20,40,4.669,0
orange_pos_001737_20260510_221855_501.png,40,40,49.644,0
orange_pos_001737_20260510_221855_501.png,60,40,49.016,0
orange_pos_001737_20260510_221855_501.png,80,40,5.758,0
orange_pos_001737_20260510_221855_501.png,100,40,0.768,0
orange_pos_001737_20260510_221855_501.png,120,40,13.042,0
orange_pos_001737_20260510_221855_501.png,140,40,50.123,0
orange_pos_001737_20260510_221855_501.png,0,60,2.440,0
orange_pos_001737_20260510_221855_501.png,20,60,2.480,0
orange_pos_001737_20260510_221855_501.png,40,60,49.292,0
orange_pos_001737_20260510_221855_501.png,60,60,43.336,0
orange_pos_001737_20260510_221855_501.png,80,60,33.909,0
orange_pos_001737_20260510_221855_501.png,100,60,15.409,0
orange_pos_001737_20260510_221855_501.png,120,60,18.801,0
orange_pos_001737_20260510_221855_501.png,140,60,49.484,0
orange_pos_001737_20260510_221855_501.png,0,80,6.856,0
orange_pos_001737_20260510_221855_501.png,20,80,3.619,0
orange_pos_001737_20260510_221855_501.png,40,80,56.991,0
orange_pos_001737_20260510_221855_501.png,60,80,117.752,1
orange_pos_001737_20260510_221855_501.png,80,80,255.000,1
orange_pos_001737_20260510_221855_501.png,100,80,44.863,0
orange_pos_001737_20260510_221855_501.png,120,80,39.408,0
orange_pos_001737_20260510_221855_501.png,140,80,53.188,0
orange_pos_001737_20260510_221855_501.png,0,100,1.618,0
orange_pos_001737_20260510_221855_501.png,20,100,7.747,0
orange_pos_001737_20260510_221855_501.png,40,100,48.369,0
orange_pos_001737_20260510_221855_501.png,60,100,38.591,0
orange_pos_001737_20260510_221855_501.png,80,100,66.618,1
orange_pos_001737_20260510_221855_501.png,100,100,22.239,0
orange_pos_001737_20260510_221855_501.png,120,100,29.026,0
orange_pos_001737_20260510_221855_501.png,140,100,34.358,0
orange_pos_001738_20260510_221855_897.png,0,0,36.425,0
orange_pos_001738_20260510_221855_897.png,20,0,3.591,0
orange_pos_001738_20260510_221855_897.png,40,0,21.928,0
orange_pos_001738_20260510_221855_897.png,60,0,39.264,0
orange_pos_001738_20260510_221855_897.png,80,0,21.914,0
orange_pos_001738_20260510_221855_897.png,100,0,14.162,0
orange_pos_001738_20260510_221855_897.png,120,0,16.943,0
orange_pos_001738_20260510_221855_897.png,140,0,18.494,0
orange_pos_001738_20260510_221855_897.png,0,20,21.671,0
orange_pos_001738_20260510_221855_897.png,20,20,1.391,0
orange_pos_001738_20260510_221855_897.png,40,20,20.997,0
orange_pos_001738_20260510_221855_897.png,60,20,26.289,0
orange_pos_001738_20260510_221855_897.png,80,20,3.776,0
orange_pos_001738_20260510_221855_897.png,100,20,0.615,0
orange_pos_001738_20260510_221855_897.png,120,20,5.109,0
orange_pos_001738_20260510_221855_897.png,140,20,20.646,0
orange_pos_001738_20260510_221855_897.png,0,40,1.285,0
orange_pos_001738_20260510_221855_897.png,20,40,0.724,0
orange_pos_001738_20260510_221855_897.png,40,40,27.747,0
orange_pos_001738_20260510_221855_897.png,60,40,25.778,0
orange_pos_001738_20260510_221855_897.png,80,40,0.912,0
orange_pos_001738_20260510_221855_897.png,100,40,1.095,0
orange_pos_001738_20260510_221855_897.png,120,40,6.340,0
orange_pos_001738_20260510_221855_897.png,140,40,20.242,0
orange_pos_001738_20260510_221855_897.png,0,60,1.529,0
orange_pos_001738_20260510_221855_897.png,20,60,0.757,0
orange_pos_001738_20260510_221855_897.png,40,60,24.147,0
orange_pos_001738_20260510_221855_897.png,60,60,142.135,1
orange_pos_001738_20260510_221855_897.png,80,60,42.298,0
orange_pos_001738_20260510_221855_897.png,100,60,2.263,0
orange_pos_001738_20260510_221855_897.png,120,60,6.273,0
orange_pos_001738_20260510_221855_897.png,140,60,15.007,0
orange_pos_001738_20260510_221855_897.png,0,80,1.051,0
orange_pos_001738_20260510_221855_897.png,20,80,0.691,0
orange_pos_001738_20260510_221855_897.png,40,80,20.453,0
orange_pos_001738_20260510_221855_897.png,60,80,225.501,1
orange_pos_001738_20260510_221855_897.png,80,80,75.062,1
orange_pos_001738_20260510_221855_897.png,100,80,1.981,0
orange_pos_001738_20260510_221855_897.png,120,80,7.207,0
orange_pos_001738_20260510_221855_897.png,140,80,11.393,0
orange_pos_001738_20260510_221855_897.png,0,100,1.062,0
orange_pos_001738_20260510_221855_897.png,20,100,2.953,0
orange_pos_001738_20260510_221855_897.png,40,100,27.063,0
orange_pos_001738_20260510_221855_897.png,60,100,16.964,0
orange_pos_001738_20260510_221855_897.png,80,100,5.004,0
orange_pos_001738_20260510_221855_897.png,100,100,6.847,0
orange_pos_001738_20260510_221855_897.png,120,100,10.123,0
orange_pos_001738_20260510_221855_897.png,140,100,14.637,0
orange_pos_001739_20260510_221858_114.png,0,0,72.027,1
orange_pos_001739_20260510_221858_114.png,20,0,5.072,0
orange_pos_001739_20260510_221858_114.png,40,0,41.247,0
orange_pos_001739_20260510_221858_114.png,60,0,68.265,1
orange_pos_001739_20260510_221858_114.png,80,0,50.404,0
orange_pos_001739_20260510_221858_114.png,100,0,46.266,0
orange_pos_001739_20260510_221858_114.png,120,0,37.293,0
orange_pos_001739_20260510_221858_114.png,140,0,18.982,0
orange_pos_001739_20260510_221858_114.png,0,20,43.428,0
orange_pos_001739_20260510_221858_114.png,20,20,2.719,0
orange_pos_001739_20260510_221858_114.png,40,20,39.014,0
orange_pos_001739_20260510_221858_114.png,60,20,53.524,0
orange_pos_001739_20260510_221858_114.png,80,20,16.282,0
orange_pos_001739_20260510_221858_114.png,100,20,14.496,0
orange_pos_001739_20260510_221858_114.png,120,20,25.861,0
orange_pos_001739_20260510_221858_114.png,140,20,26.178,0
orange_pos_001739_20260510_221858_114.png,0,40,2.875,0
orange_pos_001739_20260510_221858_114.png,20,40,1.507,0
orange_pos_001739_20260510_221858_114.png,40,40,49.952,0
orange_pos_001739_20260510_221858_114.png,60,40,40.969,0
orange_pos_001739_20260510_221858_114.png,80,40,6.669,0
orange_pos_001739_20260510_221858_114.png,100,40,17.833,0
orange_pos_001739_20260510_221858_114.png,120,40,24.562,0
orange_pos_001739_20260510_221858_114.png,140,40,49.880,0
orange_pos_001739_20260510_221858_114.png,0,60,2.327,0
orange_pos_001739_20260510_221858_114.png,20,60,0.817,0
orange_pos_001739_20260510_221858_114.png,40,60,230.648,1
orange_pos_001739_20260510_221858_114.png,60,60,255.000,1
orange_pos_001739_20260510_221858_114.png,80,60,23.383,0
orange_pos_001739_20260510_221858_114.png,100,60,17.447,0
orange_pos_001739_20260510_221858_114.png,120,60,27.875,0
orange_pos_001739_20260510_221858_114.png,140,60,40.845,0
orange_pos_001739_20260510_221858_114.png,0,80,3.894,0
orange_pos_001739_20260510_221858_114.png,20,80,2.122,0
orange_pos_001739_20260510_221858_114.png,40,80,93.887,1
orange_pos_001739_20260510_221858_114.png,60,80,110.115,1
orange_pos_001739_20260510_221858_114.png,80,80,12.645,0
orange_pos_001739_20260510_221858_114.png,100,80,20.057,0
orange_pos_001739_20260510_221858_114.png,120,80,32.415,0
orange_pos_001739_20260510_221858_114.png,140,80,42.560,0
orange_pos_001739_20260510_221858_114.png,0,100,1.825,0
orange_pos_001739_20260510_221858_114.png,20,100,7.621,0
orange_pos_001739_20260510_221858_114.png,40,100,50.031,0
orange_pos_001739_20260510_221858_114.png,60,100,33.669,0
orange_pos_001739_20260510_221858_114.png,80,100,18.800,0
orange_pos_001739_20260510_221858_114.png,100,100,24.058,0
orange_pos_001739_20260510_221858_114.png,120,100,29.452,0
orange_pos_001739_20260510_221858_114.png,140,100,36.315,0
orange_pos_001740_20260510_221859_808.png,0,0,71.778,1
orange_pos_001740_20260510_221859_808.png,20,0,6.993,0
orange_pos_001740_20260510_221859_808.png,40,0,45.931,0
orange_pos_001740_20260510_221859_808.png,60,0,79.649,1
orange_pos_001740_20260510_221859_808.png,80,0,47.283,0
orange_pos_001740_20260510_221859_808.png,100,0,42.628,0
orange_pos_001740_20260510_221859_808.png,120,0,55.840,0
orange_pos_001740_20260510_221859_808.png,140,0,33.971,0
orange_pos_001740_20260510_221859_808.png,0,20,44.561,0
orange_pos_001740_20260510_221859_808.png,20,20,5.284,0
orange_pos_001740_20260510_221859_808.png,40,20,65.324,1
orange_pos_001740_20260510_221859_808.png,60,20,255.000,1
orange_pos_001740_20260510_221859_808.png,80,20,105.516,1
orange_pos_001740_20260510_221859_808.png,100,20,26.214,0
orange_pos_001740_20260510_221859_808.png,120,20,26.311,0
orange_pos_001740_20260510_221859_808.png,140,20,51.524,0
orange_pos_001740_20260510_221859_808.png,0,40,4.838,0
orange_pos_001740_20260510_221859_808.png,20,40,9.308,0
orange_pos_001740_20260510_221859_808.png,40,40,65.674,1
orange_pos_001740_20260510_221859_808.png,60,40,173.088,1
orange_pos_001740_20260510_221859_808.png,80,40,48.692,0
orange_pos_001740_20260510_221859_808.png,100,40,7.487,0
orange_pos_001740_20260510_221859_808.png,120,40,6.794,0
orange_pos_001740_20260510_221859_808.png,140,40,57.103,0
orange_pos_001740_20260510_221859_808.png,0,60,2.965,0
orange_pos_001740_20260510_221859_808.png,20,60,2.915,0
orange_pos_001740_20260510_221859_808.png,40,60,55.941,0
orange_pos_001740_20260510_221859_808.png,60,60,47.439,0
orange_pos_001740_20260510_221859_808.png,80,60,11.615,0
orange_pos_001740_20260510_221859_808.png,100,60,4.685,0
orange_pos_001740_20260510_221859_808.png,120,60,13.343,0
orange_pos_001740_20260510_221859_808.png,140,60,42.735,0
orange_pos_001740_20260510_221859_808.png,0,80,6.946,0
orange_pos_001740_20260510_221859_808.png,20,80,3.668,0
orange_pos_001740_20260510_221859_808.png,40,80,66.269,1
orange_pos_001740_20260510_221859_808.png,60,80,49.128,0
orange_pos_001740_20260510_221859_808.png,80,80,20.759,0
orange_pos_001740_20260510_221859_808.png,100,80,27.829,0
orange_pos_001740_20260510_221859_808.png,120,80,41.339,0
orange_pos_001740_20260510_221859_808.png,140,80,56.949,0
orange_pos_001740_20260510_221859_808.png,0,100,2.078,0
orange_pos_001740_20260510_221859_808.png,20,100,11.660,0
orange_pos_001740_20260510_221859_808.png,40,100,65.728,1
orange_pos_001740_20260510_221859_808.png,60,100,48.442,0
orange_pos_001740_20260510_221859_808.png,80,100,28.077,0
orange_pos_001740_20260510_221859_808.png,100,100,34.822,0
orange_pos_001740_20260510_221859_808.png,120,100,41.300,0
orange_pos_001740_20260510_221859_808.png,140,100,49.663,0
orange_pos_001741_20260510_221900_214.png,0,0,55.266,0
orange_pos_001741_20260510_221900_214.png,20,0,6.051,0
orange_pos_001741_20260510_221900_214.png,40,0,28.872,0
orange_pos_001741_20260510_221900_214.png,60,0,118.191,1
orange_pos_001741_20260510_221900_214.png,80,0,47.194,0
orange_pos_001741_20260510_221900_214.png,100,0,18.487,0
orange_pos_001741_20260510_221900_214.png,120,0,24.855,0
orange_pos_001741_20260510_221900_214.png,140,0,23.796,0
orange_pos_001741_20260510_221900_214.png,0,20,34.039,0
orange_pos_001741_20260510_221900_214.png,20,20,3.330,0
orange_pos_001741_20260510_221900_214.png,40,20,22.420,0
orange_pos_001741_20260510_221900_214.png,60,20,215.049,1
orange_pos_001741_20260510_221900_214.png,80,20,77.431,1
orange_pos_001741_20260510_221900_214.png,100,20,2.476,0
orange_pos_001741_20260510_221900_214.png,120,20,6.001,0
orange_pos_001741_20260510_221900_214.png,140,20,22.731,0
orange_pos_001741_20260510_221900_214.png,0,40,1.713,0
orange_pos_001741_20260510_221900_214.png,20,40,2.250,0
orange_pos_001741_20260510_221900_214.png,40,40,36.418,0
orange_pos_001741_20260510_221900_214.png,60,40,41.088,0
orange_pos_001741_20260510_221900_214.png,80,40,2.803,0
orange_pos_001741_20260510_221900_214.png,100,40,0.931,0
orange_pos_001741_20260510_221900_214.png,120,40,5.432,0
orange_pos_001741_20260510_221900_214.png,140,40,31.082,0
orange_pos_001741_20260510_221900_214.png,0,60,1.522,0
orange_pos_001741_20260510_221900_214.png,20,60,2.368,0
orange_pos_001741_20260510_221900_214.png,40,60,31.479,0
orange_pos_001741_20260510_221900_214.png,60,60,27.620,0
orange_pos_001741_20260510_221900_214.png,80,60,6.824,0
orange_pos_001741_20260510_221900_214.png,100,60,4.073,0
orange_pos_001741_20260510_221900_214.png,120,60,10.214,0
orange_pos_001741_20260510_221900_214.png,140,60,20.640,0
orange_pos_001741_20260510_221900_214.png,0,80,2.392,0
orange_pos_001741_20260510_221900_214.png,20,80,1.903,0
orange_pos_001741_20260510_221900_214.png,40,80,31.733,0
orange_pos_001741_20260510_221900_214.png,60,80,22.522,0
orange_pos_001741_20260510_221900_214.png,80,80,4.893,0
orange_pos_001741_20260510_221900_214.png,100,80,10.884,0
orange_pos_001741_20260510_221900_214.png,120,80,16.746,0
orange_pos_001741_20260510_221900_214.png,140,80,21.230,0
orange_pos_001741_20260510_221900_214.png,0,100,1.120,0
orange_pos_001741_20260510_221900_214.png,20,100,3.842,0
orange_pos_001741_20260510_221900_214.png,40,100,27.416,0
orange_pos_001741_20260510_221900_214.png,60,100,18.852,0
orange_pos_001741_20260510_221900_214.png,80,100,8.277,0
orange_pos_001741_20260510_221900_214.png,100,100,10.602,0
orange_pos_001741_20260510_221900_214.png,120,100,12.679,0
orange_pos_001741_20260510_221900_214.png,140,100,17.109,0
orange_pos_001742_20260510_221902_127.png,0,0,10.543,0
orange_pos_001742_20260510_221902_127.png,20,0,0.614,0
orange_pos_001742_20260510_221902_127.png,40,0,1.020,0
orange_pos_001742_20260510_221902_127.png,60,0,14.575,0
orange_pos_001742_20260510_221902_127.png,80,0,37.610,0
orange_pos_001742_20260510_221902_127.png,100,0,0.614,0
orange_pos_001742_20260510_221902_127.png,120,0,0.614,0
orange_pos_001742_20260510_221902_127.png,140,0,0.614,0
orange_pos_001742_20260510_221902_127.png,0,20,8.246,0
orange_pos_001742_20260510_221902_127.png,20,20,0.614,0
orange_pos_001742_20260510_221902_127.png,40,20,0.888,0
orange_pos_001742_20260510_221902_127.png,60,20,34.789,0
orange_pos_001742_20260510_221902_127.png,80,20,96.204,1
orange_pos_001742_20260510_221902_127.png,100,20,1.964,0
orange_pos_001742_20260510_221902_127.png,120,20,0.614,0
orange_pos_001742_20260510_221902_127.png,140,20,0.614,0
orange_pos_001742_20260510_221902_127.png,0,40,0.850,0
orange_pos_001742_20260510_221902_127.png,20,40,0.614,0
orange_pos_001742_20260510_221902_127.png,40,40,14.055,0
orange_pos_001742_20260510_221902_127.png,60,40,12.056,0
orange_pos_001742_20260510_221902_127.png,80,40,0.655,0
orange_pos_001742_20260510_221902_127.png,100,40,0.614,0
orange_pos_001742_20260510_221902_127.png,120,40,0.713,0
orange_pos_001742_20260510_221902_127.png,140,40,8.802,0
orange_pos_001742_20260510_221902_127.png,0,60,0.753,0
orange_pos_001742_20260510_221902_127.png,20,60,0.614,0
orange_pos_001742_20260510_221902_127.png,40,60,4.189,0
orange_pos_001742_20260510_221902_127.png,60,60,1.785,0
orange_pos_001742_20260510_221902_127.png,80,60,0.614,0
orange_pos_001742_20260510_221902_127.png,100,60,0.614,0
orange_pos_001742_20260510_221902_127.png,120,60,0.614,0
orange_pos_001742_20260510_221902_127.png,140,60,0.614,0
orange_pos_001742_20260510_221902_127.png,0,80,1.191,0
orange_pos_001742_20260510_221902_127.png,20,80,0.614,0
orange_pos_001742_20260510_221902_127.png,40,80,17.749,0
orange_pos_001742_20260510_221902_127.png,60,80,12.038,0
orange_pos_001742_20260510_221902_127.png,80,80,0.643,0
orange_pos_001742_20260510_221902_127.png,100,80,2.490,0
orange_pos_001742_20260510_221902_127.png,120,80,4.774,0
orange_pos_001742_20260510_221902_127.png,140,80,10.654,0
orange_pos_001742_20260510_221902_127.png,0,100,0.715,0
orange_pos_001742_20260510_221902_127.png,20,100,1.497,0
orange_pos_001742_20260510_221902_127.png,40,100,12.512,0
orange_pos_001742_20260510_221902_127.png,60,100,8.862,0
orange_pos_001742_20260510_221902_127.png,80,100,3.437,0
orange_pos_001742_20260510_221902_127.png,100,100,3.549,0
orange_pos_001742_20260510_221902_127.png,120,100,5.999,0
orange_pos_001742_20260510_221902_127.png,140,100,7.855,0
orange_pos_001743_20260510_221906_537.png,0,0,54.158,0
orange_pos_001743_20260510_221906_537.png,20,0,4.660,0
orange_pos_001743_20260510_221906_537.png,40,0,35.821,0
orange_pos_001743_20260510_221906_537.png,60,0,58.170,0
orange_pos_001743_20260510_221906_537.png,80,0,31.662,0
orange_pos_001743_20260510_221906_537.png,100,0,21.785,0
orange_pos_001743_20260510_221906_537.png,120,0,27.808,0
orange_pos_001743_20260510_221906_537.png,140,0,41.989,0
orange_pos_001743_20260510_221906_537.png,0,20,39.711,0
orange_pos_001743_20260510_221906_537.png,20,20,8.816,0
orange_pos_001743_20260510_221906_537.png,40,20,36.734,0
orange_pos_001743_20260510_221906_537.png,60,20,47.836,0
orange_pos_001743_20260510_221906_537.png,80,20,11.706,0
orange_pos_001743_20260510_221906_537.png,100,20,0.815,0
orange_pos_001743_20260510_221906_537.png,120,20,41.009,0
orange_pos_001743_20260510_221906_537.png,140,20,56.864,0
orange_pos_001743_20260510_221906_537.png,0,40,4.118,0
orange_pos_001743_20260510_221906_537.png,20,40,7.202,0
orange_pos_001743_20260510_221906_537.png,40,40,52.741,0
orange_pos_001743_20260510_221906_537.png,60,40,51.286,0
orange_pos_001743_20260510_221906_537.png,80,40,4.050,0
orange_pos_001743_20260510_221906_537.png,100,40,4.864,0
orange_pos_001743_20260510_221906_537.png,120,40,104.378,1
orange_pos_001743_20260510_221906_537.png,140,40,82.478,1
orange_pos_001743_20260510_221906_537.png,0,60,4.370,0
orange_pos_001743_20260510_221906_537.png,20,60,5.879,0
orange_pos_001743_20260510_221906_537.png,40,60,64.004,0
orange_pos_001743_20260510_221906_537.png,60,60,53.176,0
orange_pos_001743_20260510_221906_537.png,80,60,15.849,0
orange_pos_001743_20260510_221906_537.png,100,60,10.105,0
orange_pos_001743_20260510_221906_537.png,120,60,32.546,0
orange_pos_001743_20260510_221906_537.png,140,60,57.278,0
orange_pos_001743_20260510_221906_537.png,0,80,4.199,0
orange_pos_001743_20260510_221906_537.png,20,80,4.672,0
orange_pos_001743_20260510_221906_537.png,40,80,55.339,0
orange_pos_001743_20260510_221906_537.png,60,80,39.322,0
orange_pos_001743_20260510_221906_537.png,80,80,12.903,0
orange_pos_001743_20260510_221906_537.png,100,80,21.119,0
orange_pos_001743_20260510_221906_537.png,120,80,30.848,0
orange_pos_001743_20260510_221906_537.png,140,80,44.208,0
orange_pos_001743_20260510_221906_537.png,0,100,2.321,0
orange_pos_001743_20260510_221906_537.png,20,100,9.138,0
orange_pos_001743_20260510_221906_537.png,40,100,57.305,0
orange_pos_001743_20260510_221906_537.png,60,100,41.217,0
orange_pos_001743_20260510_221906_537.png,80,100,20.570,0
orange_pos_001743_20260510_221906_537.png,100,100,25.883,0
orange_pos_001743_20260510_221906_537.png,120,100,34.390,0
orange_pos_001743_20260510_221906_537.png,140,100,42.782,0
orange_pos_001744_20260510_221906_910.png,0,0,60.235,0
orange_pos_001744_20260510_221906_910.png,20,0,5.724,0
orange_pos_001744_20260510_221906_910.png,40,0,39.663,0
orange_pos_001744_20260510_221906_910.png,60,0,63.985,0
orange_pos_001744_20260510_221906_910.png,80,0,40.984,0
orange_pos_001744_20260510_221906_910.png,100,0,31.530,0
orange_pos_001744_20260510_221906_910.png,120,0,33.209,0
orange_pos_001744_20260510_221906_910.png,140,0,52.311,0
orange_pos_001744_20260510_221906_910.png,0,20,51.444,0
orange_pos_001744_20260510_221906_910.png,20,20,11.920,0
orange_pos_001744_20260510_221906_910.png,40,20,45.740,0
orange_pos_001744_20260510_221906_910.png,60,20,59.216,0
orange_pos_001744_20260510_221906_910.png,80,20,15.564,0
orange_pos_001744_20260510_221906_910.png,100,20,2.606,0
orange_pos_001744_20260510_221906_910.png,120,20,47.038,0
orange_pos_001744_20260510_221906_910.png,140,20,77.330,1
orange_pos_001744_20260510_221906_910.png,0,40,3.320,0
orange_pos_001744_20260510_221906_910.png,20,40,8.484,0
orange_pos_001744_20260510_221906_910.png,40,40,51.228,0
orange_pos_001744_20260510_221906_910.png,60,40,49.266,0
orange_pos_001744_20260510_221906_910.png,80,40,3.548,0
orange_pos_001744_20260510_221906_910.png,100,40,2.511,0
orange_pos_001744_20260510_221906_910.png,120,40,95.383,1
orange_pos_001744_20260510_221906_910.png,140,40,78.830,1
orange_pos_001744_20260510_221906_910.png,0,60,3.626,0
orange_pos_001744_20260510_221906_910.png,20,60,5.425,0
orange_pos_001744_20260510_221906_910.png,40,60,54.657,0
orange_pos_001744_20260510_221906_910.png,60,60,44.736,0
orange_pos_001744_20260510_221906_910.png,80,60,10.729,0
orange_pos_001744_20260510_221906_910.png,100,60,6.093,0
orange_pos_001744_20260510_221906_910.png,120,60,26.889,0
orange_pos_001744_20260510_221906_910.png,140,60,50.807,0
orange_pos_001744_20260510_221906_910.png,0,80,6.383,0
orange_pos_001744_20260510_221906_910.png,20,80,4.897,0
orange_pos_001744_20260510_221906_910.png,40,80,63.893,0
orange_pos_001744_20260510_221906_910.png,60,80,46.850,0
orange_pos_001744_20260510_221906_910.png,80,80,17.463,0
orange_pos_001744_20260510_221906_910.png,100,80,26.852,0
orange_pos_001744_20260510_221906_910.png,120,80,38.938,0
orange_pos_001744_20260510_221906_910.png,140,80,53.464,0
orange_pos_001744_20260510_221906_910.png,0,100,1.657,0
orange_pos_001744_20260510_221906_910.png,20,100,9.327,0
orange_pos_001744_20260510_221906_910.png,40,100,55.693,0
orange_pos_001744_20260510_221906_910.png,60,100,38.308,0
orange_pos_001744_20260510_221906_910.png,80,100,19.553,0
orange_pos_001744_20260510_221906_910.png,100,100,24.734,0
orange_pos_001744_20260510_221906_910.png,120,100,34.150,0
orange_pos_001744_20260510_221906_910.png,140,100,41.942,0
orange_pos_001745_20260510_221908_669.png,0,0,15.736,0
orange_pos_001745_20260510_221908_669.png,20,0,0.676,0
orange_pos_001745_20260510_221908_669.png,40,0,7.100,0
orange_pos_001745_20260510_221908_669.png,60,0,10.276,0
orange_pos_001745_20260510_221908_669.png,80,0,3.759,0
orange_pos_001745_20260510_221908_669.png,100,0,2.793,0
orange_pos_001745_20260510_221908_669.png,120,0,2.351,0
orange_pos_001745_20260510_221908_669.png,140,0,2.734,0
orange_pos_001745_20260510_221908_669.png,0,20,13.613,0
orange_pos_001745_20260510_221908_669.png,20,20,0.614,0
orange_pos_001745_20260510_221908_669.png,40,20,3.329,0
orange_pos_001745_20260510_221908_669.png,60,20,2.710,0
orange_pos_001745_20260510_221908_669.png,80,20,0.614,0
orange_pos_001745_20260510_221908_669.png,100,20,0.615,0
orange_pos_001745_20260510_221908_669.png,120,20,0.614,0
orange_pos_001745_20260510_221908_669.png,140,20,0.614,0
orange_pos_001745_20260510_221908_669.png,0,40,0.659,0
orange_pos_001745_20260510_221908_669.png,20,40,0.614,0
orange_pos_001745_20260510_221908_669.png,40,40,7.841,0
orange_pos_001745_20260510_221908_669.png,60,40,5.143,0
orange_pos_001745_20260510_221908_669.png,80,40,0.614,0
orange_pos_001745_20260510_221908_669.png,100,40,0.614,0
orange_pos_001745_20260510_221908_669.png,120,40,6.446,0
orange_pos_001745_20260510_221908_669.png,140,40,5.208,0
orange_pos_001745_20260510_221908_669.png,0,60,0.615,0
orange_pos_001745_20260510_221908_669.png,20,60,0.614,0
orange_pos_001745_20260510_221908_669.png,40,60,6.214,0
orange_pos_001745_20260510_221908_669.png,60,60,3.131,0
orange_pos_001745_20260510_221908_669.png,80,60,0.614,0
orange_pos_001745_20260510_221908_669.png,100,60,0.614,0
orange_pos_001745_20260510_221908_669.png,120,60,4.448,0
orange_pos_001745_20260510_221908_669.png,140,60,1.963,0
orange_pos_001745_20260510_221908_669.png,0,80,0.622,0
orange_pos_001745_20260510_221908_669.png,20,80,0.614,0
orange_pos_001745_20260510_221908_669.png,40,80,3.721,0
orange_pos_001745_20260510_221908_669.png,60,80,1.521,0
orange_pos_001745_20260510_221908_669.png,80,80,0.614,0
orange_pos_001745_20260510_221908_669.png,100,80,0.614,0
orange_pos_001745_20260510_221908_669.png,120,80,0.614,0
orange_pos_001745_20260510_221908_669.png,140,80,0.614,0
orange_pos_001745_20260510_221908_669.png,0,100,0.614,0
orange_pos_001745_20260510_221908_669.png,20,100,0.724,0
orange_pos_001745_20260510_221908_669.png,40,100,3.874,0
orange_pos_001745_20260510_221908_669.png,60,100,2.403,0
orange_pos_001745_20260510_221908_669.png,80,100,0.654,0
orange_pos_001745_20260510_221908_669.png,100,100,0.636,0
orange_pos_001745_20260510_221908_669.png,120,100,0.625,0
orange_pos_001745_20260510_221908_669.png,140,100,1.138,0
orange_pos_001746_20260510_221909_099.png,0,0,30.225,0
orange_pos_001746_20260510_221909_099.png,20,0,2.880,0
orange_pos_001746_20260510_221909_099.png,40,0,14.217,0
orange_pos_001746_20260510_221909_099.png,60,0,26.848,0
orange_pos_001746_20260510_221909_099.png,80,0,13.063,0
orange_pos_001746_20260510_221909_099.png,100,0,8.558,0
orange_pos_001746_20260510_221909_099.png,120,0,7.978,0
orange_pos_001746_20260510_221909_099.png,140,0,7.936,0
orange_pos_001746_20260510_221909_099.png,0,20,30.203,0
orange_pos_001746_20260510_221909_099.png,20,20,1.395,0
orange_pos_001746_20260510_221909_099.png,40,20,18.952,0
orange_pos_001746_20260510_221909_099.png,60,20,23.245,0
orange_pos_001746_20260510_221909_099.png,80,20,3.792,0
orange_pos_001746_20260510_221909_099.png,100,20,0.735,0
orange_pos_001746_20260510_221909_099.png,120,20,1.628,0
orange_pos_001746_20260510_221909_099.png,140,20,8.857,0
orange_pos_001746_20260510_221909_099.png,0,40,0.941,0
orange_pos_001746_20260510_221909_099.png,20,40,1.546,0
orange_pos_001746_20260510_221909_099.png,40,40,19.783,0
orange_pos_001746_20260510_221909_099.png,60,40,18.241,0
orange_pos_001746_20260510_221909_099.png,80,40,0.651,0
orange_pos_001746_20260510_221909_099.png,100,40,0.614,0
orange_pos_001746_20260510_221909_099.png,120,40,5.445,0
orange_pos_001746_20260510_221909_099.png,140,40,7.841,0
orange_pos_001746_20260510_221909_099.png,0,60,0.908,0
orange_pos_001746_20260510_221909_099.png,20,60,0.614,0
orange_pos_001746_20260510_221909_099.png,40,60,18.488,0
orange_pos_001746_20260510_221909_099.png,60,60,12.320,0
orange_pos_001746_20260510_221909_099.png,80,60,0.747,0
orange_pos_001746_20260510_221909_099.png,100,60,0.621,0
orange_pos_001746_20260510_221909_099.png,120,60,47.675,0
orange_pos_001746_20260510_221909_099.png,140,60,10.386,0
orange_pos_001746_20260510_221909_099.png,0,80,1.781,0
orange_pos_001746_20260510_221909_099.png,20,80,1.368,0
orange_pos_001746_20260510_221909_099.png,40,80,26.276,0
orange_pos_001746_20260510_221909_099.png,60,80,16.386,0
orange_pos_001746_20260510_221909_099.png,80,80,1.994,0
orange_pos_001746_20260510_221909_099.png,100,80,4.795,0
orange_pos_001746_20260510_221909_099.png,120,80,10.324,0
orange_pos_001746_20260510_221909_099.png,140,80,14.621,0
orange_pos_001746_20260510_221909_099.png,0,100,1.036,0
orange_pos_001746_20260510_221909_099.png,20,100,3.954,0
orange_pos_001746_20260510_221909_099.png,40,100,29.109,0
orange_pos_001746_20260510_221909_099.png,60,100,17.279,0
orange_pos_001746_20260510_221909_099.png,80,100,7.862,0
orange_pos_001746_20260510_221909_099.png,100,100,9.707,0
orange_pos_001746_20260510_221909_099.png,120,100,13.646,0
orange_pos_001746_20260510_221909_099.png,140,100,16.964,0
orange_pos_001747_20260510_221911_220.png,0,0,54.600,0
orange_pos_001747_20260510_221911_220.png,20,0,11.307,0
orange_pos_001747_20260510_221911_220.png,40,0,37.041,0
orange_pos_001747_20260510_221911_220.png,60,0,59.668,0
orange_pos_001747_20260510_221911_220.png,80,0,32.898,0
orange_pos_001747_20260510_221911_220.png,100,0,21.043,0
orange_pos_001747_20260510_221911_220.png,120,0,25.745,0
orange_pos_001747_20260510_221911_220.png,140,0,35.622,0
orange_pos_001747_20260510_221911_220.png,0,20,36.415,0
orange_pos_001747_20260510_221911_220.png,20,20,7.362,0
orange_pos_001747_20260510_221911_220.png,40,20,33.825,0
orange_pos_001747_20260510_221911_220.png,60,20,39.187,0
orange_pos_001747_20260510_221911_220.png,80,20,4.677,0
orange_pos_001747_20260510_221911_220.png,100,20,0.614,0
orange_pos_001747_20260510_221911_220.png,120,20,1.567,0
orange_pos_001747_20260510_221911_220.png,140,20,27.662,0
orange_pos_001747_20260510_221911_220.png,0,40,2.019,0
orange_pos_001747_20260510_221911_220.png,20,40,5.441,0
orange_pos_001747_20260510_221911_220.png,40,40,35.522,0
orange_pos_001747_20260510_221911_220.png,60,40,30.636,0
orange_pos_001747_20260510_221911_220.png,80,40,0.757,0
orange_pos_001747_20260510_221911_220.png,100,40,0.614,0
orange_pos_001747_20260510_221911_220.png,120,40,0.614,0
orange_pos_001747_20260510_221911_220.png,140,40,24.466,0
orange_pos_001747_20260510_221911_220.png,0,60,2.808,0
orange_pos_001747_20260510_221911_220.png,20,60,3.965,0
orange_pos_001747_20260510_221911_220.png,40,60,45.189,0
orange_pos_001747_20260510_221911_220.png,60,60,32.263,0
orange_pos_001747_20260510_221911_220.png,80,60,3.564,0
orange_pos_001747_20260510_221911_220.png,100,60,3.617,0
orange_pos_001747_20260510_221911_220.png,120,60,7.120,0
orange_pos_001747_20260510_221911_220.png,140,60,23.408,0
orange_pos_001747_20260510_221911_220.png,0,80,3.645,0
orange_pos_001747_20260510_221911_220.png,20,80,5.732,0
orange_pos_001747_20260510_221911_220.png,40,80,36.843,0
orange_pos_001747_20260510_221911_220.png,60,80,24.359,0
orange_pos_001747_20260510_221911_220.png,80,80,6.922,0
orange_pos_001747_20260510_221911_220.png,100,80,139.905,1
orange_pos_001747_20260510_221911_220.png,120,80,45.721,0
orange_pos_001747_20260510_221911_220.png,140,80,25.214,0
orange_pos_001747_20260510_221911_220.png,0,100,1.689,0
orange_pos_001747_20260510_221911_220.png,20,100,6.623,0
orange_pos_001747_20260510_221911_220.png,40,100,46.509,0
orange_pos_001747_20260510_221911_220.png,60,100,32.177,0
orange_pos_001747_20260510_221911_220.png,80,100,15.278,0
orange_pos_001747_20260510_221911_220.png,100,100,94.351,1
orange_pos_001747_20260510_221911_220.png,120,100,43.273,0
orange_pos_001747_20260510_221911_220.png,140,100,38.769,0
orange_pos_001748_20260510_221911_582.png,0,0,23.060,0
orange_pos_001748_20260510_221911_582.png,20,0,2.451,0
orange_pos_001748_20260510_221911_582.png,40,0,14.283,0
orange_pos_001748_20260510_221911_582.png,60,0,23.533,0
orange_pos_001748_20260510_221911_582.png,80,0,8.725,0
orange_pos_001748_20260510_221911_582.png,100,0,4.847,0
orange_pos_001748_20260510_221911_582.png,120,0,3.360,0
orange_pos_001748_20260510_221911_582.png,140,0,5.910,0
orange_pos_001748_20260510_221911_582.png,0,20,20.919,0
orange_pos_001748_20260510_221911_582.png,20,20,1.268,0
orange_pos_001748_20260510_221911_582.png,40,20,16.975,0
orange_pos_001748_20260510_221911_582.png,60,20,19.247,0
orange_pos_001748_20260510_221911_582.png,80,20,1.832,0
orange_pos_001748_20260510_221911_582.png,100,20,0.614,0
orange_pos_001748_20260510_221911_582.png,120,20,0.801,0
orange_pos_001748_20260510_221911_582.png,140,20,11.421,0
orange_pos_001748_20260510_221911_582.png,0,40,0.826,0
orange_pos_001748_20260510_221911_582.png,20,40,0.669,0
orange_pos_001748_20260510_221911_582.png,40,40,19.652,0
orange_pos_001748_20260510_221911_582.png,60,40,13.516,0
orange_pos_001748_20260510_221911_582.png,80,40,0.614,0
orange_pos_001748_20260510_221911_582.png,100,40,0.614,0
orange_pos_001748_20260510_221911_582.png,120,40,0.614,0
orange_pos_001748_20260510_221911_582.png,140,40,6.394,0
orange_pos_001748_20260510_221911_582.png,0,60,0.816,0
orange_pos_001748_20260510_221911_582.png,20,60,0.614,0
orange_pos_001748_20260510_221911_582.png,40,60,16.026,0
orange_pos_001748_20260510_221911_582.png,60,60,11.114,0
orange_pos_001748_20260510_221911_582.png,80,60,0.645,0
orange_pos_001748_20260510_221911_582.png,100,60,0.614,0
orange_pos_001748_20260510_221911_582.png,120,60,0.643,0
orange_pos_001748_20260510_221911_582.png,140,60,4.025,0
orange_pos_001748_20260510_221911_582.png,0,80,0.780,0
orange_pos_001748_20260510_221911_582.png,20,80,0.668,0
orange_pos_001748_20260510_221911_582.png,40,80,19.594,0
orange_pos_001748_20260510_221911_582.png,60,80,12.149,0
orange_pos_001748_20260510_221911_582.png,80,80,2.150,0
orange_pos_001748_20260510_221911_582.png,100,80,113.347,1
orange_pos_001748_20260510_221911_582.png,120,80,19.847,0
orange_pos_001748_20260510_221911_582.png,140,80,2.151,0
orange_pos_001748_20260510_221911_582.png,0,100,0.872,0
orange_pos_001748_20260510_221911_582.png,20,100,3.381,0
orange_pos_001748_20260510_221911_582.png,40,100,18.132,0
orange_pos_001748_20260510_221911_582.png,60,100,10.645,0
orange_pos_001748_20260510_221911_582.png,80,100,5.023,0
orange_pos_001748_20260510_221911_582.png,100,100,56.083,0
orange_pos_001748_20260510_221911_582.png,120,100,13.117,0
orange_pos_001748_20260510_221911_582.png,140,100,9.741,0
orange_pos_001749_20260510_221913_289.png,0,0,28.946,0
orange_pos_001749_20260510_221913_289.png,20,0,0.614,0
orange_pos_001749_20260510_221913_289.png,40,0,15.840,0
orange_pos_001749_20260510_221913_289.png,60,0,27.077,0
orange_pos_001749_20260510_221913_289.png,80,0,10.792,0
orange_pos_001749_20260510_221913_289.png,100,0,5.666,0
orange_pos_001749_20260510_221913_289.png,120,0,7.080,0
orange_pos_001749_20260510_221913_289.png,140,0,8.940,0
orange_pos_001749_20260510_221913_289.png,0,20,21.177,0
orange_pos_001749_20260510_221913_289.png,20,20,0.663,0
orange_pos_001749_20260510_221913_289.png,40,20,11.032,0
orange_pos_001749_20260510_221913_289.png,60,20,12.230,0
orange_pos_001749_20260510_221913_289.png,80,20,1.267,0
orange_pos_001749_20260510_221913_289.png,100,20,0.614,0
orange_pos_001749_20260510_221913_289.png,120,20,0.632,0
orange_pos_001749_20260510_221913_289.png,140,20,3.567,0
orange_pos_001749_20260510_221913_289.png,0,40,0.723,0
orange_pos_001749_20260510_221913_289.png,20,40,0.614,0
orange_pos_001749_20260510_221913_289.png,40,40,19.830,0
orange_pos_001749_20260510_221913_289.png,60,40,17.620,0
orange_pos_001749_20260510_221913_289.png,80,40,0.683,0
orange_pos_001749_20260510_221913_289.png,100,40,0.614,0
orange_pos_001749_20260510_221913_289.png,120,40,0.614,0
orange_pos_001749_20260510_221913_289.png,140,40,1.340,0
orange_pos_001749_20260510_221913_289.png,0,60,1.456,0
orange_pos_001749_20260510_221913_289.png,20,60,0.614,0
orange_pos_001749_20260510_221913_289.png,40,60,25.096,0
orange_pos_001749_20260510_221913_289.png,60,60,40.746,0
orange_pos_001749_20260510_221913_289.png,80,60,68.297,1
orange_pos_001749_20260510_221913_289.png,100,60,0.700,0
orange_pos_001749_20260510_221913_289.png,120,60,0.806,0
orange_pos_001749_20260510_221913_289.png,140,60,9.895,0
orange_pos_001749_20260510_221913_289.png,0,80,1.226,0
orange_pos_001749_20260510_221913_289.png,20,80,0.992,0
orange_pos_001749_20260510_221913_289.png,40,80,25.523,0
orange_pos_001749_20260510_221913_289.png,60,80,118.916,1
orange_pos_001749_20260510_221913_289.png,80,80,197.568,1
orange_pos_001749_20260510_221913_289.png,100,80,2.379,0
orange_pos_001749_20260510_221913_289.png,120,80,3.868,0
orange_pos_001749_20260510_221913_289.png,140,80,13.332,0
orange_pos_001749_20260510_221913_289.png,0,100,1.061,0
orange_pos_001749_20260510_221913_289.png,20,100,3.608,0
orange_pos_001749_20260510_221913_289.png,40,100,25.074,0
orange_pos_001749_20260510_221913_289.png,60,100,16.263,0
orange_pos_001749_20260510_221913_289.png,80,100,9.014,0
orange_pos_001749_20260510_221913_289.png,100,100,6.436,0
orange_pos_001749_20260510_221913_289.png,120,100,12.664,0
orange_pos_001749_20260510_221913_289.png,140,100,15.866,0
orange_pos_001750_20260510_221913_704.png,0,0,6.442,0
orange_pos_001750_20260510_221913_704.png,20,0,0.614,0
orange_pos_001750_20260510_221913_704.png,40,0,1.293,0
orange_pos_001750_20260510_221913_704.png,60,0,1.023,0
orange_pos_001750_20260510_221913_704.png,80,0,0.614,0
orange_pos_001750_20260510_221913_704.png,100,0,0.614,0
orange_pos_001750_20260510_221913_704.png,120,0,0.614,0
orange_pos_001750_20260510_221913_704.png,140,0,0.614,0
orange_pos_001750_20260510_221913_704.png,0,20,13.758,0
orange_pos_001750_20260510_221913_704.png,20,20,0.614,0
orange_pos_001750_20260510_221913_704.png,40,20,0.914,0
orange_pos_001750_20260510_221913_704.png,60,20,1.151,0
orange_pos_001750_20260510_221913_704.png,80,20,0.616,0
orange_pos_001750_20260510_221913_704.png,100,20,0.614,0
orange_pos_001750_20260510_221913_704.png,120,20,0.614,0
orange_pos_001750_20260510_221913_704.png,140,20,0.614,0
orange_pos_001750_20260510_221913_704.png,0,40,0.614,0
orange_pos_001750_20260510_221913_704.png,20,40,0.614,0
orange_pos_001750_20260510_221913_704.png,40,40,2.979,0
orange_pos_001750_20260510_221913_704.png,60,40,1.883,0
orange_pos_001750_20260510_221913_704.png,80,40,0.614,0
orange_pos_001750_20260510_221913_704.png,100,40,0.614,0
orange_pos_001750_20260510_221913_704.png,120,40,0.614,0
orange_pos_001750_20260510_221913_704.png,140,40,0.614,0
orange_pos_001750_20260510_221913_704.png,0,60,0.735,0
orange_pos_001750_20260510_221913_704.png,20,60,0.614,0
orange_pos_001750_20260510_221913_704.png,40,60,2.072,0
orange_pos_001750_20260510_221913_704.png,60,60,37.266,0
orange_pos_001750_20260510_221913_704.png,80,60,51.706,0
orange_pos_001750_20260510_221913_704.png,100,60,0.614,0
orange_pos_001750_20260510_221913_704.png,120,60,0.614,0
orange_pos_001750_20260510_221913_704.png,140,60,0.614,0
orange_pos_001750_20260510_221913_704.png,0,80,0.614,0
orange_pos_001750_20260510_221913_704.png,20,80,0.614,0
orange_pos_001750_20260510_221913_704.png,40,80,0.680,0
orange_pos_001750_20260510_221913_704.png,60,80,99.325,1
orange_pos_001750_20260510_221913_704.png,80,80,109.261,1
orange_pos_001750_20260510_221913_704.png,100,80,0.614,0
orange_pos_001750_20260510_221913_704.png,120,80,0.614,0
orange_pos_001750_20260510_221913_704.png,140,80,0.614,0
orange_pos_001750_20260510_221913_704.png,0,100,0.614,0
orange_pos_001750_20260510_221913_704.png,20,100,0.614,0
orange_pos_001750_20260510_221913_704.png,40,100,0.657,0
orange_pos_001750_20260510_221913_704.png,60,100,0.662,0
orange_pos_001750_20260510_221913_704.png,80,100,0.614,0
orange_pos_001750_20260510_221913_704.png,100,100,0.614,0
orange_pos_001750_20260510_221913_704.png,120,100,0.614,0
orange_pos_001750_20260510_221913_704.png,140,100,0.614,0
orange_pos_001751_20260510_221917_803.png,0,0,18.006,0
orange_pos_001751_20260510_221917_803.png,20,0,0.614,0
orange_pos_001751_20260510_221917_803.png,40,0,10.986,0
orange_pos_001751_20260510_221917_803.png,60,0,19.008,0
orange_pos_001751_20260510_221917_803.png,80,0,23.113,0
orange_pos_001751_20260510_221917_803.png,100,0,22.134,0
orange_pos_001751_20260510_221917_803.png,120,0,1.610,0
orange_pos_001751_20260510_221917_803.png,140,0,3.230,0
orange_pos_001751_20260510_221917_803.png,0,20,18.929,0
orange_pos_001751_20260510_221917_803.png,20,20,0.614,0
orange_pos_001751_20260510_221917_803.png,40,20,11.401,0
orange_pos_001751_20260510_221917_803.png,60,20,11.933,0
orange_pos_001751_20260510_221917_803.png,80,20,51.603,0
orange_pos_001751_20260510_221917_803.png,100,20,43.620,0
orange_pos_001751_20260510_221917_803.png,120,20,0.642,0
orange_pos_001751_20260510_221917_803.png,140,20,3.649,0
orange_pos_001751_20260510_221917_803.png,0,40,0.868,0
orange_pos_001751_20260510_221917_803.png,20,40,0.614,0
orange_pos_001751_20260510_221917_803.png,40,40,11.861,0
orange_pos_001751_20260510_221917_803.png,60,40,10.362,0
orange_pos_001751_20260510_221917_803.png,80,40,0.614,0
orange_pos_001751_20260510_221917_803.png,100,40,0.615,0
orange_pos_001751_20260510_221917_803.png,120,40,0.628,0
orange_pos_001751_20260510_221917_803.png,140,40,6.399,0
orange_pos_001751_20260510_221917_803.png,0,60,1.130,0
orange_pos_001751_20260510_221917_803.png,20,60,0.614,0
orange_pos_001751_20260510_221917_803.png,40,60,16.734,0
orange_pos_001751_20260510_221917_803.png,60,60,12.279,0
orange_pos_001751_20260510_221917_803.png,80,60,0.711,0
orange_pos_001751_20260510_221917_803.png,100,60,0.619,0
orange_pos_001751_20260510_221917_803.png,120,60,1.517,0
orange_pos_001751_20260510_221917_803.png,140,60,8.136,0
orange_pos_001751_20260510_221917_803.png,0,80,0.718,0
orange_pos_001751_20260510_221917_803.png,20,80,0.614,0
orange_pos_001751_20260510_221917_803.png,40,80,7.629,0
orange_pos_001751_20260510_221917_803.png,60,80,4.682,0
orange_pos_001751_20260510_221917_803.png,80,80,0.614,0
orange_pos_001751_20260510_221917_803.png,100,80,0.685,0
orange_pos_001751_20260510_221917_803.png,120,80,2.222,0
orange_pos_001751_20260510_221917_803.png,140,80,2.274,0
orange_pos_001751_20260510_221917_803.png,0,100,0.688,0
orange_pos_001751_20260510_221917_803.png,20,100,0.847,0
orange_pos_001751_20260510_221917_803.png,40,100,8.976,0
orange_pos_001751_20260510_221917_803.png,60,100,4.916,0
orange_pos_001751_20260510_221917_803.png,80,100,0.627,0
orange_pos_001751_20260510_221917_803.png,100,100,0.893,0
orange_pos_001751_20260510_221917_803.png,120,100,1.781,0
orange_pos_001751_20260510_221917_803.png,140,100,2.540,0
orange_pos_001752_20260510_221918_181.png,0,0,49.057,0
orange_pos_001752_20260510_221918_181.png,20,0,2.812,0
orange_pos_001752_20260510_221918_181.png,40,0,31.462,0
orange_pos_001752_20260510_221918_181.png,60,0,51.154,0
orange_pos_001752_20260510_221918_181.png,80,0,72.893,1
orange_pos_001752_20260510_221918_181.png,100,0,80.570,1
orange_pos_001752_20260510_221918_181.png,120,0,23.667,0
orange_pos_001752_20260510_221918_181.png,140,0,19.212,0
orange_pos_001752_20260510_221918_181.png,0,20,37.175,0
orange_pos_001752_20260510_221918_181.png,20,20,1.480,0
orange_pos_001752_20260510_221918_181.png,40,20,38.408,0
orange_pos_001752_20260510_221918_181.png,60,20,48.316,0
orange_pos_001752_20260510_221918_181.png,80,20,79.462,1
orange_pos_001752_20260510_221918_181.png,100,20,84.846,1
orange_pos_001752_20260510_221918_181.png,120,20,14.782,0
orange_pos_001752_20260510_221918_181.png,140,20,36.476,0
orange_pos_001752_20260510_221918_181.png,0,40,2.027,0
orange_pos_001752_20260510_221918_181.png,20,40,1.990,0
orange_pos_001752_20260510_221918_181.png,40,40,42.253,0
orange_pos_001752_20260510_221918_181.png,60,40,39.404,0
orange_pos_001752_20260510_221918_181.png,80,40,1.840,0
orange_pos_001752_20260510_221918_181.png,100,40,0.747,0
orange_pos_001752_20260510_221918_181.png,120,40,2.126,0
orange_pos_001752_20260510_221918_181.png,140,40,31.864,0
orange_pos_001752_20260510_221918_181.png,0,60,1.869,0
orange_pos_001752_20260510_221918_181.png,20,60,0.615,0
orange_pos_001752_20260510_221918_181.png,40,60,42.876,0
orange_pos_001752_20260510_221918_181.png,60,60,35.144,0
orange_pos_001752_20260510_221918_181.png,80,60,4.311,0
orange_pos_001752_20260510_221918_181.png,100,60,1.032,0
orange_pos_001752_20260510_221918_181.png,120,60,8.867,0
orange_pos_001752_20260510_221918_181.png,140,60,30.260,0
orange_pos_001752_20260510_221918_181.png,0,80,2.399,0
orange_pos_001752_20260510_221918_181.png,20,80,1.179,0
orange_pos_001752_20260510_221918_181.png,40,80,38.207,0
orange_pos_001752_20260510_221918_181.png,60,80,24.651,0
orange_pos_001752_20260510_221918_181.png,80,80,6.741,0
orange_pos_001752_20260510_221918_181.png,100,80,10.978,0
orange_pos_001752_20260510_221918_181.png,120,80,17.255,0
orange_pos_001752_20260510_221918_181.png,140,80,27.102,0
orange_pos_001752_20260510_221918_181.png,0,100,1.616,0
orange_pos_001752_20260510_221918_181.png,20,100,6.094,0
orange_pos_001752_20260510_221918_181.png,40,100,39.331,0
orange_pos_001752_20260510_221918_181.png,60,100,26.322,0
orange_pos_001752_20260510_221918_181.png,80,100,12.579,0
orange_pos_001752_20260510_221918_181.png,100,100,16.749,0
orange_pos_001752_20260510_221918_181.png,120,100,21.158,0
orange_pos_001752_20260510_221918_181.png,140,100,26.415,0
orange_pos_001753_20260510_221920_182.png,0,0,25.312,0
orange_pos_001753_20260510_221920_182.png,20,0,1.022,0
orange_pos_001753_20260510_221920_182.png,40,0,12.134,0
orange_pos_001753_20260510_221920_182.png,60,0,73.933,1
orange_pos_001753_20260510_221920_182.png,80,0,107.200,1
orange_pos_001753_20260510_221920_182.png,100,0,3.787,0
orange_pos_001753_20260510_221920_182.png,120,0,3.341,0
orange_pos_001753_20260510_221920_182.png,140,0,7.672,0
orange_pos_001753_20260510_221920_182.png,0,20,21.745,0
orange_pos_001753_20260510_221920_182.png,20,20,1.306,0
orange_pos_001753_20260510_221920_182.png,40,20,18.200,0
orange_pos_001753_20260510_221920_182.png,60,20,37.367,0
orange_pos_001753_20260510_221920_182.png,80,20,65.517,1
orange_pos_001753_20260510_221920_182.png,100,20,1.111,0
orange_pos_001753_20260510_221920_182.png,120,20,1.267,0
orange_pos_001753_20260510_221920_182.png,140,20,12.535,0
orange_pos_001753_20260510_221920_182.png,0,40,0.947,0
orange_pos_001753_20260510_221920_182.png,20,40,1.587,0
orange_pos_001753_20260510_221920_182.png,40,40,15.266,0
orange_pos_001753_20260510_221920_182.png,60,40,14.479,0
orange_pos_001753_20260510_221920_182.png,80,40,0.614,0
orange_pos_001753_20260510_221920_182.png,100,40,0.614,0
orange_pos_001753_20260510_221920_182.png,120,40,0.614,0
orange_pos_001753_20260510_221920_182.png,140,40,8.081,0
orange_pos_001753_20260510_221920_182.png,0,60,0.985,0
orange_pos_001753_20260510_221920_182.png,20,60,0.685,0
orange_pos_001753_20260510_221920_182.png,40,60,21.616,0
orange_pos_001753_20260510_221920_182.png,60,60,15.502,0
orange_pos_001753_20260510_221920_182.png,80,60,0.990,0
orange_pos_001753_20260510_221920_182.png,100,60,0.614,0
orange_pos_001753_20260510_221920_182.png,120,60,1.112,0
orange_pos_001753_20260510_221920_182.png,140,60,8.732,0
orange_pos_001753_20260510_221920_182.png,0,80,1.257,0
orange_pos_001753_20260510_221920_182.png,20,80,1.178,0
orange_pos_001753_20260510_221920_182.png,40,80,19.277,0
orange_pos_001753_20260510_221920_182.png,60,80,12.528,0
orange_pos_001753_20260510_221920_182.png,80,80,0.638,0
orange_pos_001753_20260510_221920_182.png,100,80,2.249,0
orange_pos_001753_20260510_221920_182.png,120,80,5.351,0
orange_pos_001753_20260510_221920_182.png,140,80,10.164,0
orange_pos_001753_20260510_221920_182.png,0,100,0.767,0
orange_pos_001753_20260510_221920_182.png,20,100,2.419,0
orange_pos_001753_20260510_221920_182.png,40,100,14.399,0
orange_pos_001753_20260510_221920_182.png,60,100,7.734,0
orange_pos_001753_20260510_221920_182.png,80,100,3.016,0
orange_pos_001753_20260510_221920_182.png,100,100,3.831,0
orange_pos_001753_20260510_221920_182.png,120,100,5.323,0
orange_pos_001753_20260510_221920_182.png,140,100,6.872,0
orange_pos_001754_20260510_221920_576.png,0,0,25.312,0
orange_pos_001754_20260510_221920_576.png,20,0,1.022,0
orange_pos_001754_20260510_221920_576.png,40,0,12.134,0
orange_pos_001754_20260510_221920_576.png,60,0,73.933,1
orange_pos_001754_20260510_221920_576.png,80,0,107.200,1
orange_pos_001754_20260510_221920_576.png,100,0,3.787,0
orange_pos_001754_20260510_221920_576.png,120,0,3.341,0
orange_pos_001754_20260510_221920_576.png,140,0,7.672,0
orange_pos_001754_20260510_221920_576.png,0,20,21.745,0
orange_pos_001754_20260510_221920_576.png,20,20,1.306,0
orange_pos_001754_20260510_221920_576.png,40,20,18.200,0
orange_pos_001754_20260510_221920_576.png,60,20,37.367,0
orange_pos_001754_20260510_221920_576.png,80,20,65.517,1
orange_pos_001754_20260510_221920_576.png,100,20,1.111,0
orange_pos_001754_20260510_221920_576.png,120,20,1.267,0
orange_pos_001754_20260510_221920_576.png,140,20,12.535,0
orange_pos_001754_20260510_221920_576.png,0,40,0.947,0
orange_pos_001754_20260510_221920_576.png,20,40,1.587,0
orange_pos_001754_20260510_221920_576.png,40,40,15.266,0
orange_pos_001754_20260510_221920_576.png,60,40,14.479,0
orange_pos_001754_20260510_221920_576.png,80,40,0.614,0
orange_pos_001754_20260510_221920_576.png,100,40,0.614,0
orange_pos_001754_20260510_221920_576.png,120,40,0.614,0
orange_pos_001754_20260510_221920_576.png,140,40,8.081,0
orange_pos_001754_20260510_221920_576.png,0,60,0.985,0
orange_pos_001754_20260510_221920_576.png,20,60,0.685,0
orange_pos_001754_20260510_221920_576.png,40,60,21.616,0
orange_pos_001754_20260510_221920_576.png,60,60,15.502,0
orange_pos_001754_20260510_221920_576.png,80,60,0.990,0
orange_pos_001754_20260510_221920_576.png,100,60,0.614,0
orange_pos_001754_20260510_221920_576.png,120,60,1.112,0
orange_pos_001754_20260510_221920_576.png,140,60,8.732,0
orange_pos_001754_20260510_221920_576.png,0,80,1.257,0
orange_pos_001754_20260510_221920_576.png,20,80,1.178,0
orange_pos_001754_20260510_221920_576.png,40,80,19.277,0
orange_pos_001754_20260510_221920_576.png,60,80,12.528,0
orange_pos_001754_20260510_221920_576.png,80,80,0.638,0
orange_pos_001754_20260510_221920_576.png,100,80,2.249,0
orange_pos_001754_20260510_221920_576.png,120,80,5.351,0
orange_pos_001754_20260510_221920_576.png,140,80,10.164,0
orange_pos_001754_20260510_221920_576.png,0,100,0.767,0
orange_pos_001754_20260510_221920_576.png,20,100,2.419,0
orange_pos_001754_20260510_221920_576.png,40,100,14.399,0
orange_pos_001754_20260510_221920_576.png,60,100,7.734,0
orange_pos_001754_20260510_221920_576.png,80,100,3.016,0
orange_pos_001754_20260510_221920_576.png,100,100,3.831,0
orange_pos_001754_20260510_221920_576.png,120,100,5.323,0
orange_pos_001754_20260510_221920_576.png,140,100,6.872,0
orange_pos_001755_20260510_221924_595.png,0,0,52.007,0
orange_pos_001755_20260510_221924_595.png,20,0,3.477,0
orange_pos_001755_20260510_221924_595.png,40,0,29.831,0
orange_pos_001755_20260510_221924_595.png,60,0,53.167,0
orange_pos_001755_20260510_221924_595.png,80,0,36.560,0
orange_pos_001755_20260510_221924_595.png,100,0,36.387,0
orange_pos_001755_20260510_221924_595.png,120,0,32.711,0
orange_pos_001755_20260510_221924_595.png,140,0,20.796,0
orange_pos_001755_20260510_221924_595.png,0,20,33.162,0
orange_pos_001755_20260510_221924_595.png,20,20,3.891,0
orange_pos_001755_20260510_221924_595.png,40,20,45.112,0
orange_pos_001755_20260510_221924_595.png,60,20,91.219,1
orange_pos_001755_20260510_221924_595.png,80,20,9.810,0
orange_pos_001755_20260510_221924_595.png,100,20,7.987,0
orange_pos_001755_20260510_221924_595.png,120,20,25.133,0
orange_pos_001755_20260510_221924_595.png,140,20,19.846,0
orange_pos_001755_20260510_221924_595.png,0,40,1.525,0
orange_pos_001755_20260510_221924_595.png,20,40,2.118,0
orange_pos_001755_20260510_221924_595.png,40,40,174.204,1
orange_pos_001755_20260510_221924_595.png,60,40,255.000,1
orange_pos_001755_20260510_221924_595.png,80,40,20.731,0
orange_pos_001755_20260510_221924_595.png,100,40,14.573,0
orange_pos_001755_20260510_221924_595.png,120,40,12.284,0
orange_pos_001755_20260510_221924_595.png,140,40,24.164,0
orange_pos_001755_20260510_221924_595.png,0,60,2.069,0
orange_pos_001755_20260510_221924_595.png,20,60,1.247,0
orange_pos_001755_20260510_221924_595.png,40,60,48.112,0
orange_pos_001755_20260510_221924_595.png,60,60,74.701,1
orange_pos_001755_20260510_221924_595.png,80,60,9.710,0
orange_pos_001755_20260510_221924_595.png,100,60,9.924,0
orange_pos_001755_20260510_221924_595.png,120,60,17.385,0
orange_pos_001755_20260510_221924_595.png,140,60,35.076,0
orange_pos_001755_20260510_221924_595.png,0,80,2.958,0
orange_pos_001755_20260510_221924_595.png,20,80,2.297,0
orange_pos_001755_20260510_221924_595.png,40,80,38.916,0
orange_pos_001755_20260510_221924_595.png,60,80,28.549,0
orange_pos_001755_20260510_221924_595.png,80,80,7.946,0
orange_pos_001755_20260510_221924_595.png,100,80,13.674,0
orange_pos_001755_20260510_221924_595.png,120,80,19.377,0
orange_pos_001755_20260510_221924_595.png,140,80,25.562,0
orange_pos_001755_20260510_221924_595.png,0,100,1.662,0
orange_pos_001755_20260510_221924_595.png,20,100,7.050,0
orange_pos_001755_20260510_221924_595.png,40,100,51.016,0
orange_pos_001755_20260510_221924_595.png,60,100,37.296,0
orange_pos_001755_20260510_221924_595.png,80,100,21.642,0
orange_pos_001755_20260510_221924_595.png,100,100,24.302,0
orange_pos_001755_20260510_221924_595.png,120,100,28.952,0
orange_pos_001755_20260510_221924_595.png,140,100,39.299,0
orange_pos_001756_20260510_221926_486.png,0,0,16.462,0
orange_pos_001756_20260510_221926_486.png,20,0,0.623,0
orange_pos_001756_20260510_221926_486.png,40,0,8.427,0
orange_pos_001756_20260510_221926_486.png,60,0,17.598,0
orange_pos_001756_20260510_221926_486.png,80,0,6.697,0
orange_pos_001756_20260510_221926_486.png,100,0,5.300,0
orange_pos_001756_20260510_221926_486.png,120,0,4.382,0
orange_pos_001756_20260510_221926_486.png,140,0,4.314,0
orange_pos_001756_20260510_221926_486.png,0,20,28.490,0
orange_pos_001756_20260510_221926_486.png,20,20,0.801,0
orange_pos_001756_20260510_221926_486.png,40,20,14.083,0
orange_pos_001756_20260510_221926_486.png,60,20,18.059,0
orange_pos_001756_20260510_221926_486.png,80,20,3.327,0
orange_pos_001756_20260510_221926_486.png,100,20,0.614,0
orange_pos_001756_20260510_221926_486.png,120,20,4.245,0
orange_pos_001756_20260510_221926_486.png,140,20,7.658,0
orange_pos_001756_20260510_221926_486.png,0,40,1.491,0
orange_pos_001756_20260510_221926_486.png,20,40,0.711,0
orange_pos_001756_20260510_221926_486.png,40,40,59.841,0
orange_pos_001756_20260510_221926_486.png,60,40,152.974,1
orange_pos_001756_20260510_221926_486.png,80,40,9.579,0
orange_pos_001756_20260510_221926_486.png,100,40,1.646,0
orange_pos_001756_20260510_221926_486.png,120,40,7.068,0
orange_pos_001756_20260510_221926_486.png,140,40,23.656,0
orange_pos_001756_20260510_221926_486.png,0,60,1.056,0
orange_pos_001756_20260510_221926_486.png,20,60,0.614,0
orange_pos_001756_20260510_221926_486.png,40,60,110.100,1
orange_pos_001756_20260510_221926_486.png,60,60,255.000,1
orange_pos_001756_20260510_221926_486.png,80,60,16.393,0
orange_pos_001756_20260510_221926_486.png,100,60,0.933,0
orange_pos_001756_20260510_221926_486.png,120,60,4.266,0
orange_pos_001756_20260510_221926_486.png,140,60,8.184,0
orange_pos_001756_20260510_221926_486.png,0,80,1.234,0
orange_pos_001756_20260510_221926_486.png,20,80,0.614,0
orange_pos_001756_20260510_221926_486.png,40,80,13.215,0
orange_pos_001756_20260510_221926_486.png,60,80,1.975,0
orange_pos_001756_20260510_221926_486.png,80,80,0.614,0
orange_pos_001756_20260510_221926_486.png,100,80,1.273,0
orange_pos_001756_20260510_221926_486.png,120,80,2.861,0
orange_pos_001756_20260510_221926_486.png,140,80,9.241,0
orange_pos_001756_20260510_221926_486.png,0,100,0.804,0
orange_pos_001756_20260510_221926_486.png,20,100,1.542,0
orange_pos_001756_20260510_221926_486.png,40,100,6.976,0
orange_pos_001756_20260510_221926_486.png,60,100,4.195,0
orange_pos_001756_20260510_221926_486.png,80,100,1.412,0
orange_pos_001756_20260510_221926_486.png,100,100,1.624,0
orange_pos_001756_20260510_221926_486.png,120,100,2.412,0
orange_pos_001756_20260510_221926_486.png,140,100,3.420,0
orange_pos_001757_20260510_221927_060.png,0,0,57.991,0
orange_pos_001757_20260510_221927_060.png,20,0,2.099,0
orange_pos_001757_20260510_221927_060.png,40,0,41.514,0
orange_pos_001757_20260510_221927_060.png,60,0,71.639,1
orange_pos_001757_20260510_221927_060.png,80,0,43.981,0
orange_pos_001757_20260510_221927_060.png,100,0,33.681,0
orange_pos_001757_20260510_221927_060.png,120,0,39.870,0
orange_pos_001757_20260510_221927_060.png,140,0,49.488,0
orange_pos_001757_20260510_221927_060.png,0,20,32.988,0
orange_pos_001757_20260510_221927_060.png,20,20,2.870,0
orange_pos_001757_20260510_221927_060.png,40,20,40.001,0
orange_pos_001757_20260510_221927_060.png,60,20,49.072,0
orange_pos_001757_20260510_221927_060.png,80,20,10.105,0
orange_pos_001757_20260510_221927_060.png,100,20,1.555,0
orange_pos_001757_20260510_221927_060.png,120,20,21.472,0
orange_pos_001757_20260510_221927_060.png,140,20,42.585,0
orange_pos_001757_20260510_221927_060.png,0,40,2.342,0
orange_pos_001757_20260510_221927_060.png,20,40,2.581,0
orange_pos_001757_20260510_221927_060.png,40,40,51.727,0
orange_pos_001757_20260510_221927_060.png,60,40,137.104,1
orange_pos_001757_20260510_221927_060.png,80,40,92.483,1
orange_pos_001757_20260510_221927_060.png,100,40,12.953,0
orange_pos_001757_20260510_221927_060.png,120,40,28.683,0
orange_pos_001757_20260510_221927_060.png,140,40,62.734,0
orange_pos_001757_20260510_221927_060.png,0,60,2.391,0
orange_pos_001757_20260510_221927_060.png,20,60,0.752,0
orange_pos_001757_20260510_221927_060.png,40,60,44.293,0
orange_pos_001757_20260510_221927_060.png,60,60,252.361,1
orange_pos_001757_20260510_221927_060.png,80,60,180.160,1
orange_pos_001757_20260510_221927_060.png,100,60,26.398,0
orange_pos_001757_20260510_221927_060.png,120,60,13.892,0
orange_pos_001757_20260510_221927_060.png,140,60,39.011,0
orange_pos_001757_20260510_221927_060.png,0,80,3.152,0
orange_pos_001757_20260510_221927_060.png,20,80,1.023,0
orange_pos_001757_20260510_221927_060.png,40,80,41.091,0
orange_pos_001757_20260510_221927_060.png,60,80,27.940,0
orange_pos_001757_20260510_221927_060.png,80,80,4.515,0
orange_pos_001757_20260510_221927_060.png,100,80,9.248,0
orange_pos_001757_20260510_221927_060.png,120,80,18.436,0
orange_pos_001757_20260510_221927_060.png,140,80,26.933,0
orange_pos_001757_20260510_221927_060.png,0,100,1.708,0
orange_pos_001757_20260510_221927_060.png,20,100,8.220,0
orange_pos_001757_20260510_221927_060.png,40,100,56.074,0
orange_pos_001757_20260510_221927_060.png,60,100,39.227,0
orange_pos_001757_20260510_221927_060.png,80,100,20.317,0
orange_pos_001757_20260510_221927_060.png,100,100,25.077,0
orange_pos_001757_20260510_221927_060.png,120,100,33.715,0
orange_pos_001757_20260510_221927_060.png,140,100,40.491,0
orange_pos_001758_20260510_221928_932.png,0,0,62.160,0
orange_pos_001758_20260510_221928_932.png,20,0,5.248,0
orange_pos_001758_20260510_221928_932.png,40,0,37.786,0
orange_pos_001758_20260510_221928_932.png,60,0,66.584,1
orange_pos_001758_20260510_221928_932.png,80,0,41.426,0
orange_pos_001758_20260510_221928_932.png,100,0,30.226,0
orange_pos_001758_20260510_221928_932.png,120,0,33.114,0
orange_pos_001758_20260510_221928_932.png,140,0,44.748,0
orange_pos_001758_20260510_221928_932.png,0,20,47.602,0
orange_pos_001758_20260510_221928_932.png,20,20,9.963,0
orange_pos_001758_20260510_221928_932.png,40,20,45.536,0
orange_pos_001758_20260510_221928_932.png,60,20,55.749,0
orange_pos_001758_20260510_221928_932.png,80,20,15.796,0
orange_pos_001758_20260510_221928_932.png,100,20,1.449,0
orange_pos_001758_20260510_221928_932.png,120,20,11.580,0
orange_pos_001758_20260510_221928_932.png,140,20,49.003,0
orange_pos_001758_20260510_221928_932.png,0,40,2.820,0
orange_pos_001758_20260510_221928_932.png,20,40,4.436,0
orange_pos_001758_20260510_221928_932.png,40,40,45.920,0
orange_pos_001758_20260510_221928_932.png,60,40,43.601,0
orange_pos_001758_20260510_221928_932.png,80,40,2.714,0
orange_pos_001758_20260510_221928_932.png,100,40,16.917,0
orange_pos_001758_20260510_221928_932.png,120,40,25.651,0
orange_pos_001758_20260510_221928_932.png,140,40,44.561,0
orange_pos_001758_20260510_221928_932.png,0,60,1.862,0
orange_pos_001758_20260510_221928_932.png,20,60,2.094,0
orange_pos_001758_20260510_221928_932.png,40,60,46.552,0
orange_pos_001758_20260510_221928_932.png,60,60,38.728,0
orange_pos_001758_20260510_221928_932.png,80,60,9.499,0
orange_pos_001758_20260510_221928_932.png,100,60,149.530,1
orange_pos_001758_20260510_221928_932.png,120,60,99.400,1
orange_pos_001758_20260510_221928_932.png,140,60,41.429,0
orange_pos_001758_20260510_221928_932.png,0,80,2.562,0
orange_pos_001758_20260510_221928_932.png,20,80,2.683,0
orange_pos_001758_20260510_221928_932.png,40,80,47.009,0
orange_pos_001758_20260510_221928_932.png,60,80,32.614,0
orange_pos_001758_20260510_221928_932.png,80,80,7.637,0
orange_pos_001758_20260510_221928_932.png,100,80,35.652,0
orange_pos_001758_20260510_221928_932.png,120,80,36.062,0
orange_pos_001758_20260510_221928_932.png,140,80,31.860,0
orange_pos_001758_20260510_221928_932.png,0,100,1.564,0
orange_pos_001758_20260510_221928_932.png,20,100,7.425,0
orange_pos_001758_20260510_221928_932.png,40,100,48.566,0
orange_pos_001758_20260510_221928_932.png,60,100,34.817,0
orange_pos_001758_20260510_221928_932.png,80,100,17.026,0
orange_pos_001758_20260510_221928_932.png,100,100,23.109,0
orange_pos_001758_20260510_221928_932.png,120,100,30.292,0
orange_pos_001758_20260510_221928_932.png,140,100,36.755,0
orange_pos_001759_20260510_221929_320.png,0,0,33.111,0
orange_pos_001759_20260510_221929_320.png,20,0,5.556,0
orange_pos_001759_20260510_221929_320.png,40,0,27.008,0
orange_pos_001759_20260510_221929_320.png,60,0,44.222,0
orange_pos_001759_20260510_221929_320.png,80,0,19.761,0
orange_pos_001759_20260510_221929_320.png,100,0,10.807,0
orange_pos_001759_20260510_221929_320.png,120,0,11.856,0
orange_pos_001759_20260510_221929_320.png,140,0,23.960,0
orange_pos_001759_20260510_221929_320.png,0,20,29.594,0
orange_pos_001759_20260510_221929_320.png,20,20,2.087,0
orange_pos_001759_20260510_221929_320.png,40,20,21.931,0
orange_pos_001759_20260510_221929_320.png,60,20,23.380,0
orange_pos_001759_20260510_221929_320.png,80,20,2.228,0
orange_pos_001759_20260510_221929_320.png,100,20,0.614,0
orange_pos_001759_20260510_221929_320.png,120,20,0.712,0
orange_pos_001759_20260510_221929_320.png,140,20,14.075,0
orange_pos_001759_20260510_221929_320.png,0,40,2.204,0
orange_pos_001759_20260510_221929_320.png,20,40,2.229,0
orange_pos_001759_20260510_221929_320.png,40,40,33.966,0
orange_pos_001759_20260510_221929_320.png,60,40,27.264,0
orange_pos_001759_20260510_221929_320.png,80,40,0.624,0
orange_pos_001759_20260510_221929_320.png,100,40,5.238,0
orange_pos_001759_20260510_221929_320.png,120,40,14.291,0
orange_pos_001759_20260510_221929_320.png,140,40,28.531,0
orange_pos_001759_20260510_221929_320.png,0,60,1.720,0
orange_pos_001759_20260510_221929_320.png,20,60,1.732,0
orange_pos_001759_20260510_221929_320.png,40,60,24.045,0
orange_pos_001759_20260510_221929_320.png,60,60,17.016,0
orange_pos_001759_20260510_221929_320.png,80,60,0.979,0
orange_pos_001759_20260510_221929_320.png,100,60,82.559,1
orange_pos_001759_20260510_221929_320.png,120,60,90.511,1
orange_pos_001759_20260510_221929_320.png,140,60,20.791,0
orange_pos_001759_20260510_221929_320.png,0,80,2.000,0
orange_pos_001759_20260510_221929_320.png,20,80,2.016,0
orange_pos_001759_20260510_221929_320.png,40,80,31.606,0
orange_pos_001759_20260510_221929_320.png,60,80,21.808,0
orange_pos_001759_20260510_221929_320.png,80,80,1.083,0
orange_pos_001759_20260510_221929_320.png,100,80,22.063,0
orange_pos_001759_20260510_221929_320.png,120,80,41.682,0
orange_pos_001759_20260510_221929_320.png,140,80,27.873,0
orange_pos_001759_20260510_221929_320.png,0,100,0.983,0
orange_pos_001759_20260510_221929_320.png,20,100,3.831,0
orange_pos_001759_20260510_221929_320.png,40,100,24.692,0
orange_pos_001759_20260510_221929_320.png,60,100,15.791,0
orange_pos_001759_20260510_221929_320.png,80,100,4.296,0
orange_pos_001759_20260510_221929_320.png,100,100,4.710,0
orange_pos_001759_20260510_221929_320.png,120,100,7.318,0
orange_pos_001759_20260510_221929_320.png,140,100,12.100,0
orange_pos_001760_20260510_221935_932.png,0,0,21.608,0
orange_pos_001760_20260510_221935_932.png,20,0,2.131,0
orange_pos_001760_20260510_221935_932.png,40,0,13.355,0
orange_pos_001760_20260510_221935_932.png,60,0,23.546,0
orange_pos_001760_20260510_221935_932.png,80,0,6.771,0
orange_pos_001760_20260510_221935_932.png,100,0,3.446,0
orange_pos_001760_20260510_221935_932.png,120,0,2.854,0
orange_pos_001760_20260510_221935_932.png,140,0,8.481,0
orange_pos_001760_20260510_221935_932.png,0,20,23.953,0
orange_pos_001760_20260510_221935_932.png,20,20,0.614,0
orange_pos_001760_20260510_221935_932.png,40,20,11.924,0
orange_pos_001760_20260510_221935_932.png,60,20,12.061,0
orange_pos_001760_20260510_221935_932.png,80,20,1.122,0
orange_pos_001760_20260510_221935_932.png,100,20,0.614,0
orange_pos_001760_20260510_221935_932.png,120,20,0.614,0
orange_pos_001760_20260510_221935_932.png,140,20,3.778,0
orange_pos_001760_20260510_221935_932.png,0,40,1.030,0
orange_pos_001760_20260510_221935_932.png,20,40,0.656,0
orange_pos_001760_20260510_221935_932.png,40,40,17.997,0
orange_pos_001760_20260510_221935_932.png,60,40,13.308,0
orange_pos_001760_20260510_221935_932.png,80,40,0.614,0
orange_pos_001760_20260510_221935_932.png,100,40,0.614,0
orange_pos_001760_20260510_221935_932.png,120,40,0.614,0
orange_pos_001760_20260510_221935_932.png,140,40,7.897,0
orange_pos_001760_20260510_221935_932.png,0,60,1.289,0
orange_pos_001760_20260510_221935_932.png,20,60,0.807,0
orange_pos_001760_20260510_221935_932.png,40,60,19.516,0
orange_pos_001760_20260510_221935_932.png,60,60,14.176,0
orange_pos_001760_20260510_221935_932.png,80,60,0.706,0
orange_pos_001760_20260510_221935_932.png,100,60,0.614,0
orange_pos_001760_20260510_221935_932.png,120,60,0.681,0
orange_pos_001760_20260510_221935_932.png,140,60,4.469,0
orange_pos_001760_20260510_221935_932.png,0,80,0.704,0
orange_pos_001760_20260510_221935_932.png,20,80,0.615,0
orange_pos_001760_20260510_221935_932.png,40,80,15.101,0
orange_pos_001760_20260510_221935_932.png,60,80,7.981,0
orange_pos_001760_20260510_221935_932.png,80,80,0.614,0
orange_pos_001760_20260510_221935_932.png,100,80,1.412,0
orange_pos_001760_20260510_221935_932.png,120,80,0.646,0
orange_pos_001760_20260510_221935_932.png,140,80,0.839,0
orange_pos_001760_20260510_221935_932.png,0,100,1.247,0
orange_pos_001760_20260510_221935_932.png,20,100,2.980,0
orange_pos_001760_20260510_221935_932.png,40,100,21.642,0
orange_pos_001760_20260510_221935_932.png,60,100,12.463,0
orange_pos_001760_20260510_221935_932.png,80,100,12.616,0
orange_pos_001760_20260510_221935_932.png,100,100,129.101,1
orange_pos_001760_20260510_221935_932.png,120,100,24.628,0
orange_pos_001760_20260510_221935_932.png,140,100,11.056,0
orange_pos_001761_20260510_221937_976.png,0,0,45.437,0
orange_pos_001761_20260510_221937_976.png,20,0,2.836,0
orange_pos_001761_20260510_221937_976.png,40,0,25.580,0
orange_pos_001761_20260510_221937_976.png,60,0,42.116,0
orange_pos_001761_20260510_221937_976.png,80,0,25.106,0
orange_pos_001761_20260510_221937_976.png,100,0,16.365,0
orange_pos_001761_20260510_221937_976.png,120,0,18.810,0
orange_pos_001761_20260510_221937_976.png,140,0,23.182,0
orange_pos_001761_20260510_221937_976.png,0,20,28.980,0
orange_pos_001761_20260510_221937_976.png,20,20,1.054,0
orange_pos_001761_20260510_221937_976.png,40,20,21.899,0
orange_pos_001761_20260510_221937_976.png,60,20,26.148,0
orange_pos_001761_20260510_221937_976.png,80,20,2.620,0
orange_pos_001761_20260510_221937_976.png,100,20,0.627,0
orange_pos_001761_20260510_221937_976.png,120,20,1.478,0
orange_pos_001761_20260510_221937_976.png,140,20,11.969,0
orange_pos_001761_20260510_221937_976.png,0,40,0.880,0
orange_pos_001761_20260510_221937_976.png,20,40,1.392,0
orange_pos_001761_20260510_221937_976.png,40,40,27.670,0
orange_pos_001761_20260510_221937_976.png,60,40,21.442,0
orange_pos_001761_20260510_221937_976.png,80,40,0.614,0
orange_pos_001761_20260510_221937_976.png,100,40,0.614,0
orange_pos_001761_20260510_221937_976.png,120,40,0.652,0
orange_pos_001761_20260510_221937_976.png,140,40,5.866,0
orange_pos_001761_20260510_221937_976.png,0,60,1.809,0
orange_pos_001761_20260510_221937_976.png,20,60,0.685,0
orange_pos_001761_20260510_221937_976.png,40,60,33.319,0
orange_pos_001761_20260510_221937_976.png,60,60,23.399,0
orange_pos_001761_20260510_221937_976.png,80,60,4.746,0
orange_pos_001761_20260510_221937_976.png,100,60,1.301,0
orange_pos_001761_20260510_221937_976.png,120,60,1.847,0
orange_pos_001761_20260510_221937_976.png,140,60,14.464,0
orange_pos_001761_20260510_221937_976.png,0,80,1.421,0
orange_pos_001761_20260510_221937_976.png,20,80,0.690,0
orange_pos_001761_20260510_221937_976.png,40,80,26.297,0
orange_pos_001761_20260510_221937_976.png,60,80,111.811,1
orange_pos_001761_20260510_221937_976.png,80,80,198.486,1
orange_pos_001761_20260510_221937_976.png,100,80,5.414,0
orange_pos_001761_20260510_221937_976.png,120,80,2.419,0
orange_pos_001761_20260510_221937_976.png,140,80,15.840,0
orange_pos_001761_20260510_221937_976.png,0,100,1.135,0
orange_pos_001761_20260510_221937_976.png,20,100,5.132,0
orange_pos_001761_20260510_221937_976.png,40,100,33.669,0
orange_pos_001761_20260510_221937_976.png,60,100,36.546,0
orange_pos_001761_20260510_221937_976.png,80,100,62.970,0
orange_pos_001761_20260510_221937_976.png,100,100,11.557,0
orange_pos_001761_20260510_221937_976.png,120,100,17.911,0
orange_pos_001761_20260510_221937_976.png,140,100,23.153,0
orange_pos_001762_20260510_221938_464.png,0,0,45.437,0
orange_pos_001762_20260510_221938_464.png,20,0,2.836,0
orange_pos_001762_20260510_221938_464.png,40,0,25.580,0
orange_pos_001762_20260510_221938_464.png,60,0,42.116,0
orange_pos_001762_20260510_221938_464.png,80,0,25.106,0
orange_pos_001762_20260510_221938_464.png,100,0,16.365,0
orange_pos_001762_20260510_221938_464.png,120,0,18.810,0
orange_pos_001762_20260510_221938_464.png,140,0,23.182,0
orange_pos_001762_20260510_221938_464.png,0,20,28.980,0
orange_pos_001762_20260510_221938_464.png,20,20,1.054,0
orange_pos_001762_20260510_221938_464.png,40,20,21.899,0
orange_pos_001762_20260510_221938_464.png,60,20,26.148,0
orange_pos_001762_20260510_221938_464.png,80,20,2.620,0
orange_pos_001762_20260510_221938_464.png,100,20,0.627,0
orange_pos_001762_20260510_221938_464.png,120,20,1.478,0
orange_pos_001762_20260510_221938_464.png,140,20,11.969,0
orange_pos_001762_20260510_221938_464.png,0,40,0.880,0
orange_pos_001762_20260510_221938_464.png,20,40,1.392,0
orange_pos_001762_20260510_221938_464.png,40,40,27.670,0
orange_pos_001762_20260510_221938_464.png,60,40,21.442,0
orange_pos_001762_20260510_221938_464.png,80,40,0.614,0
orange_pos_001762_20260510_221938_464.png,100,40,0.614,0
orange_pos_001762_20260510_221938_464.png,120,40,0.652,0
orange_pos_001762_20260510_221938_464.png,140,40,5.866,0
orange_pos_001762_20260510_221938_464.png,0,60,1.809,0
orange_pos_001762_20260510_221938_464.png,20,60,0.685,0
orange_pos_001762_20260510_221938_464.png,40,60,33.319,0
orange_pos_001762_20260510_221938_464.png,60,60,23.399,0
orange_pos_001762_20260510_221938_464.png,80,60,4.746,0
orange_pos_001762_20260510_221938_464.png,100,60,1.301,0
orange_pos_001762_20260510_221938_464.png,120,60,1.847,0
orange_pos_001762_20260510_221938_464.png,140,60,14.464,0
orange_pos_001762_20260510_221938_464.png,0,80,1.421,0
orange_pos_001762_20260510_221938_464.png,20,80,0.690,0
orange_pos_001762_20260510_221938_464.png,40,80,26.297,0
orange_pos_001762_20260510_221938_464.png,60,80,111.811,1
orange_pos_001762_20260510_221938_464.png,80,80,198.486,1
orange_pos_001762_20260510_221938_464.png,100,80,5.414,0
orange_pos_001762_20260510_221938_464.png,120,80,2.419,0
orange_pos_001762_20260510_221938_464.png,140,80,15.840,0
orange_pos_001762_20260510_221938_464.png,0,100,1.135,0
orange_pos_001762_20260510_221938_464.png,20,100,5.132,0
orange_pos_001762_20260510_221938_464.png,40,100,33.669,0
orange_pos_001762_20260510_221938_464.png,60,100,36.546,0
orange_pos_001762_20260510_221938_464.png,80,100,62.970,0
orange_pos_001762_20260510_221938_464.png,100,100,11.557,0
orange_pos_001762_20260510_221938_464.png,120,100,17.911,0
orange_pos_001762_20260510_221938_464.png,140,100,23.153,0
orange_pos_001763_20260510_221939_926.png,0,0,57.204,0
orange_pos_001763_20260510_221939_926.png,20,0,2.522,0
orange_pos_001763_20260510_221939_926.png,40,0,37.009,0
orange_pos_001763_20260510_221939_926.png,60,0,63.885,0
orange_pos_001763_20260510_221939_926.png,80,0,40.067,0
orange_pos_001763_20260510_221939_926.png,100,0,29.713,0
orange_pos_001763_20260510_221939_926.png,120,0,32.661,0
orange_pos_001763_20260510_221939_926.png,140,0,41.745,0
orange_pos_001763_20260510_221939_926.png,0,20,41.149,0
orange_pos_001763_20260510_221939_926.png,20,20,5.743,0
orange_pos_001763_20260510_221939_926.png,40,20,40.335,0
orange_pos_001763_20260510_221939_926.png,60,20,52.095,0
orange_pos_001763_20260510_221939_926.png,80,20,11.709,0
orange_pos_001763_20260510_221939_926.png,100,20,0.953,0
orange_pos_001763_20260510_221939_926.png,120,20,10.370,0
orange_pos_001763_20260510_221939_926.png,140,20,46.310,0
orange_pos_001763_20260510_221939_926.png,0,40,2.710,0
orange_pos_001763_20260510_221939_926.png,20,40,3.928,0
orange_pos_001763_20260510_221939_926.png,40,40,45.869,0
orange_pos_001763_20260510_221939_926.png,60,40,28.032,0
orange_pos_001763_20260510_221939_926.png,80,40,3.324,0
orange_pos_001763_20260510_221939_926.png,100,40,4.829,0
orange_pos_001763_20260510_221939_926.png,120,40,19.107,0
orange_pos_001763_20260510_221939_926.png,140,40,43.702,0
orange_pos_001763_20260510_221939_926.png,0,60,2.449,0
orange_pos_001763_20260510_221939_926.png,20,60,1.191,0
orange_pos_001763_20260510_221939_926.png,40,60,185.487,1
orange_pos_001763_20260510_221939_926.png,60,60,254.852,1
orange_pos_001763_20260510_221939_926.png,80,60,18.291,0
orange_pos_001763_20260510_221939_926.png,100,60,8.337,0
orange_pos_001763_20260510_221939_926.png,120,60,16.785,0
orange_pos_001763_20260510_221939_926.png,140,60,36.835,0
orange_pos_001763_20260510_221939_926.png,0,80,3.076,0
orange_pos_001763_20260510_221939_926.png,20,80,1.757,0
orange_pos_001763_20260510_221939_926.png,40,80,114.633,1
orange_pos_001763_20260510_221939_926.png,60,80,135.948,1
orange_pos_001763_20260510_221939_926.png,80,80,19.749,0
orange_pos_001763_20260510_221939_926.png,100,80,15.619,0
orange_pos_001763_20260510_221939_926.png,120,80,30.723,0
orange_pos_001763_20260510_221939_926.png,140,80,45.067,0
orange_pos_001763_20260510_221939_926.png,0,100,1.717,0
orange_pos_001763_20260510_221939_926.png,20,100,9.016,0
orange_pos_001763_20260510_221939_926.png,40,100,56.055,0
orange_pos_001763_20260510_221939_926.png,60,100,37.573,0
orange_pos_001763_20260510_221939_926.png,80,100,20.911,0
orange_pos_001763_20260510_221939_926.png,100,100,23.897,0
orange_pos_001763_20260510_221939_926.png,120,100,31.778,0
orange_pos_001763_20260510_221939_926.png,140,100,40.374,0
orange_pos_001765_20260510_221940_344.png,0,0,29.414,0
orange_pos_001765_20260510_221940_344.png,20,0,0.924,0
orange_pos_001765_20260510_221940_344.png,40,0,17.835,0
orange_pos_001765_20260510_221940_344.png,60,0,29.239,0
orange_pos_001765_20260510_221940_344.png,80,0,13.961,0
orange_pos_001765_20260510_221940_344.png,100,0,8.070,0
orange_pos_001765_20260510_221940_344.png,120,0,9.143,0
orange_pos_001765_20260510_221940_344.png,140,0,13.367,0
orange_pos_001765_20260510_221940_344.png,0,20,15.629,0
orange_pos_001765_20260510_221940_344.png,20,20,0.614,0
orange_pos_001765_20260510_221940_344.png,40,20,8.977,0
orange_pos_001765_20260510_221940_344.png,60,20,9.461,0
orange_pos_001765_20260510_221940_344.png,80,20,1.259,0
orange_pos_001765_20260510_221940_344.png,100,20,0.614,0
orange_pos_001765_20260510_221940_344.png,120,20,0.614,0
orange_pos_001765_20260510_221940_344.png,140,20,1.353,0
orange_pos_001765_20260510_221940_344.png,0,40,1.085,0
orange_pos_001765_20260510_221940_344.png,20,40,0.614,0
orange_pos_001765_20260510_221940_344.png,40,40,19.184,0
orange_pos_001765_20260510_221940_344.png,60,40,11.761,0
orange_pos_001765_20260510_221940_344.png,80,40,0.687,0
orange_pos_001765_20260510_221940_344.png,100,40,0.614,0
orange_pos_001765_20260510_221940_344.png,120,40,0.865,0
orange_pos_001765_20260510_221940_344.png,140,40,4.978,0
orange_pos_001765_20260510_221940_344.png,0,60,1.096,0
orange_pos_001765_20260510_221940_344.png,20,60,0.614,0
orange_pos_001765_20260510_221940_344.png,40,60,177.964,1
orange_pos_001765_20260510_221940_344.png,60,60,222.725,1
orange_pos_001765_20260510_221940_344.png,80,60,2.942,0
orange_pos_001765_20260510_221940_344.png,100,60,0.614,0
orange_pos_001765_20260510_221940_344.png,120,60,2.528,0
orange_pos_001765_20260510_221940_344.png,140,60,5.123,0
orange_pos_001765_20260510_221940_344.png,0,80,1.131,0
orange_pos_001765_20260510_221940_344.png,20,80,0.614,0
orange_pos_001765_20260510_221940_344.png,40,80,85.774,1
orange_pos_001765_20260510_221940_344.png,60,80,99.723,1
orange_pos_001765_20260510_221940_344.png,80,80,2.590,0
orange_pos_001765_20260510_221940_344.png,100,80,1.258,0
orange_pos_001765_20260510_221940_344.png,120,80,6.190,0
orange_pos_001765_20260510_221940_344.png,140,80,13.517,0
orange_pos_001765_20260510_221940_344.png,0,100,0.799,0
orange_pos_001765_20260510_221940_344.png,20,100,1.280,0
orange_pos_001765_20260510_221940_344.png,40,100,11.505,0
orange_pos_001765_20260510_221940_344.png,60,100,7.562,0
orange_pos_001765_20260510_221940_344.png,80,100,1.636,0
orange_pos_001765_20260510_221940_344.png,100,100,2.266,0
orange_pos_001765_20260510_221940_344.png,120,100,3.511,0
orange_pos_001765_20260510_221940_344.png,140,100,5.850,0
orange_pos_001766_20260510_221942_574.png,0,0,51.442,0
orange_pos_001766_20260510_221942_574.png,20,0,2.949,0
orange_pos_001766_20260510_221942_574.png,40,0,35.872,0
orange_pos_001766_20260510_221942_574.png,60,0,61.905,0
orange_pos_001766_20260510_221942_574.png,80,0,24.590,0
orange_pos_001766_20260510_221942_574.png,100,0,30.438,0
orange_pos_001766_20260510_221942_574.png,120,0,35.290,0
orange_pos_001766_20260510_221942_574.png,140,0,20.451,0
orange_pos_001766_20260510_221942_574.png,0,20,30.289,0
orange_pos_001766_20260510_221942_574.png,20,20,1.050,0
orange_pos_001766_20260510_221942_574.png,40,20,126.897,1
orange_pos_001766_20260510_221942_574.png,60,20,250.193,1
orange_pos_001766_20260510_221942_574.png,80,20,52.102,0
orange_pos_001766_20260510_221942_574.png,100,20,20.308,0
orange_pos_001766_20260510_221942_574.png,120,20,21.914,0
orange_pos_001766_20260510_221942_574.png,140,20,37.409,0
orange_pos_001766_20260510_221942_574.png,0,40,2.479,0
orange_pos_001766_20260510_221942_574.png,20,40,1.484,0
orange_pos_001766_20260510_221942_574.png,40,40,76.512,1
orange_pos_001766_20260510_221942_574.png,60,40,173.774,1
orange_pos_001766_20260510_221942_574.png,80,40,18.472,0
orange_pos_001766_20260510_221942_574.png,100,40,13.636,0
orange_pos_001766_20260510_221942_574.png,120,40,6.141,0
orange_pos_001766_20260510_221942_574.png,140,40,38.500,0
orange_pos_001766_20260510_221942_574.png,0,60,2.203,0
orange_pos_001766_20260510_221942_574.png,20,60,1.180,0
orange_pos_001766_20260510_221942_574.png,40,60,53.566,0
orange_pos_001766_20260510_221942_574.png,60,60,44.435,0
orange_pos_001766_20260510_221942_574.png,80,60,10.800,0
orange_pos_001766_20260510_221942_574.png,100,60,6.592,0
orange_pos_001766_20260510_221942_574.png,120,60,14.618,0
orange_pos_001766_20260510_221942_574.png,140,60,40.086,0
orange_pos_001766_20260510_221942_574.png,0,80,3.054,0
orange_pos_001766_20260510_221942_574.png,20,80,2.813,0
orange_pos_001766_20260510_221942_574.png,40,80,46.268,0
orange_pos_001766_20260510_221942_574.png,60,80,34.085,0
orange_pos_001766_20260510_221942_574.png,80,80,7.410,0
orange_pos_001766_20260510_221942_574.png,100,80,12.828,0
orange_pos_001766_20260510_221942_574.png,120,80,20.913,0
orange_pos_001766_20260510_221942_574.png,140,80,33.209,0
orange_pos_001766_20260510_221942_574.png,0,100,2.084,0
orange_pos_001766_20260510_221942_574.png,20,100,7.930,0
orange_pos_001766_20260510_221942_574.png,40,100,53.603,0
orange_pos_001766_20260510_221942_574.png,60,100,39.026,0
orange_pos_001766_20260510_221942_574.png,80,100,17.920,0
orange_pos_001766_20260510_221942_574.png,100,100,22.676,0
orange_pos_001766_20260510_221942_574.png,120,100,30.515,0
orange_pos_001766_20260510_221942_574.png,140,100,39.399,0
orange_pos_001767_20260510_221946_684.png,0,0,45.963,0
orange_pos_001767_20260510_221946_684.png,20,0,0.614,0
orange_pos_001767_20260510_221946_684.png,40,0,27.342,0
orange_pos_001767_20260510_221946_684.png,60,0,49.019,0
orange_pos_001767_20260510_221946_684.png,80,0,25.709,0
orange_pos_001767_20260510_221946_684.png,100,0,21.065,0
orange_pos_001767_20260510_221946_684.png,120,0,23.724,0
orange_pos_001767_20260510_221946_684.png,140,0,24.672,0
orange_pos_001767_20260510_221946_684.png,0,20,39.440,0
orange_pos_001767_20260510_221946_684.png,20,20,9.162,0
orange_pos_001767_20260510_221946_684.png,40,20,46.564,0
orange_pos_001767_20260510_221946_684.png,60,20,59.377,0
orange_pos_001767_20260510_221946_684.png,80,20,20.609,0
orange_pos_001767_20260510_221946_684.png,100,20,4.966,0
orange_pos_001767_20260510_221946_684.png,120,20,44.938,0
orange_pos_001767_20260510_221946_684.png,140,20,55.484,0
orange_pos_001767_20260510_221946_684.png,0,40,3.233,0
orange_pos_001767_20260510_221946_684.png,20,40,4.071,0
orange_pos_001767_20260510_221946_684.png,40,40,54.970,0
orange_pos_001767_20260510_221946_684.png,60,40,53.785,0
orange_pos_001767_20260510_221946_684.png,80,40,4.996,0
orange_pos_001767_20260510_221946_684.png,100,40,141.302,1
orange_pos_001767_20260510_221946_684.png,120,40,117.613,1
orange_pos_001767_20260510_221946_684.png,140,40,64.089,0
orange_pos_001767_20260510_221946_684.png,0,60,3.417,0
orange_pos_001767_20260510_221946_684.png,20,60,2.689,0
orange_pos_001767_20260510_221946_684.png,40,60,57.674,0
orange_pos_001767_20260510_221946_684.png,60,60,49.225,0
orange_pos_001767_20260510_221946_684.png,80,60,15.939,0
orange_pos_001767_20260510_221946_684.png,100,60,96.863,1
orange_pos_001767_20260510_221946_684.png,120,60,76.393,1
orange_pos_001767_20260510_221946_684.png,140,60,54.731,0
orange_pos_001767_20260510_221946_684.png,0,80,6.207,0
orange_pos_001767_20260510_221946_684.png,20,80,2.988,0
orange_pos_001767_20260510_221946_684.png,40,80,57.197,0
orange_pos_001767_20260510_221946_684.png,60,80,42.609,0
orange_pos_001767_20260510_221946_684.png,80,80,15.623,0
orange_pos_001767_20260510_221946_684.png,100,80,25.662,0
orange_pos_001767_20260510_221946_684.png,120,80,36.611,0
orange_pos_001767_20260510_221946_684.png,140,80,47.875,0
orange_pos_001767_20260510_221946_684.png,0,100,1.731,0
orange_pos_001767_20260510_221946_684.png,20,100,9.995,0
orange_pos_001767_20260510_221946_684.png,40,100,53.196,0
orange_pos_001767_20260510_221946_684.png,60,100,37.716,0
orange_pos_001767_20260510_221946_684.png,80,100,17.889,0
orange_pos_001767_20260510_221946_684.png,100,100,22.146,0
orange_pos_001767_20260510_221946_684.png,120,100,29.956,0
orange_pos_001767_20260510_221946_684.png,140,100,38.586,0
orange_pos_001768_20260510_221951_198.png,0,0,40.349,0
orange_pos_001768_20260510_221951_198.png,20,0,1.275,0
orange_pos_001768_20260510_221951_198.png,40,0,33.982,0
orange_pos_001768_20260510_221951_198.png,60,0,57.032,0
orange_pos_001768_20260510_221951_198.png,80,0,31.290,0
orange_pos_001768_20260510_221951_198.png,100,0,18.879,0
orange_pos_001768_20260510_221951_198.png,120,0,22.084,0
orange_pos_001768_20260510_221951_198.png,140,0,29.239,0
orange_pos_001768_20260510_221951_198.png,0,20,34.264,0
orange_pos_001768_20260510_221951_198.png,20,20,1.093,0
orange_pos_001768_20260510_221951_198.png,40,20,36.324,0
orange_pos_001768_20260510_221951_198.png,60,20,46.019,0
orange_pos_001768_20260510_221951_198.png,80,20,11.247,0
orange_pos_001768_20260510_221951_198.png,100,20,2.710,0
orange_pos_001768_20260510_221951_198.png,120,20,24.571,0
orange_pos_001768_20260510_221951_198.png,140,20,28.093,0
orange_pos_001768_20260510_221951_198.png,0,40,1.860,0
orange_pos_001768_20260510_221951_198.png,20,40,1.950,0
orange_pos_001768_20260510_221951_198.png,40,40,45.027,0
orange_pos_001768_20260510_221951_198.png,60,40,195.721,1
orange_pos_001768_20260510_221951_198.png,80,40,63.360,0
orange_pos_001768_20260510_221951_198.png,100,40,11.523,0
orange_pos_001768_20260510_221951_198.png,120,40,25.974,0
orange_pos_001768_20260510_221951_198.png,140,40,39.096,0
orange_pos_001768_20260510_221951_198.png,0,60,2.480,0
orange_pos_001768_20260510_221951_198.png,20,60,1.251,0
orange_pos_001768_20260510_221951_198.png,40,60,61.236,0
orange_pos_001768_20260510_221951_198.png,60,60,255.000,1
orange_pos_001768_20260510_221951_198.png,80,60,97.586,1
orange_pos_001768_20260510_221951_198.png,100,60,23.297,0
orange_pos_001768_20260510_221951_198.png,120,60,18.347,0
orange_pos_001768_20260510_221951_198.png,140,60,37.608,0
orange_pos_001768_20260510_221951_198.png,0,80,2.283,0
orange_pos_001768_20260510_221951_198.png,20,80,1.072,0
orange_pos_001768_20260510_221951_198.png,40,80,45.174,0
orange_pos_001768_20260510_221951_198.png,60,80,30.539,0
orange_pos_001768_20260510_221951_198.png,80,80,5.113,0
orange_pos_001768_20260510_221951_198.png,100,80,11.497,0
orange_pos_001768_20260510_221951_198.png,120,80,22.410,0
orange_pos_001768_20260510_221951_198.png,140,80,34.706,0
orange_pos_001768_20260510_221951_198.png,0,100,1.975,0
orange_pos_001768_20260510_221951_198.png,20,100,9.075,0
orange_pos_001768_20260510_221951_198.png,40,100,58.665,0
orange_pos_001768_20260510_221951_198.png,60,100,38.288,0
orange_pos_001768_20260510_221951_198.png,80,100,20.059,0
orange_pos_001768_20260510_221951_198.png,100,100,23.811,0
orange_pos_001768_20260510_221951_198.png,120,100,32.813,0
orange_pos_001768_20260510_221951_198.png,140,100,41.974,0
orange_pos_001769_20260510_221953_428.png,0,0,23.234,0
orange_pos_001769_20260510_221953_428.png,20,0,0.614,0
orange_pos_001769_20260510_221953_428.png,40,0,15.536,0
orange_pos_001769_20260510_221953_428.png,60,0,26.884,0
orange_pos_001769_20260510_221953_428.png,80,0,15.259,0
orange_pos_001769_20260510_221953_428.png,100,0,13.330,0
orange_pos_001769_20260510_221953_428.png,120,0,10.015,0
orange_pos_001769_20260510_221953_428.png,140,0,7.647,0
orange_pos_001769_20260510_221953_428.png,0,20,19.405,0
orange_pos_001769_20260510_221953_428.png,20,20,0.617,0
orange_pos_001769_20260510_221953_428.png,40,20,29.947,0
orange_pos_001769_20260510_221953_428.png,60,20,11.401,0
orange_pos_001769_20260510_221953_428.png,80,20,0.614,0
orange_pos_001769_20260510_221953_428.png,100,20,0.614,0
orange_pos_001769_20260510_221953_428.png,120,20,2.616,0
orange_pos_001769_20260510_221953_428.png,140,20,7.329,0
orange_pos_001769_20260510_221953_428.png,0,40,1.192,0
orange_pos_001769_20260510_221953_428.png,20,40,0.614,0
orange_pos_001769_20260510_221953_428.png,40,40,255.000,1
orange_pos_001769_20260510_221953_428.png,60,40,213.149,1
orange_pos_001769_20260510_221953_428.png,80,40,5.356,0
orange_pos_001769_20260510_221953_428.png,100,40,1.956,0
orange_pos_001769_20260510_221953_428.png,120,40,3.340,0
orange_pos_001769_20260510_221953_428.png,140,40,15.014,0
orange_pos_001769_20260510_221953_428.png,0,60,0.900,0
orange_pos_001769_20260510_221953_428.png,20,60,0.614,0
orange_pos_001769_20260510_221953_428.png,40,60,73.923,1
orange_pos_001769_20260510_221953_428.png,60,60,48.243,0
orange_pos_001769_20260510_221953_428.png,80,60,1.208,0
orange_pos_001769_20260510_221953_428.png,100,60,1.056,0
orange_pos_001769_20260510_221953_428.png,120,60,3.141,0
orange_pos_001769_20260510_221953_428.png,140,60,8.644,0
orange_pos_001769_20260510_221953_428.png,0,80,1.266,0
orange_pos_001769_20260510_221953_428.png,20,80,0.769,0
orange_pos_001769_20260510_221953_428.png,40,80,17.650,0
orange_pos_001769_20260510_221953_428.png,60,80,12.196,0
orange_pos_001769_20260510_221953_428.png,80,80,0.801,0
orange_pos_001769_20260510_221953_428.png,100,80,2.960,0
orange_pos_001769_20260510_221953_428.png,120,80,6.446,0
orange_pos_001769_20260510_221953_428.png,140,80,11.778,0
orange_pos_001769_20260510_221953_428.png,0,100,0.936,0
orange_pos_001769_20260510_221953_428.png,20,100,3.414,0
orange_pos_001769_20260510_221953_428.png,40,100,25.284,0
orange_pos_001769_20260510_221953_428.png,60,100,13.404,0
orange_pos_001769_20260510_221953_428.png,80,100,6.799,0
orange_pos_001769_20260510_221953_428.png,100,100,7.687,0
orange_pos_001769_20260510_221953_428.png,120,100,9.908,0
orange_pos_001769_20260510_221953_428.png,140,100,15.048,0
orange_pos_001770_20260510_221958_140.png,0,0,25.862,0
orange_pos_001770_20260510_221958_140.png,20,0,0.614,0
orange_pos_001770_20260510_221958_140.png,40,0,19.111,0
orange_pos_001770_20260510_221958_140.png,60,0,36.110,0
orange_pos_001770_20260510_221958_140.png,80,0,2.539,0
orange_pos_001770_20260510_221958_140.png,100,0,0.621,0
orange_pos_001770_20260510_221958_140.png,120,0,1.858,0
orange_pos_001770_20260510_221958_140.png,140,0,0.803,0
orange_pos_001770_20260510_221958_140.png,0,20,22.471,0
orange_pos_001770_20260510_221958_140.png,20,20,0.614,0
orange_pos_001770_20260510_221958_140.png,40,20,124.503,1
orange_pos_001770_20260510_221958_140.png,60,20,211.188,1
orange_pos_001770_20260510_221958_140.png,80,20,10.623,0
orange_pos_001770_20260510_221958_140.png,100,20,1.779,0
orange_pos_001770_20260510_221958_140.png,120,20,0.812,0
orange_pos_001770_20260510_221958_140.png,140,20,7.714,0
orange_pos_001770_20260510_221958_140.png,0,40,1.121,0
orange_pos_001770_20260510_221958_140.png,20,40,0.614,0
orange_pos_001770_20260510_221958_140.png,40,40,41.580,0
orange_pos_001770_20260510_221958_140.png,60,40,87.753,1
orange_pos_001770_20260510_221958_140.png,80,40,1.681,0
orange_pos_001770_20260510_221958_140.png,100,40,0.770,0
orange_pos_001770_20260510_221958_140.png,120,40,2.471,0
orange_pos_001770_20260510_221958_140.png,140,40,14.172,0
orange_pos_001770_20260510_221958_140.png,0,60,0.978,0
orange_pos_001770_20260510_221958_140.png,20,60,0.614,0
orange_pos_001770_20260510_221958_140.png,40,60,15.914,0
orange_pos_001770_20260510_221958_140.png,60,60,15.584,0
orange_pos_001770_20260510_221958_140.png,80,60,3.047,0
orange_pos_001770_20260510_221958_140.png,100,60,1.437,0
orange_pos_001770_20260510_221958_140.png,120,60,3.757,0
orange_pos_001770_20260510_221958_140.png,140,60,10.450,0
orange_pos_001770_20260510_221958_140.png,0,80,1.233,0
orange_pos_001770_20260510_221958_140.png,20,80,0.653,0
orange_pos_001770_20260510_221958_140.png,40,80,17.998,0
orange_pos_001770_20260510_221958_140.png,60,80,13.860,0
orange_pos_001770_20260510_221958_140.png,80,80,1.992,0
orange_pos_001770_20260510_221958_140.png,100,80,4.161,0
orange_pos_001770_20260510_221958_140.png,120,80,8.313,0
orange_pos_001770_20260510_221958_140.png,140,80,10.050,0
orange_pos_001770_20260510_221958_140.png,0,100,0.688,0
orange_pos_001770_20260510_221958_140.png,20,100,1.660,0
orange_pos_001770_20260510_221958_140.png,40,100,9.720,0
orange_pos_001770_20260510_221958_140.png,60,100,5.365,0
orange_pos_001770_20260510_221958_140.png,80,100,0.941,0
orange_pos_001770_20260510_221958_140.png,100,100,1.554,0
orange_pos_001770_20260510_221958_140.png,120,100,2.812,0
orange_pos_001770_20260510_221958_140.png,140,100,2.646,0
orange_pos_001771_20260510_222000_112.png,0,0,59.482,0
orange_pos_001771_20260510_222000_112.png,20,0,1.301,0
orange_pos_001771_20260510_222000_112.png,40,0,31.023,0
orange_pos_001771_20260510_222000_112.png,60,0,54.632,0
orange_pos_001771_20260510_222000_112.png,80,0,37.256,0
orange_pos_001771_20260510_222000_112.png,100,0,31.002,0
orange_pos_001771_20260510_222000_112.png,120,0,29.891,0
orange_pos_001771_20260510_222000_112.png,140,0,27.094,0
orange_pos_001771_20260510_222000_112.png,0,20,49.147,0
orange_pos_001771_20260510_222000_112.png,20,20,4.662,0
orange_pos_001771_20260510_222000_112.png,40,20,42.239,0
orange_pos_001771_20260510_222000_112.png,60,20,57.062,0
orange_pos_001771_20260510_222000_112.png,80,20,135.022,1
orange_pos_001771_20260510_222000_112.png,100,20,123.073,1
orange_pos_001771_20260510_222000_112.png,120,20,39.722,0
orange_pos_001771_20260510_222000_112.png,140,20,44.214,0
orange_pos_001771_20260510_222000_112.png,0,40,2.670,0
orange_pos_001771_20260510_222000_112.png,20,40,2.543,0
orange_pos_001771_20260510_222000_112.png,40,40,45.555,0
orange_pos_001771_20260510_222000_112.png,60,40,45.642,0
orange_pos_001771_20260510_222000_112.png,80,40,164.475,1
orange_pos_001771_20260510_222000_112.png,100,40,126.060,1
orange_pos_001771_20260510_222000_112.png,120,40,30.821,0
orange_pos_001771_20260510_222000_112.png,140,40,46.002,0
orange_pos_001771_20260510_222000_112.png,0,60,2.384,0
orange_pos_001771_20260510_222000_112.png,20,60,0.693,0
orange_pos_001771_20260510_222000_112.png,40,60,50.629,0
orange_pos_001771_20260510_222000_112.png,60,60,46.107,0
orange_pos_001771_20260510_222000_112.png,80,60,16.141,0
orange_pos_001771_20260510_222000_112.png,100,60,21.473,0
orange_pos_001771_20260510_222000_112.png,120,60,28.697,0
orange_pos_001771_20260510_222000_112.png,140,60,42.197,0
orange_pos_001771_20260510_222000_112.png,0,80,2.896,0
orange_pos_001771_20260510_222000_112.png,20,80,1.961,0
orange_pos_001771_20260510_222000_112.png,40,80,47.924,0
orange_pos_001771_20260510_222000_112.png,60,80,36.073,0
orange_pos_001771_20260510_222000_112.png,80,80,11.776,0
orange_pos_001771_20260510_222000_112.png,100,80,20.424,0
orange_pos_001771_20260510_222000_112.png,120,80,28.776,0
orange_pos_001771_20260510_222000_112.png,140,80,39.072,0
orange_pos_001771_20260510_222000_112.png,0,100,1.770,0
orange_pos_001771_20260510_222000_112.png,20,100,9.203,0
orange_pos_001771_20260510_222000_112.png,40,100,53.772,0
orange_pos_001771_20260510_222000_112.png,60,100,37.266,0
orange_pos_001771_20260510_222000_112.png,80,100,22.849,0
orange_pos_001771_20260510_222000_112.png,100,100,26.180,0
orange_pos_001771_20260510_222000_112.png,120,100,34.517,0
orange_pos_001771_20260510_222000_112.png,140,100,39.286,0
orange_pos_001772_20260510_222002_339.png,0,0,30.405,0
orange_pos_001772_20260510_222002_339.png,20,0,1.989,0
orange_pos_001772_20260510_222002_339.png,40,0,21.585,0
orange_pos_001772_20260510_222002_339.png,60,0,34.228,0
orange_pos_001772_20260510_222002_339.png,80,0,17.421,0
orange_pos_001772_20260510_222002_339.png,100,0,8.950,0
orange_pos_001772_20260510_222002_339.png,120,0,11.608,0
orange_pos_001772_20260510_222002_339.png,140,0,18.193,0
orange_pos_001772_20260510_222002_339.png,0,20,27.851,0
orange_pos_001772_20260510_222002_339.png,20,20,2.811,0
orange_pos_001772_20260510_222002_339.png,40,20,24.210,0
orange_pos_001772_20260510_222002_339.png,60,20,28.263,0
orange_pos_001772_20260510_222002_339.png,80,20,3.450,0
orange_pos_001772_20260510_222002_339.png,100,20,0.614,0
orange_pos_001772_20260510_222002_339.png,120,20,2.087,0
orange_pos_001772_20260510_222002_339.png,140,20,24.121,0
orange_pos_001772_20260510_222002_339.png,0,40,0.949,0
orange_pos_001772_20260510_222002_339.png,20,40,2.507,0
orange_pos_001772_20260510_222002_339.png,40,40,24.781,0
orange_pos_001772_20260510_222002_339.png,60,40,24.288,0
orange_pos_001772_20260510_222002_339.png,80,40,2.116,0
orange_pos_001772_20260510_222002_339.png,100,40,1.368,0
orange_pos_001772_20260510_222002_339.png,120,40,1.246,0
orange_pos_001772_20260510_222002_339.png,140,40,14.337,0
orange_pos_001772_20260510_222002_339.png,0,60,1.411,0
orange_pos_001772_20260510_222002_339.png,20,60,0.614,0
orange_pos_001772_20260510_222002_339.png,40,60,26.370,0
orange_pos_001772_20260510_222002_339.png,60,60,25.034,0
orange_pos_001772_20260510_222002_339.png,80,60,220.680,1
orange_pos_001772_20260510_222002_339.png,100,60,59.888,0
orange_pos_001772_20260510_222002_339.png,120,60,3.060,0
orange_pos_001772_20260510_222002_339.png,140,60,11.273,0
orange_pos_001772_20260510_222002_339.png,0,80,1.849,0
orange_pos_001772_20260510_222002_339.png,20,80,0.960,0
orange_pos_001772_20260510_222002_339.png,40,80,24.954,0
orange_pos_001772_20260510_222002_339.png,60,80,20.036,0
orange_pos_001772_20260510_222002_339.png,80,80,112.787,1
orange_pos_001772_20260510_222002_339.png,100,80,30.986,0
orange_pos_001772_20260510_222002_339.png,120,80,10.944,0
orange_pos_001772_20260510_222002_339.png,140,80,17.972,0
orange_pos_001772_20260510_222002_339.png,0,100,1.119,0
orange_pos_001772_20260510_222002_339.png,20,100,4.892,0
orange_pos_001772_20260510_222002_339.png,40,100,37.732,0
orange_pos_001772_20260510_222002_339.png,60,100,24.116,0
orange_pos_001772_20260510_222002_339.png,80,100,10.587,0
orange_pos_001772_20260510_222002_339.png,100,100,13.422,0
orange_pos_001772_20260510_222002_339.png,120,100,18.888,0
orange_pos_001772_20260510_222002_339.png,140,100,25.069,0
orange_pos_001773_20260510_222004_679.png,0,0,57.162,0
orange_pos_001773_20260510_222004_679.png,20,0,17.034,0
orange_pos_001773_20260510_222004_679.png,40,0,38.639,0
orange_pos_001773_20260510_222004_679.png,60,0,63.141,0
orange_pos_001773_20260510_222004_679.png,80,0,42.533,0
orange_pos_001773_20260510_222004_679.png,100,0,29.085,0
orange_pos_001773_20260510_222004_679.png,120,0,31.145,0
orange_pos_001773_20260510_222004_679.png,140,0,40.069,0
orange_pos_001773_20260510_222004_679.png,0,20,19.310,0
orange_pos_001773_20260510_222004_679.png,20,20,1.587,0
orange_pos_001773_20260510_222004_679.png,40,20,17.482,0
orange_pos_001773_20260510_222004_679.png,60,20,16.553,0
orange_pos_001773_20260510_222004_679.png,80,20,0.841,0
orange_pos_001773_20260510_222004_679.png,100,20,0.614,0
orange_pos_001773_20260510_222004_679.png,120,20,0.614,0
orange_pos_001773_20260510_222004_679.png,140,20,6.011,0
orange_pos_001773_20260510_222004_679.png,0,40,1.581,0
orange_pos_001773_20260510_222004_679.png,20,40,4.089,0
orange_pos_001773_20260510_222004_679.png,40,40,26.469,0
orange_pos_001773_20260510_222004_679.png,60,40,19.989,0
orange_pos_001773_20260510_222004_679.png,80,40,0.675,0
orange_pos_001773_20260510_222004_679.png,100,40,0.614,0
orange_pos_001773_20260510_222004_679.png,120,40,0.614,0
orange_pos_001773_20260510_222004_679.png,140,40,11.005,0
orange_pos_001773_20260510_222004_679.png,0,60,2.283,0
orange_pos_001773_20260510_222004_679.png,20,60,8.286,0
orange_pos_001773_20260510_222004_679.png,40,60,40.662,0
orange_pos_001773_20260510_222004_679.png,60,60,30.127,0
orange_pos_001773_20260510_222004_679.png,80,60,3.081,0
orange_pos_001773_20260510_222004_679.png,100,60,0.641,0
orange_pos_001773_20260510_222004_679.png,120,60,3.606,0
orange_pos_001773_20260510_222004_679.png,140,60,30.177,0
orange_pos_001773_20260510_222004_679.png,0,80,3.669,0
orange_pos_001773_20260510_222004_679.png,20,80,6.234,0
orange_pos_001773_20260510_222004_679.png,40,80,44.009,0
orange_pos_001773_20260510_222004_679.png,60,80,62.518,0
orange_pos_001773_20260510_222004_679.png,80,80,109.066,1
orange_pos_001773_20260510_222004_679.png,100,80,16.033,0
orange_pos_001773_20260510_222004_679.png,120,80,15.535,0
orange_pos_001773_20260510_222004_679.png,140,80,34.474,0
orange_pos_001773_20260510_222004_679.png,0,100,1.574,0
orange_pos_001773_20260510_222004_679.png,20,100,6.395,0
orange_pos_001773_20260510_222004_679.png,40,100,42.421,0
orange_pos_001773_20260510_222004_679.png,60,100,91.005,1
orange_pos_001773_20260510_222004_679.png,80,100,170.636,1
orange_pos_001773_20260510_222004_679.png,100,100,33.286,0
orange_pos_001773_20260510_222004_679.png,120,100,24.885,0
orange_pos_001773_20260510_222004_679.png,140,100,35.520,0
orange_pos_001774_20260510_222006_931.png,0,0,12.737,0
orange_pos_001774_20260510_222006_931.png,20,0,0.614,0
orange_pos_001774_20260510_222006_931.png,40,0,7.767,0
orange_pos_001774_20260510_222006_931.png,60,0,11.875,0
orange_pos_001774_20260510_222006_931.png,80,0,4.993,0
orange_pos_001774_20260510_222006_931.png,100,0,3.491,0
orange_pos_001774_20260510_222006_931.png,120,0,1.592,0
orange_pos_001774_20260510_222006_931.png,140,0,2.100,0
orange_pos_001774_20260510_222006_931.png,0,20,21.768,0
orange_pos_001774_20260510_222006_931.png,20,20,0.649,0
orange_pos_001774_20260510_222006_931.png,40,20,8.014,0
orange_pos_001774_20260510_222006_931.png,60,20,9.830,0
orange_pos_001774_20260510_222006_931.png,80,20,3.008,0
orange_pos_001774_20260510_222006_931.png,100,20,1.345,0
orange_pos_001774_20260510_222006_931.png,120,20,1.377,0
orange_pos_001774_20260510_222006_931.png,140,20,7.762,0
orange_pos_001774_20260510_222006_931.png,0,40,0.873,0
orange_pos_001774_20260510_222006_931.png,20,40,0.614,0
orange_pos_001774_20260510_222006_931.png,40,40,14.816,0
orange_pos_001774_20260510_222006_931.png,60,40,50.835,0
orange_pos_001774_20260510_222006_931.png,80,40,210.998,1
orange_pos_001774_20260510_222006_931.png,100,40,29.770,0
orange_pos_001774_20260510_222006_931.png,120,40,1.104,0
orange_pos_001774_20260510_222006_931.png,140,40,5.194,0
orange_pos_001774_20260510_222006_931.png,0,60,0.802,0
orange_pos_001774_20260510_222006_931.png,20,60,0.614,0
orange_pos_001774_20260510_222006_931.png,40,60,8.794,0
orange_pos_001774_20260510_222006_931.png,60,60,13.801,0
orange_pos_001774_20260510_222006_931.png,80,60,98.512,1
orange_pos_001774_20260510_222006_931.png,100,60,7.386,0
orange_pos_001774_20260510_222006_931.png,120,60,1.420,0
orange_pos_001774_20260510_222006_931.png,140,60,5.718,0
orange_pos_001774_20260510_222006_931.png,0,80,0.741,0
orange_pos_001774_20260510_222006_931.png,20,80,0.614,0
orange_pos_001774_20260510_222006_931.png,40,80,11.364,0
orange_pos_001774_20260510_222006_931.png,60,80,8.304,0
orange_pos_001774_20260510_222006_931.png,80,80,0.615,0
orange_pos_001774_20260510_222006_931.png,100,80,1.137,0
orange_pos_001774_20260510_222006_931.png,120,80,2.254,0
orange_pos_001774_20260510_222006_931.png,140,80,5.210,0
orange_pos_001774_20260510_222006_931.png,0,100,0.822,0
orange_pos_001774_20260510_222006_931.png,20,100,3.328,0
orange_pos_001774_20260510_222006_931.png,40,100,21.222,0
orange_pos_001774_20260510_222006_931.png,60,100,12.877,0
orange_pos_001774_20260510_222006_931.png,80,100,4.034,0
orange_pos_001774_20260510_222006_931.png,100,100,4.203,0
orange_pos_001774_20260510_222006_931.png,120,100,7.065,0
orange_pos_001774_20260510_222006_931.png,140,100,9.661,0
orange_pos_001775_20260510_222007_324.png,0,0,12.737,0
orange_pos_001775_20260510_222007_324.png,20,0,0.614,0
orange_pos_001775_20260510_222007_324.png,40,0,7.767,0
orange_pos_001775_20260510_222007_324.png,60,0,11.875,0
orange_pos_001775_20260510_222007_324.png,80,0,4.993,0
orange_pos_001775_20260510_222007_324.png,100,0,3.491,0
orange_pos_001775_20260510_222007_324.png,120,0,1.592,0
orange_pos_001775_20260510_222007_324.png,140,0,2.100,0
orange_pos_001775_20260510_222007_324.png,0,20,21.768,0
orange_pos_001775_20260510_222007_324.png,20,20,0.649,0
orange_pos_001775_20260510_222007_324.png,40,20,8.014,0
orange_pos_001775_20260510_222007_324.png,60,20,9.830,0
orange_pos_001775_20260510_222007_324.png,80,20,3.008,0
orange_pos_001775_20260510_222007_324.png,100,20,1.345,0
orange_pos_001775_20260510_222007_324.png,120,20,1.377,0
orange_pos_001775_20260510_222007_324.png,140,20,7.762,0
orange_pos_001775_20260510_222007_324.png,0,40,0.873,0
orange_pos_001775_20260510_222007_324.png,20,40,0.614,0
orange_pos_001775_20260510_222007_324.png,40,40,14.816,0
orange_pos_001775_20260510_222007_324.png,60,40,50.835,0
orange_pos_001775_20260510_222007_324.png,80,40,210.998,1
orange_pos_001775_20260510_222007_324.png,100,40,29.770,0
orange_pos_001775_20260510_222007_324.png,120,40,1.104,0
orange_pos_001775_20260510_222007_324.png,140,40,5.194,0
orange_pos_001775_20260510_222007_324.png,0,60,0.802,0
orange_pos_001775_20260510_222007_324.png,20,60,0.614,0
orange_pos_001775_20260510_222007_324.png,40,60,8.794,0
orange_pos_001775_20260510_222007_324.png,60,60,13.801,0
orange_pos_001775_20260510_222007_324.png,80,60,98.512,1
orange_pos_001775_20260510_222007_324.png,100,60,7.386,0
orange_pos_001775_20260510_222007_324.png,120,60,1.420,0
orange_pos_001775_20260510_222007_324.png,140,60,5.718,0
orange_pos_001775_20260510_222007_324.png,0,80,0.741,0
orange_pos_001775_20260510_222007_324.png,20,80,0.614,0
orange_pos_001775_20260510_222007_324.png,40,80,11.364,0
orange_pos_001775_20260510_222007_324.png,60,80,8.304,0
orange_pos_001775_20260510_222007_324.png,80,80,0.615,0
orange_pos_001775_20260510_222007_324.png,100,80,1.137,0
orange_pos_001775_20260510_222007_324.png,120,80,2.254,0
orange_pos_001775_20260510_222007_324.png,140,80,5.210,0
orange_pos_001775_20260510_222007_324.png,0,100,0.822,0
orange_pos_001775_20260510_222007_324.png,20,100,3.328,0
orange_pos_001775_20260510_222007_324.png,40,100,21.222,0
orange_pos_001775_20260510_222007_324.png,60,100,12.877,0
orange_pos_001775_20260510_222007_324.png,80,100,4.034,0
orange_pos_001775_20260510_222007_324.png,100,100,4.203,0
orange_pos_001775_20260510_222007_324.png,120,100,7.065,0
orange_pos_001775_20260510_222007_324.png,140,100,9.661,0
orange_pos_001776_20260510_222008_885.png,0,0,4.750,0
orange_pos_001776_20260510_222008_885.png,20,0,0.614,0
orange_pos_001776_20260510_222008_885.png,40,0,0.715,0
orange_pos_001776_20260510_222008_885.png,60,0,1.338,0
orange_pos_001776_20260510_222008_885.png,80,0,38.061,0
orange_pos_001776_20260510_222008_885.png,100,0,2.656,0
orange_pos_001776_20260510_222008_885.png,120,0,0.614,0
orange_pos_001776_20260510_222008_885.png,140,0,0.614,0
orange_pos_001776_20260510_222008_885.png,0,20,10.527,0
orange_pos_001776_20260510_222008_885.png,20,20,0.614,0
orange_pos_001776_20260510_222008_885.png,40,20,0.967,0
orange_pos_001776_20260510_222008_885.png,60,20,1.454,0
orange_pos_001776_20260510_222008_885.png,80,20,56.936,0
orange_pos_001776_20260510_222008_885.png,100,20,5.424,0
orange_pos_001776_20260510_222008_885.png,120,20,0.614,0
orange_pos_001776_20260510_222008_885.png,140,20,0.614,0
orange_pos_001776_20260510_222008_885.png,0,40,0.614,0
orange_pos_001776_20260510_222008_885.png,20,40,0.614,0
orange_pos_001776_20260510_222008_885.png,40,40,1.672,0
orange_pos_001776_20260510_222008_885.png,60,40,1.260,0
orange_pos_001776_20260510_222008_885.png,80,40,0.614,0
orange_pos_001776_20260510_222008_885.png,100,40,0.620,0
orange_pos_001776_20260510_222008_885.png,120,40,0.614,0
orange_pos_001776_20260510_222008_885.png,140,40,0.614,0
orange_pos_001776_20260510_222008_885.png,0,60,0.653,0
orange_pos_001776_20260510_222008_885.png,20,60,0.614,0
orange_pos_001776_20260510_222008_885.png,40,60,0.954,0
orange_pos_001776_20260510_222008_885.png,60,60,1.017,0
orange_pos_001776_20260510_222008_885.png,80,60,0.614,0
orange_pos_001776_20260510_222008_885.png,100,60,0.614,0
orange_pos_001776_20260510_222008_885.png,120,60,0.614,0
orange_pos_001776_20260510_222008_885.png,140,60,0.614,0
orange_pos_001776_20260510_222008_885.png,0,80,0.614,0
orange_pos_001776_20260510_222008_885.png,20,80,0.614,0
orange_pos_001776_20260510_222008_885.png,40,80,0.881,0
orange_pos_001776_20260510_222008_885.png,60,80,0.696,0
orange_pos_001776_20260510_222008_885.png,80,80,0.614,0
orange_pos_001776_20260510_222008_885.png,100,80,0.614,0
orange_pos_001776_20260510_222008_885.png,120,80,0.614,0
orange_pos_001776_20260510_222008_885.png,140,80,0.614,0
orange_pos_001776_20260510_222008_885.png,0,100,0.614,0
orange_pos_001776_20260510_222008_885.png,20,100,0.614,0
orange_pos_001776_20260510_222008_885.png,40,100,0.614,0
orange_pos_001776_20260510_222008_885.png,60,100,0.614,0
orange_pos_001776_20260510_222008_885.png,80,100,0.614,0
orange_pos_001776_20260510_222008_885.png,100,100,0.614,0
orange_pos_001776_20260510_222008_885.png,120,100,0.614,0
orange_pos_001776_20260510_222008_885.png,140,100,0.614,0
orange_pos_001777_20260510_222011_111.png,0,0,54.582,0
orange_pos_001777_20260510_222011_111.png,20,0,7.337,0
orange_pos_001777_20260510_222011_111.png,40,0,191.799,1
orange_pos_001777_20260510_222011_111.png,60,0,239.286,1
orange_pos_001777_20260510_222011_111.png,80,0,37.292,0
orange_pos_001777_20260510_222011_111.png,100,0,12.451,0
orange_pos_001777_20260510_222011_111.png,120,0,21.475,0
orange_pos_001777_20260510_222011_111.png,140,0,35.404,0
orange_pos_001777_20260510_222011_111.png,0,20,40.956,0
orange_pos_001777_20260510_222011_111.png,20,20,9.131,0
orange_pos_001777_20260510_222011_111.png,40,20,39.398,0
orange_pos_001777_20260510_222011_111.png,60,20,44.576,0
orange_pos_001777_20260510_222011_111.png,80,20,18.780,0
orange_pos_001777_20260510_222011_111.png,100,20,6.456,0
orange_pos_001777_20260510_222011_111.png,120,20,9.648,0
orange_pos_001777_20260510_222011_111.png,140,20,46.699,0
orange_pos_001777_20260510_222011_111.png,0,40,3.847,0
orange_pos_001777_20260510_222011_111.png,20,40,6.735,0
orange_pos_001777_20260510_222011_111.png,40,40,50.200,0
orange_pos_001777_20260510_222011_111.png,60,40,45.558,0
orange_pos_001777_20260510_222011_111.png,80,40,4.341,0
orange_pos_001777_20260510_222011_111.png,100,40,0.644,0
orange_pos_001777_20260510_222011_111.png,120,40,2.772,0
orange_pos_001777_20260510_222011_111.png,140,40,44.229,0
orange_pos_001777_20260510_222011_111.png,0,60,3.598,0
orange_pos_001777_20260510_222011_111.png,20,60,8.137,0
orange_pos_001777_20260510_222011_111.png,40,60,61.633,0
orange_pos_001777_20260510_222011_111.png,60,60,51.737,0
orange_pos_001777_20260510_222011_111.png,80,60,13.968,0
orange_pos_001777_20260510_222011_111.png,100,60,7.279,0
orange_pos_001777_20260510_222011_111.png,120,60,19.701,0
orange_pos_001777_20260510_222011_111.png,140,60,48.960,0
orange_pos_001777_20260510_222011_111.png,0,80,4.961,0
orange_pos_001777_20260510_222011_111.png,20,80,5.717,0
orange_pos_001777_20260510_222011_111.png,40,80,51.437,0
orange_pos_001777_20260510_222011_111.png,60,80,38.775,0
orange_pos_001777_20260510_222011_111.png,80,80,10.791,0
orange_pos_001777_20260510_222011_111.png,100,80,17.277,0
orange_pos_001777_20260510_222011_111.png,120,80,24.743,0
orange_pos_001777_20260510_222011_111.png,140,80,38.880,0
orange_pos_001777_20260510_222011_111.png,0,100,2.352,0
orange_pos_001777_20260510_222011_111.png,20,100,8.558,0
orange_pos_001777_20260510_222011_111.png,40,100,58.194,0
orange_pos_001777_20260510_222011_111.png,60,100,41.270,0
orange_pos_001777_20260510_222011_111.png,80,100,24.693,0
orange_pos_001777_20260510_222011_111.png,100,100,27.231,0
orange_pos_001777_20260510_222011_111.png,120,100,35.945,0
orange_pos_001777_20260510_222011_111.png,140,100,45.479,0
orange_pos_001778_20260510_222011_634.png,0,0,54.582,0
orange_pos_001778_20260510_222011_634.png,20,0,7.337,0
orange_pos_001778_20260510_222011_634.png,40,0,191.799,1
orange_pos_001778_20260510_222011_634.png,60,0,239.286,1
orange_pos_001778_20260510_222011_634.png,80,0,37.292,0
orange_pos_001778_20260510_222011_634.png,100,0,12.451,0
orange_pos_001778_20260510_222011_634.png,120,0,21.475,0
orange_pos_001778_20260510_222011_634.png,140,0,35.404,0
orange_pos_001778_20260510_222011_634.png,0,20,40.956,0
orange_pos_001778_20260510_222011_634.png,20,20,9.131,0
orange_pos_001778_20260510_222011_634.png,40,20,39.398,0
orange_pos_001778_20260510_222011_634.png,60,20,44.576,0
orange_pos_001778_20260510_222011_634.png,80,20,18.780,0
orange_pos_001778_20260510_222011_634.png,100,20,6.456,0
orange_pos_001778_20260510_222011_634.png,120,20,9.648,0
orange_pos_001778_20260510_222011_634.png,140,20,46.699,0
orange_pos_001778_20260510_222011_634.png,0,40,3.847,0
orange_pos_001778_20260510_222011_634.png,20,40,6.735,0
orange_pos_001778_20260510_222011_634.png,40,40,50.200,0
orange_pos_001778_20260510_222011_634.png,60,40,45.558,0
orange_pos_001778_20260510_222011_634.png,80,40,4.341,0
orange_pos_001778_20260510_222011_634.png,100,40,0.644,0
orange_pos_001778_20260510_222011_634.png,120,40,2.772,0
orange_pos_001778_20260510_222011_634.png,140,40,44.229,0
orange_pos_001778_20260510_222011_634.png,0,60,3.598,0
orange_pos_001778_20260510_222011_634.png,20,60,8.137,0
orange_pos_001778_20260510_222011_634.png,40,60,61.633,0
orange_pos_001778_20260510_222011_634.png,60,60,51.737,0
orange_pos_001778_20260510_222011_634.png,80,60,13.968,0
orange_pos_001778_20260510_222011_634.png,100,60,7.279,0
orange_pos_001778_20260510_222011_634.png,120,60,19.701,0
orange_pos_001778_20260510_222011_634.png,140,60,48.960,0
orange_pos_001778_20260510_222011_634.png,0,80,4.961,0
orange_pos_001778_20260510_222011_634.png,20,80,5.717,0
orange_pos_001778_20260510_222011_634.png,40,80,51.437,0
orange_pos_001778_20260510_222011_634.png,60,80,38.775,0
orange_pos_001778_20260510_222011_634.png,80,80,10.791,0
orange_pos_001778_20260510_222011_634.png,100,80,17.277,0
orange_pos_001778_20260510_222011_634.png,120,80,24.743,0
orange_pos_001778_20260510_222011_634.png,140,80,38.880,0
orange_pos_001778_20260510_222011_634.png,0,100,2.352,0
orange_pos_001778_20260510_222011_634.png,20,100,8.558,0
orange_pos_001778_20260510_222011_634.png,40,100,58.194,0
orange_pos_001778_20260510_222011_634.png,60,100,41.270,0
orange_pos_001778_20260510_222011_634.png,80,100,24.693,0
orange_pos_001778_20260510_222011_634.png,100,100,27.231,0
orange_pos_001778_20260510_222011_634.png,120,100,35.945,0
orange_pos_001778_20260510_222011_634.png,140,100,45.479,0
orange_pos_001779_20260510_222013_184.png,0,0,75.617,1
orange_pos_001779_20260510_222013_184.png,20,0,8.599,0
orange_pos_001779_20260510_222013_184.png,40,0,57.164,0
orange_pos_001779_20260510_222013_184.png,60,0,86.242,1
orange_pos_001779_20260510_222013_184.png,80,0,55.675,0
orange_pos_001779_20260510_222013_184.png,100,0,66.826,1
orange_pos_001779_20260510_222013_184.png,120,0,51.708,0
orange_pos_001779_20260510_222013_184.png,140,0,23.467,0
orange_pos_001779_20260510_222013_184.png,0,20,41.440,0
orange_pos_001779_20260510_222013_184.png,20,20,6.951,0
orange_pos_001779_20260510_222013_184.png,40,20,181.893,1
orange_pos_001779_20260510_222013_184.png,60,20,255.000,1
orange_pos_001779_20260510_222013_184.png,80,20,52.201,0
orange_pos_001779_20260510_222013_184.png,100,20,31.231,0
orange_pos_001779_20260510_222013_184.png,120,20,53.979,0
orange_pos_001779_20260510_222013_184.png,140,20,52.562,0
orange_pos_001779_20260510_222013_184.png,0,40,4.936,0
orange_pos_001779_20260510_222013_184.png,20,40,5.078,0
orange_pos_001779_20260510_222013_184.png,40,40,114.395,1
orange_pos_001779_20260510_222013_184.png,60,40,148.569,1
orange_pos_001779_20260510_222013_184.png,80,40,36.683,0
orange_pos_001779_20260510_222013_184.png,100,40,19.229,0
orange_pos_001779_20260510_222013_184.png,120,40,30.679,0
orange_pos_001779_20260510_222013_184.png,140,40,56.883,0
orange_pos_001779_20260510_222013_184.png,0,60,3.122,0
orange_pos_001779_20260510_222013_184.png,20,60,2.445,0
orange_pos_001779_20260510_222013_184.png,40,60,64.783,0
orange_pos_001779_20260510_222013_184.png,60,60,51.078,0
orange_pos_001779_20260510_222013_184.png,80,60,18.521,0
orange_pos_001779_20260510_222013_184.png,100,60,14.333,0
orange_pos_001779_20260510_222013_184.png,120,60,27.557,0
orange_pos_001779_20260510_222013_184.png,140,60,55.855,0
orange_pos_001779_20260510_222013_184.png,0,80,5.950,0
orange_pos_001779_20260510_222013_184.png,20,80,3.281,0
orange_pos_001779_20260510_222013_184.png,40,80,65.430,1
orange_pos_001779_20260510_222013_184.png,60,80,51.027,0
orange_pos_001779_20260510_222013_184.png,80,80,19.751,0
orange_pos_001779_20260510_222013_184.png,100,80,31.948,0
orange_pos_001779_20260510_222013_184.png,120,80,42.450,0
orange_pos_001779_20260510_222013_184.png,140,80,57.541,0
orange_pos_001779_20260510_222013_184.png,0,100,2.292,0
orange_pos_001779_20260510_222013_184.png,20,100,9.254,0
orange_pos_001779_20260510_222013_184.png,40,100,63.157,0
orange_pos_001779_20260510_222013_184.png,60,100,44.961,0
orange_pos_001779_20260510_222013_184.png,80,100,24.791,0
orange_pos_001779_20260510_222013_184.png,100,100,31.113,0
orange_pos_001779_20260510_222013_184.png,120,100,40.003,0
orange_pos_001779_20260510_222013_184.png,140,100,48.861,0
orange_pos_001780_20260510_222013_799.png,0,0,55.086,0
orange_pos_001780_20260510_222013_799.png,20,0,0.842,0
orange_pos_001780_20260510_222013_799.png,40,0,35.004,0
orange_pos_001780_20260510_222013_799.png,60,0,56.271,0
orange_pos_001780_20260510_222013_799.png,80,0,42.238,0
orange_pos_001780_20260510_222013_799.png,100,0,44.704,0
orange_pos_001780_20260510_222013_799.png,120,0,39.951,0
orange_pos_001780_20260510_222013_799.png,140,0,23.032,0
orange_pos_001780_20260510_222013_799.png,0,20,34.862,0
orange_pos_001780_20260510_222013_799.png,20,20,1.853,0
orange_pos_001780_20260510_222013_799.png,40,20,127.824,1
orange_pos_001780_20260510_222013_799.png,60,20,161.779,1
orange_pos_001780_20260510_222013_799.png,80,20,13.671,0
orange_pos_001780_20260510_222013_799.png,100,20,4.488,0
orange_pos_001780_20260510_222013_799.png,120,20,23.825,0
orange_pos_001780_20260510_222013_799.png,140,20,29.348,0
orange_pos_001780_20260510_222013_799.png,0,40,3.035,0
orange_pos_001780_20260510_222013_799.png,20,40,2.049,0
orange_pos_001780_20260510_222013_799.png,40,40,211.859,1
orange_pos_001780_20260510_222013_799.png,60,40,255.000,1
orange_pos_001780_20260510_222013_799.png,80,40,35.515,0
orange_pos_001780_20260510_222013_799.png,100,40,20.974,0
orange_pos_001780_20260510_222013_799.png,120,40,27.835,0
orange_pos_001780_20260510_222013_799.png,140,40,45.747,0
orange_pos_001780_20260510_222013_799.png,0,60,2.138,0
orange_pos_001780_20260510_222013_799.png,20,60,0.759,0
orange_pos_001780_20260510_222013_799.png,40,60,39.964,0
orange_pos_001780_20260510_222013_799.png,60,60,22.462,0
orange_pos_001780_20260510_222013_799.png,80,60,4.637,0
orange_pos_001780_20260510_222013_799.png,100,60,6.633,0
orange_pos_001780_20260510_222013_799.png,120,60,12.353,0
orange_pos_001780_20260510_222013_799.png,140,60,29.772,0
orange_pos_001780_20260510_222013_799.png,0,80,4.058,0
orange_pos_001780_20260510_222013_799.png,20,80,1.631,0
orange_pos_001780_20260510_222013_799.png,40,80,53.832,0
orange_pos_001780_20260510_222013_799.png,60,80,38.006,0
orange_pos_001780_20260510_222013_799.png,80,80,9.688,0
orange_pos_001780_20260510_222013_799.png,100,80,19.724,0
orange_pos_001780_20260510_222013_799.png,120,80,29.372,0
orange_pos_001780_20260510_222013_799.png,140,80,40.241,0
orange_pos_001780_20260510_222013_799.png,0,100,1.632,0
orange_pos_001780_20260510_222013_799.png,20,100,7.485,0
orange_pos_001780_20260510_222013_799.png,40,100,46.367,0
orange_pos_001780_20260510_222013_799.png,60,100,33.771,0
orange_pos_001780_20260510_222013_799.png,80,100,15.648,0
orange_pos_001780_20260510_222013_799.png,100,100,18.646,0
orange_pos_001780_20260510_222013_799.png,120,100,24.740,0
orange_pos_001780_20260510_222013_799.png,140,100,31.547,0
orange_pos_001781_20260510_222015_650.png,0,0,23.341,0
orange_pos_001781_20260510_222015_650.png,20,0,0.614,0
orange_pos_001781_20260510_222015_650.png,40,0,14.741,0
orange_pos_001781_20260510_222015_650.png,60,0,22.815,0
orange_pos_001781_20260510_222015_650.png,80,0,8.944,0
orange_pos_001781_20260510_222015_650.png,100,0,5.699,0
orange_pos_001781_20260510_222015_650.png,120,0,5.506,0
orange_pos_001781_20260510_222015_650.png,140,0,7.165,0
orange_pos_001781_20260510_222015_650.png,0,20,17.785,0
orange_pos_001781_20260510_222015_650.png,20,20,0.614,0
orange_pos_001781_20260510_222015_650.png,40,20,4.239,0
orange_pos_001781_20260510_222015_650.png,60,20,4.191,0
orange_pos_001781_20260510_222015_650.png,80,20,0.614,0
orange_pos_001781_20260510_222015_650.png,100,20,0.614,0
orange_pos_001781_20260510_222015_650.png,120,20,0.614,0
orange_pos_001781_20260510_222015_650.png,140,20,0.614,0
orange_pos_001781_20260510_222015_650.png,0,40,0.931,0
orange_pos_001781_20260510_222015_650.png,20,40,0.614,0
orange_pos_001781_20260510_222015_650.png,40,40,65.266,1
orange_pos_001781_20260510_222015_650.png,60,40,35.092,0
orange_pos_001781_20260510_222015_650.png,80,40,0.683,0
orange_pos_001781_20260510_222015_650.png,100,40,0.623,0
orange_pos_001781_20260510_222015_650.png,120,40,0.614,0
orange_pos_001781_20260510_222015_650.png,140,40,4.360,0
orange_pos_001781_20260510_222015_650.png,0,60,1.173,0
orange_pos_001781_20260510_222015_650.png,20,60,0.614,0
orange_pos_001781_20260510_222015_650.png,40,60,255.000,1
orange_pos_001781_20260510_222015_650.png,60,60,229.787,1
orange_pos_001781_20260510_222015_650.png,80,60,4.461,0
orange_pos_001781_20260510_222015_650.png,100,60,0.614,0
orange_pos_001781_20260510_222015_650.png,120,60,3.558,0
orange_pos_001781_20260510_222015_650.png,140,60,9.432,0
orange_pos_001781_20260510_222015_650.png,0,80,0.965,0
orange_pos_001781_20260510_222015_650.png,20,80,0.700,0
orange_pos_001781_20260510_222015_650.png,40,80,74.604,1
orange_pos_001781_20260510_222015_650.png,60,80,48.821,0
orange_pos_001781_20260510_222015_650.png,80,80,0.744,0
orange_pos_001781_20260510_222015_650.png,100,80,2.235,0
orange_pos_001781_20260510_222015_650.png,120,80,8.730,0
orange_pos_001781_20260510_222015_650.png,140,80,10.897,0
orange_pos_001781_20260510_222015_650.png,0,100,0.757,0
orange_pos_001781_20260510_222015_650.png,20,100,1.310,0
orange_pos_001781_20260510_222015_650.png,40,100,10.706,0
orange_pos_001781_20260510_222015_650.png,60,100,6.898,0
orange_pos_001781_20260510_222015_650.png,80,100,2.373,0
orange_pos_001781_20260510_222015_650.png,100,100,2.770,0
orange_pos_001781_20260510_222015_650.png,120,100,4.834,0
orange_pos_001781_20260510_222015_650.png,140,100,5.463,0
orange_pos_001782_20260510_222016_282.png,0,0,10.915,0
orange_pos_001782_20260510_222016_282.png,20,0,0.614,0
orange_pos_001782_20260510_222016_282.png,40,0,7.575,0
orange_pos_001782_20260510_222016_282.png,60,0,10.622,0
orange_pos_001782_20260510_222016_282.png,80,0,4.990,0
orange_pos_001782_20260510_222016_282.png,100,0,2.931,0
orange_pos_001782_20260510_222016_282.png,120,0,2.031,0
orange_pos_001782_20260510_222016_282.png,140,0,2.123,0
orange_pos_001782_20260510_222016_282.png,0,20,8.355,0
orange_pos_001782_20260510_222016_282.png,20,20,0.614,0
orange_pos_001782_20260510_222016_282.png,40,20,5.060,0
orange_pos_001782_20260510_222016_282.png,60,20,3.486,0
orange_pos_001782_20260510_222016_282.png,80,20,0.616,0
orange_pos_001782_20260510_222016_282.png,100,20,0.614,0
orange_pos_001782_20260510_222016_282.png,120,20,0.614,0
orange_pos_001782_20260510_222016_282.png,140,20,0.614,0
orange_pos_001782_20260510_222016_282.png,0,40,0.701,0
orange_pos_001782_20260510_222016_282.png,20,40,0.614,0
orange_pos_001782_20260510_222016_282.png,40,40,3.831,0
orange_pos_001782_20260510_222016_282.png,60,40,3.100,0
orange_pos_001782_20260510_222016_282.png,80,40,0.614,0
orange_pos_001782_20260510_222016_282.png,100,40,0.614,0
orange_pos_001782_20260510_222016_282.png,120,40,0.614,0
orange_pos_001782_20260510_222016_282.png,140,40,0.842,0
orange_pos_001782_20260510_222016_282.png,0,60,0.844,0
orange_pos_001782_20260510_222016_282.png,20,60,0.614,0
orange_pos_001782_20260510_222016_282.png,40,60,253.374,1
orange_pos_001782_20260510_222016_282.png,60,60,188.440,1
orange_pos_001782_20260510_222016_282.png,80,60,2.219,0
orange_pos_001782_20260510_222016_282.png,100,60,0.614,0
orange_pos_001782_20260510_222016_282.png,120,60,0.699,0
orange_pos_001782_20260510_222016_282.png,140,60,6.716,0
orange_pos_001782_20260510_222016_282.png,0,80,0.614,0
orange_pos_001782_20260510_222016_282.png,20,80,0.614,0
orange_pos_001782_20260510_222016_282.png,40,80,138.895,1
orange_pos_001782_20260510_222016_282.png,60,80,102.232,1
orange_pos_001782_20260510_222016_282.png,80,80,0.614,0
orange_pos_001782_20260510_222016_282.png,100,80,0.614,0
orange_pos_001782_20260510_222016_282.png,120,80,0.630,0
orange_pos_001782_20260510_222016_282.png,140,80,0.809,0
orange_pos_001782_20260510_222016_282.png,0,100,0.651,0
orange_pos_001782_20260510_222016_282.png,20,100,0.741,0
orange_pos_001782_20260510_222016_282.png,40,100,5.226,0
orange_pos_001782_20260510_222016_282.png,60,100,3.628,0
orange_pos_001782_20260510_222016_282.png,80,100,0.646,0
orange_pos_001782_20260510_222016_282.png,100,100,0.673,0
orange_pos_001782_20260510_222016_282.png,120,100,1.288,0
orange_pos_001782_20260510_222016_282.png,140,100,2.015,0
orange_pos_001783_20260510_222017_862.png,0,0,66.823,1
orange_pos_001783_20260510_222017_862.png,20,0,10.191,0
orange_pos_001783_20260510_222017_862.png,40,0,41.731,0
orange_pos_001783_20260510_222017_862.png,60,0,74.682,1
orange_pos_001783_20260510_222017_862.png,80,0,45.114,0
orange_pos_001783_20260510_222017_862.png,100,0,35.069,0
orange_pos_001783_20260510_222017_862.png,120,0,40.113,0
orange_pos_001783_20260510_222017_862.png,140,0,51.267,0
orange_pos_001783_20260510_222017_862.png,0,20,45.429,0
orange_pos_001783_20260510_222017_862.png,20,20,5.756,0
orange_pos_001783_20260510_222017_862.png,40,20,38.326,0
orange_pos_001783_20260510_222017_862.png,60,20,44.894,0
orange_pos_001783_20260510_222017_862.png,80,20,8.149,0
orange_pos_001783_20260510_222017_862.png,100,20,1.020,0
orange_pos_001783_20260510_222017_862.png,120,20,4.471,0
orange_pos_001783_20260510_222017_862.png,140,20,24.144,0
orange_pos_001783_20260510_222017_862.png,0,40,2.457,0
orange_pos_001783_20260510_222017_862.png,20,40,6.334,0
orange_pos_001783_20260510_222017_862.png,40,40,44.458,0
orange_pos_001783_20260510_222017_862.png,60,40,41.648,0
orange_pos_001783_20260510_222017_862.png,80,40,2.847,0
orange_pos_001783_20260510_222017_862.png,100,40,0.614,0
orange_pos_001783_20260510_222017_862.png,120,40,5.842,0
orange_pos_001783_20260510_222017_862.png,140,40,31.761,0
orange_pos_001783_20260510_222017_862.png,0,60,3.437,0
orange_pos_001783_20260510_222017_862.png,20,60,7.704,0
orange_pos_001783_20260510_222017_862.png,40,60,62.264,0
orange_pos_001783_20260510_222017_862.png,60,60,35.729,0
orange_pos_001783_20260510_222017_862.png,80,60,5.778,0
orange_pos_001783_20260510_222017_862.png,100,60,10.190,0
orange_pos_001783_20260510_222017_862.png,120,60,19.423,0
orange_pos_001783_20260510_222017_862.png,140,60,45.145,0
orange_pos_001783_20260510_222017_862.png,0,80,4.094,0
orange_pos_001783_20260510_222017_862.png,20,80,4.116,0
orange_pos_001783_20260510_222017_862.png,40,80,255.000,1
orange_pos_001783_20260510_222017_862.png,60,80,227.755,1
orange_pos_001783_20260510_222017_862.png,80,80,10.428,0
orange_pos_001783_20260510_222017_862.png,100,80,7.261,0
orange_pos_001783_20260510_222017_862.png,120,80,20.550,0
orange_pos_001783_20260510_222017_862.png,140,80,35.359,0
orange_pos_001783_20260510_222017_862.png,0,100,1.968,0
orange_pos_001783_20260510_222017_862.png,20,100,10.027,0
orange_pos_001783_20260510_222017_862.png,40,100,141.544,1
orange_pos_001783_20260510_222017_862.png,60,100,78.510,1
orange_pos_001783_20260510_222017_862.png,80,100,25.973,0
orange_pos_001783_20260510_222017_862.png,100,100,26.963,0
orange_pos_001783_20260510_222017_862.png,120,100,40.671,0
orange_pos_001783_20260510_222017_862.png,140,100,48.741,0
orange_pos_001784_20260510_222020_536.png,0,0,40.394,0
orange_pos_001784_20260510_222020_536.png,20,0,1.389,0
orange_pos_001784_20260510_222020_536.png,40,0,24.015,0
orange_pos_001784_20260510_222020_536.png,60,0,40.848,0
orange_pos_001784_20260510_222020_536.png,80,0,21.075,0
orange_pos_001784_20260510_222020_536.png,100,0,12.990,0
orange_pos_001784_20260510_222020_536.png,120,0,14.086,0
orange_pos_001784_20260510_222020_536.png,140,0,18.208,0
orange_pos_001784_20260510_222020_536.png,0,20,24.276,0
orange_pos_001784_20260510_222020_536.png,20,20,1.242,0
orange_pos_001784_20260510_222020_536.png,40,20,26.894,0
orange_pos_001784_20260510_222020_536.png,60,20,31.866,0
orange_pos_001784_20260510_222020_536.png,80,20,3.213,0
orange_pos_001784_20260510_222020_536.png,100,20,0.614,0
orange_pos_001784_20260510_222020_536.png,120,20,2.013,0
orange_pos_001784_20260510_222020_536.png,140,20,21.458,0
orange_pos_001784_20260510_222020_536.png,0,40,1.024,0
orange_pos_001784_20260510_222020_536.png,20,40,1.010,0
orange_pos_001784_20260510_222020_536.png,40,40,27.411,0
orange_pos_001784_20260510_222020_536.png,60,40,24.991,0
orange_pos_001784_20260510_222020_536.png,80,40,0.614,0
orange_pos_001784_20260510_222020_536.png,100,40,0.614,0
orange_pos_001784_20260510_222020_536.png,120,40,0.702,0
orange_pos_001784_20260510_222020_536.png,140,40,7.063,0
orange_pos_001784_20260510_222020_536.png,0,60,1.154,0
orange_pos_001784_20260510_222020_536.png,20,60,1.207,0
orange_pos_001784_20260510_222020_536.png,40,60,34.628,0
orange_pos_001784_20260510_222020_536.png,60,60,24.972,0
orange_pos_001784_20260510_222020_536.png,80,60,21.074,0
orange_pos_001784_20260510_222020_536.png,100,60,3.279,0
orange_pos_001784_20260510_222020_536.png,120,60,2.845,0
orange_pos_001784_20260510_222020_536.png,140,60,14.672,0
orange_pos_001784_20260510_222020_536.png,0,80,1.464,0
orange_pos_001784_20260510_222020_536.png,20,80,1.793,0
orange_pos_001784_20260510_222020_536.png,40,80,36.372,0
orange_pos_001784_20260510_222020_536.png,60,80,77.476,1
orange_pos_001784_20260510_222020_536.png,80,80,255.000,1
orange_pos_001784_20260510_222020_536.png,100,80,49.661,0
orange_pos_001784_20260510_222020_536.png,120,80,8.992,0
orange_pos_001784_20260510_222020_536.png,140,80,17.537,0
orange_pos_001784_20260510_222020_536.png,0,100,0.951,0
orange_pos_001784_20260510_222020_536.png,20,100,5.204,0
orange_pos_001784_20260510_222020_536.png,40,100,35.186,0
orange_pos_001784_20260510_222020_536.png,60,100,25.188,0
orange_pos_001784_20260510_222020_536.png,80,100,77.253,1
orange_pos_001784_20260510_222020_536.png,100,100,11.759,0
orange_pos_001784_20260510_222020_536.png,120,100,10.314,0
orange_pos_001784_20260510_222020_536.png,140,100,19.346,0
orange_pos_001785_20260510_222022_080.png,0,0,41.697,0
orange_pos_001785_20260510_222022_080.png,20,0,5.312,0
orange_pos_001785_20260510_222022_080.png,40,0,25.339,0
orange_pos_001785_20260510_222022_080.png,60,0,41.244,0
orange_pos_001785_20260510_222022_080.png,80,0,21.226,0
orange_pos_001785_20260510_222022_080.png,100,0,13.411,0
orange_pos_001785_20260510_222022_080.png,120,0,13.690,0
orange_pos_001785_20260510_222022_080.png,140,0,22.131,0
orange_pos_001785_20260510_222022_080.png,0,20,35.137,0
orange_pos_001785_20260510_222022_080.png,20,20,1.410,0
orange_pos_001785_20260510_222022_080.png,40,20,21.406,0
orange_pos_001785_20260510_222022_080.png,60,20,25.260,0
orange_pos_001785_20260510_222022_080.png,80,20,3.325,0
orange_pos_001785_20260510_222022_080.png,100,20,0.614,0
orange_pos_001785_20260510_222022_080.png,120,20,1.295,0
orange_pos_001785_20260510_222022_080.png,140,20,15.963,0
orange_pos_001785_20260510_222022_080.png,0,40,1.506,0
orange_pos_001785_20260510_222022_080.png,20,40,4.503,0
orange_pos_001785_20260510_222022_080.png,40,40,34.072,0
orange_pos_001785_20260510_222022_080.png,60,40,32.135,0
orange_pos_001785_20260510_222022_080.png,80,40,0.818,0
orange_pos_001785_20260510_222022_080.png,100,40,0.614,0
orange_pos_001785_20260510_222022_080.png,120,40,1.055,0
orange_pos_001785_20260510_222022_080.png,140,40,21.553,0
orange_pos_001785_20260510_222022_080.png,0,60,1.213,0
orange_pos_001785_20260510_222022_080.png,20,60,1.341,0
orange_pos_001785_20260510_222022_080.png,40,60,28.017,0
orange_pos_001785_20260510_222022_080.png,60,60,19.547,0
orange_pos_001785_20260510_222022_080.png,80,60,2.672,0
orange_pos_001785_20260510_222022_080.png,100,60,1.245,0
orange_pos_001785_20260510_222022_080.png,120,60,4.622,0
orange_pos_001785_20260510_222022_080.png,140,60,13.403,0
orange_pos_001785_20260510_222022_080.png,0,80,0.943,0
orange_pos_001785_20260510_222022_080.png,20,80,0.898,0
orange_pos_001785_20260510_222022_080.png,40,80,26.375,0
orange_pos_001785_20260510_222022_080.png,60,80,16.556,0
orange_pos_001785_20260510_222022_080.png,80,80,1.199,0
orange_pos_001785_20260510_222022_080.png,100,80,72.454,1
orange_pos_001785_20260510_222022_080.png,120,80,84.063,1
orange_pos_001785_20260510_222022_080.png,140,80,10.997,0
orange_pos_001785_20260510_222022_080.png,0,100,1.055,0
orange_pos_001785_20260510_222022_080.png,20,100,4.498,0
orange_pos_001785_20260510_222022_080.png,40,100,33.946,0
orange_pos_001785_20260510_222022_080.png,60,100,21.254,0
orange_pos_001785_20260510_222022_080.png,80,100,6.068,0
orange_pos_001785_20260510_222022_080.png,100,100,36.815,0
orange_pos_001785_20260510_222022_080.png,120,100,48.315,0
orange_pos_001785_20260510_222022_080.png,140,100,16.473,0
orange_pos_001786_20260510_222024_444.png,0,0,20.141,0
orange_pos_001786_20260510_222024_444.png,20,0,1.036,0
orange_pos_001786_20260510_222024_444.png,40,0,10.920,0
orange_pos_001786_20260510_222024_444.png,60,0,15.114,0
orange_pos_001786_20260510_222024_444.png,80,0,7.682,0
orange_pos_001786_20260510_222024_444.png,100,0,3.369,0
orange_pos_001786_20260510_222024_444.png,120,0,3.318,0
orange_pos_001786_20260510_222024_444.png,140,0,4.760,0
orange_pos_001786_20260510_222024_444.png,0,20,13.627,0
orange_pos_001786_20260510_222024_444.png,20,20,0.614,0
orange_pos_001786_20260510_222024_444.png,40,20,14.745,0
orange_pos_001786_20260510_222024_444.png,60,20,17.067,0
orange_pos_001786_20260510_222024_444.png,80,20,1.530,0
orange_pos_001786_20260510_222024_444.png,100,20,0.614,0
orange_pos_001786_20260510_222024_444.png,120,20,1.014,0
orange_pos_001786_20260510_222024_444.png,140,20,6.542,0
orange_pos_001786_20260510_222024_444.png,0,40,0.691,0
orange_pos_001786_20260510_222024_444.png,20,40,0.614,0
orange_pos_001786_20260510_222024_444.png,40,40,13.558,0
orange_pos_001786_20260510_222024_444.png,60,40,9.825,0
orange_pos_001786_20260510_222024_444.png,80,40,0.614,0
orange_pos_001786_20260510_222024_444.png,100,40,4.381,0
orange_pos_001786_20260510_222024_444.png,120,40,11.798,0
orange_pos_001786_20260510_222024_444.png,140,40,0.753,0
orange_pos_001786_20260510_222024_444.png,0,60,1.040,0
orange_pos_001786_20260510_222024_444.png,20,60,0.614,0
orange_pos_001786_20260510_222024_444.png,40,60,15.962,0
orange_pos_001786_20260510_222024_444.png,60,60,9.276,0
orange_pos_001786_20260510_222024_444.png,80,60,0.623,0
orange_pos_001786_20260510_222024_444.png,100,60,24.177,0
orange_pos_001786_20260510_222024_444.png,120,60,41.540,0
orange_pos_001786_20260510_222024_444.png,140,60,6.798,0
orange_pos_001786_20260510_222024_444.png,0,80,0.682,0
orange_pos_001786_20260510_222024_444.png,20,80,0.614,0
orange_pos_001786_20260510_222024_444.png,40,80,5.340,0
orange_pos_001786_20260510_222024_444.png,60,80,3.885,0
orange_pos_001786_20260510_222024_444.png,80,80,0.614,0
orange_pos_001786_20260510_222024_444.png,100,80,0.638,0
orange_pos_001786_20260510_222024_444.png,120,80,0.843,0
orange_pos_001786_20260510_222024_444.png,140,80,2.422,0
orange_pos_001786_20260510_222024_444.png,0,100,0.643,0
orange_pos_001786_20260510_222024_444.png,20,100,1.453,0
orange_pos_001786_20260510_222024_444.png,40,100,9.493,0
orange_pos_001786_20260510_222024_444.png,60,100,5.825,0
orange_pos_001786_20260510_222024_444.png,80,100,1.028,0
orange_pos_001786_20260510_222024_444.png,100,100,1.736,0
orange_pos_001786_20260510_222024_444.png,120,100,1.936,0
orange_pos_001786_20260510_222024_444.png,140,100,2.838,0
orange_pos_001787_20260510_222026_813.png,0,0,54.654,0
orange_pos_001787_20260510_222026_813.png,20,0,3.645,0
orange_pos_001787_20260510_222026_813.png,40,0,36.818,0
orange_pos_001787_20260510_222026_813.png,60,0,65.868,1
orange_pos_001787_20260510_222026_813.png,80,0,41.329,0
orange_pos_001787_20260510_222026_813.png,100,0,46.173,0
orange_pos_001787_20260510_222026_813.png,120,0,47.400,0
orange_pos_001787_20260510_222026_813.png,140,0,38.118,0
orange_pos_001787_20260510_222026_813.png,0,20,41.751,0
orange_pos_001787_20260510_222026_813.png,20,20,2.089,0
orange_pos_001787_20260510_222026_813.png,40,20,34.960,0
orange_pos_001787_20260510_222026_813.png,60,20,47.122,0
orange_pos_001787_20260510_222026_813.png,80,20,11.142,0
orange_pos_001787_20260510_222026_813.png,100,20,162.405,1
orange_pos_001787_20260510_222026_813.png,120,20,86.209,1
orange_pos_001787_20260510_222026_813.png,140,20,42.430,0
orange_pos_001787_20260510_222026_813.png,0,40,1.543,0
orange_pos_001787_20260510_222026_813.png,20,40,0.978,0
orange_pos_001787_20260510_222026_813.png,40,40,40.442,0
orange_pos_001787_20260510_222026_813.png,60,40,37.617,0
orange_pos_001787_20260510_222026_813.png,80,40,2.136,0
orange_pos_001787_20260510_222026_813.png,100,40,28.456,0
orange_pos_001787_20260510_222026_813.png,120,40,20.175,0
orange_pos_001787_20260510_222026_813.png,140,40,39.047,0
orange_pos_001787_20260510_222026_813.png,0,60,2.534,0
orange_pos_001787_20260510_222026_813.png,20,60,1.702,0
orange_pos_001787_20260510_222026_813.png,40,60,50.284,0
orange_pos_001787_20260510_222026_813.png,60,60,41.410,0
orange_pos_001787_20260510_222026_813.png,80,60,9.859,0
orange_pos_001787_20260510_222026_813.png,100,60,5.553,0
orange_pos_001787_20260510_222026_813.png,120,60,14.384,0
orange_pos_001787_20260510_222026_813.png,140,60,37.835,0
orange_pos_001787_20260510_222026_813.png,0,80,3.484,0
orange_pos_001787_20260510_222026_813.png,20,80,2.046,0
orange_pos_001787_20260510_222026_813.png,40,80,53.696,0
orange_pos_001787_20260510_222026_813.png,60,80,43.338,0
orange_pos_001787_20260510_222026_813.png,80,80,11.912,0
orange_pos_001787_20260510_222026_813.png,100,80,20.096,0
orange_pos_001787_20260510_222026_813.png,120,80,30.896,0
orange_pos_001787_20260510_222026_813.png,140,80,43.592,0
orange_pos_001787_20260510_222026_813.png,0,100,1.956,0
orange_pos_001787_20260510_222026_813.png,20,100,9.025,0
orange_pos_001787_20260510_222026_813.png,40,100,59.362,0
orange_pos_001787_20260510_222026_813.png,60,100,39.623,0
orange_pos_001787_20260510_222026_813.png,80,100,22.669,0
orange_pos_001787_20260510_222026_813.png,100,100,26.470,0
orange_pos_001787_20260510_222026_813.png,120,100,35.286,0
orange_pos_001787_20260510_222026_813.png,140,100,46.336,0
orange_pos_001788_20260510_222027_266.png,0,0,62.462,0
orange_pos_001788_20260510_222027_266.png,20,0,1.610,0
orange_pos_001788_20260510_222027_266.png,40,0,39.441,0
orange_pos_001788_20260510_222027_266.png,60,0,66.797,1
orange_pos_001788_20260510_222027_266.png,80,0,43.413,0
orange_pos_001788_20260510_222027_266.png,100,0,64.192,0
orange_pos_001788_20260510_222027_266.png,120,0,47.876,0
orange_pos_001788_20260510_222027_266.png,140,0,27.690,0
orange_pos_001788_20260510_222027_266.png,0,20,35.992,0
orange_pos_001788_20260510_222027_266.png,20,20,1.010,0
orange_pos_001788_20260510_222027_266.png,40,20,36.933,0
orange_pos_001788_20260510_222027_266.png,60,20,46.892,0
orange_pos_001788_20260510_222027_266.png,80,20,14.996,0
orange_pos_001788_20260510_222027_266.png,100,20,164.677,1
orange_pos_001788_20260510_222027_266.png,120,20,63.619,0
orange_pos_001788_20260510_222027_266.png,140,20,29.650,0
orange_pos_001788_20260510_222027_266.png,0,40,2.553,0
orange_pos_001788_20260510_222027_266.png,20,40,1.703,0
orange_pos_001788_20260510_222027_266.png,40,40,47.632,0
orange_pos_001788_20260510_222027_266.png,60,40,47.917,0
orange_pos_001788_20260510_222027_266.png,80,40,4.013,0
orange_pos_001788_20260510_222027_266.png,100,40,11.919,0
orange_pos_001788_20260510_222027_266.png,120,40,17.761,0
orange_pos_001788_20260510_222027_266.png,140,40,43.174,0
orange_pos_001788_20260510_222027_266.png,0,60,2.801,0
orange_pos_001788_20260510_222027_266.png,20,60,0.693,0
orange_pos_001788_20260510_222027_266.png,40,60,56.372,0
orange_pos_001788_20260510_222027_266.png,60,60,49.527,0
orange_pos_001788_20260510_222027_266.png,80,60,14.460,0
orange_pos_001788_20260510_222027_266.png,100,60,8.264,0
orange_pos_001788_20260510_222027_266.png,120,60,22.715,0
orange_pos_001788_20260510_222027_266.png,140,60,49.419,0
orange_pos_001788_20260510_222027_266.png,0,80,2.685,0
orange_pos_001788_20260510_222027_266.png,20,80,1.261,0
orange_pos_001788_20260510_222027_266.png,40,80,50.374,0
orange_pos_001788_20260510_222027_266.png,60,80,35.107,0
orange_pos_001788_20260510_222027_266.png,80,80,8.813,0
orange_pos_001788_20260510_222027_266.png,100,80,16.965,0
orange_pos_001788_20260510_222027_266.png,120,80,25.582,0
orange_pos_001788_20260510_222027_266.png,140,80,36.458,0
orange_pos_001788_20260510_222027_266.png,0,100,1.765,0
orange_pos_001788_20260510_222027_266.png,20,100,7.801,0
orange_pos_001788_20260510_222027_266.png,40,100,49.617,0
orange_pos_001788_20260510_222027_266.png,60,100,33.792,0
orange_pos_001788_20260510_222027_266.png,80,100,18.403,0
orange_pos_001788_20260510_222027_266.png,100,100,20.695,0
orange_pos_001788_20260510_222027_266.png,120,100,27.449,0
orange_pos_001788_20260510_222027_266.png,140,100,35.395,0
orange_pos_001814_20260510_222111_582.png,0,0,57.699,0
orange_pos_001814_20260510_222111_582.png,20,0,10.982,0
orange_pos_001814_20260510_222111_582.png,40,0,40.012,0
orange_pos_001814_20260510_222111_582.png,60,0,67.070,1
orange_pos_001814_20260510_222111_582.png,80,0,38.500,0
orange_pos_001814_20260510_222111_582.png,100,0,23.915,0
orange_pos_001814_20260510_222111_582.png,120,0,28.618,0
orange_pos_001814_20260510_222111_582.png,140,0,44.090,0
orange_pos_001814_20260510_222111_582.png,0,20,44.362,0
orange_pos_001814_20260510_222111_582.png,20,20,13.788,0
orange_pos_001814_20260510_222111_582.png,40,20,39.734,0
orange_pos_001814_20260510_222111_582.png,60,20,49.446,0
orange_pos_001814_20260510_222111_582.png,80,20,7.262,0
orange_pos_001814_20260510_222111_582.png,100,20,0.614,0
orange_pos_001814_20260510_222111_582.png,120,20,2.471,0
orange_pos_001814_20260510_222111_582.png,140,20,35.924,0
orange_pos_001814_20260510_222111_582.png,0,40,1.909,0
orange_pos_001814_20260510_222111_582.png,20,40,5.159,0
orange_pos_001814_20260510_222111_582.png,40,40,39.011,0
orange_pos_001814_20260510_222111_582.png,60,40,32.325,0
orange_pos_001814_20260510_222111_582.png,80,40,0.685,0
orange_pos_001814_20260510_222111_582.png,100,40,0.614,0
orange_pos_001814_20260510_222111_582.png,120,40,0.673,0
orange_pos_001814_20260510_222111_582.png,140,40,26.063,0
orange_pos_001814_20260510_222111_582.png,0,60,3.230,0
orange_pos_001814_20260510_222111_582.png,20,60,8.497,0
orange_pos_001814_20260510_222111_582.png,40,60,47.549,0
orange_pos_001814_20260510_222111_582.png,60,60,35.516,0
orange_pos_001814_20260510_222111_582.png,80,60,6.718,0
orange_pos_001814_20260510_222111_582.png,100,60,3.634,0
orange_pos_001814_20260510_222111_582.png,120,60,8.771,0
orange_pos_001814_20260510_222111_582.png,140,60,33.723,0
orange_pos_001814_20260510_222111_582.png,0,80,4.137,0
orange_pos_001814_20260510_222111_582.png,20,80,5.287,0
orange_pos_001814_20260510_222111_582.png,40,80,50.412,0
orange_pos_001814_20260510_222111_582.png,60,80,34.795,0
orange_pos_001814_20260510_222111_582.png,80,80,5.900,0
orange_pos_001814_20260510_222111_582.png,100,80,12.420,0
orange_pos_001814_20260510_222111_582.png,120,80,23.334,0
orange_pos_001814_20260510_222111_582.png,140,80,37.315,0
orange_pos_001814_20260510_222111_582.png,0,100,1.641,0
orange_pos_001814_20260510_222111_582.png,20,100,7.712,0
orange_pos_001814_20260510_222111_582.png,40,100,51.074,0
orange_pos_001814_20260510_222111_582.png,60,100,33.112,0
orange_pos_001814_20260510_222111_582.png,80,100,15.959,0
orange_pos_001814_20260510_222111_582.png,100,100,20.686,0
orange_pos_001814_20260510_222111_582.png,120,100,26.396,0
orange_pos_001814_20260510_222111_582.png,140,100,34.013,0
orange_pos_001815_20260510_222113_511.png,0,0,6.282,0
orange_pos_001815_20260510_222113_511.png,20,0,0.666,0
orange_pos_001815_20260510_222113_511.png,40,0,4.310,0
orange_pos_001815_20260510_222113_511.png,60,0,8.350,0
orange_pos_001815_20260510_222113_511.png,80,0,2.865,0
orange_pos_001815_20260510_222113_511.png,100,0,1.515,0
orange_pos_001815_20260510_222113_511.png,120,0,1.345,0
orange_pos_001815_20260510_222113_511.png,140,0,0.751,0
orange_pos_001815_20260510_222113_511.png,0,20,10.131,0
orange_pos_001815_20260510_222113_511.png,20,20,0.679,0
orange_pos_001815_20260510_222113_511.png,40,20,6.045,0
orange_pos_001815_20260510_222113_511.png,60,20,5.381,0
orange_pos_001815_20260510_222113_511.png,80,20,0.820,0
orange_pos_001815_20260510_222113_511.png,100,20,0.614,0
orange_pos_001815_20260510_222113_511.png,120,20,0.614,0
orange_pos_001815_20260510_222113_511.png,140,20,1.124,0
orange_pos_001815_20260510_222113_511.png,0,40,0.688,0
orange_pos_001815_20260510_222113_511.png,20,40,0.894,0
orange_pos_001815_20260510_222113_511.png,40,40,10.697,0
orange_pos_001815_20260510_222113_511.png,60,40,8.628,0
orange_pos_001815_20260510_222113_511.png,80,40,0.614,0
orange_pos_001815_20260510_222113_511.png,100,40,0.614,0
orange_pos_001815_20260510_222113_511.png,120,40,0.614,0
orange_pos_001815_20260510_222113_511.png,140,40,3.356,0
orange_pos_001815_20260510_222113_511.png,0,60,1.009,0
orange_pos_001815_20260510_222113_511.png,20,60,0.614,0
orange_pos_001815_20260510_222113_511.png,40,60,11.581,0
orange_pos_001815_20260510_222113_511.png,60,60,6.331,0
orange_pos_001815_20260510_222113_511.png,80,60,0.614,0
orange_pos_001815_20260510_222113_511.png,100,60,0.614,0
orange_pos_001815_20260510_222113_511.png,120,60,0.614,0
orange_pos_001815_20260510_222113_511.png,140,60,1.584,0
orange_pos_001815_20260510_222113_511.png,0,80,0.737,0
orange_pos_001815_20260510_222113_511.png,20,80,0.620,0
orange_pos_001815_20260510_222113_511.png,40,80,9.944,0
orange_pos_001815_20260510_222113_511.png,60,80,5.351,0
orange_pos_001815_20260510_222113_511.png,80,80,0.614,0
orange_pos_001815_20260510_222113_511.png,100,80,0.648,0
orange_pos_001815_20260510_222113_511.png,120,80,1.348,0
orange_pos_001815_20260510_222113_511.png,140,80,2.781,0
orange_pos_001815_20260510_222113_511.png,0,100,0.614,0
orange_pos_001815_20260510_222113_511.png,20,100,1.254,0
orange_pos_001815_20260510_222113_511.png,40,100,5.844,0
orange_pos_001815_20260510_222113_511.png,60,100,3.367,0
orange_pos_001815_20260510_222113_511.png,80,100,0.662,0
orange_pos_001815_20260510_222113_511.png,100,100,0.695,0
orange_pos_001815_20260510_222113_511.png,120,100,1.308,0
orange_pos_001815_20260510_222113_511.png,140,100,1.977,0
orange_pos_001816_20260510_222115_654.png,0,0,11.419,0
orange_pos_001816_20260510_222115_654.png,20,0,1.416,0
orange_pos_001816_20260510_222115_654.png,40,0,9.163,0
orange_pos_001816_20260510_222115_654.png,60,0,14.464,0
orange_pos_001816_20260510_222115_654.png,80,0,5.566,0
orange_pos_001816_20260510_222115_654.png,100,0,1.834,0
orange_pos_001816_20260510_222115_654.png,120,0,1.602,0
orange_pos_001816_20260510_222115_654.png,140,0,2.599,0
orange_pos_001816_20260510_222115_654.png,0,20,0.880,0
orange_pos_001816_20260510_222115_654.png,20,20,1.178,0
orange_pos_001816_20260510_222115_654.png,40,20,13.593,0
orange_pos_001816_20260510_222115_654.png,60,20,14.962,0
orange_pos_001816_20260510_222115_654.png,80,20,1.031,0
orange_pos_001816_20260510_222115_654.png,100,20,0.614,0
orange_pos_001816_20260510_222115_654.png,120,20,0.614,0
orange_pos_001816_20260510_222115_654.png,140,20,4.871,0
orange_pos_001816_20260510_222115_654.png,0,40,0.739,0
orange_pos_001816_20260510_222115_654.png,20,40,0.614,0
orange_pos_001816_20260510_222115_654.png,40,40,9.383,0
orange_pos_001816_20260510_222115_654.png,60,40,6.564,0
orange_pos_001816_20260510_222115_654.png,80,40,0.614,0
orange_pos_001816_20260510_222115_654.png,100,40,0.614,0
orange_pos_001816_20260510_222115_654.png,120,40,0.614,0
orange_pos_001816_20260510_222115_654.png,140,40,2.017,0
orange_pos_001816_20260510_222115_654.png,0,60,0.626,0
orange_pos_001816_20260510_222115_654.png,20,60,0.614,0
orange_pos_001816_20260510_222115_654.png,40,60,3.396,0
orange_pos_001816_20260510_222115_654.png,60,60,1.516,0
orange_pos_001816_20260510_222115_654.png,80,60,0.614,0
orange_pos_001816_20260510_222115_654.png,100,60,0.614,0
orange_pos_001816_20260510_222115_654.png,120,60,0.614,0
orange_pos_001816_20260510_222115_654.png,140,60,0.729,0
orange_pos_001816_20260510_222115_654.png,0,80,0.739,0
orange_pos_001816_20260510_222115_654.png,20,80,0.614,0
orange_pos_001816_20260510_222115_654.png,40,80,10.209,0
orange_pos_001816_20260510_222115_654.png,60,80,6.418,0
orange_pos_001816_20260510_222115_654.png,80,80,0.614,0
orange_pos_001816_20260510_222115_654.png,100,80,0.618,0
orange_pos_001816_20260510_222115_654.png,120,80,0.836,0
orange_pos_001816_20260510_222115_654.png,140,80,3.662,0
orange_pos_001816_20260510_222115_654.png,0,100,0.641,0
orange_pos_001816_20260510_222115_654.png,20,100,0.632,0
orange_pos_001816_20260510_222115_654.png,40,100,2.715,0
orange_pos_001816_20260510_222115_654.png,60,100,1.977,0
orange_pos_001816_20260510_222115_654.png,80,100,0.614,0
orange_pos_001816_20260510_222115_654.png,100,100,0.614,0
orange_pos_001816_20260510_222115_654.png,120,100,0.614,0
orange_pos_001816_20260510_222115_654.png,140,100,0.929,0
orange_pos_001817_20260510_222117_790.png,0,0,30.665,0
orange_pos_001817_20260510_222117_790.png,20,0,4.327,0
orange_pos_001817_20260510_222117_790.png,40,0,18.101,0
orange_pos_001817_20260510_222117_790.png,60,0,28.813,0
orange_pos_001817_20260510_222117_790.png,80,0,14.141,0
orange_pos_001817_20260510_222117_790.png,100,0,8.199,0
orange_pos_001817_20260510_222117_790.png,120,0,10.227,0
orange_pos_001817_20260510_222117_790.png,140,0,15.710,0
orange_pos_001817_20260510_222117_790.png,0,20,23.165,0
orange_pos_001817_20260510_222117_790.png,20,20,1.061,0
orange_pos_001817_20260510_222117_790.png,40,20,18.939,0
orange_pos_001817_20260510_222117_790.png,60,20,21.077,0
orange_pos_001817_20260510_222117_790.png,80,20,2.181,0
orange_pos_001817_20260510_222117_790.png,100,20,0.614,0
orange_pos_001817_20260510_222117_790.png,120,20,0.835,0
orange_pos_001817_20260510_222117_790.png,140,20,12.093,0
orange_pos_001817_20260510_222117_790.png,0,40,1.165,0
orange_pos_001817_20260510_222117_790.png,20,40,1.666,0
orange_pos_001817_20260510_222117_790.png,40,40,23.907,0
orange_pos_001817_20260510_222117_790.png,60,40,18.644,0
orange_pos_001817_20260510_222117_790.png,80,40,0.614,0
orange_pos_001817_20260510_222117_790.png,100,40,0.614,0
orange_pos_001817_20260510_222117_790.png,120,40,0.614,0
orange_pos_001817_20260510_222117_790.png,140,40,14.466,0
orange_pos_001817_20260510_222117_790.png,0,60,1.256,0
orange_pos_001817_20260510_222117_790.png,20,60,0.649,0
orange_pos_001817_20260510_222117_790.png,40,60,22.263,0
orange_pos_001817_20260510_222117_790.png,60,60,15.156,0
orange_pos_001817_20260510_222117_790.png,80,60,1.029,0
orange_pos_001817_20260510_222117_790.png,100,60,0.616,0
orange_pos_001817_20260510_222117_790.png,120,60,1.594,0
orange_pos_001817_20260510_222117_790.png,140,60,12.432,0
orange_pos_001817_20260510_222117_790.png,0,80,1.269,0
orange_pos_001817_20260510_222117_790.png,20,80,0.860,0
orange_pos_001817_20260510_222117_790.png,40,80,24.912,0
orange_pos_001817_20260510_222117_790.png,60,80,14.979,0
orange_pos_001817_20260510_222117_790.png,80,80,1.396,0
orange_pos_001817_20260510_222117_790.png,100,80,2.451,0
orange_pos_001817_20260510_222117_790.png,120,80,6.347,0
orange_pos_001817_20260510_222117_790.png,140,80,12.984,0
orange_pos_001817_20260510_222117_790.png,0,100,0.962,0
orange_pos_001817_20260510_222117_790.png,20,100,3.046,0
orange_pos_001817_20260510_222117_790.png,40,100,20.173,0
orange_pos_001817_20260510_222117_790.png,60,100,11.977,0
orange_pos_001817_20260510_222117_790.png,80,100,4.507,0
orange_pos_001817_20260510_222117_790.png,100,100,6.468,0
orange_pos_001817_20260510_222117_790.png,120,100,7.712,0
orange_pos_001817_20260510_222117_790.png,140,100,9.399,0
orange_pos_001818_20260510_222118_144.png,0,0,23.303,0
orange_pos_001818_20260510_222118_144.png,20,0,0.614,0
orange_pos_001818_20260510_222118_144.png,40,0,11.796,0
orange_pos_001818_20260510_222118_144.png,60,0,18.685,0
orange_pos_001818_20260510_222118_144.png,80,0,8.140,0
orange_pos_001818_20260510_222118_144.png,100,0,4.537,0
orange_pos_001818_20260510_222118_144.png,120,0,2.940,0
orange_pos_001818_20260510_222118_144.png,140,0,5.023,0
orange_pos_001818_20260510_222118_144.png,0,20,20.823,0
orange_pos_001818_20260510_222118_144.png,20,20,0.618,0
orange_pos_001818_20260510_222118_144.png,40,20,11.484,0
orange_pos_001818_20260510_222118_144.png,60,20,13.650,0
orange_pos_001818_20260510_222118_144.png,80,20,0.924,0
orange_pos_001818_20260510_222118_144.png,100,20,0.614,0
orange_pos_001818_20260510_222118_144.png,120,20,0.614,0
orange_pos_001818_20260510_222118_144.png,140,20,3.745,0
orange_pos_001818_20260510_222118_144.png,0,40,0.690,0
orange_pos_001818_20260510_222118_144.png,20,40,0.614,0
orange_pos_001818_20260510_222118_144.png,40,40,11.881,0
orange_pos_001818_20260510_222118_144.png,60,40,9.741,0
orange_pos_001818_20260510_222118_144.png,80,40,0.614,0
orange_pos_001818_20260510_222118_144.png,100,40,0.614,0
orange_pos_001818_20260510_222118_144.png,120,40,0.614,0
orange_pos_001818_20260510_222118_144.png,140,40,5.497,0
orange_pos_001818_20260510_222118_144.png,0,60,1.010,0
orange_pos_001818_20260510_222118_144.png,20,60,0.614,0
orange_pos_001818_20260510_222118_144.png,40,60,14.235,0
orange_pos_001818_20260510_222118_144.png,60,60,9.986,0
orange_pos_001818_20260510_222118_144.png,80,60,0.945,0
orange_pos_001818_20260510_222118_144.png,100,60,0.614,0
orange_pos_001818_20260510_222118_144.png,120,60,1.315,0
orange_pos_001818_20260510_222118_144.png,140,60,5.839,0
orange_pos_001818_20260510_222118_144.png,0,80,1.084,0
orange_pos_001818_20260510_222118_144.png,20,80,0.633,0
orange_pos_001818_20260510_222118_144.png,40,80,21.572,0
orange_pos_001818_20260510_222118_144.png,60,80,12.699,0
orange_pos_001818_20260510_222118_144.png,80,80,0.695,0
orange_pos_001818_20260510_222118_144.png,100,80,1.229,0
orange_pos_001818_20260510_222118_144.png,120,80,3.570,0
orange_pos_001818_20260510_222118_144.png,140,80,9.120,0
orange_pos_001818_20260510_222118_144.png,0,100,0.820,0
orange_pos_001818_20260510_222118_144.png,20,100,2.083,0
orange_pos_001818_20260510_222118_144.png,40,100,14.947,0
orange_pos_001818_20260510_222118_144.png,60,100,9.024,0
orange_pos_001818_20260510_222118_144.png,80,100,1.959,0
orange_pos_001818_20260510_222118_144.png,100,100,2.683,0
orange_pos_001818_20260510_222118_144.png,120,100,5.438,0
orange_pos_001818_20260510_222118_144.png,140,100,7.454,0
orange_pos_001819_20260510_222118_504.png,0,0,23.303,0
orange_pos_001819_20260510_222118_504.png,20,0,0.614,0
orange_pos_001819_20260510_222118_504.png,40,0,11.796,0
orange_pos_001819_20260510_222118_504.png,60,0,18.685,0
orange_pos_001819_20260510_222118_504.png,80,0,8.140,0
orange_pos_001819_20260510_222118_504.png,100,0,4.537,0
orange_pos_001819_20260510_222118_504.png,120,0,2.940,0
orange_pos_001819_20260510_222118_504.png,140,0,5.023,0
orange_pos_001819_20260510_222118_504.png,0,20,20.823,0
orange_pos_001819_20260510_222118_504.png,20,20,0.618,0
orange_pos_001819_20260510_222118_504.png,40,20,11.484,0
orange_pos_001819_20260510_222118_504.png,60,20,13.650,0
orange_pos_001819_20260510_222118_504.png,80,20,0.924,0
orange_pos_001819_20260510_222118_504.png,100,20,0.614,0
orange_pos_001819_20260510_222118_504.png,120,20,0.614,0
orange_pos_001819_20260510_222118_504.png,140,20,3.745,0
orange_pos_001819_20260510_222118_504.png,0,40,0.690,0
orange_pos_001819_20260510_222118_504.png,20,40,0.614,0
orange_pos_001819_20260510_222118_504.png,40,40,11.881,0
orange_pos_001819_20260510_222118_504.png,60,40,9.741,0
orange_pos_001819_20260510_222118_504.png,80,40,0.614,0
orange_pos_001819_20260510_222118_504.png,100,40,0.614,0
orange_pos_001819_20260510_222118_504.png,120,40,0.614,0
orange_pos_001819_20260510_222118_504.png,140,40,5.497,0
orange_pos_001819_20260510_222118_504.png,0,60,1.010,0
orange_pos_001819_20260510_222118_504.png,20,60,0.614,0
orange_pos_001819_20260510_222118_504.png,40,60,14.235,0
orange_pos_001819_20260510_222118_504.png,60,60,9.986,0
orange_pos_001819_20260510_222118_504.png,80,60,0.945,0
orange_pos_001819_20260510_222118_504.png,100,60,0.614,0
orange_pos_001819_20260510_222118_504.png,120,60,1.315,0
orange_pos_001819_20260510_222118_504.png,140,60,5.839,0
orange_pos_001819_20260510_222118_504.png,0,80,1.084,0
orange_pos_001819_20260510_222118_504.png,20,80,0.633,0
orange_pos_001819_20260510_222118_504.png,40,80,21.572,0
orange_pos_001819_20260510_222118_504.png,60,80,12.699,0
orange_pos_001819_20260510_222118_504.png,80,80,0.695,0
orange_pos_001819_20260510_222118_504.png,100,80,1.229,0
orange_pos_001819_20260510_222118_504.png,120,80,3.570,0
orange_pos_001819_20260510_222118_504.png,140,80,9.120,0
orange_pos_001819_20260510_222118_504.png,0,100,0.820,0
orange_pos_001819_20260510_222118_504.png,20,100,2.083,0
orange_pos_001819_20260510_222118_504.png,40,100,14.947,0
orange_pos_001819_20260510_222118_504.png,60,100,9.024,0
orange_pos_001819_20260510_222118_504.png,80,100,1.959,0
orange_pos_001819_20260510_222118_504.png,100,100,2.683,0
orange_pos_001819_20260510_222118_504.png,120,100,5.438,0
orange_pos_001819_20260510_222118_504.png,140,100,7.454,0
orange_pos_001820_20260510_222122_210.png,0,0,49.411,0
orange_pos_001820_20260510_222122_210.png,20,0,8.611,0
orange_pos_001820_20260510_222122_210.png,40,0,30.742,0
orange_pos_001820_20260510_222122_210.png,60,0,49.261,0
orange_pos_001820_20260510_222122_210.png,80,0,30.127,0
orange_pos_001820_20260510_222122_210.png,100,0,22.094,0
orange_pos_001820_20260510_222122_210.png,120,0,21.521,0
orange_pos_001820_20260510_222122_210.png,140,0,25.575,0
orange_pos_001820_20260510_222122_210.png,0,20,32.421,0
orange_pos_001820_20260510_222122_210.png,20,20,5.743,0
orange_pos_001820_20260510_222122_210.png,40,20,34.762,0
orange_pos_001820_20260510_222122_210.png,60,20,42.486,0
orange_pos_001820_20260510_222122_210.png,80,20,5.285,0
orange_pos_001820_20260510_222122_210.png,100,20,0.614,0
orange_pos_001820_20260510_222122_210.png,120,20,1.580,0
orange_pos_001820_20260510_222122_210.png,140,20,31.106,0
orange_pos_001820_20260510_222122_210.png,0,40,1.741,0
orange_pos_001820_20260510_222122_210.png,20,40,2.989,0
orange_pos_001820_20260510_222122_210.png,40,40,30.784,0
orange_pos_001820_20260510_222122_210.png,60,40,25.493,0
orange_pos_001820_20260510_222122_210.png,80,40,0.616,0
orange_pos_001820_20260510_222122_210.png,100,40,0.614,0
orange_pos_001820_20260510_222122_210.png,120,40,0.614,0
orange_pos_001820_20260510_222122_210.png,140,40,20.424,0
orange_pos_001820_20260510_222122_210.png,0,60,1.473,0
orange_pos_001820_20260510_222122_210.png,20,60,2.929,0
orange_pos_001820_20260510_222122_210.png,40,60,29.152,0
orange_pos_001820_20260510_222122_210.png,60,60,21.794,0
orange_pos_001820_20260510_222122_210.png,80,60,2.639,0
orange_pos_001820_20260510_222122_210.png,100,60,0.614,0
orange_pos_001820_20260510_222122_210.png,120,60,2.624,0
orange_pos_001820_20260510_222122_210.png,140,60,19.200,0
orange_pos_001820_20260510_222122_210.png,0,80,3.931,0
orange_pos_001820_20260510_222122_210.png,20,80,5.332,0
orange_pos_001820_20260510_222122_210.png,40,80,47.109,0
orange_pos_001820_20260510_222122_210.png,60,80,28.894,0
orange_pos_001820_20260510_222122_210.png,80,80,6.165,0
orange_pos_001820_20260510_222122_210.png,100,80,11.874,0
orange_pos_001820_20260510_222122_210.png,120,80,18.678,0
orange_pos_001820_20260510_222122_210.png,140,80,32.025,0
orange_pos_001820_20260510_222122_210.png,0,100,1.453,0
orange_pos_001820_20260510_222122_210.png,20,100,5.497,0
orange_pos_001820_20260510_222122_210.png,40,100,37.136,0
orange_pos_001820_20260510_222122_210.png,60,100,25.847,0
orange_pos_001820_20260510_222122_210.png,80,100,10.179,0
orange_pos_001820_20260510_222122_210.png,100,100,13.677,0
orange_pos_001820_20260510_222122_210.png,120,100,18.626,0
orange_pos_001820_20260510_222122_210.png,140,100,26.714,0
orange_pos_001821_20260510_222122_570.png,0,0,15.665,0
orange_pos_001821_20260510_222122_570.png,20,0,0.614,0
orange_pos_001821_20260510_222122_570.png,40,0,5.921,0
orange_pos_001821_20260510_222122_570.png,60,0,9.698,0
orange_pos_001821_20260510_222122_570.png,80,0,5.519,0
orange_pos_001821_20260510_222122_570.png,100,0,3.870,0
orange_pos_001821_20260510_222122_570.png,120,0,3.552,0
orange_pos_001821_20260510_222122_570.png,140,0,2.622,0
orange_pos_001821_20260510_222122_570.png,0,20,9.148,0
orange_pos_001821_20260510_222122_570.png,20,20,0.614,0
orange_pos_001821_20260510_222122_570.png,40,20,9.231,0
orange_pos_001821_20260510_222122_570.png,60,20,10.898,0
orange_pos_001821_20260510_222122_570.png,80,20,0.960,0
orange_pos_001821_20260510_222122_570.png,100,20,0.614,0
orange_pos_001821_20260510_222122_570.png,120,20,0.614,0
orange_pos_001821_20260510_222122_570.png,140,20,5.351,0
orange_pos_001821_20260510_222122_570.png,0,40,1.033,0
orange_pos_001821_20260510_222122_570.png,20,40,0.614,0
orange_pos_001821_20260510_222122_570.png,40,40,15.103,0
orange_pos_001821_20260510_222122_570.png,60,40,12.431,0
orange_pos_001821_20260510_222122_570.png,80,40,0.614,0
orange_pos_001821_20260510_222122_570.png,100,40,0.614,0
orange_pos_001821_20260510_222122_570.png,120,40,0.620,0
orange_pos_001821_20260510_222122_570.png,140,40,8.323,0
orange_pos_001821_20260510_222122_570.png,0,60,0.937,0
orange_pos_001821_20260510_222122_570.png,20,60,0.614,0
orange_pos_001821_20260510_222122_570.png,40,60,8.480,0
orange_pos_001821_20260510_222122_570.png,60,60,5.072,0
orange_pos_001821_20260510_222122_570.png,80,60,0.621,0
orange_pos_001821_20260510_222122_570.png,100,60,0.614,0
orange_pos_001821_20260510_222122_570.png,120,60,0.784,0
orange_pos_001821_20260510_222122_570.png,140,60,3.040,0
orange_pos_001821_20260510_222122_570.png,0,80,0.873,0
orange_pos_001821_20260510_222122_570.png,20,80,0.614,0
orange_pos_001821_20260510_222122_570.png,40,80,14.582,0
orange_pos_001821_20260510_222122_570.png,60,80,8.343,0
orange_pos_001821_20260510_222122_570.png,80,80,0.741,0
orange_pos_001821_20260510_222122_570.png,100,80,1.983,0
orange_pos_001821_20260510_222122_570.png,120,80,2.547,0
orange_pos_001821_20260510_222122_570.png,140,80,5.935,0
orange_pos_001821_20260510_222122_570.png,0,100,0.653,0
orange_pos_001821_20260510_222122_570.png,20,100,2.241,0
orange_pos_001821_20260510_222122_570.png,40,100,16.049,0
orange_pos_001821_20260510_222122_570.png,60,100,8.100,0
orange_pos_001821_20260510_222122_570.png,80,100,1.755,0
orange_pos_001821_20260510_222122_570.png,100,100,2.835,0
orange_pos_001821_20260510_222122_570.png,120,100,4.384,0
orange_pos_001821_20260510_222122_570.png,140,100,5.439,0
orange_pos_001822_20260510_222124_669.png,0,0,37.877,0
orange_pos_001822_20260510_222124_669.png,20,0,4.271,0
orange_pos_001822_20260510_222124_669.png,40,0,18.852,0
orange_pos_001822_20260510_222124_669.png,60,0,30.287,0
orange_pos_001822_20260510_222124_669.png,80,0,16.225,0
orange_pos_001822_20260510_222124_669.png,100,0,9.512,0
orange_pos_001822_20260510_222124_669.png,120,0,11.405,0
orange_pos_001822_20260510_222124_669.png,140,0,15.408,0
orange_pos_001822_20260510_222124_669.png,0,20,25.274,0
orange_pos_001822_20260510_222124_669.png,20,20,3.607,0
orange_pos_001822_20260510_222124_669.png,40,20,30.643,0
orange_pos_001822_20260510_222124_669.png,60,20,39.771,0
orange_pos_001822_20260510_222124_669.png,80,20,4.854,0
orange_pos_001822_20260510_222124_669.png,100,20,0.614,0
orange_pos_001822_20260510_222124_669.png,120,20,2.193,0
orange_pos_001822_20260510_222124_669.png,140,20,26.883,0
orange_pos_001822_20260510_222124_669.png,0,40,1.307,0
orange_pos_001822_20260510_222124_669.png,20,40,1.987,0
orange_pos_001822_20260510_222124_669.png,40,40,28.781,0
orange_pos_001822_20260510_222124_669.png,60,40,26.493,0
orange_pos_001822_20260510_222124_669.png,80,40,0.767,0
orange_pos_001822_20260510_222124_669.png,100,40,0.614,0
orange_pos_001822_20260510_222124_669.png,120,40,0.626,0
orange_pos_001822_20260510_222124_669.png,140,40,20.671,0
orange_pos_001822_20260510_222124_669.png,0,60,1.855,0
orange_pos_001822_20260510_222124_669.png,20,60,2.436,0
orange_pos_001822_20260510_222124_669.png,40,60,38.899,0
orange_pos_001822_20260510_222124_669.png,60,60,29.592,0
orange_pos_001822_20260510_222124_669.png,80,60,3.675,0
orange_pos_001822_20260510_222124_669.png,100,60,2.103,0
orange_pos_001822_20260510_222124_669.png,120,60,6.219,0
orange_pos_001822_20260510_222124_669.png,140,60,25.946,0
orange_pos_001822_20260510_222124_669.png,0,80,1.375,0
orange_pos_001822_20260510_222124_669.png,20,80,0.907,0
orange_pos_001822_20260510_222124_669.png,40,80,22.831,0
orange_pos_001822_20260510_222124_669.png,60,80,14.295,0
orange_pos_001822_20260510_222124_669.png,80,80,1.518,0
orange_pos_001822_20260510_222124_669.png,100,80,4.150,0
orange_pos_001822_20260510_222124_669.png,120,80,6.530,0
orange_pos_001822_20260510_222124_669.png,140,80,14.199,0
orange_pos_001822_20260510_222124_669.png,0,100,1.389,0
orange_pos_001822_20260510_222124_669.png,20,100,3.703,0
orange_pos_001822_20260510_222124_669.png,40,100,27.038,0
orange_pos_001822_20260510_222124_669.png,60,100,15.799,0
orange_pos_001822_20260510_222124_669.png,80,100,7.289,0
orange_pos_001822_20260510_222124_669.png,100,100,6.848,0
orange_pos_001822_20260510_222124_669.png,120,100,12.527,0
orange_pos_001822_20260510_222124_669.png,140,100,17.386,0
orange_pos_001823_20260510_222126_647.png,0,0,32.319,0
orange_pos_001823_20260510_222126_647.png,20,0,5.184,0
orange_pos_001823_20260510_222126_647.png,40,0,23.806,0
orange_pos_001823_20260510_222126_647.png,60,0,33.669,0
orange_pos_001823_20260510_222126_647.png,80,0,12.383,0
orange_pos_001823_20260510_222126_647.png,100,0,3.862,0
orange_pos_001823_20260510_222126_647.png,120,0,5.514,0
orange_pos_001823_20260510_222126_647.png,140,0,14.811,0
orange_pos_001823_20260510_222126_647.png,0,20,40.668,0
orange_pos_001823_20260510_222126_647.png,20,20,6.841,0
orange_pos_001823_20260510_222126_647.png,40,20,30.377,0
orange_pos_001823_20260510_222126_647.png,60,20,33.239,0
orange_pos_001823_20260510_222126_647.png,80,20,3.197,0
orange_pos_001823_20260510_222126_647.png,100,20,0.614,0
orange_pos_001823_20260510_222126_647.png,120,20,1.522,0
orange_pos_001823_20260510_222126_647.png,140,20,23.439,0
orange_pos_001823_20260510_222126_647.png,0,40,1.770,0
orange_pos_001823_20260510_222126_647.png,20,40,2.144,0
orange_pos_001823_20260510_222126_647.png,40,40,26.333,0
orange_pos_001823_20260510_222126_647.png,60,40,18.156,0
orange_pos_001823_20260510_222126_647.png,80,40,0.614,0
orange_pos_001823_20260510_222126_647.png,100,40,0.614,0
orange_pos_001823_20260510_222126_647.png,120,40,0.614,0
orange_pos_001823_20260510_222126_647.png,140,40,16.013,0
orange_pos_001823_20260510_222126_647.png,0,60,1.430,0
orange_pos_001823_20260510_222126_647.png,20,60,2.351,0
orange_pos_001823_20260510_222126_647.png,40,60,27.774,0
orange_pos_001823_20260510_222126_647.png,60,60,17.592,0
orange_pos_001823_20260510_222126_647.png,80,60,1.012,0
orange_pos_001823_20260510_222126_647.png,100,60,0.614,0
orange_pos_001823_20260510_222126_647.png,120,60,2.240,0
orange_pos_001823_20260510_222126_647.png,140,60,13.705,0
orange_pos_001823_20260510_222126_647.png,0,80,3.153,0
orange_pos_001823_20260510_222126_647.png,20,80,3.754,0
orange_pos_001823_20260510_222126_647.png,40,80,41.162,0
orange_pos_001823_20260510_222126_647.png,60,80,26.453,0
orange_pos_001823_20260510_222126_647.png,80,80,3.582,0
orange_pos_001823_20260510_222126_647.png,100,80,9.296,0
orange_pos_001823_20260510_222126_647.png,120,80,15.598,0
orange_pos_001823_20260510_222126_647.png,140,80,27.751,0
orange_pos_001823_20260510_222126_647.png,0,100,1.726,0
orange_pos_001823_20260510_222126_647.png,20,100,5.549,0
orange_pos_001823_20260510_222126_647.png,40,100,39.702,0
orange_pos_001823_20260510_222126_647.png,60,100,24.103,0
orange_pos_001823_20260510_222126_647.png,80,100,9.075,0
orange_pos_001823_20260510_222126_647.png,100,100,11.783,0
orange_pos_001823_20260510_222126_647.png,120,100,20.599,0
orange_pos_001823_20260510_222126_647.png,140,100,29.147,0
orange_pos_001825_20260510_222131_615.png,0,0,54.614,0
orange_pos_001825_20260510_222131_615.png,20,0,11.880,0
orange_pos_001825_20260510_222131_615.png,40,0,37.906,0
orange_pos_001825_20260510_222131_615.png,60,0,63.148,0
orange_pos_001825_20260510_222131_615.png,80,0,34.319,0
orange_pos_001825_20260510_222131_615.png,100,0,20.948,0
orange_pos_001825_20260510_222131_615.png,120,0,24.541,0
orange_pos_001825_20260510_222131_615.png,140,0,35.962,0
orange_pos_001825_20260510_222131_615.png,0,20,42.287,0
orange_pos_001825_20260510_222131_615.png,20,20,14.413,0
orange_pos_001825_20260510_222131_615.png,40,20,42.467,0
orange_pos_001825_20260510_222131_615.png,60,20,50.010,0
orange_pos_001825_20260510_222131_615.png,80,20,6.371,0
orange_pos_001825_20260510_222131_615.png,100,20,0.614,0
orange_pos_001825_20260510_222131_615.png,120,20,2.892,0
orange_pos_001825_20260510_222131_615.png,140,20,35.467,0
orange_pos_001825_20260510_222131_615.png,0,40,1.796,0
orange_pos_001825_20260510_222131_615.png,20,40,7.309,0
orange_pos_001825_20260510_222131_615.png,40,40,38.609,0
orange_pos_001825_20260510_222131_615.png,60,40,32.273,0
orange_pos_001825_20260510_222131_615.png,80,40,0.776,0
orange_pos_001825_20260510_222131_615.png,100,40,0.614,0
orange_pos_001825_20260510_222131_615.png,120,40,0.802,0
orange_pos_001825_20260510_222131_615.png,140,40,25.083,0
orange_pos_001825_20260510_222131_615.png,0,60,3.170,0
orange_pos_001825_20260510_222131_615.png,20,60,8.539,0
orange_pos_001825_20260510_222131_615.png,40,60,46.999,0
orange_pos_001825_20260510_222131_615.png,60,60,36.643,0
orange_pos_001825_20260510_222131_615.png,80,60,5.347,0
orange_pos_001825_20260510_222131_615.png,100,60,3.807,0
orange_pos_001825_20260510_222131_615.png,120,60,8.591,0
orange_pos_001825_20260510_222131_615.png,140,60,32.272,0
orange_pos_001825_20260510_222131_615.png,0,80,5.171,0
orange_pos_001825_20260510_222131_615.png,20,80,7.537,0
orange_pos_001825_20260510_222131_615.png,40,80,53.345,0
orange_pos_001825_20260510_222131_615.png,60,80,35.516,0
orange_pos_001825_20260510_222131_615.png,80,80,10.417,0
orange_pos_001825_20260510_222131_615.png,100,80,18.487,0
orange_pos_001825_20260510_222131_615.png,120,80,27.068,0
orange_pos_001825_20260510_222131_615.png,140,80,40.250,0
orange_pos_001825_20260510_222131_615.png,0,100,1.788,0
orange_pos_001825_20260510_222131_615.png,20,100,8.362,0
orange_pos_001825_20260510_222131_615.png,40,100,50.657,0
orange_pos_001825_20260510_222131_615.png,60,100,35.859,0
orange_pos_001825_20260510_222131_615.png,80,100,20.683,0
orange_pos_001825_20260510_222131_615.png,100,100,24.898,0
orange_pos_001825_20260510_222131_615.png,120,100,29.395,0
orange_pos_001825_20260510_222131_615.png,140,100,37.580,0
orange_pos_001826_20260510_222133_351.png,0,0,7.665,0
orange_pos_001826_20260510_222133_351.png,20,0,0.614,0
orange_pos_001826_20260510_222133_351.png,40,0,0.640,0
orange_pos_001826_20260510_222133_351.png,60,0,1.152,0
orange_pos_001826_20260510_222133_351.png,80,0,0.625,0
orange_pos_001826_20260510_222133_351.png,100,0,0.614,0
orange_pos_001826_20260510_222133_351.png,120,0,0.614,0
orange_pos_001826_20260510_222133_351.png,140,0,0.614,0
orange_pos_001826_20260510_222133_351.png,0,20,0.772,0
orange_pos_001826_20260510_222133_351.png,20,20,0.614,0
orange_pos_001826_20260510_222133_351.png,40,20,1.565,0
orange_pos_001826_20260510_222133_351.png,60,20,1.746,0
orange_pos_001826_20260510_222133_351.png,80,20,0.614,0
orange_pos_001826_20260510_222133_351.png,100,20,0.614,0
orange_pos_001826_20260510_222133_351.png,120,20,0.614,0
orange_pos_001826_20260510_222133_351.png,140,20,0.614,0
orange_pos_001826_20260510_222133_351.png,0,40,0.614,0
orange_pos_001826_20260510_222133_351.png,20,40,0.614,0
orange_pos_001826_20260510_222133_351.png,40,40,2.175,0
orange_pos_001826_20260510_222133_351.png,60,40,1.512,0
orange_pos_001826_20260510_222133_351.png,80,40,0.614,0
orange_pos_001826_20260510_222133_351.png,100,40,0.614,0
orange_pos_001826_20260510_222133_351.png,120,40,0.614,0
orange_pos_001826_20260510_222133_351.png,140,40,0.693,0
orange_pos_001826_20260510_222133_351.png,0,60,0.693,0
orange_pos_001826_20260510_222133_351.png,20,60,0.614,0
orange_pos_001826_20260510_222133_351.png,40,60,2.442,0
orange_pos_001826_20260510_222133_351.png,60,60,0.981,0
orange_pos_001826_20260510_222133_351.png,80,60,0.614,0
orange_pos_001826_20260510_222133_351.png,100,60,0.614,0
orange_pos_001826_20260510_222133_351.png,120,60,0.614,0
orange_pos_001826_20260510_222133_351.png,140,60,0.614,0
orange_pos_001826_20260510_222133_351.png,0,80,0.628,0
orange_pos_001826_20260510_222133_351.png,20,80,0.614,0
orange_pos_001826_20260510_222133_351.png,40,80,0.677,0
orange_pos_001826_20260510_222133_351.png,60,80,0.615,0
orange_pos_001826_20260510_222133_351.png,80,80,0.614,0
orange_pos_001826_20260510_222133_351.png,100,80,0.614,0
orange_pos_001826_20260510_222133_351.png,120,80,0.614,0
orange_pos_001826_20260510_222133_351.png,140,80,0.614,0
orange_pos_001826_20260510_222133_351.png,0,100,0.614,0
orange_pos_001826_20260510_222133_351.png,20,100,0.614,0
orange_pos_001826_20260510_222133_351.png,40,100,0.651,0
orange_pos_001826_20260510_222133_351.png,60,100,0.614,0
orange_pos_001826_20260510_222133_351.png,80,100,0.614,0
orange_pos_001826_20260510_222133_351.png,100,100,0.614,0
orange_pos_001826_20260510_222133_351.png,120,100,0.614,0
orange_pos_001826_20260510_222133_351.png,140,100,0.614,0
orange_pos_001827_20260510_222133_734.png,0,0,19.460,0
orange_pos_001827_20260510_222133_734.png,20,0,2.270,0
orange_pos_001827_20260510_222133_734.png,40,0,12.455,0
orange_pos_001827_20260510_222133_734.png,60,0,18.437,0
orange_pos_001827_20260510_222133_734.png,80,0,7.346,0
orange_pos_001827_20260510_222133_734.png,100,0,5.179,0
orange_pos_001827_20260510_222133_734.png,120,0,4.742,0
orange_pos_001827_20260510_222133_734.png,140,0,10.117,0
orange_pos_001827_20260510_222133_734.png,0,20,24.405,0
orange_pos_001827_20260510_222133_734.png,20,20,0.814,0
orange_pos_001827_20260510_222133_734.png,40,20,16.832,0
orange_pos_001827_20260510_222133_734.png,60,20,19.312,0
orange_pos_001827_20260510_222133_734.png,80,20,1.902,0
orange_pos_001827_20260510_222133_734.png,100,20,0.614,0
orange_pos_001827_20260510_222133_734.png,120,20,0.944,0
orange_pos_001827_20260510_222133_734.png,140,20,10.769,0
orange_pos_001827_20260510_222133_734.png,0,40,1.181,0
orange_pos_001827_20260510_222133_734.png,20,40,1.090,0
orange_pos_001827_20260510_222133_734.png,40,40,22.685,0
orange_pos_001827_20260510_222133_734.png,60,40,15.192,0
orange_pos_001827_20260510_222133_734.png,80,40,0.614,0
orange_pos_001827_20260510_222133_734.png,100,40,0.614,0
orange_pos_001827_20260510_222133_734.png,120,40,0.614,0
orange_pos_001827_20260510_222133_734.png,140,40,10.369,0
orange_pos_001827_20260510_222133_734.png,0,60,1.126,0
orange_pos_001827_20260510_222133_734.png,20,60,0.635,0
orange_pos_001827_20260510_222133_734.png,40,60,13.951,0
orange_pos_001827_20260510_222133_734.png,60,60,9.357,0
orange_pos_001827_20260510_222133_734.png,80,60,0.824,0
orange_pos_001827_20260510_222133_734.png,100,60,0.614,0
orange_pos_001827_20260510_222133_734.png,120,60,1.311,0
orange_pos_001827_20260510_222133_734.png,140,60,7.083,0
orange_pos_001827_20260510_222133_734.png,0,80,1.117,0
orange_pos_001827_20260510_222133_734.png,20,80,0.805,0
orange_pos_001827_20260510_222133_734.png,40,80,21.601,0
orange_pos_001827_20260510_222133_734.png,60,80,13.930,0
orange_pos_001827_20260510_222133_734.png,80,80,0.700,0
orange_pos_001827_20260510_222133_734.png,100,80,2.225,0
orange_pos_001827_20260510_222133_734.png,120,80,4.327,0
orange_pos_001827_20260510_222133_734.png,140,80,11.743,0
orange_pos_001827_20260510_222133_734.png,0,100,0.909,0
orange_pos_001827_20260510_222133_734.png,20,100,3.651,0
orange_pos_001827_20260510_222133_734.png,40,100,22.612,0
orange_pos_001827_20260510_222133_734.png,60,100,13.507,0
orange_pos_001827_20260510_222133_734.png,80,100,3.551,0
orange_pos_001827_20260510_222133_734.png,100,100,6.319,0
orange_pos_001827_20260510_222133_734.png,120,100,9.688,0
orange_pos_001827_20260510_222133_734.png,140,100,12.504,0
orange_pos_001828_20260510_222137_822.png,0,0,44.385,0
orange_pos_001828_20260510_222137_822.png,20,0,9.153,0
orange_pos_001828_20260510_222137_822.png,40,0,27.572,0
orange_pos_001828_20260510_222137_822.png,60,0,44.545,0
orange_pos_001828_20260510_222137_822.png,80,0,20.569,0
orange_pos_001828_20260510_222137_822.png,100,0,9.541,0
orange_pos_001828_20260510_222137_822.png,120,0,13.422,0
orange_pos_001828_20260510_222137_822.png,140,0,22.325,0
orange_pos_001828_20260510_222137_822.png,0,20,39.257,0
orange_pos_001828_20260510_222137_822.png,20,20,15.400,0
orange_pos_001828_20260510_222137_822.png,40,20,37.269,0
orange_pos_001828_20260510_222137_822.png,60,20,45.606,0
orange_pos_001828_20260510_222137_822.png,80,20,6.505,0
orange_pos_001828_20260510_222137_822.png,100,20,0.620,0
orange_pos_001828_20260510_222137_822.png,120,20,2.312,0
orange_pos_001828_20260510_222137_822.png,140,20,33.669,0
orange_pos_001828_20260510_222137_822.png,0,40,1.960,0
orange_pos_001828_20260510_222137_822.png,20,40,8.730,0
orange_pos_001828_20260510_222137_822.png,40,40,36.540,0
orange_pos_001828_20260510_222137_822.png,60,40,31.506,0
orange_pos_001828_20260510_222137_822.png,80,40,0.738,0
orange_pos_001828_20260510_222137_822.png,100,40,0.614,0
orange_pos_001828_20260510_222137_822.png,120,40,0.623,0
orange_pos_001828_20260510_222137_822.png,140,40,26.152,0
orange_pos_001828_20260510_222137_822.png,0,60,1.949,0
orange_pos_001828_20260510_222137_822.png,20,60,5.510,0
orange_pos_001828_20260510_222137_822.png,40,60,37.445,0
orange_pos_001828_20260510_222137_822.png,60,60,28.997,0
orange_pos_001828_20260510_222137_822.png,80,60,4.301,0
orange_pos_001828_20260510_222137_822.png,100,60,0.614,0
orange_pos_001828_20260510_222137_822.png,120,60,4.402,0
orange_pos_001828_20260510_222137_822.png,140,60,26.294,0
orange_pos_001828_20260510_222137_822.png,0,80,3.862,0
orange_pos_001828_20260510_222137_822.png,20,80,6.301,0
orange_pos_001828_20260510_222137_822.png,40,80,48.238,0
orange_pos_001828_20260510_222137_822.png,60,80,31.552,0
orange_pos_001828_20260510_222137_822.png,80,80,6.142,0
orange_pos_001828_20260510_222137_822.png,100,80,12.238,0
orange_pos_001828_20260510_222137_822.png,120,80,20.569,0
orange_pos_001828_20260510_222137_822.png,140,80,32.111,0
orange_pos_001828_20260510_222137_822.png,0,100,1.375,0
orange_pos_001828_20260510_222137_822.png,20,100,5.865,0
orange_pos_001828_20260510_222137_822.png,40,100,41.466,0
orange_pos_001828_20260510_222137_822.png,60,100,26.573,0
orange_pos_001828_20260510_222137_822.png,80,100,11.106,0
orange_pos_001828_20260510_222137_822.png,100,100,14.756,0
orange_pos_001828_20260510_222137_822.png,120,100,20.561,0
orange_pos_001828_20260510_222137_822.png,140,100,28.483,0
orange_pos_001829_20260510_222138_352.png,0,0,52.701,0
orange_pos_001829_20260510_222138_352.png,20,0,7.217,0
orange_pos_001829_20260510_222138_352.png,40,0,33.029,0
orange_pos_001829_20260510_222138_352.png,60,0,56.103,0
orange_pos_001829_20260510_222138_352.png,80,0,32.512,0
orange_pos_001829_20260510_222138_352.png,100,0,18.452,0
orange_pos_001829_20260510_222138_352.png,120,0,23.182,0
orange_pos_001829_20260510_222138_352.png,140,0,32.825,0
orange_pos_001829_20260510_222138_352.png,0,20,32.980,0
orange_pos_001829_20260510_222138_352.png,20,20,7.790,0
orange_pos_001829_20260510_222138_352.png,40,20,32.508,0
orange_pos_001829_20260510_222138_352.png,60,20,38.529,0
orange_pos_001829_20260510_222138_352.png,80,20,4.968,0
orange_pos_001829_20260510_222138_352.png,100,20,0.614,0
orange_pos_001829_20260510_222138_352.png,120,20,1.501,0
orange_pos_001829_20260510_222138_352.png,140,20,26.064,0
orange_pos_001829_20260510_222138_352.png,0,40,2.925,0
orange_pos_001829_20260510_222138_352.png,20,40,9.398,0
orange_pos_001829_20260510_222138_352.png,40,40,41.571,0
orange_pos_001829_20260510_222138_352.png,60,40,37.638,0
orange_pos_001829_20260510_222138_352.png,80,40,1.666,0
orange_pos_001829_20260510_222138_352.png,100,40,0.614,0
orange_pos_001829_20260510_222138_352.png,120,40,0.950,0
orange_pos_001829_20260510_222138_352.png,140,40,31.945,0
orange_pos_001829_20260510_222138_352.png,0,60,2.417,0
orange_pos_001829_20260510_222138_352.png,20,60,4.689,0
orange_pos_001829_20260510_222138_352.png,40,60,49.920,0
orange_pos_001829_20260510_222138_352.png,60,60,38.702,0
orange_pos_001829_20260510_222138_352.png,80,60,6.494,0
orange_pos_001829_20260510_222138_352.png,100,60,1.103,0
orange_pos_001829_20260510_222138_352.png,120,60,8.984,0
orange_pos_001829_20260510_222138_352.png,140,60,37.441,0
orange_pos_001829_20260510_222138_352.png,0,80,3.995,0
orange_pos_001829_20260510_222138_352.png,20,80,4.071,0
orange_pos_001829_20260510_222138_352.png,40,80,50.467,0
orange_pos_001829_20260510_222138_352.png,60,80,37.981,0
orange_pos_001829_20260510_222138_352.png,80,80,12.550,0
orange_pos_001829_20260510_222138_352.png,100,80,17.122,0
orange_pos_001829_20260510_222138_352.png,120,80,27.885,0
orange_pos_001829_20260510_222138_352.png,140,80,40.682,0
orange_pos_001829_20260510_222138_352.png,0,100,1.416,0
orange_pos_001829_20260510_222138_352.png,20,100,5.562,0
orange_pos_001829_20260510_222138_352.png,40,100,39.039,0
orange_pos_001829_20260510_222138_352.png,60,100,25.746,0
orange_pos_001829_20260510_222138_352.png,80,100,11.292,0
orange_pos_001829_20260510_222138_352.png,100,100,13.847,0
orange_pos_001829_20260510_222138_352.png,120,100,18.496,0
orange_pos_001829_20260510_222138_352.png,140,100,24.972,0
orange_pos_001830_20260510_222139_969.png,0,0,32.127,0
orange_pos_001830_20260510_222139_969.png,20,0,1.752,0
orange_pos_001830_20260510_222139_969.png,40,0,21.497,0
orange_pos_001830_20260510_222139_969.png,60,0,36.955,0
orange_pos_001830_20260510_222139_969.png,80,0,16.819,0
orange_pos_001830_20260510_222139_969.png,100,0,8.441,0
orange_pos_001830_20260510_222139_969.png,120,0,9.288,0
orange_pos_001830_20260510_222139_969.png,140,0,15.325,0
orange_pos_001830_20260510_222139_969.png,0,20,35.924,0
orange_pos_001830_20260510_222139_969.png,20,20,8.263,0
orange_pos_001830_20260510_222139_969.png,40,20,30.121,0
orange_pos_001830_20260510_222139_969.png,60,20,37.368,0
orange_pos_001830_20260510_222139_969.png,80,20,4.669,0
orange_pos_001830_20260510_222139_969.png,100,20,0.614,0
orange_pos_001830_20260510_222139_969.png,120,20,1.317,0
orange_pos_001830_20260510_222139_969.png,140,20,24.350,0
orange_pos_001830_20260510_222139_969.png,0,40,1.486,0
orange_pos_001830_20260510_222139_969.png,20,40,1.866,0
orange_pos_001830_20260510_222139_969.png,40,40,25.875,0
orange_pos_001830_20260510_222139_969.png,60,40,20.104,0
orange_pos_001830_20260510_222139_969.png,80,40,0.614,0
orange_pos_001830_20260510_222139_969.png,100,40,0.614,0
orange_pos_001830_20260510_222139_969.png,120,40,0.618,0
orange_pos_001830_20260510_222139_969.png,140,40,13.417,0
orange_pos_001830_20260510_222139_969.png,0,60,1.952,0
orange_pos_001830_20260510_222139_969.png,20,60,4.597,0
orange_pos_001830_20260510_222139_969.png,40,60,39.663,0
orange_pos_001830_20260510_222139_969.png,60,60,28.154,0
orange_pos_001830_20260510_222139_969.png,80,60,2.827,0
orange_pos_001830_20260510_222139_969.png,100,60,0.887,0
orange_pos_001830_20260510_222139_969.png,120,60,4.613,0
orange_pos_001830_20260510_222139_969.png,140,60,23.308,0
orange_pos_001830_20260510_222139_969.png,0,80,3.897,0
orange_pos_001830_20260510_222139_969.png,20,80,4.292,0
orange_pos_001830_20260510_222139_969.png,40,80,36.233,0
orange_pos_001830_20260510_222139_969.png,60,80,22.133,0
orange_pos_001830_20260510_222139_969.png,80,80,4.589,0
orange_pos_001830_20260510_222139_969.png,100,80,7.804,0
orange_pos_001830_20260510_222139_969.png,120,80,15.232,0
orange_pos_001830_20260510_222139_969.png,140,80,24.909,0
orange_pos_001830_20260510_222139_969.png,0,100,1.308,0
orange_pos_001830_20260510_222139_969.png,20,100,5.473,0
orange_pos_001830_20260510_222139_969.png,40,100,41.039,0
orange_pos_001830_20260510_222139_969.png,60,100,25.048,0
orange_pos_001830_20260510_222139_969.png,80,100,10.398,0
orange_pos_001830_20260510_222139_969.png,100,100,12.899,0
orange_pos_001830_20260510_222139_969.png,120,100,16.722,0
orange_pos_001830_20260510_222139_969.png,140,100,25.579,0
orange_pos_001831_20260510_222142_395.png,0,0,1.501,0
orange_pos_001831_20260510_222142_395.png,20,0,0.614,0
orange_pos_001831_20260510_222142_395.png,40,0,0.782,0
orange_pos_001831_20260510_222142_395.png,60,0,0.673,0
orange_pos_001831_20260510_222142_395.png,80,0,0.614,0
orange_pos_001831_20260510_222142_395.png,100,0,0.614,0
orange_pos_001831_20260510_222142_395.png,120,0,0.614,0
orange_pos_001831_20260510_222142_395.png,140,0,0.614,0
orange_pos_001831_20260510_222142_395.png,0,20,3.566,0
orange_pos_001831_20260510_222142_395.png,20,20,0.614,0
orange_pos_001831_20260510_222142_395.png,40,20,0.614,0
orange_pos_001831_20260510_222142_395.png,60,20,0.643,0
orange_pos_001831_20260510_222142_395.png,80,20,0.614,0
orange_pos_001831_20260510_222142_395.png,100,20,0.614,0
orange_pos_001831_20260510_222142_395.png,120,20,0.614,0
orange_pos_001831_20260510_222142_395.png,140,20,0.614,0
orange_pos_001831_20260510_222142_395.png,0,40,0.614,0
orange_pos_001831_20260510_222142_395.png,20,40,0.614,0
orange_pos_001831_20260510_222142_395.png,40,40,0.712,0
orange_pos_001831_20260510_222142_395.png,60,40,0.640,0
orange_pos_001831_20260510_222142_395.png,80,40,0.614,0
orange_pos_001831_20260510_222142_395.png,100,40,0.614,0
orange_pos_001831_20260510_222142_395.png,120,40,0.614,0
orange_pos_001831_20260510_222142_395.png,140,40,0.614,0
orange_pos_001831_20260510_222142_395.png,0,60,0.614,0
orange_pos_001831_20260510_222142_395.png,20,60,0.614,0
orange_pos_001831_20260510_222142_395.png,40,60,0.643,0
orange_pos_001831_20260510_222142_395.png,60,60,0.615,0
orange_pos_001831_20260510_222142_395.png,80,60,0.614,0
orange_pos_001831_20260510_222142_395.png,100,60,0.614,0
orange_pos_001831_20260510_222142_395.png,120,60,0.614,0
orange_pos_001831_20260510_222142_395.png,140,60,0.614,0
orange_pos_001831_20260510_222142_395.png,0,80,0.614,0
orange_pos_001831_20260510_222142_395.png,20,80,0.614,0
orange_pos_001831_20260510_222142_395.png,40,80,0.614,0
orange_pos_001831_20260510_222142_395.png,60,80,0.614,0
orange_pos_001831_20260510_222142_395.png,80,80,0.614,0
orange_pos_001831_20260510_222142_395.png,100,80,0.614,0
orange_pos_001831_20260510_222142_395.png,120,80,0.614,0
orange_pos_001831_20260510_222142_395.png,140,80,0.614,0
orange_pos_001831_20260510_222142_395.png,0,100,0.614,0
orange_pos_001831_20260510_222142_395.png,20,100,0.614,0
orange_pos_001831_20260510_222142_395.png,40,100,0.614,0
orange_pos_001831_20260510_222142_395.png,60,100,0.614,0
orange_pos_001831_20260510_222142_395.png,80,100,0.614,0
orange_pos_001831_20260510_222142_395.png,100,100,0.614,0
orange_pos_001831_20260510_222142_395.png,120,100,0.614,0
orange_pos_001831_20260510_222142_395.png,140,100,0.614,0
orange_pos_001833_20260510_222142_751.png,0,0,11.974,0
orange_pos_001833_20260510_222142_751.png,20,0,1.803,0
orange_pos_001833_20260510_222142_751.png,40,0,7.309,0
orange_pos_001833_20260510_222142_751.png,60,0,10.699,0
orange_pos_001833_20260510_222142_751.png,80,0,4.797,0
orange_pos_001833_20260510_222142_751.png,100,0,1.994,0
orange_pos_001833_20260510_222142_751.png,120,0,2.643,0
orange_pos_001833_20260510_222142_751.png,140,0,3.218,0
orange_pos_001833_20260510_222142_751.png,0,20,14.700,0
orange_pos_001833_20260510_222142_751.png,20,20,0.614,0
orange_pos_001833_20260510_222142_751.png,40,20,5.429,0
orange_pos_001833_20260510_222142_751.png,60,20,7.149,0
orange_pos_001833_20260510_222142_751.png,80,20,0.680,0
orange_pos_001833_20260510_222142_751.png,100,20,0.614,0
orange_pos_001833_20260510_222142_751.png,120,20,0.614,0
orange_pos_001833_20260510_222142_751.png,140,20,2.157,0
orange_pos_001833_20260510_222142_751.png,0,40,0.669,0
orange_pos_001833_20260510_222142_751.png,20,40,0.774,0
orange_pos_001833_20260510_222142_751.png,40,40,5.970,0
orange_pos_001833_20260510_222142_751.png,60,40,4.427,0
orange_pos_001833_20260510_222142_751.png,80,40,0.614,0
orange_pos_001833_20260510_222142_751.png,100,40,0.614,0
orange_pos_001833_20260510_222142_751.png,120,40,0.614,0
orange_pos_001833_20260510_222142_751.png,140,40,1.799,0
orange_pos_001833_20260510_222142_751.png,0,60,0.763,0
orange_pos_001833_20260510_222142_751.png,20,60,0.614,0
orange_pos_001833_20260510_222142_751.png,40,60,11.599,0
orange_pos_001833_20260510_222142_751.png,60,60,7.640,0
orange_pos_001833_20260510_222142_751.png,80,60,0.614,0
orange_pos_001833_20260510_222142_751.png,100,60,0.614,0
orange_pos_001833_20260510_222142_751.png,120,60,0.614,0
orange_pos_001833_20260510_222142_751.png,140,60,3.575,0
orange_pos_001833_20260510_222142_751.png,0,80,0.946,0
orange_pos_001833_20260510_222142_751.png,20,80,0.614,0
orange_pos_001833_20260510_222142_751.png,40,80,9.906,0
orange_pos_001833_20260510_222142_751.png,60,80,5.675,0
orange_pos_001833_20260510_222142_751.png,80,80,0.614,0
orange_pos_001833_20260510_222142_751.png,100,80,0.836,0
orange_pos_001833_20260510_222142_751.png,120,80,0.816,0
orange_pos_001833_20260510_222142_751.png,140,80,3.242,0
orange_pos_001833_20260510_222142_751.png,0,100,0.690,0
orange_pos_001833_20260510_222142_751.png,20,100,1.425,0
orange_pos_001833_20260510_222142_751.png,40,100,11.233,0
orange_pos_001833_20260510_222142_751.png,60,100,6.542,0
orange_pos_001833_20260510_222142_751.png,80,100,0.906,0
orange_pos_001833_20260510_222142_751.png,100,100,2.252,0
orange_pos_001833_20260510_222142_751.png,120,100,1.509,0
orange_pos_001833_20260510_222142_751.png,140,100,3.922,0
orange_pos_001834_20260510_222144_439.png,0,0,7.924,0
orange_pos_001834_20260510_222144_439.png,20,0,0.614,0
orange_pos_001834_20260510_222144_439.png,40,0,4.544,0
orange_pos_001834_20260510_222144_439.png,60,0,6.140,0
orange_pos_001834_20260510_222144_439.png,80,0,2.793,0
orange_pos_001834_20260510_222144_439.png,100,0,2.238,0
orange_pos_001834_20260510_222144_439.png,120,0,1.181,0
orange_pos_001834_20260510_222144_439.png,140,0,1.071,0
orange_pos_001834_20260510_222144_439.png,0,20,10.965,0
orange_pos_001834_20260510_222144_439.png,20,20,0.614,0
orange_pos_001834_20260510_222144_439.png,40,20,3.584,0
orange_pos_001834_20260510_222144_439.png,60,20,3.846,0
orange_pos_001834_20260510_222144_439.png,80,20,0.688,0
orange_pos_001834_20260510_222144_439.png,100,20,0.614,0
orange_pos_001834_20260510_222144_439.png,120,20,0.614,0
orange_pos_001834_20260510_222144_439.png,140,20,0.748,0
orange_pos_001834_20260510_222144_439.png,0,40,0.618,0
orange_pos_001834_20260510_222144_439.png,20,40,0.614,0
orange_pos_001834_20260510_222144_439.png,40,40,3.560,0
orange_pos_001834_20260510_222144_439.png,60,40,1.745,0
orange_pos_001834_20260510_222144_439.png,80,40,0.614,0
orange_pos_001834_20260510_222144_439.png,100,40,0.614,0
orange_pos_001834_20260510_222144_439.png,120,40,0.614,0
orange_pos_001834_20260510_222144_439.png,140,40,0.681,0
orange_pos_001834_20260510_222144_439.png,0,60,0.841,0
orange_pos_001834_20260510_222144_439.png,20,60,0.614,0
orange_pos_001834_20260510_222144_439.png,40,60,9.573,0
orange_pos_001834_20260510_222144_439.png,60,60,4.485,0
orange_pos_001834_20260510_222144_439.png,80,60,0.614,0
orange_pos_001834_20260510_222144_439.png,100,60,0.614,0
orange_pos_001834_20260510_222144_439.png,120,60,0.616,0
orange_pos_001834_20260510_222144_439.png,140,60,1.266,0
orange_pos_001834_20260510_222144_439.png,0,80,0.874,0
orange_pos_001834_20260510_222144_439.png,20,80,0.614,0
orange_pos_001834_20260510_222144_439.png,40,80,7.547,0
orange_pos_001834_20260510_222144_439.png,60,80,4.295,0
orange_pos_001834_20260510_222144_439.png,80,80,0.614,0
orange_pos_001834_20260510_222144_439.png,100,80,0.614,0
orange_pos_001834_20260510_222144_439.png,120,80,0.614,0
orange_pos_001834_20260510_222144_439.png,140,80,1.115,0
orange_pos_001834_20260510_222144_439.png,0,100,0.614,0
orange_pos_001834_20260510_222144_439.png,20,100,0.784,0
orange_pos_001834_20260510_222144_439.png,40,100,3.876,0
orange_pos_001834_20260510_222144_439.png,60,100,2.226,0
orange_pos_001834_20260510_222144_439.png,80,100,0.614,0
orange_pos_001834_20260510_222144_439.png,100,100,0.674,0
orange_pos_001834_20260510_222144_439.png,120,100,0.640,0
orange_pos_001834_20260510_222144_439.png,140,100,1.188,0
orange_pos_001835_20260510_222144_981.png,0,0,26.687,0
orange_pos_001835_20260510_222144_981.png,20,0,0.614,0
orange_pos_001835_20260510_222144_981.png,40,0,12.760,0
orange_pos_001835_20260510_222144_981.png,60,0,21.897,0
orange_pos_001835_20260510_222144_981.png,80,0,10.492,0
orange_pos_001835_20260510_222144_981.png,100,0,5.443,0
orange_pos_001835_20260510_222144_981.png,120,0,5.561,0
orange_pos_001835_20260510_222144_981.png,140,0,6.391,0
orange_pos_001835_20260510_222144_981.png,0,20,19.120,0
orange_pos_001835_20260510_222144_981.png,20,20,0.614,0
orange_pos_001835_20260510_222144_981.png,40,20,13.955,0
orange_pos_001835_20260510_222144_981.png,60,20,16.517,0
orange_pos_001835_20260510_222144_981.png,80,20,1.787,0
orange_pos_001835_20260510_222144_981.png,100,20,0.614,0
orange_pos_001835_20260510_222144_981.png,120,20,0.712,0
orange_pos_001835_20260510_222144_981.png,140,20,8.583,0
orange_pos_001835_20260510_222144_981.png,0,40,1.110,0
orange_pos_001835_20260510_222144_981.png,20,40,0.630,0
orange_pos_001835_20260510_222144_981.png,40,40,15.014,0
orange_pos_001835_20260510_222144_981.png,60,40,11.043,0
orange_pos_001835_20260510_222144_981.png,80,40,0.614,0
orange_pos_001835_20260510_222144_981.png,100,40,0.614,0
orange_pos_001835_20260510_222144_981.png,120,40,0.614,0
orange_pos_001835_20260510_222144_981.png,140,40,7.236,0
orange_pos_001835_20260510_222144_981.png,0,60,1.328,0
orange_pos_001835_20260510_222144_981.png,20,60,0.614,0
orange_pos_001835_20260510_222144_981.png,40,60,20.803,0
orange_pos_001835_20260510_222144_981.png,60,60,14.498,0
orange_pos_001835_20260510_222144_981.png,80,60,0.976,0
orange_pos_001835_20260510_222144_981.png,100,60,0.629,0
orange_pos_001835_20260510_222144_981.png,120,60,1.655,0
orange_pos_001835_20260510_222144_981.png,140,60,8.380,0
orange_pos_001835_20260510_222144_981.png,0,80,1.053,0
orange_pos_001835_20260510_222144_981.png,20,80,0.869,0
orange_pos_001835_20260510_222144_981.png,40,80,19.995,0
orange_pos_001835_20260510_222144_981.png,60,80,13.173,0
orange_pos_001835_20260510_222144_981.png,80,80,1.158,0
orange_pos_001835_20260510_222144_981.png,100,80,3.432,0
orange_pos_001835_20260510_222144_981.png,120,80,6.006,0
orange_pos_001835_20260510_222144_981.png,140,80,12.250,0
orange_pos_001835_20260510_222144_981.png,0,100,0.925,0
orange_pos_001835_20260510_222144_981.png,20,100,2.379,0
orange_pos_001835_20260510_222144_981.png,40,100,22.855,0
orange_pos_001835_20260510_222144_981.png,60,100,14.201,0
orange_pos_001835_20260510_222144_981.png,80,100,4.959,0
orange_pos_001835_20260510_222144_981.png,100,100,6.581,0
orange_pos_001835_20260510_222144_981.png,120,100,9.052,0
orange_pos_001835_20260510_222144_981.png,140,100,13.769,0
orange_pos_001836_20260510_222146_926.png,0,0,22.774,0
orange_pos_001836_20260510_222146_926.png,20,0,0.667,0
orange_pos_001836_20260510_222146_926.png,40,0,14.115,0
orange_pos_001836_20260510_222146_926.png,60,0,19.800,0
orange_pos_001836_20260510_222146_926.png,80,0,8.950,0
orange_pos_001836_20260510_222146_926.png,100,0,3.715,0
orange_pos_001836_20260510_222146_926.png,120,0,3.821,0
orange_pos_001836_20260510_222146_926.png,140,0,8.637,0
orange_pos_001836_20260510_222146_926.png,0,20,28.228,0
orange_pos_001836_20260510_222146_926.png,20,20,0.716,0
orange_pos_001836_20260510_222146_926.png,40,20,17.026,0
orange_pos_001836_20260510_222146_926.png,60,20,20.715,0
orange_pos_001836_20260510_222146_926.png,80,20,2.659,0
orange_pos_001836_20260510_222146_926.png,100,20,0.614,0
orange_pos_001836_20260510_222146_926.png,120,20,0.864,0
orange_pos_001836_20260510_222146_926.png,140,20,11.362,0
orange_pos_001836_20260510_222146_926.png,0,40,0.936,0
orange_pos_001836_20260510_222146_926.png,20,40,0.614,0
orange_pos_001836_20260510_222146_926.png,40,40,15.020,0
orange_pos_001836_20260510_222146_926.png,60,40,12.229,0
orange_pos_001836_20260510_222146_926.png,80,40,0.614,0
orange_pos_001836_20260510_222146_926.png,100,40,0.614,0
orange_pos_001836_20260510_222146_926.png,120,40,0.614,0
orange_pos_001836_20260510_222146_926.png,140,40,8.319,0
orange_pos_001836_20260510_222146_926.png,0,60,1.106,0
orange_pos_001836_20260510_222146_926.png,20,60,0.614,0
orange_pos_001836_20260510_222146_926.png,40,60,14.785,0
orange_pos_001836_20260510_222146_926.png,60,60,10.370,0
orange_pos_001836_20260510_222146_926.png,80,60,0.730,0
orange_pos_001836_20260510_222146_926.png,100,60,0.614,0
orange_pos_001836_20260510_222146_926.png,120,60,0.804,0
orange_pos_001836_20260510_222146_926.png,140,60,8.375,0
orange_pos_001836_20260510_222146_926.png,0,80,1.028,0
orange_pos_001836_20260510_222146_926.png,20,80,0.645,0
orange_pos_001836_20260510_222146_926.png,40,80,20.496,0
orange_pos_001836_20260510_222146_926.png,60,80,11.716,0
orange_pos_001836_20260510_222146_926.png,80,80,0.741,0
orange_pos_001836_20260510_222146_926.png,100,80,1.820,0
orange_pos_001836_20260510_222146_926.png,120,80,4.123,0
orange_pos_001836_20260510_222146_926.png,140,80,6.967,0
orange_pos_001836_20260510_222146_926.png,0,100,0.738,0
orange_pos_001836_20260510_222146_926.png,20,100,2.441,0
orange_pos_001836_20260510_222146_926.png,40,100,14.225,0
orange_pos_001836_20260510_222146_926.png,60,100,8.162,0
orange_pos_001836_20260510_222146_926.png,80,100,1.455,0
orange_pos_001836_20260510_222146_926.png,100,100,2.516,0
orange_pos_001836_20260510_222146_926.png,120,100,3.770,0
orange_pos_001836_20260510_222146_926.png,140,100,6.260,0
orange_pos_001837_20260510_222147_283.png,0,0,22.774,0
orange_pos_001837_20260510_222147_283.png,20,0,0.667,0
orange_pos_001837_20260510_222147_283.png,40,0,14.115,0
orange_pos_001837_20260510_222147_283.png,60,0,19.800,0
orange_pos_001837_20260510_222147_283.png,80,0,8.950,0
orange_pos_001837_20260510_222147_283.png,100,0,3.715,0
orange_pos_001837_20260510_222147_283.png,120,0,3.821,0
orange_pos_001837_20260510_222147_283.png,140,0,8.637,0
orange_pos_001837_20260510_222147_283.png,0,20,28.228,0
orange_pos_001837_20260510_222147_283.png,20,20,0.716,0
orange_pos_001837_20260510_222147_283.png,40,20,17.026,0
orange_pos_001837_20260510_222147_283.png,60,20,20.715,0
orange_pos_001837_20260510_222147_283.png,80,20,2.659,0
orange_pos_001837_20260510_222147_283.png,100,20,0.614,0
orange_pos_001837_20260510_222147_283.png,120,20,0.864,0
orange_pos_001837_20260510_222147_283.png,140,20,11.362,0
orange_pos_001837_20260510_222147_283.png,0,40,0.936,0
orange_pos_001837_20260510_222147_283.png,20,40,0.614,0
orange_pos_001837_20260510_222147_283.png,40,40,15.020,0
orange_pos_001837_20260510_222147_283.png,60,40,12.229,0
orange_pos_001837_20260510_222147_283.png,80,40,0.614,0
orange_pos_001837_20260510_222147_283.png,100,40,0.614,0
orange_pos_001837_20260510_222147_283.png,120,40,0.614,0
orange_pos_001837_20260510_222147_283.png,140,40,8.319,0
orange_pos_001837_20260510_222147_283.png,0,60,1.106,0
orange_pos_001837_20260510_222147_283.png,20,60,0.614,0
orange_pos_001837_20260510_222147_283.png,40,60,14.785,0
orange_pos_001837_20260510_222147_283.png,60,60,10.370,0
orange_pos_001837_20260510_222147_283.png,80,60,0.730,0
orange_pos_001837_20260510_222147_283.png,100,60,0.614,0
orange_pos_001837_20260510_222147_283.png,120,60,0.804,0
orange_pos_001837_20260510_222147_283.png,140,60,8.375,0
orange_pos_001837_20260510_222147_283.png,0,80,1.028,0
orange_pos_001837_20260510_222147_283.png,20,80,0.645,0
orange_pos_001837_20260510_222147_283.png,40,80,20.496,0
orange_pos_001837_20260510_222147_283.png,60,80,11.716,0
orange_pos_001837_20260510_222147_283.png,80,80,0.741,0
orange_pos_001837_20260510_222147_283.png,100,80,1.820,0
orange_pos_001837_20260510_222147_283.png,120,80,4.123,0
orange_pos_001837_20260510_222147_283.png,140,80,6.967,0
orange_pos_001837_20260510_222147_283.png,0,100,0.738,0
orange_pos_001837_20260510_222147_283.png,20,100,2.441,0
orange_pos_001837_20260510_222147_283.png,40,100,14.225,0
orange_pos_001837_20260510_222147_283.png,60,100,8.162,0
orange_pos_001837_20260510_222147_283.png,80,100,1.455,0
orange_pos_001837_20260510_222147_283.png,100,100,2.516,0
orange_pos_001837_20260510_222147_283.png,120,100,3.770,0
orange_pos_001837_20260510_222147_283.png,140,100,6.260,0
orange_pos_001838_20260510_222151_756.png,0,0,27.166,0
orange_pos_001838_20260510_222151_756.png,20,0,3.768,0
orange_pos_001838_20260510_222151_756.png,40,0,15.592,0
orange_pos_001838_20260510_222151_756.png,60,0,27.473,0
orange_pos_001838_20260510_222151_756.png,80,0,14.353,0
orange_pos_001838_20260510_222151_756.png,100,0,8.464,0
orange_pos_001838_20260510_222151_756.png,120,0,8.469,0
orange_pos_001838_20260510_222151_756.png,140,0,13.959,0
orange_pos_001838_20260510_222151_756.png,0,20,22.465,0
orange_pos_001838_20260510_222151_756.png,20,20,3.420,0
orange_pos_001838_20260510_222151_756.png,40,20,21.314,0
orange_pos_001838_20260510_222151_756.png,60,20,25.605,0
orange_pos_001838_20260510_222151_756.png,80,20,2.831,0
orange_pos_001838_20260510_222151_756.png,100,20,0.614,0
orange_pos_001838_20260510_222151_756.png,120,20,1.118,0
orange_pos_001838_20260510_222151_756.png,140,20,15.385,0
orange_pos_001838_20260510_222151_756.png,0,40,1.196,0
orange_pos_001838_20260510_222151_756.png,20,40,1.331,0
orange_pos_001838_20260510_222151_756.png,40,40,27.014,0
orange_pos_001838_20260510_222151_756.png,60,40,20.616,0
orange_pos_001838_20260510_222151_756.png,80,40,0.614,0
orange_pos_001838_20260510_222151_756.png,100,40,0.614,0
orange_pos_001838_20260510_222151_756.png,120,40,0.660,0
orange_pos_001838_20260510_222151_756.png,140,40,12.015,0
orange_pos_001838_20260510_222151_756.png,0,60,1.487,0
orange_pos_001838_20260510_222151_756.png,20,60,0.898,0
orange_pos_001838_20260510_222151_756.png,40,60,26.048,0
orange_pos_001838_20260510_222151_756.png,60,60,19.748,0
orange_pos_001838_20260510_222151_756.png,80,60,1.452,0
orange_pos_001838_20260510_222151_756.png,100,60,0.614,0
orange_pos_001838_20260510_222151_756.png,120,60,1.348,0
orange_pos_001838_20260510_222151_756.png,140,60,13.434,0
orange_pos_001838_20260510_222151_756.png,0,80,1.251,0
orange_pos_001838_20260510_222151_756.png,20,80,1.353,0
orange_pos_001838_20260510_222151_756.png,40,80,28.068,0
orange_pos_001838_20260510_222151_756.png,60,80,16.664,0
orange_pos_001838_20260510_222151_756.png,80,80,1.472,0
orange_pos_001838_20260510_222151_756.png,100,80,3.261,0
orange_pos_001838_20260510_222151_756.png,120,80,8.066,0
orange_pos_001838_20260510_222151_756.png,140,80,13.981,0
orange_pos_001838_20260510_222151_756.png,0,100,1.163,0
orange_pos_001838_20260510_222151_756.png,20,100,3.930,0
orange_pos_001838_20260510_222151_756.png,40,100,23.833,0
orange_pos_001838_20260510_222151_756.png,60,100,15.746,0
orange_pos_001838_20260510_222151_756.png,80,100,6.489,0
orange_pos_001838_20260510_222151_756.png,100,100,8.415,0
orange_pos_001838_20260510_222151_756.png,120,100,11.871,0
orange_pos_001838_20260510_222151_756.png,140,100,15.512,0
orange_pos_001839_20260510_222153_462.png,0,0,6.823,0
orange_pos_001839_20260510_222153_462.png,20,0,0.614,0
orange_pos_001839_20260510_222153_462.png,40,0,2.523,0
orange_pos_001839_20260510_222153_462.png,60,0,3.187,0
orange_pos_001839_20260510_222153_462.png,80,0,1.017,0
orange_pos_001839_20260510_222153_462.png,100,0,0.614,0
orange_pos_001839_20260510_222153_462.png,120,0,0.614,0
orange_pos_001839_20260510_222153_462.png,140,0,0.621,0
orange_pos_001839_20260510_222153_462.png,0,20,0.650,0
orange_pos_001839_20260510_222153_462.png,20,20,0.614,0
orange_pos_001839_20260510_222153_462.png,40,20,2.871,0
orange_pos_001839_20260510_222153_462.png,60,20,3.345,0
orange_pos_001839_20260510_222153_462.png,80,20,0.765,0
orange_pos_001839_20260510_222153_462.png,100,20,0.614,0
orange_pos_001839_20260510_222153_462.png,120,20,0.614,0
orange_pos_001839_20260510_222153_462.png,140,20,0.623,0
orange_pos_001839_20260510_222153_462.png,0,40,0.614,0
orange_pos_001839_20260510_222153_462.png,20,40,0.614,0
orange_pos_001839_20260510_222153_462.png,40,40,2.505,0
orange_pos_001839_20260510_222153_462.png,60,40,1.846,0
orange_pos_001839_20260510_222153_462.png,80,40,0.614,0
orange_pos_001839_20260510_222153_462.png,100,40,0.614,0
orange_pos_001839_20260510_222153_462.png,120,40,0.614,0
orange_pos_001839_20260510_222153_462.png,140,40,0.614,0
orange_pos_001839_20260510_222153_462.png,0,60,0.655,0
orange_pos_001839_20260510_222153_462.png,20,60,0.614,0
orange_pos_001839_20260510_222153_462.png,40,60,3.187,0
orange_pos_001839_20260510_222153_462.png,60,60,1.809,0
orange_pos_001839_20260510_222153_462.png,80,60,0.614,0
orange_pos_001839_20260510_222153_462.png,100,60,0.614,0
orange_pos_001839_20260510_222153_462.png,120,60,0.614,0
orange_pos_001839_20260510_222153_462.png,140,60,0.769,0
orange_pos_001839_20260510_222153_462.png,0,80,0.637,0
orange_pos_001839_20260510_222153_462.png,20,80,0.614,0
orange_pos_001839_20260510_222153_462.png,40,80,1.449,0
orange_pos_001839_20260510_222153_462.png,60,80,0.795,0
orange_pos_001839_20260510_222153_462.png,80,80,0.614,0
orange_pos_001839_20260510_222153_462.png,100,80,0.614,0
orange_pos_001839_20260510_222153_462.png,120,80,0.616,0
orange_pos_001839_20260510_222153_462.png,140,80,0.614,0
orange_pos_001839_20260510_222153_462.png,0,100,0.614,0
orange_pos_001839_20260510_222153_462.png,20,100,0.614,0
orange_pos_001839_20260510_222153_462.png,40,100,1.469,0
orange_pos_001839_20260510_222153_462.png,60,100,0.924,0
orange_pos_001839_20260510_222153_462.png,80,100,0.614,0
orange_pos_001839_20260510_222153_462.png,100,100,0.614,0
orange_pos_001839_20260510_222153_462.png,120,100,0.614,0
orange_pos_001839_20260510_222153_462.png,140,100,0.614,0
orange_pos_001840_20260510_222153_777.png,0,0,58.813,0
orange_pos_001840_20260510_222153_777.png,20,0,13.278,0
orange_pos_001840_20260510_222153_777.png,40,0,39.057,0
orange_pos_001840_20260510_222153_777.png,60,0,64.506,0
orange_pos_001840_20260510_222153_777.png,80,0,38.961,0
orange_pos_001840_20260510_222153_777.png,100,0,26.426,0
orange_pos_001840_20260510_222153_777.png,120,0,29.349,0
orange_pos_001840_20260510_222153_777.png,140,0,43.095,0
orange_pos_001840_20260510_222153_777.png,0,20,44.841,0
orange_pos_001840_20260510_222153_777.png,20,20,12.397,0
orange_pos_001840_20260510_222153_777.png,40,20,39.092,0
orange_pos_001840_20260510_222153_777.png,60,20,45.519,0
orange_pos_001840_20260510_222153_777.png,80,20,7.115,0
orange_pos_001840_20260510_222153_777.png,100,20,0.676,0
orange_pos_001840_20260510_222153_777.png,120,20,2.718,0
orange_pos_001840_20260510_222153_777.png,140,20,34.159,0
orange_pos_001840_20260510_222153_777.png,0,40,2.222,0
orange_pos_001840_20260510_222153_777.png,20,40,13.913,0
orange_pos_001840_20260510_222153_777.png,40,40,44.060,0
orange_pos_001840_20260510_222153_777.png,60,40,38.464,0
orange_pos_001840_20260510_222153_777.png,80,40,1.453,0
orange_pos_001840_20260510_222153_777.png,100,40,0.614,0
orange_pos_001840_20260510_222153_777.png,120,40,0.795,0
orange_pos_001840_20260510_222153_777.png,140,40,33.149,0
orange_pos_001840_20260510_222153_777.png,0,60,2.815,0
orange_pos_001840_20260510_222153_777.png,20,60,8.296,0
orange_pos_001840_20260510_222153_777.png,40,60,51.805,0
orange_pos_001840_20260510_222153_777.png,60,60,39.423,0
orange_pos_001840_20260510_222153_777.png,80,60,5.698,0
orange_pos_001840_20260510_222153_777.png,100,60,1.735,0
orange_pos_001840_20260510_222153_777.png,120,60,8.911,0
orange_pos_001840_20260510_222153_777.png,140,60,38.842,0
orange_pos_001840_20260510_222153_777.png,0,80,5.506,0
orange_pos_001840_20260510_222153_777.png,20,80,7.226,0
orange_pos_001840_20260510_222153_777.png,40,80,58.603,0
orange_pos_001840_20260510_222153_777.png,60,80,39.591,0
orange_pos_001840_20260510_222153_777.png,80,80,10.774,0
orange_pos_001840_20260510_222153_777.png,100,80,16.487,0
orange_pos_001840_20260510_222153_777.png,120,80,29.578,0
orange_pos_001840_20260510_222153_777.png,140,80,45.678,0
orange_pos_001840_20260510_222153_777.png,0,100,2.174,0
orange_pos_001840_20260510_222153_777.png,20,100,9.930,0
orange_pos_001840_20260510_222153_777.png,40,100,61.492,0
orange_pos_001840_20260510_222153_777.png,60,100,44.607,0
orange_pos_001840_20260510_222153_777.png,80,100,26.156,0
orange_pos_001840_20260510_222153_777.png,100,100,31.681,0
orange_pos_001840_20260510_222153_777.png,120,100,40.984,0
orange_pos_001840_20260510_222153_777.png,140,100,51.208,0
orange_pos_001841_20260510_222155_910.png,0,0,8.013,0
orange_pos_001841_20260510_222155_910.png,20,0,0.614,0
orange_pos_001841_20260510_222155_910.png,40,0,3.474,0
orange_pos_001841_20260510_222155_910.png,60,0,3.602,0
orange_pos_001841_20260510_222155_910.png,80,0,0.992,0
orange_pos_001841_20260510_222155_910.png,100,0,0.614,0
orange_pos_001841_20260510_222155_910.png,120,0,0.614,0
orange_pos_001841_20260510_222155_910.png,140,0,0.614,0
orange_pos_001841_20260510_222155_910.png,0,20,17.042,0
orange_pos_001841_20260510_222155_910.png,20,20,0.614,0
orange_pos_001841_20260510_222155_910.png,40,20,4.568,0
orange_pos_001841_20260510_222155_910.png,60,20,4.458,0
orange_pos_001841_20260510_222155_910.png,80,20,0.615,0
orange_pos_001841_20260510_222155_910.png,100,20,0.614,0
orange_pos_001841_20260510_222155_910.png,120,20,0.614,0
orange_pos_001841_20260510_222155_910.png,140,20,1.253,0
orange_pos_001841_20260510_222155_910.png,0,40,0.614,0
orange_pos_001841_20260510_222155_910.png,20,40,0.614,0
orange_pos_001841_20260510_222155_910.png,40,40,3.258,0
orange_pos_001841_20260510_222155_910.png,60,40,2.832,0
orange_pos_001841_20260510_222155_910.png,80,40,0.614,0
orange_pos_001841_20260510_222155_910.png,100,40,0.614,0
orange_pos_001841_20260510_222155_910.png,120,40,0.614,0
orange_pos_001841_20260510_222155_910.png,140,40,1.417,0
orange_pos_001841_20260510_222155_910.png,0,60,0.736,0
orange_pos_001841_20260510_222155_910.png,20,60,0.614,0
orange_pos_001841_20260510_222155_910.png,40,60,8.262,0
orange_pos_001841_20260510_222155_910.png,60,60,4.123,0
orange_pos_001841_20260510_222155_910.png,80,60,0.614,0
orange_pos_001841_20260510_222155_910.png,100,60,0.614,0
orange_pos_001841_20260510_222155_910.png,120,60,0.614,0
orange_pos_001841_20260510_222155_910.png,140,60,0.929,0
orange_pos_001841_20260510_222155_910.png,0,80,0.650,0
orange_pos_001841_20260510_222155_910.png,20,80,0.614,0
orange_pos_001841_20260510_222155_910.png,40,80,3.913,0
orange_pos_001841_20260510_222155_910.png,60,80,1.986,0
orange_pos_001841_20260510_222155_910.png,80,80,0.614,0
orange_pos_001841_20260510_222155_910.png,100,80,0.614,0
orange_pos_001841_20260510_222155_910.png,120,80,0.651,0
orange_pos_001841_20260510_222155_910.png,140,80,0.768,0
orange_pos_001841_20260510_222155_910.png,0,100,0.614,0
orange_pos_001841_20260510_222155_910.png,20,100,1.042,0
orange_pos_001841_20260510_222155_910.png,40,100,2.819,0
orange_pos_001841_20260510_222155_910.png,60,100,1.333,0
orange_pos_001841_20260510_222155_910.png,80,100,0.629,0
orange_pos_001841_20260510_222155_910.png,100,100,0.621,0
orange_pos_001841_20260510_222155_910.png,120,100,0.617,0
orange_pos_001841_20260510_222155_910.png,140,100,0.682,0
orange_pos_001842_20260510_222200_318.png,0,0,34.096,0
orange_pos_001842_20260510_222200_318.png,20,0,7.504,0
orange_pos_001842_20260510_222200_318.png,40,0,22.889,0
orange_pos_001842_20260510_222200_318.png,60,0,39.173,0
orange_pos_001842_20260510_222200_318.png,80,0,16.879,0
orange_pos_001842_20260510_222200_318.png,100,0,9.714,0
orange_pos_001842_20260510_222200_318.png,120,0,10.587,0
orange_pos_001842_20260510_222200_318.png,140,0,18.305,0
orange_pos_001842_20260510_222200_318.png,0,20,22.857,0
orange_pos_001842_20260510_222200_318.png,20,20,1.371,0
orange_pos_001842_20260510_222200_318.png,40,20,15.909,0
orange_pos_001842_20260510_222200_318.png,60,20,18.229,0
orange_pos_001842_20260510_222200_318.png,80,20,2.105,0
orange_pos_001842_20260510_222200_318.png,100,20,0.614,0
orange_pos_001842_20260510_222200_318.png,120,20,0.808,0
orange_pos_001842_20260510_222200_318.png,140,20,9.852,0
orange_pos_001842_20260510_222200_318.png,0,40,1.311,0
orange_pos_001842_20260510_222200_318.png,20,40,1.940,0
orange_pos_001842_20260510_222200_318.png,40,40,22.301,0
orange_pos_001842_20260510_222200_318.png,60,40,17.235,0
orange_pos_001842_20260510_222200_318.png,80,40,0.614,0
orange_pos_001842_20260510_222200_318.png,100,40,0.614,0
orange_pos_001842_20260510_222200_318.png,120,40,0.614,0
orange_pos_001842_20260510_222200_318.png,140,40,11.273,0
orange_pos_001842_20260510_222200_318.png,0,60,1.309,0
orange_pos_001842_20260510_222200_318.png,20,60,2.261,0
orange_pos_001842_20260510_222200_318.png,40,60,29.559,0
orange_pos_001842_20260510_222200_318.png,60,60,20.351,0
orange_pos_001842_20260510_222200_318.png,80,60,1.435,0
orange_pos_001842_20260510_222200_318.png,100,60,0.614,0
orange_pos_001842_20260510_222200_318.png,120,60,2.005,0
orange_pos_001842_20260510_222200_318.png,140,60,15.662,0
orange_pos_001842_20260510_222200_318.png,0,80,1.459,0
orange_pos_001842_20260510_222200_318.png,20,80,3.147,0
orange_pos_001842_20260510_222200_318.png,40,80,26.003,0
orange_pos_001842_20260510_222200_318.png,60,80,15.566,0
orange_pos_001842_20260510_222200_318.png,80,80,1.553,0
orange_pos_001842_20260510_222200_318.png,100,80,3.170,0
orange_pos_001842_20260510_222200_318.png,120,80,6.246,0
orange_pos_001842_20260510_222200_318.png,140,80,11.569,0
orange_pos_001842_20260510_222200_318.png,0,100,1.325,0
orange_pos_001842_20260510_222200_318.png,20,100,3.707,0
orange_pos_001842_20260510_222200_318.png,40,100,32.999,0
orange_pos_001842_20260510_222200_318.png,60,100,21.125,0
orange_pos_001842_20260510_222200_318.png,80,100,7.805,0
orange_pos_001842_20260510_222200_318.png,100,100,10.306,0
orange_pos_001842_20260510_222200_318.png,120,100,16.210,0
orange_pos_001842_20260510_222200_318.png,140,100,20.526,0
orange_pos_001843_20260510_222202_586.png,0,0,35.382,0
orange_pos_001843_20260510_222202_586.png,20,0,1.502,0
orange_pos_001843_20260510_222202_586.png,40,0,16.070,0
orange_pos_001843_20260510_222202_586.png,60,0,25.477,0
orange_pos_001843_20260510_222202_586.png,80,0,13.267,0
orange_pos_001843_20260510_222202_586.png,100,0,10.074,0
orange_pos_001843_20260510_222202_586.png,120,0,8.752,0
orange_pos_001843_20260510_222202_586.png,140,0,10.407,0
orange_pos_001843_20260510_222202_586.png,0,20,27.188,0
orange_pos_001843_20260510_222202_586.png,20,20,0.614,0
orange_pos_001843_20260510_222202_586.png,40,20,13.281,0
orange_pos_001843_20260510_222202_586.png,60,20,16.511,0
orange_pos_001843_20260510_222202_586.png,80,20,2.194,0
orange_pos_001843_20260510_222202_586.png,100,20,0.614,0
orange_pos_001843_20260510_222202_586.png,120,20,1.149,0
orange_pos_001843_20260510_222202_586.png,140,20,9.493,0
orange_pos_001843_20260510_222202_586.png,0,40,1.311,0
orange_pos_001843_20260510_222202_586.png,20,40,0.723,0
orange_pos_001843_20260510_222202_586.png,40,40,25.103,0
orange_pos_001843_20260510_222202_586.png,60,40,19.846,0
orange_pos_001843_20260510_222202_586.png,80,40,0.637,0
orange_pos_001843_20260510_222202_586.png,100,40,0.614,0
orange_pos_001843_20260510_222202_586.png,120,40,0.803,0
orange_pos_001843_20260510_222202_586.png,140,40,13.191,0
orange_pos_001843_20260510_222202_586.png,0,60,1.007,0
orange_pos_001843_20260510_222202_586.png,20,60,0.614,0
orange_pos_001843_20260510_222202_586.png,40,60,16.083,0
orange_pos_001843_20260510_222202_586.png,60,60,11.124,0
orange_pos_001843_20260510_222202_586.png,80,60,0.711,0
orange_pos_001843_20260510_222202_586.png,100,60,0.614,0
orange_pos_001843_20260510_222202_586.png,120,60,0.802,0
orange_pos_001843_20260510_222202_586.png,140,60,8.435,0
orange_pos_001843_20260510_222202_586.png,0,80,1.144,0
orange_pos_001843_20260510_222202_586.png,20,80,0.708,0
orange_pos_001843_20260510_222202_586.png,40,80,23.038,0
orange_pos_001843_20260510_222202_586.png,60,80,14.348,0
orange_pos_001843_20260510_222202_586.png,80,80,0.984,0
orange_pos_001843_20260510_222202_586.png,100,80,2.425,0
orange_pos_001843_20260510_222202_586.png,120,80,5.446,0
orange_pos_001843_20260510_222202_586.png,140,80,9.936,0
orange_pos_001843_20260510_222202_586.png,0,100,0.845,0
orange_pos_001843_20260510_222202_586.png,20,100,2.060,0
orange_pos_001843_20260510_222202_586.png,40,100,14.826,0
orange_pos_001843_20260510_222202_586.png,60,100,10.186,0
orange_pos_001843_20260510_222202_586.png,80,100,4.014,0
orange_pos_001843_20260510_222202_586.png,100,100,5.129,0
orange_pos_001843_20260510_222202_586.png,120,100,5.602,0
orange_pos_001843_20260510_222202_586.png,140,100,9.126,0
orange_pos_001844_20260510_222202_944.png,0,0,35.382,0
orange_pos_001844_20260510_222202_944.png,20,0,1.502,0
orange_pos_001844_20260510_222202_944.png,40,0,16.070,0
orange_pos_001844_20260510_222202_944.png,60,0,25.477,0
orange_pos_001844_20260510_222202_944.png,80,0,13.267,0
orange_pos_001844_20260510_222202_944.png,100,0,10.074,0
orange_pos_001844_20260510_222202_944.png,120,0,8.752,0
orange_pos_001844_20260510_222202_944.png,140,0,10.407,0
orange_pos_001844_20260510_222202_944.png,0,20,27.188,0
orange_pos_001844_20260510_222202_944.png,20,20,0.614,0
orange_pos_001844_20260510_222202_944.png,40,20,13.281,0
orange_pos_001844_20260510_222202_944.png,60,20,16.511,0
orange_pos_001844_20260510_222202_944.png,80,20,2.194,0
orange_pos_001844_20260510_222202_944.png,100,20,0.614,0
orange_pos_001844_20260510_222202_944.png,120,20,1.149,0
orange_pos_001844_20260510_222202_944.png,140,20,9.493,0
orange_pos_001844_20260510_222202_944.png,0,40,1.311,0
orange_pos_001844_20260510_222202_944.png,20,40,0.723,0
orange_pos_001844_20260510_222202_944.png,40,40,25.103,0
orange_pos_001844_20260510_222202_944.png,60,40,19.846,0
orange_pos_001844_20260510_222202_944.png,80,40,0.637,0
orange_pos_001844_20260510_222202_944.png,100,40,0.614,0
orange_pos_001844_20260510_222202_944.png,120,40,0.803,0
orange_pos_001844_20260510_222202_944.png,140,40,13.191,0
orange_pos_001844_20260510_222202_944.png,0,60,1.007,0
orange_pos_001844_20260510_222202_944.png,20,60,0.614,0
orange_pos_001844_20260510_222202_944.png,40,60,16.083,0
orange_pos_001844_20260510_222202_944.png,60,60,11.124,0
orange_pos_001844_20260510_222202_944.png,80,60,0.711,0
orange_pos_001844_20260510_222202_944.png,100,60,0.614,0
orange_pos_001844_20260510_222202_944.png,120,60,0.802,0
orange_pos_001844_20260510_222202_944.png,140,60,8.435,0
orange_pos_001844_20260510_222202_944.png,0,80,1.144,0
orange_pos_001844_20260510_222202_944.png,20,80,0.708,0
orange_pos_001844_20260510_222202_944.png,40,80,23.038,0
orange_pos_001844_20260510_222202_944.png,60,80,14.348,0
orange_pos_001844_20260510_222202_944.png,80,80,0.984,0
orange_pos_001844_20260510_222202_944.png,100,80,2.425,0
orange_pos_001844_20260510_222202_944.png,120,80,5.446,0
orange_pos_001844_20260510_222202_944.png,140,80,9.936,0
orange_pos_001844_20260510_222202_944.png,0,100,0.845,0
orange_pos_001844_20260510_222202_944.png,20,100,2.060,0
orange_pos_001844_20260510_222202_944.png,40,100,14.826,0
orange_pos_001844_20260510_222202_944.png,60,100,10.186,0
orange_pos_001844_20260510_222202_944.png,80,100,4.014,0
orange_pos_001844_20260510_222202_944.png,100,100,5.129,0
orange_pos_001844_20260510_222202_944.png,120,100,5.602,0
orange_pos_001844_20260510_222202_944.png,140,100,9.126,0
orange_pos_001845_20260510_222204_837.png,0,0,28.459,0
orange_pos_001845_20260510_222204_837.png,20,0,3.798,0
orange_pos_001845_20260510_222204_837.png,40,0,19.069,0
orange_pos_001845_20260510_222204_837.png,60,0,31.992,0
orange_pos_001845_20260510_222204_837.png,80,0,13.034,0
orange_pos_001845_20260510_222204_837.png,100,0,6.723,0
orange_pos_001845_20260510_222204_837.png,120,0,6.823,0
orange_pos_001845_20260510_222204_837.png,140,0,12.904,0
orange_pos_001845_20260510_222204_837.png,0,20,18.791,0
orange_pos_001845_20260510_222204_837.png,20,20,3.045,0
orange_pos_001845_20260510_222204_837.png,40,20,18.545,0
orange_pos_001845_20260510_222204_837.png,60,20,22.147,0
orange_pos_001845_20260510_222204_837.png,80,20,1.611,0
orange_pos_001845_20260510_222204_837.png,100,20,0.614,0
orange_pos_001845_20260510_222204_837.png,120,20,0.762,0
orange_pos_001845_20260510_222204_837.png,140,20,10.990,0
orange_pos_001845_20260510_222204_837.png,0,40,0.862,0
orange_pos_001845_20260510_222204_837.png,20,40,0.965,0
orange_pos_001845_20260510_222204_837.png,40,40,16.215,0
orange_pos_001845_20260510_222204_837.png,60,40,12.045,0
orange_pos_001845_20260510_222204_837.png,80,40,0.614,0
orange_pos_001845_20260510_222204_837.png,100,40,0.614,0
orange_pos_001845_20260510_222204_837.png,120,40,0.614,0
orange_pos_001845_20260510_222204_837.png,140,40,6.471,0
orange_pos_001845_20260510_222204_837.png,0,60,1.360,0
orange_pos_001845_20260510_222204_837.png,20,60,0.745,0
orange_pos_001845_20260510_222204_837.png,40,60,22.379,0
orange_pos_001845_20260510_222204_837.png,60,60,15.825,0
orange_pos_001845_20260510_222204_837.png,80,60,0.816,0
orange_pos_001845_20260510_222204_837.png,100,60,0.614,0
orange_pos_001845_20260510_222204_837.png,120,60,1.004,0
orange_pos_001845_20260510_222204_837.png,140,60,11.199,0
orange_pos_001845_20260510_222204_837.png,0,80,1.193,0
orange_pos_001845_20260510_222204_837.png,20,80,0.874,0
orange_pos_001845_20260510_222204_837.png,40,80,30.339,0
orange_pos_001845_20260510_222204_837.png,60,80,18.347,0
orange_pos_001845_20260510_222204_837.png,80,80,1.442,0
orange_pos_001845_20260510_222204_837.png,100,80,2.151,0
orange_pos_001845_20260510_222204_837.png,120,80,8.418,0
orange_pos_001845_20260510_222204_837.png,140,80,16.000,0
orange_pos_001845_20260510_222204_837.png,0,100,0.763,0
orange_pos_001845_20260510_222204_837.png,20,100,2.628,0
orange_pos_001845_20260510_222204_837.png,40,100,18.136,0
orange_pos_001845_20260510_222204_837.png,60,100,11.119,0
orange_pos_001845_20260510_222204_837.png,80,100,3.016,0
orange_pos_001845_20260510_222204_837.png,100,100,5.007,0
orange_pos_001845_20260510_222204_837.png,120,100,7.356,0
orange_pos_001845_20260510_222204_837.png,140,100,8.446,0
orange_pos_001846_20260510_222205_226.png,0,0,28.459,0
orange_pos_001846_20260510_222205_226.png,20,0,3.798,0
orange_pos_001846_20260510_222205_226.png,40,0,19.069,0
orange_pos_001846_20260510_222205_226.png,60,0,31.992,0
orange_pos_001846_20260510_222205_226.png,80,0,13.034,0
orange_pos_001846_20260510_222205_226.png,100,0,6.723,0
orange_pos_001846_20260510_222205_226.png,120,0,6.823,0
orange_pos_001846_20260510_222205_226.png,140,0,12.904,0
orange_pos_001846_20260510_222205_226.png,0,20,18.791,0
orange_pos_001846_20260510_222205_226.png,20,20,3.045,0
orange_pos_001846_20260510_222205_226.png,40,20,18.545,0
orange_pos_001846_20260510_222205_226.png,60,20,22.147,0
orange_pos_001846_20260510_222205_226.png,80,20,1.611,0
orange_pos_001846_20260510_222205_226.png,100,20,0.614,0
orange_pos_001846_20260510_222205_226.png,120,20,0.762,0
orange_pos_001846_20260510_222205_226.png,140,20,10.990,0
orange_pos_001846_20260510_222205_226.png,0,40,0.862,0
orange_pos_001846_20260510_222205_226.png,20,40,0.965,0
orange_pos_001846_20260510_222205_226.png,40,40,16.215,0
orange_pos_001846_20260510_222205_226.png,60,40,12.045,0
orange_pos_001846_20260510_222205_226.png,80,40,0.614,0
orange_pos_001846_20260510_222205_226.png,100,40,0.614,0
orange_pos_001846_20260510_222205_226.png,120,40,0.614,0
orange_pos_001846_20260510_222205_226.png,140,40,6.471,0
orange_pos_001846_20260510_222205_226.png,0,60,1.360,0
orange_pos_001846_20260510_222205_226.png,20,60,0.745,0
orange_pos_001846_20260510_222205_226.png,40,60,22.379,0
orange_pos_001846_20260510_222205_226.png,60,60,15.825,0
orange_pos_001846_20260510_222205_226.png,80,60,0.816,0
orange_pos_001846_20260510_222205_226.png,100,60,0.614,0
orange_pos_001846_20260510_222205_226.png,120,60,1.004,0
orange_pos_001846_20260510_222205_226.png,140,60,11.199,0
orange_pos_001846_20260510_222205_226.png,0,80,1.193,0
orange_pos_001846_20260510_222205_226.png,20,80,0.874,0
orange_pos_001846_20260510_222205_226.png,40,80,30.339,0
orange_pos_001846_20260510_222205_226.png,60,80,18.347,0
orange_pos_001846_20260510_222205_226.png,80,80,1.442,0
orange_pos_001846_20260510_222205_226.png,100,80,2.151,0
orange_pos_001846_20260510_222205_226.png,120,80,8.418,0
orange_pos_001846_20260510_222205_226.png,140,80,16.000,0
orange_pos_001846_20260510_222205_226.png,0,100,0.763,0
orange_pos_001846_20260510_222205_226.png,20,100,2.628,0
orange_pos_001846_20260510_222205_226.png,40,100,18.136,0
orange_pos_001846_20260510_222205_226.png,60,100,11.119,0
orange_pos_001846_20260510_222205_226.png,80,100,3.016,0
orange_pos_001846_20260510_222205_226.png,100,100,5.007,0
orange_pos_001846_20260510_222205_226.png,120,100,7.356,0
orange_pos_001846_20260510_222205_226.png,140,100,8.446,0
orange_pos_001847_20260510_222206_892.png,0,0,62.257,0
orange_pos_001847_20260510_222206_892.png,20,0,7.887,0
orange_pos_001847_20260510_222206_892.png,40,0,39.216,0
orange_pos_001847_20260510_222206_892.png,60,0,65.537,1
orange_pos_001847_20260510_222206_892.png,80,0,38.398,0
orange_pos_001847_20260510_222206_892.png,100,0,27.521,0
orange_pos_001847_20260510_222206_892.png,120,0,31.241,0
orange_pos_001847_20260510_222206_892.png,140,0,39.549,0
orange_pos_001847_20260510_222206_892.png,0,20,48.996,0
orange_pos_001847_20260510_222206_892.png,20,20,12.946,0
orange_pos_001847_20260510_222206_892.png,40,20,39.866,0
orange_pos_001847_20260510_222206_892.png,60,20,45.308,0
orange_pos_001847_20260510_222206_892.png,80,20,8.886,0
orange_pos_001847_20260510_222206_892.png,100,20,0.814,0
orange_pos_001847_20260510_222206_892.png,120,20,3.478,0
orange_pos_001847_20260510_222206_892.png,140,20,37.567,0
orange_pos_001847_20260510_222206_892.png,0,40,2.634,0
orange_pos_001847_20260510_222206_892.png,20,40,8.553,0
orange_pos_001847_20260510_222206_892.png,40,40,43.558,0
orange_pos_001847_20260510_222206_892.png,60,40,41.923,0
orange_pos_001847_20260510_222206_892.png,80,40,2.390,0
orange_pos_001847_20260510_222206_892.png,100,40,0.614,0
orange_pos_001847_20260510_222206_892.png,120,40,1.499,0
orange_pos_001847_20260510_222206_892.png,140,40,37.761,0
orange_pos_001847_20260510_222206_892.png,0,60,2.125,0
orange_pos_001847_20260510_222206_892.png,20,60,3.891,0
orange_pos_001847_20260510_222206_892.png,40,60,42.043,0
orange_pos_001847_20260510_222206_892.png,60,60,31.653,0
orange_pos_001847_20260510_222206_892.png,80,60,4.596,0
orange_pos_001847_20260510_222206_892.png,100,60,1.104,0
orange_pos_001847_20260510_222206_892.png,120,60,7.664,0
orange_pos_001847_20260510_222206_892.png,140,60,30.943,0
orange_pos_001847_20260510_222206_892.png,0,80,4.358,0
orange_pos_001847_20260510_222206_892.png,20,80,4.202,0
orange_pos_001847_20260510_222206_892.png,40,80,54.510,0
orange_pos_001847_20260510_222206_892.png,60,80,38.225,0
orange_pos_001847_20260510_222206_892.png,80,80,11.701,0
orange_pos_001847_20260510_222206_892.png,100,80,19.097,0
orange_pos_001847_20260510_222206_892.png,120,80,27.969,0
orange_pos_001847_20260510_222206_892.png,140,80,42.144,0
orange_pos_001847_20260510_222206_892.png,0,100,1.995,0
orange_pos_001847_20260510_222206_892.png,20,100,9.071,0
orange_pos_001847_20260510_222206_892.png,40,100,54.064,0
orange_pos_001847_20260510_222206_892.png,60,100,40.028,0
orange_pos_001847_20260510_222206_892.png,80,100,21.830,0
orange_pos_001847_20260510_222206_892.png,100,100,25.691,0
orange_pos_001847_20260510_222206_892.png,120,100,32.070,0
orange_pos_001847_20260510_222206_892.png,140,100,42.601,0
orange_pos_001848_20260510_222207_260.png,0,0,41.037,0
orange_pos_001848_20260510_222207_260.png,20,0,2.139,0
orange_pos_001848_20260510_222207_260.png,40,0,22.075,0
orange_pos_001848_20260510_222207_260.png,60,0,38.233,0
orange_pos_001848_20260510_222207_260.png,80,0,20.894,0
orange_pos_001848_20260510_222207_260.png,100,0,14.044,0
orange_pos_001848_20260510_222207_260.png,120,0,14.791,0
orange_pos_001848_20260510_222207_260.png,140,0,17.365,0
orange_pos_001848_20260510_222207_260.png,0,20,33.130,0
orange_pos_001848_20260510_222207_260.png,20,20,0.860,0
orange_pos_001848_20260510_222207_260.png,40,20,24.122,0
orange_pos_001848_20260510_222207_260.png,60,20,30.998,0
orange_pos_001848_20260510_222207_260.png,80,20,4.462,0
orange_pos_001848_20260510_222207_260.png,100,20,0.628,0
orange_pos_001848_20260510_222207_260.png,120,20,2.004,0
orange_pos_001848_20260510_222207_260.png,140,20,21.492,0
orange_pos_001848_20260510_222207_260.png,0,40,1.657,0
orange_pos_001848_20260510_222207_260.png,20,40,1.035,0
orange_pos_001848_20260510_222207_260.png,40,40,30.607,0
orange_pos_001848_20260510_222207_260.png,60,40,29.025,0
orange_pos_001848_20260510_222207_260.png,80,40,0.789,0
orange_pos_001848_20260510_222207_260.png,100,40,0.614,0
orange_pos_001848_20260510_222207_260.png,120,40,0.660,0
orange_pos_001848_20260510_222207_260.png,140,40,20.841,0
orange_pos_001848_20260510_222207_260.png,0,60,1.331,0
orange_pos_001848_20260510_222207_260.png,20,60,0.805,0
orange_pos_001848_20260510_222207_260.png,40,60,26.375,0
orange_pos_001848_20260510_222207_260.png,60,60,21.838,0
orange_pos_001848_20260510_222207_260.png,80,60,1.769,0
orange_pos_001848_20260510_222207_260.png,100,60,0.639,0
orange_pos_001848_20260510_222207_260.png,120,60,2.600,0
orange_pos_001848_20260510_222207_260.png,140,60,16.315,0
orange_pos_001848_20260510_222207_260.png,0,80,2.053,0
orange_pos_001848_20260510_222207_260.png,20,80,1.720,0
orange_pos_001848_20260510_222207_260.png,40,80,29.510,0
orange_pos_001848_20260510_222207_260.png,60,80,18.196,0
orange_pos_001848_20260510_222207_260.png,80,80,2.144,0
orange_pos_001848_20260510_222207_260.png,100,80,4.761,0
orange_pos_001848_20260510_222207_260.png,120,80,9.783,0
orange_pos_001848_20260510_222207_260.png,140,80,17.081,0
orange_pos_001848_20260510_222207_260.png,0,100,1.110,0
orange_pos_001848_20260510_222207_260.png,20,100,4.145,0
orange_pos_001848_20260510_222207_260.png,40,100,31.539,0
orange_pos_001848_20260510_222207_260.png,60,100,20.366,0
orange_pos_001848_20260510_222207_260.png,80,100,7.244,0
orange_pos_001848_20260510_222207_260.png,100,100,10.429,0
orange_pos_001848_20260510_222207_260.png,120,100,14.865,0
orange_pos_001848_20260510_222207_260.png,140,100,20.504,0
orange_pos_001849_20260510_222209_029.png,0,0,47.018,0
orange_pos_001849_20260510_222209_029.png,20,0,8.086,0
orange_pos_001849_20260510_222209_029.png,40,0,28.688,0
orange_pos_001849_20260510_222209_029.png,60,0,46.239,0
orange_pos_001849_20260510_222209_029.png,80,0,27.952,0
orange_pos_001849_20260510_222209_029.png,100,0,16.942,0
orange_pos_001849_20260510_222209_029.png,120,0,21.073,0
orange_pos_001849_20260510_222209_029.png,140,0,26.114,0
orange_pos_001849_20260510_222209_029.png,0,20,34.572,0
orange_pos_001849_20260510_222209_029.png,20,20,10.835,0
orange_pos_001849_20260510_222209_029.png,40,20,39.417,0
orange_pos_001849_20260510_222209_029.png,60,20,47.185,0
orange_pos_001849_20260510_222209_029.png,80,20,7.629,0
orange_pos_001849_20260510_222209_029.png,100,20,0.614,0
orange_pos_001849_20260510_222209_029.png,120,20,2.972,0
orange_pos_001849_20260510_222209_029.png,140,20,37.446,0
orange_pos_001849_20260510_222209_029.png,0,40,1.819,0
orange_pos_001849_20260510_222209_029.png,20,40,7.218,0
orange_pos_001849_20260510_222209_029.png,40,40,34.803,0
orange_pos_001849_20260510_222209_029.png,60,40,27.274,0
orange_pos_001849_20260510_222209_029.png,80,40,0.898,0
orange_pos_001849_20260510_222209_029.png,100,40,0.614,0
orange_pos_001849_20260510_222209_029.png,120,40,0.866,0
orange_pos_001849_20260510_222209_029.png,140,40,24.436,0
orange_pos_001849_20260510_222209_029.png,0,60,2.853,0
orange_pos_001849_20260510_222209_029.png,20,60,7.174,0
orange_pos_001849_20260510_222209_029.png,40,60,51.299,0
orange_pos_001849_20260510_222209_029.png,60,60,38.615,0
orange_pos_001849_20260510_222209_029.png,80,60,6.794,0
orange_pos_001849_20260510_222209_029.png,100,60,2.527,0
orange_pos_001849_20260510_222209_029.png,120,60,11.458,0
orange_pos_001849_20260510_222209_029.png,140,60,39.225,0
orange_pos_001849_20260510_222209_029.png,0,80,2.694,0
orange_pos_001849_20260510_222209_029.png,20,80,4.292,0
orange_pos_001849_20260510_222209_029.png,40,80,43.116,0
orange_pos_001849_20260510_222209_029.png,60,80,28.628,0
orange_pos_001849_20260510_222209_029.png,80,80,9.762,0
orange_pos_001849_20260510_222209_029.png,100,80,13.460,0
orange_pos_001849_20260510_222209_029.png,120,80,20.591,0
orange_pos_001849_20260510_222209_029.png,140,80,29.928,0
orange_pos_001849_20260510_222209_029.png,0,100,1.616,0
orange_pos_001849_20260510_222209_029.png,20,100,6.398,0
orange_pos_001849_20260510_222209_029.png,40,100,42.588,0
orange_pos_001849_20260510_222209_029.png,60,100,27.263,0
orange_pos_001849_20260510_222209_029.png,80,100,12.012,0
orange_pos_001849_20260510_222209_029.png,100,100,14.463,0
orange_pos_001849_20260510_222209_029.png,120,100,22.561,0
orange_pos_001849_20260510_222209_029.png,140,100,28.849,0
orange_pos_001850_20260510_222209_542.png,0,0,17.090,0
orange_pos_001850_20260510_222209_542.png,20,0,1.079,0
orange_pos_001850_20260510_222209_542.png,40,0,7.340,0
orange_pos_001850_20260510_222209_542.png,60,0,11.485,0
orange_pos_001850_20260510_222209_542.png,80,0,4.809,0
orange_pos_001850_20260510_222209_542.png,100,0,2.169,0
orange_pos_001850_20260510_222209_542.png,120,0,2.527,0
orange_pos_001850_20260510_222209_542.png,140,0,2.781,0
orange_pos_001850_20260510_222209_542.png,0,20,6.997,0
orange_pos_001850_20260510_222209_542.png,20,20,0.614,0
orange_pos_001850_20260510_222209_542.png,40,20,3.360,0
orange_pos_001850_20260510_222209_542.png,60,20,4.416,0
orange_pos_001850_20260510_222209_542.png,80,20,0.789,0
orange_pos_001850_20260510_222209_542.png,100,20,0.614,0
orange_pos_001850_20260510_222209_542.png,120,20,0.614,0
orange_pos_001850_20260510_222209_542.png,140,20,0.983,0
orange_pos_001850_20260510_222209_542.png,0,40,0.614,0
orange_pos_001850_20260510_222209_542.png,20,40,0.614,0
orange_pos_001850_20260510_222209_542.png,40,40,1.767,0
orange_pos_001850_20260510_222209_542.png,60,40,1.296,0
orange_pos_001850_20260510_222209_542.png,80,40,0.614,0
orange_pos_001850_20260510_222209_542.png,100,40,0.614,0
orange_pos_001850_20260510_222209_542.png,120,40,0.614,0
orange_pos_001850_20260510_222209_542.png,140,40,0.614,0
orange_pos_001850_20260510_222209_542.png,0,60,0.639,0
orange_pos_001850_20260510_222209_542.png,20,60,0.614,0
orange_pos_001850_20260510_222209_542.png,40,60,4.046,0
orange_pos_001850_20260510_222209_542.png,60,60,2.498,0
orange_pos_001850_20260510_222209_542.png,80,60,0.614,0
orange_pos_001850_20260510_222209_542.png,100,60,0.614,0
orange_pos_001850_20260510_222209_542.png,120,60,0.614,0
orange_pos_001850_20260510_222209_542.png,140,60,1.652,0
orange_pos_001850_20260510_222209_542.png,0,80,0.651,0
orange_pos_001850_20260510_222209_542.png,20,80,0.614,0
orange_pos_001850_20260510_222209_542.png,40,80,4.253,0
orange_pos_001850_20260510_222209_542.png,60,80,2.757,0
orange_pos_001850_20260510_222209_542.png,80,80,0.614,0
orange_pos_001850_20260510_222209_542.png,100,80,0.614,0
orange_pos_001850_20260510_222209_542.png,120,80,0.614,0
orange_pos_001850_20260510_222209_542.png,140,80,0.636,0
orange_pos_001850_20260510_222209_542.png,0,100,0.647,0
orange_pos_001850_20260510_222209_542.png,20,100,1.158,0
orange_pos_001850_20260510_222209_542.png,40,100,6.124,0
orange_pos_001850_20260510_222209_542.png,60,100,3.736,0
orange_pos_001850_20260510_222209_542.png,80,100,0.614,0
orange_pos_001850_20260510_222209_542.png,100,100,0.779,0
orange_pos_001850_20260510_222209_542.png,120,100,1.228,0
orange_pos_001850_20260510_222209_542.png,140,100,1.621,0
orange_pos_001851_20260510_222211_479.png,0,0,32.311,0
orange_pos_001851_20260510_222211_479.png,20,0,3.019,0
orange_pos_001851_20260510_222211_479.png,40,0,19.352,0
orange_pos_001851_20260510_222211_479.png,60,0,31.473,0
orange_pos_001851_20260510_222211_479.png,80,0,14.031,0
orange_pos_001851_20260510_222211_479.png,100,0,5.724,0
orange_pos_001851_20260510_222211_479.png,120,0,8.757,0
orange_pos_001851_20260510_222211_479.png,140,0,15.367,0
orange_pos_001851_20260510_222211_479.png,0,20,22.460,0
orange_pos_001851_20260510_222211_479.png,20,20,0.636,0
orange_pos_001851_20260510_222211_479.png,40,20,14.332,0
orange_pos_001851_20260510_222211_479.png,60,20,16.772,0
orange_pos_001851_20260510_222211_479.png,80,20,1.215,0
orange_pos_001851_20260510_222211_479.png,100,20,0.614,0
orange_pos_001851_20260510_222211_479.png,120,20,1.080,0
orange_pos_001851_20260510_222211_479.png,140,20,10.388,0
orange_pos_001851_20260510_222211_479.png,0,40,0.980,0
orange_pos_001851_20260510_222211_479.png,20,40,0.687,0
orange_pos_001851_20260510_222211_479.png,40,40,16.240,0
orange_pos_001851_20260510_222211_479.png,60,40,12.170,0
orange_pos_001851_20260510_222211_479.png,80,40,0.614,0
orange_pos_001851_20260510_222211_479.png,100,40,0.614,0
orange_pos_001851_20260510_222211_479.png,120,40,0.614,0
orange_pos_001851_20260510_222211_479.png,140,40,9.595,0
orange_pos_001851_20260510_222211_479.png,0,60,1.123,0
orange_pos_001851_20260510_222211_479.png,20,60,0.614,0
orange_pos_001851_20260510_222211_479.png,40,60,18.166,0
orange_pos_001851_20260510_222211_479.png,60,60,12.211,0
orange_pos_001851_20260510_222211_479.png,80,60,0.757,0
orange_pos_001851_20260510_222211_479.png,100,60,0.614,0
orange_pos_001851_20260510_222211_479.png,120,60,0.989,0
orange_pos_001851_20260510_222211_479.png,140,60,6.771,0
orange_pos_001851_20260510_222211_479.png,0,80,1.260,0
orange_pos_001851_20260510_222211_479.png,20,80,1.148,0
orange_pos_001851_20260510_222211_479.png,40,80,18.005,0
orange_pos_001851_20260510_222211_479.png,60,80,10.964,0
orange_pos_001851_20260510_222211_479.png,80,80,0.935,0
orange_pos_001851_20260510_222211_479.png,100,80,3.321,0
orange_pos_001851_20260510_222211_479.png,120,80,4.982,0
orange_pos_001851_20260510_222211_479.png,140,80,9.209,0
orange_pos_001851_20260510_222211_479.png,0,100,0.849,0
orange_pos_001851_20260510_222211_479.png,20,100,2.188,0
orange_pos_001851_20260510_222211_479.png,40,100,16.634,0
orange_pos_001851_20260510_222211_479.png,60,100,10.528,0
orange_pos_001851_20260510_222211_479.png,80,100,2.546,0
orange_pos_001851_20260510_222211_479.png,100,100,2.792,0
orange_pos_001851_20260510_222211_479.png,120,100,6.274,0
orange_pos_001851_20260510_222211_479.png,140,100,8.819,0
orange_pos_001852_20260510_222211_840.png,0,0,25.027,0
orange_pos_001852_20260510_222211_840.png,20,0,1.639,0
orange_pos_001852_20260510_222211_840.png,40,0,12.465,0
orange_pos_001852_20260510_222211_840.png,60,0,20.255,0
orange_pos_001852_20260510_222211_840.png,80,0,8.648,0
orange_pos_001852_20260510_222211_840.png,100,0,3.450,0
orange_pos_001852_20260510_222211_840.png,120,0,3.617,0
orange_pos_001852_20260510_222211_840.png,140,0,5.493,0
orange_pos_001852_20260510_222211_840.png,0,20,15.698,0
orange_pos_001852_20260510_222211_840.png,20,20,0.623,0
orange_pos_001852_20260510_222211_840.png,40,20,11.544,0
orange_pos_001852_20260510_222211_840.png,60,20,13.603,0
orange_pos_001852_20260510_222211_840.png,80,20,1.163,0
orange_pos_001852_20260510_222211_840.png,100,20,0.614,0
orange_pos_001852_20260510_222211_840.png,120,20,0.740,0
orange_pos_001852_20260510_222211_840.png,140,20,5.638,0
orange_pos_001852_20260510_222211_840.png,0,40,1.041,0
orange_pos_001852_20260510_222211_840.png,20,40,0.614,0
orange_pos_001852_20260510_222211_840.png,40,40,18.264,0
orange_pos_001852_20260510_222211_840.png,60,40,13.312,0
orange_pos_001852_20260510_222211_840.png,80,40,0.614,0
orange_pos_001852_20260510_222211_840.png,100,40,0.614,0
orange_pos_001852_20260510_222211_840.png,120,40,0.614,0
orange_pos_001852_20260510_222211_840.png,140,40,9.037,0
orange_pos_001852_20260510_222211_840.png,0,60,1.178,0
orange_pos_001852_20260510_222211_840.png,20,60,0.647,0
orange_pos_001852_20260510_222211_840.png,40,60,16.343,0
orange_pos_001852_20260510_222211_840.png,60,60,9.964,0
orange_pos_001852_20260510_222211_840.png,80,60,1.156,0
orange_pos_001852_20260510_222211_840.png,100,60,0.614,0
orange_pos_001852_20260510_222211_840.png,120,60,1.111,0
orange_pos_001852_20260510_222211_840.png,140,60,8.537,0
orange_pos_001852_20260510_222211_840.png,0,80,1.168,0
orange_pos_001852_20260510_222211_840.png,20,80,0.713,0
orange_pos_001852_20260510_222211_840.png,40,80,17.924,0
orange_pos_001852_20260510_222211_840.png,60,80,12.189,0
orange_pos_001852_20260510_222211_840.png,80,80,0.653,0
orange_pos_001852_20260510_222211_840.png,100,80,1.371,0
orange_pos_001852_20260510_222211_840.png,120,80,3.267,0
orange_pos_001852_20260510_222211_840.png,140,80,6.772,0
orange_pos_001852_20260510_222211_840.png,0,100,1.087,0
orange_pos_001852_20260510_222211_840.png,20,100,3.222,0
orange_pos_001852_20260510_222211_840.png,40,100,19.670,0
orange_pos_001852_20260510_222211_840.png,60,100,13.191,0
orange_pos_001852_20260510_222211_840.png,80,100,5.902,0
orange_pos_001852_20260510_222211_840.png,100,100,7.238,0
orange_pos_001852_20260510_222211_840.png,120,100,10.691,0
orange_pos_001852_20260510_222211_840.png,140,100,13.634,0
orange_pos_001853_20260510_222213_503.png,0,0,29.672,0
orange_pos_001853_20260510_222213_503.png,20,0,4.931,0
orange_pos_001853_20260510_222213_503.png,40,0,17.668,0
orange_pos_001853_20260510_222213_503.png,60,0,29.748,0
orange_pos_001853_20260510_222213_503.png,80,0,11.097,0
orange_pos_001853_20260510_222213_503.png,100,0,2.745,0
orange_pos_001853_20260510_222213_503.png,120,0,6.430,0
orange_pos_001853_20260510_222213_503.png,140,0,16.407,0
orange_pos_001853_20260510_222213_503.png,0,20,29.846,0
orange_pos_001853_20260510_222213_503.png,20,20,1.889,0
orange_pos_001853_20260510_222213_503.png,40,20,13.643,0
orange_pos_001853_20260510_222213_503.png,60,20,13.117,0
orange_pos_001853_20260510_222213_503.png,80,20,1.449,0
orange_pos_001853_20260510_222213_503.png,100,20,0.614,0
orange_pos_001853_20260510_222213_503.png,120,20,0.878,0
orange_pos_001853_20260510_222213_503.png,140,20,7.129,0
orange_pos_001853_20260510_222213_503.png,0,40,1.462,0
orange_pos_001853_20260510_222213_503.png,20,40,2.598,0
orange_pos_001853_20260510_222213_503.png,40,40,25.587,0
orange_pos_001853_20260510_222213_503.png,60,40,20.483,0
orange_pos_001853_20260510_222213_503.png,80,40,0.625,0
orange_pos_001853_20260510_222213_503.png,100,40,0.614,0
orange_pos_001853_20260510_222213_503.png,120,40,0.669,0
orange_pos_001853_20260510_222213_503.png,140,40,15.277,0
orange_pos_001853_20260510_222213_503.png,0,60,1.521,0
orange_pos_001853_20260510_222213_503.png,20,60,0.858,0
orange_pos_001853_20260510_222213_503.png,40,60,29.807,0
orange_pos_001853_20260510_222213_503.png,60,60,21.278,0
orange_pos_001853_20260510_222213_503.png,80,60,2.146,0
orange_pos_001853_20260510_222213_503.png,100,60,0.614,0
orange_pos_001853_20260510_222213_503.png,120,60,2.407,0
orange_pos_001853_20260510_222213_503.png,140,60,18.029,0
orange_pos_001853_20260510_222213_503.png,0,80,0.960,0
orange_pos_001853_20260510_222213_503.png,20,80,1.172,0
orange_pos_001853_20260510_222213_503.png,40,80,17.303,0
orange_pos_001853_20260510_222213_503.png,60,80,9.379,0
orange_pos_001853_20260510_222213_503.png,80,80,1.410,0
orange_pos_001853_20260510_222213_503.png,100,80,3.750,0
orange_pos_001853_20260510_222213_503.png,120,80,4.085,0
orange_pos_001853_20260510_222213_503.png,140,80,8.703,0
orange_pos_001853_20260510_222213_503.png,0,100,1.073,0
orange_pos_001853_20260510_222213_503.png,20,100,1.704,0
orange_pos_001853_20260510_222213_503.png,40,100,14.969,0
orange_pos_001853_20260510_222213_503.png,60,100,9.082,0
orange_pos_001853_20260510_222213_503.png,80,100,3.017,0
orange_pos_001853_20260510_222213_503.png,100,100,4.602,0
orange_pos_001853_20260510_222213_503.png,120,100,6.765,0
orange_pos_001853_20260510_222213_503.png,140,100,11.350,0
orange_pos_001854_20260510_222215_966.png,0,0,58.878,0
orange_pos_001854_20260510_222215_966.png,20,0,11.435,0
orange_pos_001854_20260510_222215_966.png,40,0,38.445,0
orange_pos_001854_20260510_222215_966.png,60,0,64.366,0
orange_pos_001854_20260510_222215_966.png,80,0,37.430,0
orange_pos_001854_20260510_222215_966.png,100,0,25.354,0
orange_pos_001854_20260510_222215_966.png,120,0,29.833,0
orange_pos_001854_20260510_222215_966.png,140,0,43.674,0
orange_pos_001854_20260510_222215_966.png,0,20,40.953,0
orange_pos_001854_20260510_222215_966.png,20,20,8.316,0
orange_pos_001854_20260510_222215_966.png,40,20,39.294,0
orange_pos_001854_20260510_222215_966.png,60,20,48.416,0
orange_pos_001854_20260510_222215_966.png,80,20,8.512,0
orange_pos_001854_20260510_222215_966.png,100,20,0.745,0
orange_pos_001854_20260510_222215_966.png,120,20,3.448,0
orange_pos_001854_20260510_222215_966.png,140,20,37.440,0
orange_pos_001854_20260510_222215_966.png,0,40,1.927,0
orange_pos_001854_20260510_222215_966.png,20,40,5.089,0
orange_pos_001854_20260510_222215_966.png,40,40,33.310,0
orange_pos_001854_20260510_222215_966.png,60,40,28.707,0
orange_pos_001854_20260510_222215_966.png,80,40,0.780,0
orange_pos_001854_20260510_222215_966.png,100,40,0.614,0
orange_pos_001854_20260510_222215_966.png,120,40,0.690,0
orange_pos_001854_20260510_222215_966.png,140,40,26.756,0
orange_pos_001854_20260510_222215_966.png,0,60,2.540,0
orange_pos_001854_20260510_222215_966.png,20,60,3.771,0
orange_pos_001854_20260510_222215_966.png,40,60,45.861,0
orange_pos_001854_20260510_222215_966.png,60,60,34.554,0
orange_pos_001854_20260510_222215_966.png,80,60,5.441,0
orange_pos_001854_20260510_222215_966.png,100,60,2.141,0
orange_pos_001854_20260510_222215_966.png,120,60,8.525,0
orange_pos_001854_20260510_222215_966.png,140,60,33.448,0
orange_pos_001854_20260510_222215_966.png,0,80,4.369,0
orange_pos_001854_20260510_222215_966.png,20,80,4.206,0
orange_pos_001854_20260510_222215_966.png,40,80,53.642,0
orange_pos_001854_20260510_222215_966.png,60,80,37.556,0
orange_pos_001854_20260510_222215_966.png,80,80,8.767,0
orange_pos_001854_20260510_222215_966.png,100,80,15.493,0
orange_pos_001854_20260510_222215_966.png,120,80,26.676,0
orange_pos_001854_20260510_222215_966.png,140,80,41.984,0
orange_pos_001854_20260510_222215_966.png,0,100,1.931,0
orange_pos_001854_20260510_222215_966.png,20,100,7.344,0
orange_pos_001854_20260510_222215_966.png,40,100,48.522,0
orange_pos_001854_20260510_222215_966.png,60,100,35.243,0
orange_pos_001854_20260510_222215_966.png,80,100,18.395,0
orange_pos_001854_20260510_222215_966.png,100,100,22.293,0
orange_pos_001854_20260510_222215_966.png,120,100,28.146,0
orange_pos_001854_20260510_222215_966.png,140,100,36.802,0
orange_pos_001855_20260510_222216_333.png,0,0,58.878,0
orange_pos_001855_20260510_222216_333.png,20,0,11.435,0
orange_pos_001855_20260510_222216_333.png,40,0,38.445,0
orange_pos_001855_20260510_222216_333.png,60,0,64.366,0
orange_pos_001855_20260510_222216_333.png,80,0,37.430,0
orange_pos_001855_20260510_222216_333.png,100,0,25.354,0
orange_pos_001855_20260510_222216_333.png,120,0,29.833,0
orange_pos_001855_20260510_222216_333.png,140,0,43.674,0
orange_pos_001855_20260510_222216_333.png,0,20,40.953,0
orange_pos_001855_20260510_222216_333.png,20,20,8.316,0
orange_pos_001855_20260510_222216_333.png,40,20,39.294,0
orange_pos_001855_20260510_222216_333.png,60,20,48.416,0
orange_pos_001855_20260510_222216_333.png,80,20,8.512,0
orange_pos_001855_20260510_222216_333.png,100,20,0.745,0
orange_pos_001855_20260510_222216_333.png,120,20,3.448,0
orange_pos_001855_20260510_222216_333.png,140,20,37.440,0
orange_pos_001855_20260510_222216_333.png,0,40,1.927,0
orange_pos_001855_20260510_222216_333.png,20,40,5.089,0
orange_pos_001855_20260510_222216_333.png,40,40,33.310,0
orange_pos_001855_20260510_222216_333.png,60,40,28.707,0
orange_pos_001855_20260510_222216_333.png,80,40,0.780,0
orange_pos_001855_20260510_222216_333.png,100,40,0.614,0
orange_pos_001855_20260510_222216_333.png,120,40,0.690,0
orange_pos_001855_20260510_222216_333.png,140,40,26.756,0
orange_pos_001855_20260510_222216_333.png,0,60,2.540,0
orange_pos_001855_20260510_222216_333.png,20,60,3.771,0
orange_pos_001855_20260510_222216_333.png,40,60,45.861,0
orange_pos_001855_20260510_222216_333.png,60,60,34.554,0
orange_pos_001855_20260510_222216_333.png,80,60,5.441,0
orange_pos_001855_20260510_222216_333.png,100,60,2.141,0
orange_pos_001855_20260510_222216_333.png,120,60,8.525,0
orange_pos_001855_20260510_222216_333.png,140,60,33.448,0
orange_pos_001855_20260510_222216_333.png,0,80,4.369,0
orange_pos_001855_20260510_222216_333.png,20,80,4.206,0
orange_pos_001855_20260510_222216_333.png,40,80,53.642,0
orange_pos_001855_20260510_222216_333.png,60,80,37.556,0
orange_pos_001855_20260510_222216_333.png,80,80,8.767,0
orange_pos_001855_20260510_222216_333.png,100,80,15.493,0
orange_pos_001855_20260510_222216_333.png,120,80,26.676,0
orange_pos_001855_20260510_222216_333.png,140,80,41.984,0
orange_pos_001855_20260510_222216_333.png,0,100,1.931,0
orange_pos_001855_20260510_222216_333.png,20,100,7.344,0
orange_pos_001855_20260510_222216_333.png,40,100,48.522,0
orange_pos_001855_20260510_222216_333.png,60,100,35.243,0
orange_pos_001855_20260510_222216_333.png,80,100,18.395,0
orange_pos_001855_20260510_222216_333.png,100,100,22.293,0
orange_pos_001855_20260510_222216_333.png,120,100,28.146,0
orange_pos_001855_20260510_222216_333.png,140,100,36.802,0
orange_pos_001856_20260510_222217_878.png,0,0,14.862,0
orange_pos_001856_20260510_222217_878.png,20,0,0.614,0
orange_pos_001856_20260510_222217_878.png,40,0,3.717,0
orange_pos_001856_20260510_222217_878.png,60,0,5.544,0
orange_pos_001856_20260510_222217_878.png,80,0,1.745,0
orange_pos_001856_20260510_222217_878.png,100,0,1.171,0
orange_pos_001856_20260510_222217_878.png,120,0,0.654,0
orange_pos_001856_20260510_222217_878.png,140,0,0.655,0
orange_pos_001856_20260510_222217_878.png,0,20,10.045,0
orange_pos_001856_20260510_222217_878.png,20,20,0.614,0
orange_pos_001856_20260510_222217_878.png,40,20,1.078,0
orange_pos_001856_20260510_222217_878.png,60,20,1.927,0
orange_pos_001856_20260510_222217_878.png,80,20,0.614,0
orange_pos_001856_20260510_222217_878.png,100,20,0.614,0
orange_pos_001856_20260510_222217_878.png,120,20,0.614,0
orange_pos_001856_20260510_222217_878.png,140,20,0.829,0
orange_pos_001856_20260510_222217_878.png,0,40,0.652,0
orange_pos_001856_20260510_222217_878.png,20,40,0.614,0
orange_pos_001856_20260510_222217_878.png,40,40,5.746,0
orange_pos_001856_20260510_222217_878.png,60,40,3.720,0
orange_pos_001856_20260510_222217_878.png,80,40,0.614,0
orange_pos_001856_20260510_222217_878.png,100,40,0.614,0
orange_pos_001856_20260510_222217_878.png,120,40,0.614,0
orange_pos_001856_20260510_222217_878.png,140,40,1.595,0
orange_pos_001856_20260510_222217_878.png,0,60,0.636,0
orange_pos_001856_20260510_222217_878.png,20,60,0.614,0
orange_pos_001856_20260510_222217_878.png,40,60,4.090,0
orange_pos_001856_20260510_222217_878.png,60,60,2.854,0
orange_pos_001856_20260510_222217_878.png,80,60,0.614,0
orange_pos_001856_20260510_222217_878.png,100,60,0.614,0
orange_pos_001856_20260510_222217_878.png,120,60,0.614,0
orange_pos_001856_20260510_222217_878.png,140,60,0.907,0
orange_pos_001856_20260510_222217_878.png,0,80,0.630,0
orange_pos_001856_20260510_222217_878.png,20,80,0.614,0
orange_pos_001856_20260510_222217_878.png,40,80,4.470,0
orange_pos_001856_20260510_222217_878.png,60,80,1.800,0
orange_pos_001856_20260510_222217_878.png,80,80,0.614,0
orange_pos_001856_20260510_222217_878.png,100,80,0.614,0
orange_pos_001856_20260510_222217_878.png,120,80,0.966,0
orange_pos_001856_20260510_222217_878.png,140,80,1.085,0
orange_pos_001856_20260510_222217_878.png,0,100,0.614,0
orange_pos_001856_20260510_222217_878.png,20,100,0.614,0
orange_pos_001856_20260510_222217_878.png,40,100,2.263,0
orange_pos_001856_20260510_222217_878.png,60,100,1.160,0
orange_pos_001856_20260510_222217_878.png,80,100,0.614,0
orange_pos_001856_20260510_222217_878.png,100,100,0.614,0
orange_pos_001856_20260510_222217_878.png,120,100,0.614,0
orange_pos_001856_20260510_222217_878.png,140,100,0.614,0
orange_pos_001857_20260510_222218_310.png,0,0,45.279,0
orange_pos_001857_20260510_222218_310.png,20,0,6.918,0
orange_pos_001857_20260510_222218_310.png,40,0,26.825,0
orange_pos_001857_20260510_222218_310.png,60,0,40.030,0
orange_pos_001857_20260510_222218_310.png,80,0,23.592,0
orange_pos_001857_20260510_222218_310.png,100,0,13.857,0
orange_pos_001857_20260510_222218_310.png,120,0,13.690,0
orange_pos_001857_20260510_222218_310.png,140,0,22.787,0
orange_pos_001857_20260510_222218_310.png,0,20,31.589,0
orange_pos_001857_20260510_222218_310.png,20,20,4.475,0
orange_pos_001857_20260510_222218_310.png,40,20,31.174,0
orange_pos_001857_20260510_222218_310.png,60,20,37.117,0
orange_pos_001857_20260510_222218_310.png,80,20,3.874,0
orange_pos_001857_20260510_222218_310.png,100,20,0.614,0
orange_pos_001857_20260510_222218_310.png,120,20,1.301,0
orange_pos_001857_20260510_222218_310.png,140,20,27.070,0
orange_pos_001857_20260510_222218_310.png,0,40,1.632,0
orange_pos_001857_20260510_222218_310.png,20,40,3.226,0
orange_pos_001857_20260510_222218_310.png,40,40,27.582,0
orange_pos_001857_20260510_222218_310.png,60,40,21.380,0
orange_pos_001857_20260510_222218_310.png,80,40,0.667,0
orange_pos_001857_20260510_222218_310.png,100,40,0.614,0
orange_pos_001857_20260510_222218_310.png,120,40,0.614,0
orange_pos_001857_20260510_222218_310.png,140,40,18.463,0
orange_pos_001857_20260510_222218_310.png,0,60,1.914,0
orange_pos_001857_20260510_222218_310.png,20,60,2.512,0
orange_pos_001857_20260510_222218_310.png,40,60,34.924,0
orange_pos_001857_20260510_222218_310.png,60,60,22.363,0
orange_pos_001857_20260510_222218_310.png,80,60,3.263,0
orange_pos_001857_20260510_222218_310.png,100,60,0.626,0
orange_pos_001857_20260510_222218_310.png,120,60,3.882,0
orange_pos_001857_20260510_222218_310.png,140,60,21.861,0
orange_pos_001857_20260510_222218_310.png,0,80,2.563,0
orange_pos_001857_20260510_222218_310.png,20,80,3.525,0
orange_pos_001857_20260510_222218_310.png,40,80,42.352,0
orange_pos_001857_20260510_222218_310.png,60,80,27.615,0
orange_pos_001857_20260510_222218_310.png,80,80,6.227,0
orange_pos_001857_20260510_222218_310.png,100,80,9.565,0
orange_pos_001857_20260510_222218_310.png,120,80,18.273,0
orange_pos_001857_20260510_222218_310.png,140,80,29.495,0
orange_pos_001857_20260510_222218_310.png,0,100,1.192,0
orange_pos_001857_20260510_222218_310.png,20,100,4.609,0
orange_pos_001857_20260510_222218_310.png,40,100,36.046,0
orange_pos_001857_20260510_222218_310.png,60,100,22.341,0
orange_pos_001857_20260510_222218_310.png,80,100,9.686,0
orange_pos_001857_20260510_222218_310.png,100,100,12.120,0
orange_pos_001857_20260510_222218_310.png,120,100,19.395,0
orange_pos_001857_20260510_222218_310.png,140,100,23.406,0
orange_pos_001858_20260510_222220_228.png,0,0,54.841,0
orange_pos_001858_20260510_222220_228.png,20,0,7.338,0
orange_pos_001858_20260510_222220_228.png,40,0,36.582,0
orange_pos_001858_20260510_222220_228.png,60,0,62.333,0
orange_pos_001858_20260510_222220_228.png,80,0,34.259,0
orange_pos_001858_20260510_222220_228.png,100,0,21.645,0
orange_pos_001858_20260510_222220_228.png,120,0,26.123,0
orange_pos_001858_20260510_222220_228.png,140,0,36.132,0
orange_pos_001858_20260510_222220_228.png,0,20,44.060,0
orange_pos_001858_20260510_222220_228.png,20,20,9.629,0
orange_pos_001858_20260510_222220_228.png,40,20,36.760,0
orange_pos_001858_20260510_222220_228.png,60,20,42.844,0
orange_pos_001858_20260510_222220_228.png,80,20,4.839,0
orange_pos_001858_20260510_222220_228.png,100,20,0.614,0
orange_pos_001858_20260510_222220_228.png,120,20,1.234,0
orange_pos_001858_20260510_222220_228.png,140,20,30.203,0
orange_pos_001858_20260510_222220_228.png,0,40,1.784,0
orange_pos_001858_20260510_222220_228.png,20,40,3.914,0
orange_pos_001858_20260510_222220_228.png,40,40,34.152,0
orange_pos_001858_20260510_222220_228.png,60,40,27.237,0
orange_pos_001858_20260510_222220_228.png,80,40,0.733,0
orange_pos_001858_20260510_222220_228.png,100,40,0.614,0
orange_pos_001858_20260510_222220_228.png,120,40,0.614,0
orange_pos_001858_20260510_222220_228.png,140,40,20.989,0
orange_pos_001858_20260510_222220_228.png,0,60,2.533,0
orange_pos_001858_20260510_222220_228.png,20,60,5.519,0
orange_pos_001858_20260510_222220_228.png,40,60,45.130,0
orange_pos_001858_20260510_222220_228.png,60,60,32.988,0
orange_pos_001858_20260510_222220_228.png,80,60,5.962,0
orange_pos_001858_20260510_222220_228.png,100,60,3.213,0
orange_pos_001858_20260510_222220_228.png,120,60,8.683,0
orange_pos_001858_20260510_222220_228.png,140,60,26.778,0
orange_pos_001858_20260510_222220_228.png,0,80,1.697,0
orange_pos_001858_20260510_222220_228.png,20,80,1.332,0
orange_pos_001858_20260510_222220_228.png,40,80,29.011,0
orange_pos_001858_20260510_222220_228.png,60,80,18.010,0
orange_pos_001858_20260510_222220_228.png,80,80,1.131,0
orange_pos_001858_20260510_222220_228.png,100,80,2.518,0
orange_pos_001858_20260510_222220_228.png,120,80,8.023,0
orange_pos_001858_20260510_222220_228.png,140,80,15.729,0
orange_pos_001858_20260510_222220_228.png,0,100,1.964,0
orange_pos_001858_20260510_222220_228.png,20,100,6.686,0
orange_pos_001858_20260510_222220_228.png,40,100,47.314,0
orange_pos_001858_20260510_222220_228.png,60,100,33.885,0
orange_pos_001858_20260510_222220_228.png,80,100,16.778,0
orange_pos_001858_20260510_222220_228.png,100,100,19.460,0
orange_pos_001858_20260510_222220_228.png,120,100,28.679,0
orange_pos_001858_20260510_222220_228.png,140,100,34.534,0
orange_pos_001859_20260510_222220_602.png,0,0,54.841,0
orange_pos_001859_20260510_222220_602.png,20,0,7.338,0
orange_pos_001859_20260510_222220_602.png,40,0,36.582,0
orange_pos_001859_20260510_222220_602.png,60,0,62.333,0
orange_pos_001859_20260510_222220_602.png,80,0,34.259,0
orange_pos_001859_20260510_222220_602.png,100,0,21.645,0
orange_pos_001859_20260510_222220_602.png,120,0,26.123,0
orange_pos_001859_20260510_222220_602.png,140,0,36.132,0
orange_pos_001859_20260510_222220_602.png,0,20,44.060,0
orange_pos_001859_20260510_222220_602.png,20,20,9.629,0
orange_pos_001859_20260510_222220_602.png,40,20,36.760,0
orange_pos_001859_20260510_222220_602.png,60,20,42.844,0
orange_pos_001859_20260510_222220_602.png,80,20,4.839,0
orange_pos_001859_20260510_222220_602.png,100,20,0.614,0
orange_pos_001859_20260510_222220_602.png,120,20,1.234,0
orange_pos_001859_20260510_222220_602.png,140,20,30.203,0
orange_pos_001859_20260510_222220_602.png,0,40,1.784,0
orange_pos_001859_20260510_222220_602.png,20,40,3.914,0
orange_pos_001859_20260510_222220_602.png,40,40,34.152,0
orange_pos_001859_20260510_222220_602.png,60,40,27.237,0
orange_pos_001859_20260510_222220_602.png,80,40,0.733,0
orange_pos_001859_20260510_222220_602.png,100,40,0.614,0
orange_pos_001859_20260510_222220_602.png,120,40,0.614,0
orange_pos_001859_20260510_222220_602.png,140,40,20.989,0
orange_pos_001859_20260510_222220_602.png,0,60,2.533,0
orange_pos_001859_20260510_222220_602.png,20,60,5.519,0
orange_pos_001859_20260510_222220_602.png,40,60,45.130,0
orange_pos_001859_20260510_222220_602.png,60,60,32.988,0
orange_pos_001859_20260510_222220_602.png,80,60,5.962,0
orange_pos_001859_20260510_222220_602.png,100,60,3.213,0
orange_pos_001859_20260510_222220_602.png,120,60,8.683,0
orange_pos_001859_20260510_222220_602.png,140,60,26.778,0
orange_pos_001859_20260510_222220_602.png,0,80,1.697,0
orange_pos_001859_20260510_222220_602.png,20,80,1.332,0
orange_pos_001859_20260510_222220_602.png,40,80,29.011,0
orange_pos_001859_20260510_222220_602.png,60,80,18.010,0
orange_pos_001859_20260510_222220_602.png,80,80,1.131,0
orange_pos_001859_20260510_222220_602.png,100,80,2.518,0
orange_pos_001859_20260510_222220_602.png,120,80,8.023,0
orange_pos_001859_20260510_222220_602.png,140,80,15.729,0
orange_pos_001859_20260510_222220_602.png,0,100,1.964,0
orange_pos_001859_20260510_222220_602.png,20,100,6.686,0
orange_pos_001859_20260510_222220_602.png,40,100,47.314,0
orange_pos_001859_20260510_222220_602.png,60,100,33.885,0
orange_pos_001859_20260510_222220_602.png,80,100,16.778,0
orange_pos_001859_20260510_222220_602.png,100,100,19.460,0
orange_pos_001859_20260510_222220_602.png,120,100,28.679,0
orange_pos_001859_20260510_222220_602.png,140,100,34.534,0
orange_pos_001860_20260510_222222_440.png,0,0,26.704,0
orange_pos_001860_20260510_222222_440.png,20,0,1.707,0
orange_pos_001860_20260510_222222_440.png,40,0,15.006,0
orange_pos_001860_20260510_222222_440.png,60,0,23.007,0
orange_pos_001860_20260510_222222_440.png,80,0,12.560,0
orange_pos_001860_20260510_222222_440.png,100,0,6.907,0
orange_pos_001860_20260510_222222_440.png,120,0,7.989,0
orange_pos_001860_20260510_222222_440.png,140,0,10.782,0
orange_pos_001860_20260510_222222_440.png,0,20,29.203,0
orange_pos_001860_20260510_222222_440.png,20,20,2.079,0
orange_pos_001860_20260510_222222_440.png,40,20,20.527,0
orange_pos_001860_20260510_222222_440.png,60,20,24.721,0
orange_pos_001860_20260510_222222_440.png,80,20,3.028,0
orange_pos_001860_20260510_222222_440.png,100,20,0.663,0
orange_pos_001860_20260510_222222_440.png,120,20,1.475,0
orange_pos_001860_20260510_222222_440.png,140,20,14.381,0
orange_pos_001860_20260510_222222_440.png,0,40,1.388,0
orange_pos_001860_20260510_222222_440.png,20,40,0.993,0
orange_pos_001860_20260510_222222_440.png,40,40,27.187,0
orange_pos_001860_20260510_222222_440.png,60,40,23.807,0
orange_pos_001860_20260510_222222_440.png,80,40,0.627,0
orange_pos_001860_20260510_222222_440.png,100,40,0.614,0
orange_pos_001860_20260510_222222_440.png,120,40,0.620,0
orange_pos_001860_20260510_222222_440.png,140,40,16.336,0
orange_pos_001860_20260510_222222_440.png,0,60,1.231,0
orange_pos_001860_20260510_222222_440.png,20,60,0.678,0
orange_pos_001860_20260510_222222_440.png,40,60,21.448,0
orange_pos_001860_20260510_222222_440.png,60,60,15.283,0
orange_pos_001860_20260510_222222_440.png,80,60,1.749,0
orange_pos_001860_20260510_222222_440.png,100,60,0.614,0
orange_pos_001860_20260510_222222_440.png,120,60,1.807,0
orange_pos_001860_20260510_222222_440.png,140,60,11.143,0
orange_pos_001860_20260510_222222_440.png,0,80,1.073,0
orange_pos_001860_20260510_222222_440.png,20,80,0.862,0
orange_pos_001860_20260510_222222_440.png,40,80,22.353,0
orange_pos_001860_20260510_222222_440.png,60,80,13.346,0
orange_pos_001860_20260510_222222_440.png,80,80,0.856,0
orange_pos_001860_20260510_222222_440.png,100,80,4.268,0
orange_pos_001860_20260510_222222_440.png,120,80,6.718,0
orange_pos_001860_20260510_222222_440.png,140,80,11.440,0
orange_pos_001860_20260510_222222_440.png,0,100,0.855,0
orange_pos_001860_20260510_222222_440.png,20,100,2.911,0
orange_pos_001860_20260510_222222_440.png,40,100,23.497,0
orange_pos_001860_20260510_222222_440.png,60,100,15.206,0
orange_pos_001860_20260510_222222_440.png,80,100,5.112,0
orange_pos_001860_20260510_222222_440.png,100,100,5.872,0
orange_pos_001860_20260510_222222_440.png,120,100,12.729,0
orange_pos_001860_20260510_222222_440.png,140,100,14.982,0
orange_pos_001862_20260510_222222_752.png,0,0,24.250,0
orange_pos_001862_20260510_222222_752.png,20,0,1.061,0
orange_pos_001862_20260510_222222_752.png,40,0,12.813,0
orange_pos_001862_20260510_222222_752.png,60,0,22.348,0
orange_pos_001862_20260510_222222_752.png,80,0,10.626,0
orange_pos_001862_20260510_222222_752.png,100,0,4.971,0
orange_pos_001862_20260510_222222_752.png,120,0,5.767,0
orange_pos_001862_20260510_222222_752.png,140,0,7.323,0
orange_pos_001862_20260510_222222_752.png,0,20,23.098,0
orange_pos_001862_20260510_222222_752.png,20,20,0.637,0
orange_pos_001862_20260510_222222_752.png,40,20,14.565,0
orange_pos_001862_20260510_222222_752.png,60,20,17.542,0
orange_pos_001862_20260510_222222_752.png,80,20,1.676,0
orange_pos_001862_20260510_222222_752.png,100,20,0.614,0
orange_pos_001862_20260510_222222_752.png,120,20,0.704,0
orange_pos_001862_20260510_222222_752.png,140,20,8.863,0
orange_pos_001862_20260510_222222_752.png,0,40,0.811,0
orange_pos_001862_20260510_222222_752.png,20,40,0.614,0
orange_pos_001862_20260510_222222_752.png,40,40,17.156,0
orange_pos_001862_20260510_222222_752.png,60,40,11.571,0
orange_pos_001862_20260510_222222_752.png,80,40,0.614,0
orange_pos_001862_20260510_222222_752.png,100,40,0.614,0
orange_pos_001862_20260510_222222_752.png,120,40,0.614,0
orange_pos_001862_20260510_222222_752.png,140,40,6.351,0
orange_pos_001862_20260510_222222_752.png,0,60,1.168,0
orange_pos_001862_20260510_222222_752.png,20,60,0.720,0
orange_pos_001862_20260510_222222_752.png,40,60,19.106,0
orange_pos_001862_20260510_222222_752.png,60,60,13.012,0
orange_pos_001862_20260510_222222_752.png,80,60,0.776,0
orange_pos_001862_20260510_222222_752.png,100,60,0.614,0
orange_pos_001862_20260510_222222_752.png,120,60,0.948,0
orange_pos_001862_20260510_222222_752.png,140,60,9.419,0
orange_pos_001862_20260510_222222_752.png,0,80,1.066,0
orange_pos_001862_20260510_222222_752.png,20,80,0.615,0
orange_pos_001862_20260510_222222_752.png,40,80,16.488,0
orange_pos_001862_20260510_222222_752.png,60,80,10.797,0
orange_pos_001862_20260510_222222_752.png,80,80,0.637,0
orange_pos_001862_20260510_222222_752.png,100,80,1.505,0
orange_pos_001862_20260510_222222_752.png,120,80,1.582,0
orange_pos_001862_20260510_222222_752.png,140,80,5.154,0
orange_pos_001862_20260510_222222_752.png,0,100,0.763,0
orange_pos_001862_20260510_222222_752.png,20,100,0.847,0
orange_pos_001862_20260510_222222_752.png,40,100,10.436,0
orange_pos_001862_20260510_222222_752.png,60,100,6.189,0
orange_pos_001862_20260510_222222_752.png,80,100,0.700,0
orange_pos_001862_20260510_222222_752.png,100,100,1.028,0
orange_pos_001862_20260510_222222_752.png,120,100,2.154,0
orange_pos_001862_20260510_222222_752.png,140,100,4.245,0
orange_pos_001863_20260510_222224_689.png,0,0,41.534,0
orange_pos_001863_20260510_222224_689.png,20,0,3.445,0
orange_pos_001863_20260510_222224_689.png,40,0,40.788,0
orange_pos_001863_20260510_222224_689.png,60,0,64.488,0
orange_pos_001863_20260510_222224_689.png,80,0,31.054,0
orange_pos_001863_20260510_222224_689.png,100,0,15.376,0
orange_pos_001863_20260510_222224_689.png,120,0,19.171,0
orange_pos_001863_20260510_222224_689.png,140,0,39.980,0
orange_pos_001863_20260510_222224_689.png,0,20,28.707,0
orange_pos_001863_20260510_222224_689.png,20,20,3.962,0
orange_pos_001863_20260510_222224_689.png,40,20,32.239,0
orange_pos_001863_20260510_222224_689.png,60,20,34.382,0
orange_pos_001863_20260510_222224_689.png,80,20,2.523,0
orange_pos_001863_20260510_222224_689.png,100,20,0.614,0
orange_pos_001863_20260510_222224_689.png,120,20,0.614,0
orange_pos_001863_20260510_222224_689.png,140,20,19.012,0
orange_pos_001863_20260510_222224_689.png,0,40,1.863,0
orange_pos_001863_20260510_222224_689.png,20,40,4.465,0
orange_pos_001863_20260510_222224_689.png,40,40,41.039,0
orange_pos_001863_20260510_222224_689.png,60,40,34.041,0
orange_pos_001863_20260510_222224_689.png,80,40,0.614,0
orange_pos_001863_20260510_222224_689.png,100,40,0.614,0
orange_pos_001863_20260510_222224_689.png,120,40,0.614,0
orange_pos_001863_20260510_222224_689.png,140,40,21.949,0
orange_pos_001863_20260510_222224_689.png,0,60,1.909,0
orange_pos_001863_20260510_222224_689.png,20,60,6.002,0
orange_pos_001863_20260510_222224_689.png,40,60,41.140,0
orange_pos_001863_20260510_222224_689.png,60,60,29.510,0
orange_pos_001863_20260510_222224_689.png,80,60,2.796,0
orange_pos_001863_20260510_222224_689.png,100,60,0.615,0
orange_pos_001863_20260510_222224_689.png,120,60,3.430,0
orange_pos_001863_20260510_222224_689.png,140,60,21.890,0
orange_pos_001863_20260510_222224_689.png,0,80,3.341,0
orange_pos_001863_20260510_222224_689.png,20,80,3.399,0
orange_pos_001863_20260510_222224_689.png,40,80,43.435,0
orange_pos_001863_20260510_222224_689.png,60,80,27.472,0
orange_pos_001863_20260510_222224_689.png,80,80,2.261,0
orange_pos_001863_20260510_222224_689.png,100,80,7.872,0
orange_pos_001863_20260510_222224_689.png,120,80,13.972,0
orange_pos_001863_20260510_222224_689.png,140,80,26.813,0
orange_pos_001863_20260510_222224_689.png,0,100,2.304,0
orange_pos_001863_20260510_222224_689.png,20,100,9.806,0
orange_pos_001863_20260510_222224_689.png,40,100,63.935,0
orange_pos_001863_20260510_222224_689.png,60,100,41.997,0
orange_pos_001863_20260510_222224_689.png,80,100,18.179,0
orange_pos_001863_20260510_222224_689.png,100,100,24.537,0
orange_pos_001863_20260510_222224_689.png,120,100,32.507,0
orange_pos_001863_20260510_222224_689.png,140,100,48.123,0
orange_pos_001864_20260510_222225_064.png,0,0,59.739,0
orange_pos_001864_20260510_222225_064.png,20,0,7.925,0
orange_pos_001864_20260510_222225_064.png,40,0,34.081,0
orange_pos_001864_20260510_222225_064.png,60,0,57.828,0
orange_pos_001864_20260510_222225_064.png,80,0,36.387,0
orange_pos_001864_20260510_222225_064.png,100,0,28.463,0
orange_pos_001864_20260510_222225_064.png,120,0,31.001,0
orange_pos_001864_20260510_222225_064.png,140,0,36.948,0
orange_pos_001864_20260510_222225_064.png,0,20,34.591,0
orange_pos_001864_20260510_222225_064.png,20,20,3.195,0
orange_pos_001864_20260510_222225_064.png,40,20,28.989,0
orange_pos_001864_20260510_222225_064.png,60,20,38.668,0
orange_pos_001864_20260510_222225_064.png,80,20,8.822,0
orange_pos_001864_20260510_222225_064.png,100,20,1.481,0
orange_pos_001864_20260510_222225_064.png,120,20,6.143,0
orange_pos_001864_20260510_222225_064.png,140,20,29.890,0
orange_pos_001864_20260510_222225_064.png,0,40,2.010,0
orange_pos_001864_20260510_222225_064.png,20,40,0.651,0
orange_pos_001864_20260510_222225_064.png,40,40,35.111,0
orange_pos_001864_20260510_222225_064.png,60,40,34.870,0
orange_pos_001864_20260510_222225_064.png,80,40,1.894,0
orange_pos_001864_20260510_222225_064.png,100,40,0.614,0
orange_pos_001864_20260510_222225_064.png,120,40,3.207,0
orange_pos_001864_20260510_222225_064.png,140,40,31.121,0
orange_pos_001864_20260510_222225_064.png,0,60,1.561,0
orange_pos_001864_20260510_222225_064.png,20,60,0.949,0
orange_pos_001864_20260510_222225_064.png,40,60,36.094,0
orange_pos_001864_20260510_222225_064.png,60,60,27.960,0
orange_pos_001864_20260510_222225_064.png,80,60,5.337,0
orange_pos_001864_20260510_222225_064.png,100,60,3.555,0
orange_pos_001864_20260510_222225_064.png,120,60,8.277,0
orange_pos_001864_20260510_222225_064.png,140,60,21.711,0
orange_pos_001864_20260510_222225_064.png,0,80,1.957,0
orange_pos_001864_20260510_222225_064.png,20,80,1.420,0
orange_pos_001864_20260510_222225_064.png,40,80,37.962,0
orange_pos_001864_20260510_222225_064.png,60,80,26.338,0
orange_pos_001864_20260510_222225_064.png,80,80,4.742,0
orange_pos_001864_20260510_222225_064.png,100,80,10.556,0
orange_pos_001864_20260510_222225_064.png,120,80,16.260,0
orange_pos_001864_20260510_222225_064.png,140,80,24.900,0
orange_pos_001864_20260510_222225_064.png,0,100,1.111,0
orange_pos_001864_20260510_222225_064.png,20,100,4.172,0
orange_pos_001864_20260510_222225_064.png,40,100,27.641,0
orange_pos_001864_20260510_222225_064.png,60,100,17.443,0
orange_pos_001864_20260510_222225_064.png,80,100,8.095,0
orange_pos_001864_20260510_222225_064.png,100,100,8.980,0
orange_pos_001864_20260510_222225_064.png,120,100,12.525,0
orange_pos_001864_20260510_222225_064.png,140,100,15.878,0
orange_pos_001865_20260510_222226_997.png,0,0,72.187,1
orange_pos_001865_20260510_222226_997.png,20,0,15.227,0
orange_pos_001865_20260510_222226_997.png,40,0,45.218,0
orange_pos_001865_20260510_222226_997.png,60,0,74.078,1
orange_pos_001865_20260510_222226_997.png,80,0,49.228,0
orange_pos_001865_20260510_222226_997.png,100,0,41.372,0
orange_pos_001865_20260510_222226_997.png,120,0,41.816,0
orange_pos_001865_20260510_222226_997.png,140,0,52.240,0
orange_pos_001865_20260510_222226_997.png,0,20,41.421,0
orange_pos_001865_20260510_222226_997.png,20,20,5.853,0
orange_pos_001865_20260510_222226_997.png,40,20,37.536,0
orange_pos_001865_20260510_222226_997.png,60,20,46.564,0
orange_pos_001865_20260510_222226_997.png,80,20,10.810,0
orange_pos_001865_20260510_222226_997.png,100,20,1.223,0
orange_pos_001865_20260510_222226_997.png,120,20,6.805,0
orange_pos_001865_20260510_222226_997.png,140,20,38.783,0
orange_pos_001865_20260510_222226_997.png,0,40,4.142,0
orange_pos_001865_20260510_222226_997.png,20,40,5.128,0
orange_pos_001865_20260510_222226_997.png,40,40,47.454,0
orange_pos_001865_20260510_222226_997.png,60,40,44.625,0
orange_pos_001865_20260510_222226_997.png,80,40,2.885,0
orange_pos_001865_20260510_222226_997.png,100,40,0.614,0
orange_pos_001865_20260510_222226_997.png,120,40,3.839,0
orange_pos_001865_20260510_222226_997.png,140,40,44.399,0
orange_pos_001865_20260510_222226_997.png,0,60,2.497,0
orange_pos_001865_20260510_222226_997.png,20,60,3.275,0
orange_pos_001865_20260510_222226_997.png,40,60,45.296,0
orange_pos_001865_20260510_222226_997.png,60,60,35.647,0
orange_pos_001865_20260510_222226_997.png,80,60,8.134,0
orange_pos_001865_20260510_222226_997.png,100,60,3.306,0
orange_pos_001865_20260510_222226_997.png,120,60,13.738,0
orange_pos_001865_20260510_222226_997.png,140,60,34.087,0
orange_pos_001865_20260510_222226_997.png,0,80,4.715,0
orange_pos_001865_20260510_222226_997.png,20,80,4.693,0
orange_pos_001865_20260510_222226_997.png,40,80,58.922,0
orange_pos_001865_20260510_222226_997.png,60,80,42.459,0
orange_pos_001865_20260510_222226_997.png,80,80,14.365,0
orange_pos_001865_20260510_222226_997.png,100,80,21.815,0
orange_pos_001865_20260510_222226_997.png,120,80,31.487,0
orange_pos_001865_20260510_222226_997.png,140,80,45.071,0
orange_pos_001865_20260510_222226_997.png,0,100,1.904,0
orange_pos_001865_20260510_222226_997.png,20,100,8.478,0
orange_pos_001865_20260510_222226_997.png,40,100,58.804,0
orange_pos_001865_20260510_222226_997.png,60,100,43.059,0
orange_pos_001865_20260510_222226_997.png,80,100,26.085,0
orange_pos_001865_20260510_222226_997.png,100,100,29.900,0
orange_pos_001865_20260510_222226_997.png,120,100,39.098,0
orange_pos_001865_20260510_222226_997.png,140,100,48.820,0
orange_pos_001866_20260510_222227_362.png,0,0,61.560,0
orange_pos_001866_20260510_222227_362.png,20,0,15.366,0
orange_pos_001866_20260510_222227_362.png,40,0,41.007,0
orange_pos_001866_20260510_222227_362.png,60,0,67.949,1
orange_pos_001866_20260510_222227_362.png,80,0,40.979,0
orange_pos_001866_20260510_222227_362.png,100,0,28.186,0
orange_pos_001866_20260510_222227_362.png,120,0,30.921,0
orange_pos_001866_20260510_222227_362.png,140,0,44.395,0
orange_pos_001866_20260510_222227_362.png,0,20,42.492,0
orange_pos_001866_20260510_222227_362.png,20,20,13.788,0
orange_pos_001866_20260510_222227_362.png,40,20,43.019,0
orange_pos_001866_20260510_222227_362.png,60,20,53.464,0
orange_pos_001866_20260510_222227_362.png,80,20,8.525,0
orange_pos_001866_20260510_222227_362.png,100,20,0.614,0
orange_pos_001866_20260510_222227_362.png,120,20,3.479,0
orange_pos_001866_20260510_222227_362.png,140,20,43.856,0
orange_pos_001866_20260510_222227_362.png,0,40,2.217,0
orange_pos_001866_20260510_222227_362.png,20,40,9.183,0
orange_pos_001866_20260510_222227_362.png,40,40,41.960,0
orange_pos_001866_20260510_222227_362.png,60,40,36.130,0
orange_pos_001866_20260510_222227_362.png,80,40,1.070,0
orange_pos_001866_20260510_222227_362.png,100,40,0.614,0
orange_pos_001866_20260510_222227_362.png,120,40,1.016,0
orange_pos_001866_20260510_222227_362.png,140,40,32.862,0
orange_pos_001866_20260510_222227_362.png,0,60,2.637,0
orange_pos_001866_20260510_222227_362.png,20,60,4.825,0
orange_pos_001866_20260510_222227_362.png,40,60,49.349,0
orange_pos_001866_20260510_222227_362.png,60,60,36.255,0
orange_pos_001866_20260510_222227_362.png,80,60,4.183,0
orange_pos_001866_20260510_222227_362.png,100,60,1.193,0
orange_pos_001866_20260510_222227_362.png,120,60,8.842,0
orange_pos_001866_20260510_222227_362.png,140,60,32.514,0
orange_pos_001866_20260510_222227_362.png,0,80,7.201,0
orange_pos_001866_20260510_222227_362.png,20,80,7.431,0
orange_pos_001866_20260510_222227_362.png,40,80,55.586,0
orange_pos_001866_20260510_222227_362.png,60,80,38.573,0
orange_pos_001866_20260510_222227_362.png,80,80,10.149,0
orange_pos_001866_20260510_222227_362.png,100,80,18.667,0
orange_pos_001866_20260510_222227_362.png,120,80,26.943,0
orange_pos_001866_20260510_222227_362.png,140,80,42.639,0
orange_pos_001866_20260510_222227_362.png,0,100,2.060,0
orange_pos_001866_20260510_222227_362.png,20,100,7.627,0
orange_pos_001866_20260510_222227_362.png,40,100,55.033,0
orange_pos_001866_20260510_222227_362.png,60,100,39.830,0
orange_pos_001866_20260510_222227_362.png,80,100,21.359,0
orange_pos_001866_20260510_222227_362.png,100,100,24.621,0
orange_pos_001866_20260510_222227_362.png,120,100,33.050,0
orange_pos_001866_20260510_222227_362.png,140,100,42.537,0
orange_pos_001867_20260510_222229_080.png,0,0,9.066,0
orange_pos_001867_20260510_222229_080.png,20,0,0.614,0
orange_pos_001867_20260510_222229_080.png,40,0,3.792,0
orange_pos_001867_20260510_222229_080.png,60,0,4.084,0
orange_pos_001867_20260510_222229_080.png,80,0,1.161,0
orange_pos_001867_20260510_222229_080.png,100,0,0.679,0
orange_pos_001867_20260510_222229_080.png,120,0,0.614,0
orange_pos_001867_20260510_222229_080.png,140,0,0.614,0
orange_pos_001867_20260510_222229_080.png,0,20,7.519,0
orange_pos_001867_20260510_222229_080.png,20,20,0.614,0
orange_pos_001867_20260510_222229_080.png,40,20,1.563,0
orange_pos_001867_20260510_222229_080.png,60,20,1.282,0
orange_pos_001867_20260510_222229_080.png,80,20,0.618,0
orange_pos_001867_20260510_222229_080.png,100,20,0.614,0
orange_pos_001867_20260510_222229_080.png,120,20,0.614,0
orange_pos_001867_20260510_222229_080.png,140,20,0.614,0
orange_pos_001867_20260510_222229_080.png,0,40,0.615,0
orange_pos_001867_20260510_222229_080.png,20,40,0.614,0
orange_pos_001867_20260510_222229_080.png,40,40,1.996,0
orange_pos_001867_20260510_222229_080.png,60,40,0.875,0
orange_pos_001867_20260510_222229_080.png,80,40,0.614,0
orange_pos_001867_20260510_222229_080.png,100,40,0.614,0
orange_pos_001867_20260510_222229_080.png,120,40,0.614,0
orange_pos_001867_20260510_222229_080.png,140,40,0.637,0
orange_pos_001867_20260510_222229_080.png,0,60,0.784,0
orange_pos_001867_20260510_222229_080.png,20,60,0.614,0
orange_pos_001867_20260510_222229_080.png,40,60,4.276,0
orange_pos_001867_20260510_222229_080.png,60,60,2.135,0
orange_pos_001867_20260510_222229_080.png,80,60,0.614,0
orange_pos_001867_20260510_222229_080.png,100,60,0.614,0
orange_pos_001867_20260510_222229_080.png,120,60,0.614,0
orange_pos_001867_20260510_222229_080.png,140,60,0.614,0
orange_pos_001867_20260510_222229_080.png,0,80,0.614,0
orange_pos_001867_20260510_222229_080.png,20,80,0.614,0
orange_pos_001867_20260510_222229_080.png,40,80,1.158,0
orange_pos_001867_20260510_222229_080.png,60,80,0.881,0
orange_pos_001867_20260510_222229_080.png,80,80,0.614,0
orange_pos_001867_20260510_222229_080.png,100,80,0.614,0
orange_pos_001867_20260510_222229_080.png,120,80,0.614,0
orange_pos_001867_20260510_222229_080.png,140,80,0.615,0
orange_pos_001867_20260510_222229_080.png,0,100,0.614,0
orange_pos_001867_20260510_222229_080.png,20,100,0.621,0
orange_pos_001867_20260510_222229_080.png,40,100,1.394,0
orange_pos_001867_20260510_222229_080.png,60,100,1.292,0
orange_pos_001867_20260510_222229_080.png,80,100,0.614,0
orange_pos_001867_20260510_222229_080.png,100,100,0.614,0
orange_pos_001867_20260510_222229_080.png,120,100,0.614,0
orange_pos_001867_20260510_222229_080.png,140,100,0.614,0
orange_pos_001869_20260510_222229_433.png,0,0,21.167,0
orange_pos_001869_20260510_222229_433.png,20,0,0.614,0
orange_pos_001869_20260510_222229_433.png,40,0,9.856,0
orange_pos_001869_20260510_222229_433.png,60,0,15.942,0
orange_pos_001869_20260510_222229_433.png,80,0,4.670,0
orange_pos_001869_20260510_222229_433.png,100,0,1.946,0
orange_pos_001869_20260510_222229_433.png,120,0,1.580,0
orange_pos_001869_20260510_222229_433.png,140,0,1.756,0
orange_pos_001869_20260510_222229_433.png,0,20,15.965,0
orange_pos_001869_20260510_222229_433.png,20,20,2.473,0
orange_pos_001869_20260510_222229_433.png,40,20,14.329,0
orange_pos_001869_20260510_222229_433.png,60,20,16.785,0
orange_pos_001869_20260510_222229_433.png,80,20,1.595,0
orange_pos_001869_20260510_222229_433.png,100,20,0.614,0
orange_pos_001869_20260510_222229_433.png,120,20,0.726,0
orange_pos_001869_20260510_222229_433.png,140,20,10.483,0
orange_pos_001869_20260510_222229_433.png,0,40,1.292,0
orange_pos_001869_20260510_222229_433.png,20,40,1.131,0
orange_pos_001869_20260510_222229_433.png,40,40,20.531,0
orange_pos_001869_20260510_222229_433.png,60,40,16.048,0
orange_pos_001869_20260510_222229_433.png,80,40,0.614,0
orange_pos_001869_20260510_222229_433.png,100,40,0.614,0
orange_pos_001869_20260510_222229_433.png,120,40,0.614,0
orange_pos_001869_20260510_222229_433.png,140,40,10.080,0
orange_pos_001869_20260510_222229_433.png,0,60,0.952,0
orange_pos_001869_20260510_222229_433.png,20,60,0.877,0
orange_pos_001869_20260510_222229_433.png,40,60,17.649,0
orange_pos_001869_20260510_222229_433.png,60,60,11.490,0
orange_pos_001869_20260510_222229_433.png,80,60,0.796,0
orange_pos_001869_20260510_222229_433.png,100,60,0.674,0
orange_pos_001869_20260510_222229_433.png,120,60,0.630,0
orange_pos_001869_20260510_222229_433.png,140,60,6.936,0
orange_pos_001869_20260510_222229_433.png,0,80,1.042,0
orange_pos_001869_20260510_222229_433.png,20,80,0.614,0
orange_pos_001869_20260510_222229_433.png,40,80,14.132,0
orange_pos_001869_20260510_222229_433.png,60,80,8.496,0
orange_pos_001869_20260510_222229_433.png,80,80,0.614,0
orange_pos_001869_20260510_222229_433.png,100,80,0.640,0
orange_pos_001869_20260510_222229_433.png,120,80,1.961,0
orange_pos_001869_20260510_222229_433.png,140,80,4.429,0
orange_pos_001869_20260510_222229_433.png,0,100,0.658,0
orange_pos_001869_20260510_222229_433.png,20,100,1.071,0
orange_pos_001869_20260510_222229_433.png,40,100,9.864,0
orange_pos_001869_20260510_222229_433.png,60,100,5.928,0
orange_pos_001869_20260510_222229_433.png,80,100,0.627,0
orange_pos_001869_20260510_222229_433.png,100,100,0.856,0
orange_pos_001869_20260510_222229_433.png,120,100,1.715,0
orange_pos_001869_20260510_222229_433.png,140,100,2.648,0
orange_pos_001870_20260510_222231_225.png,0,0,28.393,0
orange_pos_001870_20260510_222231_225.png,20,0,1.570,0
orange_pos_001870_20260510_222231_225.png,40,0,17.196,0
orange_pos_001870_20260510_222231_225.png,60,0,27.652,0
orange_pos_001870_20260510_222231_225.png,80,0,12.206,0
orange_pos_001870_20260510_222231_225.png,100,0,7.681,0
orange_pos_001870_20260510_222231_225.png,120,0,6.994,0
orange_pos_001870_20260510_222231_225.png,140,0,11.218,0
orange_pos_001870_20260510_222231_225.png,0,20,23.417,0
orange_pos_001870_20260510_222231_225.png,20,20,0.614,0
orange_pos_001870_20260510_222231_225.png,40,20,12.351,0
orange_pos_001870_20260510_222231_225.png,60,20,15.915,0
orange_pos_001870_20260510_222231_225.png,80,20,1.613,0
orange_pos_001870_20260510_222231_225.png,100,20,0.614,0
orange_pos_001870_20260510_222231_225.png,120,20,0.703,0
orange_pos_001870_20260510_222231_225.png,140,20,10.617,0
orange_pos_001870_20260510_222231_225.png,0,40,0.982,0
orange_pos_001870_20260510_222231_225.png,20,40,0.614,0
orange_pos_001870_20260510_222231_225.png,40,40,15.620,0
orange_pos_001870_20260510_222231_225.png,60,40,11.185,0
orange_pos_001870_20260510_222231_225.png,80,40,0.614,0
orange_pos_001870_20260510_222231_225.png,100,40,0.614,0
orange_pos_001870_20260510_222231_225.png,120,40,0.614,0
orange_pos_001870_20260510_222231_225.png,140,40,7.178,0
orange_pos_001870_20260510_222231_225.png,0,60,1.186,0
orange_pos_001870_20260510_222231_225.png,20,60,0.614,0
orange_pos_001870_20260510_222231_225.png,40,60,21.470,0
orange_pos_001870_20260510_222231_225.png,60,60,15.002,0
orange_pos_001870_20260510_222231_225.png,80,60,0.747,0
orange_pos_001870_20260510_222231_225.png,100,60,0.626,0
orange_pos_001870_20260510_222231_225.png,120,60,1.659,0
orange_pos_001870_20260510_222231_225.png,140,60,9.111,0
orange_pos_001870_20260510_222231_225.png,0,80,1.080,0
orange_pos_001870_20260510_222231_225.png,20,80,0.679,0
orange_pos_001870_20260510_222231_225.png,40,80,20.394,0
orange_pos_001870_20260510_222231_225.png,60,80,13.651,0
orange_pos_001870_20260510_222231_225.png,80,80,0.872,0
orange_pos_001870_20260510_222231_225.png,100,80,3.343,0
orange_pos_001870_20260510_222231_225.png,120,80,5.571,0
orange_pos_001870_20260510_222231_225.png,140,80,12.075,0
orange_pos_001870_20260510_222231_225.png,0,100,0.980,0
orange_pos_001870_20260510_222231_225.png,20,100,3.410,0
orange_pos_001870_20260510_222231_225.png,40,100,24.550,0
orange_pos_001870_20260510_222231_225.png,60,100,17.165,0
orange_pos_001870_20260510_222231_225.png,80,100,5.310,0
orange_pos_001870_20260510_222231_225.png,100,100,9.012,0
orange_pos_001870_20260510_222231_225.png,120,100,11.083,0
orange_pos_001870_20260510_222231_225.png,140,100,14.449,0
orange_pos_001871_20260510_222231_612.png,0,0,14.368,0
orange_pos_001871_20260510_222231_612.png,20,0,2.624,0
orange_pos_001871_20260510_222231_612.png,40,0,10.718,0
orange_pos_001871_20260510_222231_612.png,60,0,16.456,0
orange_pos_001871_20260510_222231_612.png,80,0,4.484,0
orange_pos_001871_20260510_222231_612.png,100,0,2.007,0
orange_pos_001871_20260510_222231_612.png,120,0,2.488,0
orange_pos_001871_20260510_222231_612.png,140,0,4.126,0
orange_pos_001871_20260510_222231_612.png,0,20,17.004,0
orange_pos_001871_20260510_222231_612.png,20,20,1.068,0
orange_pos_001871_20260510_222231_612.png,40,20,9.796,0
orange_pos_001871_20260510_222231_612.png,60,20,9.851,0
orange_pos_001871_20260510_222231_612.png,80,20,1.010,0
orange_pos_001871_20260510_222231_612.png,100,20,0.614,0
orange_pos_001871_20260510_222231_612.png,120,20,0.614,0
orange_pos_001871_20260510_222231_612.png,140,20,3.348,0
orange_pos_001871_20260510_222231_612.png,0,40,0.828,0
orange_pos_001871_20260510_222231_612.png,20,40,0.669,0
orange_pos_001871_20260510_222231_612.png,40,40,11.261,0
orange_pos_001871_20260510_222231_612.png,60,40,7.511,0
orange_pos_001871_20260510_222231_612.png,80,40,0.614,0
orange_pos_001871_20260510_222231_612.png,100,40,0.614,0
orange_pos_001871_20260510_222231_612.png,120,40,0.614,0
orange_pos_001871_20260510_222231_612.png,140,40,3.893,0
orange_pos_001871_20260510_222231_612.png,0,60,0.820,0
orange_pos_001871_20260510_222231_612.png,20,60,0.614,0
orange_pos_001871_20260510_222231_612.png,40,60,13.492,0
orange_pos_001871_20260510_222231_612.png,60,60,7.927,0
orange_pos_001871_20260510_222231_612.png,80,60,0.614,0
orange_pos_001871_20260510_222231_612.png,100,60,0.614,0
orange_pos_001871_20260510_222231_612.png,120,60,0.614,0
orange_pos_001871_20260510_222231_612.png,140,60,4.671,0
orange_pos_001871_20260510_222231_612.png,0,80,0.854,0
orange_pos_001871_20260510_222231_612.png,20,80,0.636,0
orange_pos_001871_20260510_222231_612.png,40,80,13.605,0
orange_pos_001871_20260510_222231_612.png,60,80,8.042,0
orange_pos_001871_20260510_222231_612.png,80,80,0.614,0
orange_pos_001871_20260510_222231_612.png,100,80,0.615,0
orange_pos_001871_20260510_222231_612.png,120,80,1.911,0
orange_pos_001871_20260510_222231_612.png,140,80,5.605,0
orange_pos_001871_20260510_222231_612.png,0,100,0.687,0
orange_pos_001871_20260510_222231_612.png,20,100,2.124,0
orange_pos_001871_20260510_222231_612.png,40,100,12.635,0
orange_pos_001871_20260510_222231_612.png,60,100,7.724,0
orange_pos_001871_20260510_222231_612.png,80,100,2.362,0
orange_pos_001871_20260510_222231_612.png,100,100,2.707,0
orange_pos_001871_20260510_222231_612.png,120,100,4.261,0
orange_pos_001871_20260510_222231_612.png,140,100,5.405,0
orange_pos_001872_20260510_222235_727.png,0,0,51.990,0
orange_pos_001872_20260510_222235_727.png,20,0,13.444,0
orange_pos_001872_20260510_222235_727.png,40,0,34.913,0
orange_pos_001872_20260510_222235_727.png,60,0,57.846,0
orange_pos_001872_20260510_222235_727.png,80,0,30.877,0
orange_pos_001872_20260510_222235_727.png,100,0,17.843,0
orange_pos_001872_20260510_222235_727.png,120,0,22.762,0
orange_pos_001872_20260510_222235_727.png,140,0,35.112,0
orange_pos_001872_20260510_222235_727.png,0,20,35.731,0
orange_pos_001872_20260510_222235_727.png,20,20,7.872,0
orange_pos_001872_20260510_222235_727.png,40,20,36.712,0
orange_pos_001872_20260510_222235_727.png,60,20,43.481,0
orange_pos_001872_20260510_222235_727.png,80,20,6.095,0
orange_pos_001872_20260510_222235_727.png,100,20,0.614,0
orange_pos_001872_20260510_222235_727.png,120,20,1.680,0
orange_pos_001872_20260510_222235_727.png,140,20,30.800,0
orange_pos_001872_20260510_222235_727.png,0,40,2.038,0
orange_pos_001872_20260510_222235_727.png,20,40,7.306,0
orange_pos_001872_20260510_222235_727.png,40,40,39.950,0
orange_pos_001872_20260510_222235_727.png,60,40,31.694,0
orange_pos_001872_20260510_222235_727.png,80,40,0.698,0
orange_pos_001872_20260510_222235_727.png,100,40,0.614,0
orange_pos_001872_20260510_222235_727.png,120,40,0.696,0
orange_pos_001872_20260510_222235_727.png,140,40,26.484,0
orange_pos_001872_20260510_222235_727.png,0,60,1.942,0
orange_pos_001872_20260510_222235_727.png,20,60,3.797,0
orange_pos_001872_20260510_222235_727.png,40,60,42.402,0
orange_pos_001872_20260510_222235_727.png,60,60,33.155,0
orange_pos_001872_20260510_222235_727.png,80,60,2.735,0
orange_pos_001872_20260510_222235_727.png,100,60,1.023,0
orange_pos_001872_20260510_222235_727.png,120,60,5.105,0
orange_pos_001872_20260510_222235_727.png,140,60,28.895,0
orange_pos_001872_20260510_222235_727.png,0,80,3.127,0
orange_pos_001872_20260510_222235_727.png,20,80,2.569,0
orange_pos_001872_20260510_222235_727.png,40,80,44.028,0
orange_pos_001872_20260510_222235_727.png,60,80,27.251,0
orange_pos_001872_20260510_222235_727.png,80,80,4.361,0
orange_pos_001872_20260510_222235_727.png,100,80,7.298,0
orange_pos_001872_20260510_222235_727.png,120,80,17.648,0
orange_pos_001872_20260510_222235_727.png,140,80,28.248,0
orange_pos_001872_20260510_222235_727.png,0,100,1.579,0
orange_pos_001872_20260510_222235_727.png,20,100,6.473,0
orange_pos_001872_20260510_222235_727.png,40,100,42.162,0
orange_pos_001872_20260510_222235_727.png,60,100,28.456,0
orange_pos_001872_20260510_222235_727.png,80,100,12.838,0
orange_pos_001872_20260510_222235_727.png,100,100,17.031,0
orange_pos_001872_20260510_222235_727.png,120,100,22.723,0
orange_pos_001872_20260510_222235_727.png,140,100,28.818,0
orange_pos_001873_20260510_222237_827.png,0,0,19.619,0
orange_pos_001873_20260510_222237_827.png,20,0,0.840,0
orange_pos_001873_20260510_222237_827.png,40,0,9.565,0
orange_pos_001873_20260510_222237_827.png,60,0,13.152,0
orange_pos_001873_20260510_222237_827.png,80,0,5.305,0
orange_pos_001873_20260510_222237_827.png,100,0,2.148,0
orange_pos_001873_20260510_222237_827.png,120,0,1.683,0
orange_pos_001873_20260510_222237_827.png,140,0,3.516,0
orange_pos_001873_20260510_222237_827.png,0,20,16.302,0
orange_pos_001873_20260510_222237_827.png,20,20,0.614,0
orange_pos_001873_20260510_222237_827.png,40,20,7.196,0
orange_pos_001873_20260510_222237_827.png,60,20,8.043,0
orange_pos_001873_20260510_222237_827.png,80,20,0.865,0
orange_pos_001873_20260510_222237_827.png,100,20,0.614,0
orange_pos_001873_20260510_222237_827.png,120,20,0.614,0
orange_pos_001873_20260510_222237_827.png,140,20,2.339,0
orange_pos_001873_20260510_222237_827.png,0,40,0.720,0
orange_pos_001873_20260510_222237_827.png,20,40,0.677,0
orange_pos_001873_20260510_222237_827.png,40,40,7.011,0
orange_pos_001873_20260510_222237_827.png,60,40,6.809,0
orange_pos_001873_20260510_222237_827.png,80,40,0.614,0
orange_pos_001873_20260510_222237_827.png,100,40,0.614,0
orange_pos_001873_20260510_222237_827.png,120,40,0.614,0
orange_pos_001873_20260510_222237_827.png,140,40,1.570,0
orange_pos_001873_20260510_222237_827.png,0,60,0.814,0
orange_pos_001873_20260510_222237_827.png,20,60,0.614,0
orange_pos_001873_20260510_222237_827.png,40,60,11.574,0
orange_pos_001873_20260510_222237_827.png,60,60,6.310,0
orange_pos_001873_20260510_222237_827.png,80,60,0.614,0
orange_pos_001873_20260510_222237_827.png,100,60,0.614,0
orange_pos_001873_20260510_222237_827.png,120,60,0.760,0
orange_pos_001873_20260510_222237_827.png,140,60,2.891,0
orange_pos_001873_20260510_222237_827.png,0,80,0.688,0
orange_pos_001873_20260510_222237_827.png,20,80,0.614,0
orange_pos_001873_20260510_222237_827.png,40,80,6.875,0
orange_pos_001873_20260510_222237_827.png,60,80,3.693,0
orange_pos_001873_20260510_222237_827.png,80,80,0.614,0
orange_pos_001873_20260510_222237_827.png,100,80,0.614,0
orange_pos_001873_20260510_222237_827.png,120,80,0.845,0
orange_pos_001873_20260510_222237_827.png,140,80,1.399,0
orange_pos_001873_20260510_222237_827.png,0,100,0.623,0
orange_pos_001873_20260510_222237_827.png,20,100,0.974,0
orange_pos_001873_20260510_222237_827.png,40,100,4.506,0
orange_pos_001873_20260510_222237_827.png,60,100,2.655,0
orange_pos_001873_20260510_222237_827.png,80,100,0.676,0
orange_pos_001873_20260510_222237_827.png,100,100,0.673,0
orange_pos_001873_20260510_222237_827.png,120,100,1.223,0
orange_pos_001873_20260510_222237_827.png,140,100,1.367,0
orange_pos_001874_20260510_222238_138.png,0,0,47.187,0
orange_pos_001874_20260510_222238_138.png,20,0,10.371,0
orange_pos_001874_20260510_222238_138.png,40,0,32.921,0
orange_pos_001874_20260510_222238_138.png,60,0,54.339,0
orange_pos_001874_20260510_222238_138.png,80,0,26.692,0
orange_pos_001874_20260510_222238_138.png,100,0,13.569,0
orange_pos_001874_20260510_222238_138.png,120,0,17.316,0
orange_pos_001874_20260510_222238_138.png,140,0,26.718,0
orange_pos_001874_20260510_222238_138.png,0,20,35.502,0
orange_pos_001874_20260510_222238_138.png,20,20,13.434,0
orange_pos_001874_20260510_222238_138.png,40,20,38.071,0
orange_pos_001874_20260510_222238_138.png,60,20,44.855,0
orange_pos_001874_20260510_222238_138.png,80,20,5.658,0
orange_pos_001874_20260510_222238_138.png,100,20,0.614,0
orange_pos_001874_20260510_222238_138.png,120,20,1.986,0
orange_pos_001874_20260510_222238_138.png,140,20,31.803,0
orange_pos_001874_20260510_222238_138.png,0,40,2.217,0
orange_pos_001874_20260510_222238_138.png,20,40,9.964,0
orange_pos_001874_20260510_222238_138.png,40,40,46.366,0
orange_pos_001874_20260510_222238_138.png,60,40,38.707,0
orange_pos_001874_20260510_222238_138.png,80,40,0.750,0
orange_pos_001874_20260510_222238_138.png,100,40,0.614,0
orange_pos_001874_20260510_222238_138.png,120,40,0.900,0
orange_pos_001874_20260510_222238_138.png,140,40,32.718,0
orange_pos_001874_20260510_222238_138.png,0,60,2.700,0
orange_pos_001874_20260510_222238_138.png,20,60,6.701,0
orange_pos_001874_20260510_222238_138.png,40,60,45.202,0
orange_pos_001874_20260510_222238_138.png,60,60,32.154,0
orange_pos_001874_20260510_222238_138.png,80,60,4.441,0
orange_pos_001874_20260510_222238_138.png,100,60,1.716,0
orange_pos_001874_20260510_222238_138.png,120,60,6.301,0
orange_pos_001874_20260510_222238_138.png,140,60,29.213,0
orange_pos_001874_20260510_222238_138.png,0,80,2.411,0
orange_pos_001874_20260510_222238_138.png,20,80,3.148,0
orange_pos_001874_20260510_222238_138.png,40,80,44.362,0
orange_pos_001874_20260510_222238_138.png,60,80,28.729,0
orange_pos_001874_20260510_222238_138.png,80,80,4.373,0
orange_pos_001874_20260510_222238_138.png,100,80,8.677,0
orange_pos_001874_20260510_222238_138.png,120,80,18.319,0
orange_pos_001874_20260510_222238_138.png,140,80,30.721,0
orange_pos_001874_20260510_222238_138.png,0,100,1.696,0
orange_pos_001874_20260510_222238_138.png,20,100,7.892,0
orange_pos_001874_20260510_222238_138.png,40,100,51.654,0
orange_pos_001874_20260510_222238_138.png,60,100,37.185,0
orange_pos_001874_20260510_222238_138.png,80,100,17.905,0
orange_pos_001874_20260510_222238_138.png,100,100,23.797,0
orange_pos_001874_20260510_222238_138.png,120,100,31.505,0
orange_pos_001874_20260510_222238_138.png,140,100,41.098,0
orange_pos_001875_20260510_222240_280.png,0,0,23.306,0
orange_pos_001875_20260510_222240_280.png,20,0,1.221,0
orange_pos_001875_20260510_222240_280.png,40,0,14.172,0
orange_pos_001875_20260510_222240_280.png,60,0,20.907,0
orange_pos_001875_20260510_222240_280.png,80,0,6.940,0
orange_pos_001875_20260510_222240_280.png,100,0,3.166,0
orange_pos_001875_20260510_222240_280.png,120,0,3.747,0
orange_pos_001875_20260510_222240_280.png,140,0,6.398,0
orange_pos_001875_20260510_222240_280.png,0,20,19.400,0
orange_pos_001875_20260510_222240_280.png,20,20,0.864,0
orange_pos_001875_20260510_222240_280.png,40,20,11.421,0
orange_pos_001875_20260510_222240_280.png,60,20,13.384,0
orange_pos_001875_20260510_222240_280.png,80,20,0.721,0
orange_pos_001875_20260510_222240_280.png,100,20,0.614,0
orange_pos_001875_20260510_222240_280.png,120,20,0.614,0
orange_pos_001875_20260510_222240_280.png,140,20,4.702,0
orange_pos_001875_20260510_222240_280.png,0,40,1.096,0
orange_pos_001875_20260510_222240_280.png,20,40,0.756,0
orange_pos_001875_20260510_222240_280.png,40,40,12.553,0
orange_pos_001875_20260510_222240_280.png,60,40,10.293,0
orange_pos_001875_20260510_222240_280.png,80,40,0.614,0
orange_pos_001875_20260510_222240_280.png,100,40,0.614,0
orange_pos_001875_20260510_222240_280.png,120,40,0.614,0
orange_pos_001875_20260510_222240_280.png,140,40,5.862,0
orange_pos_001875_20260510_222240_280.png,0,60,0.994,0
orange_pos_001875_20260510_222240_280.png,20,60,0.614,0
orange_pos_001875_20260510_222240_280.png,40,60,20.812,0
orange_pos_001875_20260510_222240_280.png,60,60,13.233,0
orange_pos_001875_20260510_222240_280.png,80,60,0.730,0
orange_pos_001875_20260510_222240_280.png,100,60,0.664,0
orange_pos_001875_20260510_222240_280.png,120,60,0.979,0
orange_pos_001875_20260510_222240_280.png,140,60,9.455,0
orange_pos_001875_20260510_222240_280.png,0,80,0.864,0
orange_pos_001875_20260510_222240_280.png,20,80,0.841,0
orange_pos_001875_20260510_222240_280.png,40,80,15.335,0
orange_pos_001875_20260510_222240_280.png,60,80,7.385,0
orange_pos_001875_20260510_222240_280.png,80,80,0.614,0
orange_pos_001875_20260510_222240_280.png,100,80,1.259,0
orange_pos_001875_20260510_222240_280.png,120,80,2.061,0
orange_pos_001875_20260510_222240_280.png,140,80,5.254,0
orange_pos_001875_20260510_222240_280.png,0,100,0.694,0
orange_pos_001875_20260510_222240_280.png,20,100,1.578,0
orange_pos_001875_20260510_222240_280.png,40,100,10.296,0
orange_pos_001875_20260510_222240_280.png,60,100,5.027,0
orange_pos_001875_20260510_222240_280.png,80,100,1.103,0
orange_pos_001875_20260510_222240_280.png,100,100,1.836,0
orange_pos_001875_20260510_222240_280.png,120,100,3.307,0
orange_pos_001875_20260510_222240_280.png,140,100,5.368,0
orange_pos_001876_20260510_222240_662.png,0,0,27.027,0
orange_pos_001876_20260510_222240_662.png,20,0,1.923,0
orange_pos_001876_20260510_222240_662.png,40,0,15.071,0
orange_pos_001876_20260510_222240_662.png,60,0,22.825,0
orange_pos_001876_20260510_222240_662.png,80,0,13.182,0
orange_pos_001876_20260510_222240_662.png,100,0,7.335,0
orange_pos_001876_20260510_222240_662.png,120,0,7.881,0
orange_pos_001876_20260510_222240_662.png,140,0,11.044,0
orange_pos_001876_20260510_222240_662.png,0,20,25.992,0
orange_pos_001876_20260510_222240_662.png,20,20,1.945,0
orange_pos_001876_20260510_222240_662.png,40,20,15.261,0
orange_pos_001876_20260510_222240_662.png,60,20,17.160,0
orange_pos_001876_20260510_222240_662.png,80,20,2.038,0
orange_pos_001876_20260510_222240_662.png,100,20,0.614,0
orange_pos_001876_20260510_222240_662.png,120,20,0.749,0
orange_pos_001876_20260510_222240_662.png,140,20,9.708,0
orange_pos_001876_20260510_222240_662.png,0,40,1.256,0
orange_pos_001876_20260510_222240_662.png,20,40,0.648,0
orange_pos_001876_20260510_222240_662.png,40,40,19.353,0
orange_pos_001876_20260510_222240_662.png,60,40,14.602,0
orange_pos_001876_20260510_222240_662.png,80,40,0.614,0
orange_pos_001876_20260510_222240_662.png,100,40,0.614,0
orange_pos_001876_20260510_222240_662.png,120,40,0.614,0
orange_pos_001876_20260510_222240_662.png,140,40,10.762,0
orange_pos_001876_20260510_222240_662.png,0,60,1.235,0
orange_pos_001876_20260510_222240_662.png,20,60,0.614,0
orange_pos_001876_20260510_222240_662.png,40,60,21.568,0
orange_pos_001876_20260510_222240_662.png,60,60,15.306,0
orange_pos_001876_20260510_222240_662.png,80,60,0.759,0
orange_pos_001876_20260510_222240_662.png,100,60,0.614,0
orange_pos_001876_20260510_222240_662.png,120,60,0.779,0
orange_pos_001876_20260510_222240_662.png,140,60,10.528,0
orange_pos_001876_20260510_222240_662.png,0,80,0.965,0
orange_pos_001876_20260510_222240_662.png,20,80,0.653,0
orange_pos_001876_20260510_222240_662.png,40,80,15.846,0
orange_pos_001876_20260510_222240_662.png,60,80,9.458,0
orange_pos_001876_20260510_222240_662.png,80,80,0.697,0
orange_pos_001876_20260510_222240_662.png,100,80,0.780,0
orange_pos_001876_20260510_222240_662.png,120,80,1.859,0
orange_pos_001876_20260510_222240_662.png,140,80,4.749,0
orange_pos_001876_20260510_222240_662.png,0,100,0.938,0
orange_pos_001876_20260510_222240_662.png,20,100,3.092,0
orange_pos_001876_20260510_222240_662.png,40,100,25.424,0
orange_pos_001876_20260510_222240_662.png,60,100,14.376,0
orange_pos_001876_20260510_222240_662.png,80,100,4.223,0
orange_pos_001876_20260510_222240_662.png,100,100,7.229,0
orange_pos_001876_20260510_222240_662.png,120,100,10.163,0
orange_pos_001876_20260510_222240_662.png,140,100,13.080,0
orange_pos_001877_20260510_222242_652.png,0,0,58.072,0
orange_pos_001877_20260510_222242_652.png,20,0,21.561,0
orange_pos_001877_20260510_222242_652.png,40,0,38.072,0
orange_pos_001877_20260510_222242_652.png,60,0,62.671,0
orange_pos_001877_20260510_222242_652.png,80,0,35.844,0
orange_pos_001877_20260510_222242_652.png,100,0,22.470,0
orange_pos_001877_20260510_222242_652.png,120,0,26.921,0
orange_pos_001877_20260510_222242_652.png,140,0,39.258,0
orange_pos_001877_20260510_222242_652.png,0,20,42.841,0
orange_pos_001877_20260510_222242_652.png,20,20,19.605,0
orange_pos_001877_20260510_222242_652.png,40,20,41.472,0
orange_pos_001877_20260510_222242_652.png,60,20,47.413,0
orange_pos_001877_20260510_222242_652.png,80,20,6.293,0
orange_pos_001877_20260510_222242_652.png,100,20,0.614,0
orange_pos_001877_20260510_222242_652.png,120,20,2.199,0
orange_pos_001877_20260510_222242_652.png,140,20,36.037,0
orange_pos_001877_20260510_222242_652.png,0,40,2.283,0
orange_pos_001877_20260510_222242_652.png,20,40,9.431,0
orange_pos_001877_20260510_222242_652.png,40,40,40.173,0
orange_pos_001877_20260510_222242_652.png,60,40,35.023,0
orange_pos_001877_20260510_222242_652.png,80,40,0.704,0
orange_pos_001877_20260510_222242_652.png,100,40,0.614,0
orange_pos_001877_20260510_222242_652.png,120,40,0.614,0
orange_pos_001877_20260510_222242_652.png,140,40,26.860,0
orange_pos_001877_20260510_222242_652.png,0,60,3.325,0
orange_pos_001877_20260510_222242_652.png,20,60,14.251,0
orange_pos_001877_20260510_222242_652.png,40,60,54.469,0
orange_pos_001877_20260510_222242_652.png,60,60,41.900,0
orange_pos_001877_20260510_222242_652.png,80,60,5.872,0
orange_pos_001877_20260510_222242_652.png,100,60,2.123,0
orange_pos_001877_20260510_222242_652.png,120,60,8.480,0
orange_pos_001877_20260510_222242_652.png,140,60,39.699,0
orange_pos_001877_20260510_222242_652.png,0,80,5.991,0
orange_pos_001877_20260510_222242_652.png,20,80,8.545,0
orange_pos_001877_20260510_222242_652.png,40,80,51.218,0
orange_pos_001877_20260510_222242_652.png,60,80,35.203,0
orange_pos_001877_20260510_222242_652.png,80,80,6.618,0
orange_pos_001877_20260510_222242_652.png,100,80,12.734,0
orange_pos_001877_20260510_222242_652.png,120,80,22.731,0
orange_pos_001877_20260510_222242_652.png,140,80,39.718,0
orange_pos_001877_20260510_222242_652.png,0,100,1.971,0
orange_pos_001877_20260510_222242_652.png,20,100,9.276,0
orange_pos_001877_20260510_222242_652.png,40,100,59.432,0
orange_pos_001877_20260510_222242_652.png,60,100,43.235,0
orange_pos_001877_20260510_222242_652.png,80,100,23.367,0
orange_pos_001877_20260510_222242_652.png,100,100,27.602,0
orange_pos_001877_20260510_222242_652.png,120,100,36.633,0
orange_pos_001877_20260510_222242_652.png,140,100,45.357,0
orange_pos_001878_20260510_222246_774.png,0,0,22.929,0
orange_pos_001878_20260510_222246_774.png,20,0,1.918,0
orange_pos_001878_20260510_222246_774.png,40,0,16.352,0
orange_pos_001878_20260510_222246_774.png,60,0,25.194,0
orange_pos_001878_20260510_222246_774.png,80,0,9.341,0
orange_pos_001878_20260510_222246_774.png,100,0,4.296,0
orange_pos_001878_20260510_222246_774.png,120,0,5.006,0
orange_pos_001878_20260510_222246_774.png,140,0,7.997,0
orange_pos_001878_20260510_222246_774.png,0,20,24.344,0
orange_pos_001878_20260510_222246_774.png,20,20,1.528,0
orange_pos_001878_20260510_222246_774.png,40,20,12.541,0
orange_pos_001878_20260510_222246_774.png,60,20,12.340,0
orange_pos_001878_20260510_222246_774.png,80,20,0.946,0
orange_pos_001878_20260510_222246_774.png,100,20,0.614,0
orange_pos_001878_20260510_222246_774.png,120,20,0.614,0
orange_pos_001878_20260510_222246_774.png,140,20,6.050,0
orange_pos_001878_20260510_222246_774.png,0,40,0.767,0
orange_pos_001878_20260510_222246_774.png,20,40,1.711,0
orange_pos_001878_20260510_222246_774.png,40,40,15.392,0
orange_pos_001878_20260510_222246_774.png,60,40,10.001,0
orange_pos_001878_20260510_222246_774.png,80,40,0.614,0
orange_pos_001878_20260510_222246_774.png,100,40,0.614,0
orange_pos_001878_20260510_222246_774.png,120,40,0.614,0
orange_pos_001878_20260510_222246_774.png,140,40,4.995,0
orange_pos_001878_20260510_222246_774.png,0,60,0.981,0
orange_pos_001878_20260510_222246_774.png,20,60,0.630,0
orange_pos_001878_20260510_222246_774.png,40,60,15.871,0
orange_pos_001878_20260510_222246_774.png,60,60,10.875,0
orange_pos_001878_20260510_222246_774.png,80,60,0.798,0
orange_pos_001878_20260510_222246_774.png,100,60,0.614,0
orange_pos_001878_20260510_222246_774.png,120,60,1.125,0
orange_pos_001878_20260510_222246_774.png,140,60,7.466,0
orange_pos_001878_20260510_222246_774.png,0,80,1.695,0
orange_pos_001878_20260510_222246_774.png,20,80,2.289,0
orange_pos_001878_20260510_222246_774.png,40,80,22.314,0
orange_pos_001878_20260510_222246_774.png,60,80,12.500,0
orange_pos_001878_20260510_222246_774.png,80,80,0.695,0
orange_pos_001878_20260510_222246_774.png,100,80,2.039,0
orange_pos_001878_20260510_222246_774.png,120,80,4.328,0
orange_pos_001878_20260510_222246_774.png,140,80,11.328,0
orange_pos_001878_20260510_222246_774.png,0,100,0.836,0
orange_pos_001878_20260510_222246_774.png,20,100,3.337,0
orange_pos_001878_20260510_222246_774.png,40,100,20.109,0
orange_pos_001878_20260510_222246_774.png,60,100,12.292,0
orange_pos_001878_20260510_222246_774.png,80,100,4.280,0
orange_pos_001878_20260510_222246_774.png,100,100,4.935,0
orange_pos_001878_20260510_222246_774.png,120,100,6.655,0
orange_pos_001878_20260510_222246_774.png,140,100,9.319,0
orange_pos_001879_20260510_222249_578.png,0,0,25.936,0
orange_pos_001879_20260510_222249_578.png,20,0,9.214,0
orange_pos_001879_20260510_222249_578.png,40,0,18.141,0
orange_pos_001879_20260510_222249_578.png,60,0,28.695,0
orange_pos_001879_20260510_222249_578.png,80,0,12.767,0
orange_pos_001879_20260510_222249_578.png,100,0,6.296,0
orange_pos_001879_20260510_222249_578.png,120,0,8.341,0
orange_pos_001879_20260510_222249_578.png,140,0,14.391,0
orange_pos_001879_20260510_222249_578.png,0,20,21.462,0
orange_pos_001879_20260510_222249_578.png,20,20,3.200,0
orange_pos_001879_20260510_222249_578.png,40,20,14.830,0
orange_pos_001879_20260510_222249_578.png,60,20,15.524,0
orange_pos_001879_20260510_222249_578.png,80,20,1.046,0
orange_pos_001879_20260510_222249_578.png,100,20,0.614,0
orange_pos_001879_20260510_222249_578.png,120,20,0.614,0
orange_pos_001879_20260510_222249_578.png,140,20,6.323,0
orange_pos_001879_20260510_222249_578.png,0,40,1.249,0
orange_pos_001879_20260510_222249_578.png,20,40,6.855,0
orange_pos_001879_20260510_222249_578.png,40,40,24.038,0
orange_pos_001879_20260510_222249_578.png,60,40,17.276,0
orange_pos_001879_20260510_222249_578.png,80,40,0.614,0
orange_pos_001879_20260510_222249_578.png,100,40,0.614,0
orange_pos_001879_20260510_222249_578.png,120,40,0.614,0
orange_pos_001879_20260510_222249_578.png,140,40,11.928,0
orange_pos_001879_20260510_222249_578.png,0,60,1.259,0
orange_pos_001879_20260510_222249_578.png,20,60,2.652,0
orange_pos_001879_20260510_222249_578.png,40,60,26.285,0
orange_pos_001879_20260510_222249_578.png,60,60,17.006,0
orange_pos_001879_20260510_222249_578.png,80,60,0.919,0
orange_pos_001879_20260510_222249_578.png,100,60,0.614,0
orange_pos_001879_20260510_222249_578.png,120,60,1.559,0
orange_pos_001879_20260510_222249_578.png,140,60,11.060,0
orange_pos_001879_20260510_222249_578.png,0,80,1.594,0
orange_pos_001879_20260510_222249_578.png,20,80,2.277,0
orange_pos_001879_20260510_222249_578.png,40,80,20.141,0
orange_pos_001879_20260510_222249_578.png,60,80,11.472,0
orange_pos_001879_20260510_222249_578.png,80,80,0.931,0
orange_pos_001879_20260510_222249_578.png,100,80,2.001,0
orange_pos_001879_20260510_222249_578.png,120,80,4.623,0
orange_pos_001879_20260510_222249_578.png,140,80,9.941,0
orange_pos_001879_20260510_222249_578.png,0,100,1.034,0
orange_pos_001879_20260510_222249_578.png,20,100,3.772,0
orange_pos_001879_20260510_222249_578.png,40,100,27.282,0
orange_pos_001879_20260510_222249_578.png,60,100,16.836,0
orange_pos_001879_20260510_222249_578.png,80,100,5.318,0
orange_pos_001879_20260510_222249_578.png,100,100,7.767,0
orange_pos_001879_20260510_222249_578.png,120,100,11.003,0
orange_pos_001879_20260510_222249_578.png,140,100,16.972,0
orange_pos_001880_20260510_222251_521.png,0,0,40.365,0
orange_pos_001880_20260510_222251_521.png,20,0,2.845,0
orange_pos_001880_20260510_222251_521.png,40,0,22.707,0
orange_pos_001880_20260510_222251_521.png,60,0,37.476,0
orange_pos_001880_20260510_222251_521.png,80,0,20.436,0
orange_pos_001880_20260510_222251_521.png,100,0,15.498,0
orange_pos_001880_20260510_222251_521.png,120,0,13.215,0
orange_pos_001880_20260510_222251_521.png,140,0,14.865,0
orange_pos_001880_20260510_222251_521.png,0,20,29.617,0
orange_pos_001880_20260510_222251_521.png,20,20,0.935,0
orange_pos_001880_20260510_222251_521.png,40,20,23.005,0
orange_pos_001880_20260510_222251_521.png,60,20,27.455,0
orange_pos_001880_20260510_222251_521.png,80,20,3.074,0
orange_pos_001880_20260510_222251_521.png,100,20,0.948,0
orange_pos_001880_20260510_222251_521.png,120,20,2.130,0
orange_pos_001880_20260510_222251_521.png,140,20,19.694,0
orange_pos_001880_20260510_222251_521.png,0,40,1.338,0
orange_pos_001880_20260510_222251_521.png,20,40,0.648,0
orange_pos_001880_20260510_222251_521.png,40,40,23.797,0
orange_pos_001880_20260510_222251_521.png,60,40,18.739,0
orange_pos_001880_20260510_222251_521.png,80,40,0.635,0
orange_pos_001880_20260510_222251_521.png,100,40,0.614,0
orange_pos_001880_20260510_222251_521.png,120,40,0.936,0
orange_pos_001880_20260510_222251_521.png,140,40,15.486,0
orange_pos_001880_20260510_222251_521.png,0,60,1.421,0
orange_pos_001880_20260510_222251_521.png,20,60,0.850,0
orange_pos_001880_20260510_222251_521.png,40,60,24.692,0
orange_pos_001880_20260510_222251_521.png,60,60,18.839,0
orange_pos_001880_20260510_222251_521.png,80,60,2.031,0
orange_pos_001880_20260510_222251_521.png,100,60,0.764,0
orange_pos_001880_20260510_222251_521.png,120,60,2.763,0
orange_pos_001880_20260510_222251_521.png,140,60,12.185,0
orange_pos_001880_20260510_222251_521.png,0,80,1.336,0
orange_pos_001880_20260510_222251_521.png,20,80,0.986,0
orange_pos_001880_20260510_222251_521.png,40,80,25.360,0
orange_pos_001880_20260510_222251_521.png,60,80,17.074,0
orange_pos_001880_20260510_222251_521.png,80,80,2.784,0
orange_pos_001880_20260510_222251_521.png,100,80,5.222,0
orange_pos_001880_20260510_222251_521.png,120,80,7.819,0
orange_pos_001880_20260510_222251_521.png,140,80,14.760,0
orange_pos_001880_20260510_222251_521.png,0,100,0.910,0
orange_pos_001880_20260510_222251_521.png,20,100,3.731,0
orange_pos_001880_20260510_222251_521.png,40,100,22.510,0
orange_pos_001880_20260510_222251_521.png,60,100,13.991,0
orange_pos_001880_20260510_222251_521.png,80,100,5.486,0
orange_pos_001880_20260510_222251_521.png,100,100,7.703,0
orange_pos_001880_20260510_222251_521.png,120,100,10.878,0
orange_pos_001880_20260510_222251_521.png,140,100,14.114,0
orange_pos_001881_20260510_222253_511.png,0,0,45.635,0
orange_pos_001881_20260510_222253_511.png,20,0,4.585,0
orange_pos_001881_20260510_222253_511.png,40,0,22.096,0
orange_pos_001881_20260510_222253_511.png,60,0,45.256,0
orange_pos_001881_20260510_222253_511.png,80,0,24.512,0
orange_pos_001881_20260510_222253_511.png,100,0,14.481,0
orange_pos_001881_20260510_222253_511.png,120,0,17.788,0
orange_pos_001881_20260510_222253_511.png,140,0,26.502,0
orange_pos_001881_20260510_222253_511.png,0,20,28.437,0
orange_pos_001881_20260510_222253_511.png,20,20,2.490,0
orange_pos_001881_20260510_222253_511.png,40,20,23.906,0
orange_pos_001881_20260510_222253_511.png,60,20,27.541,0
orange_pos_001881_20260510_222253_511.png,80,20,2.310,0
orange_pos_001881_20260510_222253_511.png,100,20,0.614,0
orange_pos_001881_20260510_222253_511.png,120,20,0.699,0
orange_pos_001881_20260510_222253_511.png,140,20,19.157,0
orange_pos_001881_20260510_222253_511.png,0,40,1.334,0
orange_pos_001881_20260510_222253_511.png,20,40,0.727,0
orange_pos_001881_20260510_222253_511.png,40,40,23.167,0
orange_pos_001881_20260510_222253_511.png,60,40,17.312,0
orange_pos_001881_20260510_222253_511.png,80,40,0.615,0
orange_pos_001881_20260510_222253_511.png,100,40,0.614,0
orange_pos_001881_20260510_222253_511.png,120,40,0.614,0
orange_pos_001881_20260510_222253_511.png,140,40,13.353,0
orange_pos_001881_20260510_222253_511.png,0,60,2.098,0
orange_pos_001881_20260510_222253_511.png,20,60,1.933,0
orange_pos_001881_20260510_222253_511.png,40,60,35.187,0
orange_pos_001881_20260510_222253_511.png,60,60,24.826,0
orange_pos_001881_20260510_222253_511.png,80,60,2.108,0
orange_pos_001881_20260510_222253_511.png,100,60,0.675,0
orange_pos_001881_20260510_222253_511.png,120,60,3.328,0
orange_pos_001881_20260510_222253_511.png,140,60,23.439,0
orange_pos_001881_20260510_222253_511.png,0,80,2.104,0
orange_pos_001881_20260510_222253_511.png,20,80,1.262,0
orange_pos_001881_20260510_222253_511.png,40,80,34.495,0
orange_pos_001881_20260510_222253_511.png,60,80,21.533,0
orange_pos_001881_20260510_222253_511.png,80,80,2.271,0
orange_pos_001881_20260510_222253_511.png,100,80,4.830,0
orange_pos_001881_20260510_222253_511.png,120,80,10.564,0
orange_pos_001881_20260510_222253_511.png,140,80,21.203,0
orange_pos_001881_20260510_222253_511.png,0,100,1.337,0
orange_pos_001881_20260510_222253_511.png,20,100,5.801,0
orange_pos_001881_20260510_222253_511.png,40,100,39.373,0
orange_pos_001881_20260510_222253_511.png,60,100,26.235,0
orange_pos_001881_20260510_222253_511.png,80,100,11.429,0
orange_pos_001881_20260510_222253_511.png,100,100,13.157,0
orange_pos_001881_20260510_222253_511.png,120,100,20.059,0
orange_pos_001881_20260510_222253_511.png,140,100,26.293,0
orange_pos_001882_20260510_222253_869.png,0,0,0.631,0
orange_pos_001882_20260510_222253_869.png,20,0,0.614,0
orange_pos_001882_20260510_222253_869.png,40,0,0.614,0
orange_pos_001882_20260510_222253_869.png,60,0,0.614,0
orange_pos_001882_20260510_222253_869.png,80,0,0.614,0
orange_pos_001882_20260510_222253_869.png,100,0,0.614,0
orange_pos_001882_20260510_222253_869.png,120,0,0.614,0
orange_pos_001882_20260510_222253_869.png,140,0,0.614,0
orange_pos_001882_20260510_222253_869.png,0,20,0.621,0
orange_pos_001882_20260510_222253_869.png,20,20,0.614,0
orange_pos_001882_20260510_222253_869.png,40,20,3.813,0
orange_pos_001882_20260510_222253_869.png,60,20,5.285,0
orange_pos_001882_20260510_222253_869.png,80,20,0.647,0
orange_pos_001882_20260510_222253_869.png,100,20,0.614,0
orange_pos_001882_20260510_222253_869.png,120,20,0.614,0
orange_pos_001882_20260510_222253_869.png,140,20,0.953,0
orange_pos_001882_20260510_222253_869.png,0,40,0.629,0
orange_pos_001882_20260510_222253_869.png,20,40,0.614,0
orange_pos_001882_20260510_222253_869.png,40,40,5.921,0
orange_pos_001882_20260510_222253_869.png,60,40,3.851,0
orange_pos_001882_20260510_222253_869.png,80,40,0.614,0
orange_pos_001882_20260510_222253_869.png,100,40,0.614,0
orange_pos_001882_20260510_222253_869.png,120,40,0.614,0
orange_pos_001882_20260510_222253_869.png,140,40,1.684,0
orange_pos_001882_20260510_222253_869.png,0,60,0.643,0
orange_pos_001882_20260510_222253_869.png,20,60,0.614,0
orange_pos_001882_20260510_222253_869.png,40,60,3.505,0
orange_pos_001882_20260510_222253_869.png,60,60,2.136,0
orange_pos_001882_20260510_222253_869.png,80,60,0.614,0
orange_pos_001882_20260510_222253_869.png,100,60,0.614,0
orange_pos_001882_20260510_222253_869.png,120,60,0.614,0
orange_pos_001882_20260510_222253_869.png,140,60,0.712,0
orange_pos_001882_20260510_222253_869.png,0,80,0.657,0
orange_pos_001882_20260510_222253_869.png,20,80,0.614,0
orange_pos_001882_20260510_222253_869.png,40,80,3.383,0
orange_pos_001882_20260510_222253_869.png,60,80,1.847,0
orange_pos_001882_20260510_222253_869.png,80,80,0.614,0
orange_pos_001882_20260510_222253_869.png,100,80,0.614,0
orange_pos_001882_20260510_222253_869.png,120,80,0.614,0
orange_pos_001882_20260510_222253_869.png,140,80,0.670,0
orange_pos_001882_20260510_222253_869.png,0,100,0.625,0
orange_pos_001882_20260510_222253_869.png,20,100,0.614,0
orange_pos_001882_20260510_222253_869.png,40,100,0.932,0
orange_pos_001882_20260510_222253_869.png,60,100,0.654,0
orange_pos_001882_20260510_222253_869.png,80,100,0.614,0
orange_pos_001882_20260510_222253_869.png,100,100,0.614,0
orange_pos_001882_20260510_222253_869.png,120,100,0.614,0
orange_pos_001882_20260510_222253_869.png,140,100,0.614,0
orange_pos_001883_20260510_222256_096.png,0,0,57.696,0
orange_pos_001883_20260510_222256_096.png,20,0,9.942,0
orange_pos_001883_20260510_222256_096.png,40,0,38.606,0
orange_pos_001883_20260510_222256_096.png,60,0,61.431,0
orange_pos_001883_20260510_222256_096.png,80,0,33.946,0
orange_pos_001883_20260510_222256_096.png,100,0,21.060,0
orange_pos_001883_20260510_222256_096.png,120,0,26.729,0
orange_pos_001883_20260510_222256_096.png,140,0,38.437,0
orange_pos_001883_20260510_222256_096.png,0,20,41.250,0
orange_pos_001883_20260510_222256_096.png,20,20,5.358,0
orange_pos_001883_20260510_222256_096.png,40,20,38.013,0
orange_pos_001883_20260510_222256_096.png,60,20,45.671,0
orange_pos_001883_20260510_222256_096.png,80,20,5.823,0
orange_pos_001883_20260510_222256_096.png,100,20,0.614,0
orange_pos_001883_20260510_222256_096.png,120,20,1.984,0
orange_pos_001883_20260510_222256_096.png,140,20,34.564,0
orange_pos_001883_20260510_222256_096.png,0,40,2.091,0
orange_pos_001883_20260510_222256_096.png,20,40,4.641,0
orange_pos_001883_20260510_222256_096.png,40,40,40.174,0
orange_pos_001883_20260510_222256_096.png,60,40,32.799,0
orange_pos_001883_20260510_222256_096.png,80,40,0.975,0
orange_pos_001883_20260510_222256_096.png,100,40,0.614,0
orange_pos_001883_20260510_222256_096.png,120,40,0.931,0
orange_pos_001883_20260510_222256_096.png,140,40,30.009,0
orange_pos_001883_20260510_222256_096.png,0,60,2.240,0
orange_pos_001883_20260510_222256_096.png,20,60,4.245,0
orange_pos_001883_20260510_222256_096.png,40,60,47.396,0
orange_pos_001883_20260510_222256_096.png,60,60,37.540,0
orange_pos_001883_20260510_222256_096.png,80,60,4.798,0
orange_pos_001883_20260510_222256_096.png,100,60,1.194,0
orange_pos_001883_20260510_222256_096.png,120,60,7.969,0
orange_pos_001883_20260510_222256_096.png,140,60,32.027,0
orange_pos_001883_20260510_222256_096.png,0,80,4.244,0
orange_pos_001883_20260510_222256_096.png,20,80,3.404,0
orange_pos_001883_20260510_222256_096.png,40,80,51.781,0
orange_pos_001883_20260510_222256_096.png,60,80,36.567,0
orange_pos_001883_20260510_222256_096.png,80,80,7.867,0
orange_pos_001883_20260510_222256_096.png,100,80,13.519,0
orange_pos_001883_20260510_222256_096.png,120,80,24.184,0
orange_pos_001883_20260510_222256_096.png,140,80,37.640,0
orange_pos_001883_20260510_222256_096.png,0,100,1.782,0
orange_pos_001883_20260510_222256_096.png,20,100,7.788,0
orange_pos_001883_20260510_222256_096.png,40,100,49.752,0
orange_pos_001883_20260510_222256_096.png,60,100,34.080,0
orange_pos_001883_20260510_222256_096.png,80,100,19.817,0
orange_pos_001883_20260510_222256_096.png,100,100,23.339,0
orange_pos_001883_20260510_222256_096.png,120,100,30.701,0
orange_pos_001883_20260510_222256_096.png,140,100,40.569,0
orange_pos_001884_20260510_222258_014.png,0,0,47.293,0
orange_pos_001884_20260510_222258_014.png,20,0,8.276,0
orange_pos_001884_20260510_222258_014.png,40,0,34.774,0
orange_pos_001884_20260510_222258_014.png,60,0,56.133,0
orange_pos_001884_20260510_222258_014.png,80,0,29.091,0
orange_pos_001884_20260510_222258_014.png,100,0,18.753,0
orange_pos_001884_20260510_222258_014.png,120,0,21.009,0
orange_pos_001884_20260510_222258_014.png,140,0,33.419,0
orange_pos_001884_20260510_222258_014.png,0,20,36.726,0
orange_pos_001884_20260510_222258_014.png,20,20,9.848,0
orange_pos_001884_20260510_222258_014.png,40,20,34.736,0
orange_pos_001884_20260510_222258_014.png,60,20,37.871,0
orange_pos_001884_20260510_222258_014.png,80,20,3.423,0
orange_pos_001884_20260510_222258_014.png,100,20,0.614,0
orange_pos_001884_20260510_222258_014.png,120,20,1.311,0
orange_pos_001884_20260510_222258_014.png,140,20,23.874,0
orange_pos_001884_20260510_222258_014.png,0,40,2.114,0
orange_pos_001884_20260510_222258_014.png,20,40,9.348,0
orange_pos_001884_20260510_222258_014.png,40,40,40.298,0
orange_pos_001884_20260510_222258_014.png,60,40,34.307,0
orange_pos_001884_20260510_222258_014.png,80,40,0.812,0
orange_pos_001884_20260510_222258_014.png,100,40,0.614,0
orange_pos_001884_20260510_222258_014.png,120,40,0.621,0
orange_pos_001884_20260510_222258_014.png,140,40,27.124,0
orange_pos_001884_20260510_222258_014.png,0,60,3.164,0
orange_pos_001884_20260510_222258_014.png,20,60,9.480,0
orange_pos_001884_20260510_222258_014.png,40,60,43.709,0
orange_pos_001884_20260510_222258_014.png,60,60,33.545,0
orange_pos_001884_20260510_222258_014.png,80,60,4.748,0
orange_pos_001884_20260510_222258_014.png,100,60,2.337,0
orange_pos_001884_20260510_222258_014.png,120,60,7.426,0
orange_pos_001884_20260510_222258_014.png,140,60,28.721,0
orange_pos_001884_20260510_222258_014.png,0,80,3.898,0
orange_pos_001884_20260510_222258_014.png,20,80,4.427,0
orange_pos_001884_20260510_222258_014.png,40,80,46.901,0
orange_pos_001884_20260510_222258_014.png,60,80,31.961,0
orange_pos_001884_20260510_222258_014.png,80,80,8.428,0
orange_pos_001884_20260510_222258_014.png,100,80,13.014,0
orange_pos_001884_20260510_222258_014.png,120,80,22.836,0
orange_pos_001884_20260510_222258_014.png,140,80,36.148,0
orange_pos_001884_20260510_222258_014.png,0,100,1.998,0
orange_pos_001884_20260510_222258_014.png,20,100,9.230,0
orange_pos_001884_20260510_222258_014.png,40,100,53.355,0
orange_pos_001884_20260510_222258_014.png,60,100,34.705,0
orange_pos_001884_20260510_222258_014.png,80,100,18.313,0
orange_pos_001884_20260510_222258_014.png,100,100,24.756,0
orange_pos_001884_20260510_222258_014.png,120,100,31.726,0
orange_pos_001884_20260510_222258_014.png,140,100,40.315,0
orange_pos_001885_20260510_222302_880.png,0,0,4.592,0
orange_pos_001885_20260510_222302_880.png,20,0,0.614,0
orange_pos_001885_20260510_222302_880.png,40,0,2.086,0
orange_pos_001885_20260510_222302_880.png,60,0,2.566,0
orange_pos_001885_20260510_222302_880.png,80,0,0.748,0
orange_pos_001885_20260510_222302_880.png,100,0,0.614,0
orange_pos_001885_20260510_222302_880.png,120,0,0.614,0
orange_pos_001885_20260510_222302_880.png,140,0,0.614,0
orange_pos_001885_20260510_222302_880.png,0,20,2.727,0
orange_pos_001885_20260510_222302_880.png,20,20,0.614,0
orange_pos_001885_20260510_222302_880.png,40,20,3.097,0
orange_pos_001885_20260510_222302_880.png,60,20,2.895,0
orange_pos_001885_20260510_222302_880.png,80,20,0.614,0
orange_pos_001885_20260510_222302_880.png,100,20,0.614,0
orange_pos_001885_20260510_222302_880.png,120,20,0.614,0
orange_pos_001885_20260510_222302_880.png,140,20,0.639,0
orange_pos_001885_20260510_222302_880.png,0,40,0.622,0
orange_pos_001885_20260510_222302_880.png,20,40,0.614,0
orange_pos_001885_20260510_222302_880.png,40,40,5.222,0
orange_pos_001885_20260510_222302_880.png,60,40,2.625,0
orange_pos_001885_20260510_222302_880.png,80,40,0.614,0
orange_pos_001885_20260510_222302_880.png,100,40,0.614,0
orange_pos_001885_20260510_222302_880.png,120,40,0.614,0
orange_pos_001885_20260510_222302_880.png,140,40,1.438,0
orange_pos_001885_20260510_222302_880.png,0,60,0.666,0
orange_pos_001885_20260510_222302_880.png,20,60,0.614,0
orange_pos_001885_20260510_222302_880.png,40,60,0.988,0
orange_pos_001885_20260510_222302_880.png,60,60,0.693,0
orange_pos_001885_20260510_222302_880.png,80,60,0.614,0
orange_pos_001885_20260510_222302_880.png,100,60,0.614,0
orange_pos_001885_20260510_222302_880.png,120,60,0.614,0
orange_pos_001885_20260510_222302_880.png,140,60,0.614,0
orange_pos_001885_20260510_222302_880.png,0,80,0.638,0
orange_pos_001885_20260510_222302_880.png,20,80,0.614,0
orange_pos_001885_20260510_222302_880.png,40,80,4.761,0
orange_pos_001885_20260510_222302_880.png,60,80,1.716,0
orange_pos_001885_20260510_222302_880.png,80,80,0.614,0
orange_pos_001885_20260510_222302_880.png,100,80,0.614,0
orange_pos_001885_20260510_222302_880.png,120,80,0.616,0
orange_pos_001885_20260510_222302_880.png,140,80,0.625,0
orange_pos_001885_20260510_222302_880.png,0,100,0.647,0
orange_pos_001885_20260510_222302_880.png,20,100,0.614,0
orange_pos_001885_20260510_222302_880.png,40,100,2.241,0
orange_pos_001885_20260510_222302_880.png,60,100,1.206,0
orange_pos_001885_20260510_222302_880.png,80,100,0.614,0
orange_pos_001885_20260510_222302_880.png,100,100,0.614,0
orange_pos_001885_20260510_222302_880.png,120,100,0.614,0
orange_pos_001885_20260510_222302_880.png,140,100,0.792,0
orange_pos_001886_20260510_222304_562.png,0,0,48.091,0
orange_pos_001886_20260510_222304_562.png,20,0,6.445,0
orange_pos_001886_20260510_222304_562.png,40,0,34.049,0
orange_pos_001886_20260510_222304_562.png,60,0,56.246,0
orange_pos_001886_20260510_222304_562.png,80,0,24.830,0
orange_pos_001886_20260510_222304_562.png,100,0,12.164,0
orange_pos_001886_20260510_222304_562.png,120,0,16.388,0
orange_pos_001886_20260510_222304_562.png,140,0,31.080,0
orange_pos_001886_20260510_222304_562.png,0,20,38.315,0
orange_pos_001886_20260510_222304_562.png,20,20,6.833,0
orange_pos_001886_20260510_222304_562.png,40,20,32.081,0
orange_pos_001886_20260510_222304_562.png,60,20,37.030,0
orange_pos_001886_20260510_222304_562.png,80,20,4.540,0
orange_pos_001886_20260510_222304_562.png,100,20,0.640,0
orange_pos_001886_20260510_222304_562.png,120,20,1.289,0
orange_pos_001886_20260510_222304_562.png,140,20,26.476,0
orange_pos_001886_20260510_222304_562.png,0,40,1.988,0
orange_pos_001886_20260510_222304_562.png,20,40,4.157,0
orange_pos_001886_20260510_222304_562.png,40,40,32.833,0
orange_pos_001886_20260510_222304_562.png,60,40,27.687,0
orange_pos_001886_20260510_222304_562.png,80,40,0.614,0
orange_pos_001886_20260510_222304_562.png,100,40,0.614,0
orange_pos_001886_20260510_222304_562.png,120,40,0.690,0
orange_pos_001886_20260510_222304_562.png,140,40,22.875,0
orange_pos_001886_20260510_222304_562.png,0,60,2.240,0
orange_pos_001886_20260510_222304_562.png,20,60,4.126,0
orange_pos_001886_20260510_222304_562.png,40,60,44.336,0
orange_pos_001886_20260510_222304_562.png,60,60,31.943,0
orange_pos_001886_20260510_222304_562.png,80,60,4.268,0
orange_pos_001886_20260510_222304_562.png,100,60,1.974,0
orange_pos_001886_20260510_222304_562.png,120,60,7.357,0
orange_pos_001886_20260510_222304_562.png,140,60,29.386,0
orange_pos_001886_20260510_222304_562.png,0,80,2.632,0
orange_pos_001886_20260510_222304_562.png,20,80,3.218,0
orange_pos_001886_20260510_222304_562.png,40,80,44.747,0
orange_pos_001886_20260510_222304_562.png,60,80,27.586,0
orange_pos_001886_20260510_222304_562.png,80,80,4.399,0
orange_pos_001886_20260510_222304_562.png,100,80,10.774,0
orange_pos_001886_20260510_222304_562.png,120,80,16.566,0
orange_pos_001886_20260510_222304_562.png,140,80,29.012,0
orange_pos_001886_20260510_222304_562.png,0,100,1.500,0
orange_pos_001886_20260510_222304_562.png,20,100,6.972,0
orange_pos_001886_20260510_222304_562.png,40,100,43.185,0
orange_pos_001886_20260510_222304_562.png,60,100,28.140,0
orange_pos_001886_20260510_222304_562.png,80,100,13.419,0
orange_pos_001886_20260510_222304_562.png,100,100,16.555,0
orange_pos_001886_20260510_222304_562.png,120,100,21.093,0
orange_pos_001886_20260510_222304_562.png,140,100,27.733,0
orange_pos_001887_20260510_222305_152.png,0,0,61.703,0
orange_pos_001887_20260510_222305_152.png,20,0,15.194,0
orange_pos_001887_20260510_222305_152.png,40,0,42.500,0
orange_pos_001887_20260510_222305_152.png,60,0,67.577,1
orange_pos_001887_20260510_222305_152.png,80,0,41.569,0
orange_pos_001887_20260510_222305_152.png,100,0,27.019,0
orange_pos_001887_20260510_222305_152.png,120,0,32.205,0
orange_pos_001887_20260510_222305_152.png,140,0,43.921,0
orange_pos_001887_20260510_222305_152.png,0,20,37.888,0
orange_pos_001887_20260510_222305_152.png,20,20,11.813,0
orange_pos_001887_20260510_222305_152.png,40,20,35.845,0
orange_pos_001887_20260510_222305_152.png,60,20,40.383,0
orange_pos_001887_20260510_222305_152.png,80,20,5.606,0
orange_pos_001887_20260510_222305_152.png,100,20,0.614,0
orange_pos_001887_20260510_222305_152.png,120,20,2.082,0
orange_pos_001887_20260510_222305_152.png,140,20,32.160,0
orange_pos_001887_20260510_222305_152.png,0,40,1.869,0
orange_pos_001887_20260510_222305_152.png,20,40,4.958,0
orange_pos_001887_20260510_222305_152.png,40,40,32.237,0
orange_pos_001887_20260510_222305_152.png,60,40,29.030,0
orange_pos_001887_20260510_222305_152.png,80,40,0.722,0
orange_pos_001887_20260510_222305_152.png,100,40,0.614,0
orange_pos_001887_20260510_222305_152.png,120,40,0.734,0
orange_pos_001887_20260510_222305_152.png,140,40,24.041,0
orange_pos_001887_20260510_222305_152.png,0,60,2.291,0
orange_pos_001887_20260510_222305_152.png,20,60,6.506,0
orange_pos_001887_20260510_222305_152.png,40,60,39.576,0
orange_pos_001887_20260510_222305_152.png,60,60,32.397,0
orange_pos_001887_20260510_222305_152.png,80,60,5.167,0
orange_pos_001887_20260510_222305_152.png,100,60,2.882,0
orange_pos_001887_20260510_222305_152.png,120,60,8.292,0
orange_pos_001887_20260510_222305_152.png,140,60,29.387,0
orange_pos_001887_20260510_222305_152.png,0,80,4.462,0
orange_pos_001887_20260510_222305_152.png,20,80,2.837,0
orange_pos_001887_20260510_222305_152.png,40,80,46.141,0
orange_pos_001887_20260510_222305_152.png,60,80,32.695,0
orange_pos_001887_20260510_222305_152.png,80,80,8.865,0
orange_pos_001887_20260510_222305_152.png,100,80,15.097,0
orange_pos_001887_20260510_222305_152.png,120,80,22.828,0
orange_pos_001887_20260510_222305_152.png,140,80,36.746,0
orange_pos_001887_20260510_222305_152.png,0,100,1.511,0
orange_pos_001887_20260510_222305_152.png,20,100,7.112,0
orange_pos_001887_20260510_222305_152.png,40,100,44.356,0
orange_pos_001887_20260510_222305_152.png,60,100,30.267,0
orange_pos_001887_20260510_222305_152.png,80,100,16.171,0
orange_pos_001887_20260510_222305_152.png,100,100,20.229,0
orange_pos_001887_20260510_222305_152.png,120,100,27.669,0
orange_pos_001887_20260510_222305_152.png,140,100,33.266,0
orange_pos_001888_20260510_222306_925.png,0,0,12.307,0
orange_pos_001888_20260510_222306_925.png,20,0,1.133,0
orange_pos_001888_20260510_222306_925.png,40,0,8.946,0
orange_pos_001888_20260510_222306_925.png,60,0,13.431,0
orange_pos_001888_20260510_222306_925.png,80,0,4.644,0
orange_pos_001888_20260510_222306_925.png,100,0,2.432,0
orange_pos_001888_20260510_222306_925.png,120,0,1.788,0
orange_pos_001888_20260510_222306_925.png,140,0,2.878,0
orange_pos_001888_20260510_222306_925.png,0,20,10.363,0
orange_pos_001888_20260510_222306_925.png,20,20,0.614,0
orange_pos_001888_20260510_222306_925.png,40,20,1.123,0
orange_pos_001888_20260510_222306_925.png,60,20,1.635,0
orange_pos_001888_20260510_222306_925.png,80,20,0.614,0
orange_pos_001888_20260510_222306_925.png,100,20,0.614,0
orange_pos_001888_20260510_222306_925.png,120,20,0.614,0
orange_pos_001888_20260510_222306_925.png,140,20,0.614,0
orange_pos_001888_20260510_222306_925.png,0,40,0.751,0
orange_pos_001888_20260510_222306_925.png,20,40,0.628,0
orange_pos_001888_20260510_222306_925.png,40,40,9.453,0
orange_pos_001888_20260510_222306_925.png,60,40,5.716,0
orange_pos_001888_20260510_222306_925.png,80,40,0.614,0
orange_pos_001888_20260510_222306_925.png,100,40,0.614,0
orange_pos_001888_20260510_222306_925.png,120,40,0.614,0
orange_pos_001888_20260510_222306_925.png,140,40,1.881,0
orange_pos_001888_20260510_222306_925.png,0,60,0.700,0
orange_pos_001888_20260510_222306_925.png,20,60,0.614,0
orange_pos_001888_20260510_222306_925.png,40,60,4.206,0
orange_pos_001888_20260510_222306_925.png,60,60,1.537,0
orange_pos_001888_20260510_222306_925.png,80,60,0.614,0
orange_pos_001888_20260510_222306_925.png,100,60,0.614,0
orange_pos_001888_20260510_222306_925.png,120,60,0.614,0
orange_pos_001888_20260510_222306_925.png,140,60,0.696,0
orange_pos_001888_20260510_222306_925.png,0,80,0.700,0
orange_pos_001888_20260510_222306_925.png,20,80,0.614,0
orange_pos_001888_20260510_222306_925.png,40,80,8.092,0
orange_pos_001888_20260510_222306_925.png,60,80,3.704,0
orange_pos_001888_20260510_222306_925.png,80,80,0.614,0
orange_pos_001888_20260510_222306_925.png,100,80,0.614,0
orange_pos_001888_20260510_222306_925.png,120,80,0.617,0
orange_pos_001888_20260510_222306_925.png,140,80,1.425,0
orange_pos_001888_20260510_222306_925.png,0,100,0.651,0
orange_pos_001888_20260510_222306_925.png,20,100,0.919,0
orange_pos_001888_20260510_222306_925.png,40,100,6.797,0
orange_pos_001888_20260510_222306_925.png,60,100,2.820,0
orange_pos_001888_20260510_222306_925.png,80,100,0.740,0
orange_pos_001888_20260510_222306_925.png,100,100,1.129,0
orange_pos_001888_20260510_222306_925.png,120,100,1.246,0
orange_pos_001888_20260510_222306_925.png,140,100,1.169,0
orange_pos_001889_20260510_222307_314.png,0,0,31.582,0
orange_pos_001889_20260510_222307_314.png,20,0,2.783,0
orange_pos_001889_20260510_222307_314.png,40,0,17.750,0
orange_pos_001889_20260510_222307_314.png,60,0,29.967,0
orange_pos_001889_20260510_222307_314.png,80,0,14.415,0
orange_pos_001889_20260510_222307_314.png,100,0,8.390,0
orange_pos_001889_20260510_222307_314.png,120,0,6.982,0
orange_pos_001889_20260510_222307_314.png,140,0,12.282,0
orange_pos_001889_20260510_222307_314.png,0,20,25.338,0
orange_pos_001889_20260510_222307_314.png,20,20,2.831,0
orange_pos_001889_20260510_222307_314.png,40,20,23.295,0
orange_pos_001889_20260510_222307_314.png,60,20,27.778,0
orange_pos_001889_20260510_222307_314.png,80,20,2.834,0
orange_pos_001889_20260510_222307_314.png,100,20,0.614,0
orange_pos_001889_20260510_222307_314.png,120,20,1.254,0
orange_pos_001889_20260510_222307_314.png,140,20,17.216,0
orange_pos_001889_20260510_222307_314.png,0,40,1.079,0
orange_pos_001889_20260510_222307_314.png,20,40,0.614,0
orange_pos_001889_20260510_222307_314.png,40,40,16.239,0
orange_pos_001889_20260510_222307_314.png,60,40,12.114,0
orange_pos_001889_20260510_222307_314.png,80,40,0.631,0
orange_pos_001889_20260510_222307_314.png,100,40,0.614,0
orange_pos_001889_20260510_222307_314.png,120,40,0.614,0
orange_pos_001889_20260510_222307_314.png,140,40,8.000,0
orange_pos_001889_20260510_222307_314.png,0,60,1.362,0
orange_pos_001889_20260510_222307_314.png,20,60,0.851,0
orange_pos_001889_20260510_222307_314.png,40,60,19.213,0
orange_pos_001889_20260510_222307_314.png,60,60,14.265,0
orange_pos_001889_20260510_222307_314.png,80,60,1.135,0
orange_pos_001889_20260510_222307_314.png,100,60,0.614,0
orange_pos_001889_20260510_222307_314.png,120,60,1.664,0
orange_pos_001889_20260510_222307_314.png,140,60,9.474,0
orange_pos_001889_20260510_222307_314.png,0,80,1.232,0
orange_pos_001889_20260510_222307_314.png,20,80,0.890,0
orange_pos_001889_20260510_222307_314.png,40,80,17.328,0
orange_pos_001889_20260510_222307_314.png,60,80,12.706,0
orange_pos_001889_20260510_222307_314.png,80,80,0.615,0
orange_pos_001889_20260510_222307_314.png,100,80,1.764,0
orange_pos_001889_20260510_222307_314.png,120,80,3.587,0
orange_pos_001889_20260510_222307_314.png,140,80,9.418,0
orange_pos_001889_20260510_222307_314.png,0,100,1.023,0
orange_pos_001889_20260510_222307_314.png,20,100,2.903,0
orange_pos_001889_20260510_222307_314.png,40,100,21.803,0
orange_pos_001889_20260510_222307_314.png,60,100,13.605,0
orange_pos_001889_20260510_222307_314.png,80,100,3.657,0
orange_pos_001889_20260510_222307_314.png,100,100,6.301,0
orange_pos_001889_20260510_222307_314.png,120,100,8.818,0
orange_pos_001889_20260510_222307_314.png,140,100,13.849,0
orange_pos_001890_20260510_222309_253.png,0,0,35.534,0
orange_pos_001890_20260510_222309_253.png,20,0,1.867,0
orange_pos_001890_20260510_222309_253.png,40,0,16.985,0
orange_pos_001890_20260510_222309_253.png,60,0,28.683,0
orange_pos_001890_20260510_222309_253.png,80,0,14.032,0
orange_pos_001890_20260510_222309_253.png,100,0,7.793,0
orange_pos_001890_20260510_222309_253.png,120,0,8.044,0
orange_pos_001890_20260510_222309_253.png,140,0,10.441,0
orange_pos_001890_20260510_222309_253.png,0,20,21.764,0
orange_pos_001890_20260510_222309_253.png,20,20,2.137,0
orange_pos_001890_20260510_222309_253.png,40,20,17.191,0
orange_pos_001890_20260510_222309_253.png,60,20,22.134,0
orange_pos_001890_20260510_222309_253.png,80,20,2.494,0
orange_pos_001890_20260510_222309_253.png,100,20,0.614,0
orange_pos_001890_20260510_222309_253.png,120,20,1.374,0
orange_pos_001890_20260510_222309_253.png,140,20,15.564,0
orange_pos_001890_20260510_222309_253.png,0,40,1.216,0
orange_pos_001890_20260510_222309_253.png,20,40,1.049,0
orange_pos_001890_20260510_222309_253.png,40,40,20.392,0
orange_pos_001890_20260510_222309_253.png,60,40,17.967,0
orange_pos_001890_20260510_222309_253.png,80,40,0.708,0
orange_pos_001890_20260510_222309_253.png,100,40,0.614,0
orange_pos_001890_20260510_222309_253.png,120,40,0.709,0
orange_pos_001890_20260510_222309_253.png,140,40,13.991,0
orange_pos_001890_20260510_222309_253.png,0,60,1.325,0
orange_pos_001890_20260510_222309_253.png,20,60,0.970,0
orange_pos_001890_20260510_222309_253.png,40,60,19.360,0
orange_pos_001890_20260510_222309_253.png,60,60,14.795,0
orange_pos_001890_20260510_222309_253.png,80,60,2.342,0
orange_pos_001890_20260510_222309_253.png,100,60,1.471,0
orange_pos_001890_20260510_222309_253.png,120,60,3.936,0
orange_pos_001890_20260510_222309_253.png,140,60,9.805,0
orange_pos_001890_20260510_222309_253.png,0,80,1.332,0
orange_pos_001890_20260510_222309_253.png,20,80,1.018,0
orange_pos_001890_20260510_222309_253.png,40,80,17.636,0
orange_pos_001890_20260510_222309_253.png,60,80,9.640,0
orange_pos_001890_20260510_222309_253.png,80,80,1.491,0
orange_pos_001890_20260510_222309_253.png,100,80,2.196,0
orange_pos_001890_20260510_222309_253.png,120,80,5.153,0
orange_pos_001890_20260510_222309_253.png,140,80,8.166,0
orange_pos_001890_20260510_222309_253.png,0,100,0.866,0
orange_pos_001890_20260510_222309_253.png,20,100,2.769,0
orange_pos_001890_20260510_222309_253.png,40,100,19.169,0
orange_pos_001890_20260510_222309_253.png,60,100,11.746,0
orange_pos_001890_20260510_222309_253.png,80,100,4.831,0
orange_pos_001890_20260510_222309_253.png,100,100,6.918,0
orange_pos_001890_20260510_222309_253.png,120,100,7.200,0
orange_pos_001890_20260510_222309_253.png,140,100,9.472,0
orange_pos_001891_20260510_222309_626.png,0,0,47.561,0
orange_pos_001891_20260510_222309_626.png,20,0,12.918,0
orange_pos_001891_20260510_222309_626.png,40,0,35.093,0
orange_pos_001891_20260510_222309_626.png,60,0,59.447,0
orange_pos_001891_20260510_222309_626.png,80,0,29.615,0
orange_pos_001891_20260510_222309_626.png,100,0,15.428,0
orange_pos_001891_20260510_222309_626.png,120,0,17.303,0
orange_pos_001891_20260510_222309_626.png,140,0,34.313,0
orange_pos_001891_20260510_222309_626.png,0,20,43.680,0
orange_pos_001891_20260510_222309_626.png,20,20,18.414,0
orange_pos_001891_20260510_222309_626.png,40,20,39.941,0
orange_pos_001891_20260510_222309_626.png,60,20,47.806,0
orange_pos_001891_20260510_222309_626.png,80,20,4.671,0
orange_pos_001891_20260510_222309_626.png,100,20,0.614,0
orange_pos_001891_20260510_222309_626.png,120,20,1.435,0
orange_pos_001891_20260510_222309_626.png,140,20,33.845,0
orange_pos_001891_20260510_222309_626.png,0,40,1.858,0
orange_pos_001891_20260510_222309_626.png,20,40,6.510,0
orange_pos_001891_20260510_222309_626.png,40,40,34.741,0
orange_pos_001891_20260510_222309_626.png,60,40,25.616,0
orange_pos_001891_20260510_222309_626.png,80,40,0.614,0
orange_pos_001891_20260510_222309_626.png,100,40,0.614,0
orange_pos_001891_20260510_222309_626.png,120,40,0.709,0
orange_pos_001891_20260510_222309_626.png,140,40,20.542,0
orange_pos_001891_20260510_222309_626.png,0,60,1.876,0
orange_pos_001891_20260510_222309_626.png,20,60,6.284,0
orange_pos_001891_20260510_222309_626.png,40,60,41.463,0
orange_pos_001891_20260510_222309_626.png,60,60,29.390,0
orange_pos_001891_20260510_222309_626.png,80,60,2.237,0
orange_pos_001891_20260510_222309_626.png,100,60,0.614,0
orange_pos_001891_20260510_222309_626.png,120,60,1.975,0
orange_pos_001891_20260510_222309_626.png,140,60,25.502,0
orange_pos_001891_20260510_222309_626.png,0,80,4.888,0
orange_pos_001891_20260510_222309_626.png,20,80,7.893,0
orange_pos_001891_20260510_222309_626.png,40,80,54.466,0
orange_pos_001891_20260510_222309_626.png,60,80,36.375,0
orange_pos_001891_20260510_222309_626.png,80,80,6.614,0
orange_pos_001891_20260510_222309_626.png,100,80,14.018,0
orange_pos_001891_20260510_222309_626.png,120,80,24.245,0
orange_pos_001891_20260510_222309_626.png,140,80,42.271,0
orange_pos_001891_20260510_222309_626.png,0,100,1.592,0
orange_pos_001891_20260510_222309_626.png,20,100,7.223,0
orange_pos_001891_20260510_222309_626.png,40,100,46.823,0
orange_pos_001891_20260510_222309_626.png,60,100,31.399,0
orange_pos_001891_20260510_222309_626.png,80,100,14.142,0
orange_pos_001891_20260510_222309_626.png,100,100,17.368,0
orange_pos_001891_20260510_222309_626.png,120,100,23.524,0
orange_pos_001891_20260510_222309_626.png,140,100,30.971,0
orange_pos_001967_20260510_222452_238.png,0,0,63.962,0
orange_pos_001967_20260510_222452_238.png,20,0,14.744,0
orange_pos_001967_20260510_222452_238.png,40,0,40.640,0
orange_pos_001967_20260510_222452_238.png,60,0,64.848,0
orange_pos_001967_20260510_222452_238.png,80,0,42.064,0
orange_pos_001967_20260510_222452_238.png,100,0,30.214,0
orange_pos_001967_20260510_222452_238.png,120,0,33.047,0
orange_pos_001967_20260510_222452_238.png,140,0,43.163,0
orange_pos_001967_20260510_222452_238.png,0,20,40.760,0
orange_pos_001967_20260510_222452_238.png,20,20,8.600,0
orange_pos_001967_20260510_222452_238.png,40,20,39.136,0
orange_pos_001967_20260510_222452_238.png,60,20,47.374,0
orange_pos_001967_20260510_222452_238.png,80,20,9.998,0
orange_pos_001967_20260510_222452_238.png,100,20,0.950,0
orange_pos_001967_20260510_222452_238.png,120,20,4.226,0
orange_pos_001967_20260510_222452_238.png,140,20,39.569,0
orange_pos_001967_20260510_222452_238.png,0,40,2.677,0
orange_pos_001967_20260510_222452_238.png,20,40,4.611,0
orange_pos_001967_20260510_222452_238.png,40,40,44.869,0
orange_pos_001967_20260510_222452_238.png,60,40,40.069,0
orange_pos_001967_20260510_222452_238.png,80,40,0.905,0
orange_pos_001967_20260510_222452_238.png,100,40,0.614,0
orange_pos_001967_20260510_222452_238.png,120,40,1.261,0
orange_pos_001967_20260510_222452_238.png,140,40,37.056,0
orange_pos_001967_20260510_222452_238.png,0,60,2.169,0
orange_pos_001967_20260510_222452_238.png,20,60,2.944,0
orange_pos_001967_20260510_222452_238.png,40,60,48.056,0
orange_pos_001967_20260510_222452_238.png,60,60,37.098,0
orange_pos_001967_20260510_222452_238.png,80,60,6.211,0
orange_pos_001967_20260510_222452_238.png,100,60,1.784,0
orange_pos_001967_20260510_222452_238.png,120,60,9.548,0
orange_pos_001967_20260510_222452_238.png,140,60,34.651,0
orange_pos_001967_20260510_222452_238.png,0,80,4.441,0
orange_pos_001967_20260510_222452_238.png,20,80,3.660,0
orange_pos_001967_20260510_222452_238.png,40,80,54.604,0
orange_pos_001967_20260510_222452_238.png,60,80,36.005,0
orange_pos_001967_20260510_222452_238.png,80,80,8.838,0
orange_pos_001967_20260510_222452_238.png,100,80,16.529,0
orange_pos_001967_20260510_222452_238.png,120,80,27.709,0
orange_pos_001967_20260510_222452_238.png,140,80,40.754,0
orange_pos_001967_20260510_222452_238.png,0,100,1.659,0
orange_pos_001967_20260510_222452_238.png,20,100,8.792,0
orange_pos_001967_20260510_222452_238.png,40,100,55.721,0
orange_pos_001967_20260510_222452_238.png,60,100,39.835,0
orange_pos_001967_20260510_222452_238.png,80,100,21.461,0
orange_pos_001967_20260510_222452_238.png,100,100,26.027,0
orange_pos_001967_20260510_222452_238.png,120,100,33.555,0
orange_pos_001967_20260510_222452_238.png,140,100,43.772,0
orange_pos_001968_20260510_222453_758.png,0,0,13.640,0
orange_pos_001968_20260510_222453_758.png,20,0,0.653,0
orange_pos_001968_20260510_222453_758.png,40,0,8.530,0
orange_pos_001968_20260510_222453_758.png,60,0,13.270,0
orange_pos_001968_20260510_222453_758.png,80,0,3.810,0
orange_pos_001968_20260510_222453_758.png,100,0,1.311,0
orange_pos_001968_20260510_222453_758.png,120,0,1.007,0
orange_pos_001968_20260510_222453_758.png,140,0,1.185,0
orange_pos_001968_20260510_222453_758.png,0,20,9.611,0
orange_pos_001968_20260510_222453_758.png,20,20,0.614,0
orange_pos_001968_20260510_222453_758.png,40,20,6.311,0
orange_pos_001968_20260510_222453_758.png,60,20,6.144,0
orange_pos_001968_20260510_222453_758.png,80,20,0.726,0
orange_pos_001968_20260510_222453_758.png,100,20,0.614,0
orange_pos_001968_20260510_222453_758.png,120,20,0.614,0
orange_pos_001968_20260510_222453_758.png,140,20,1.428,0
orange_pos_001968_20260510_222453_758.png,0,40,0.682,0
orange_pos_001968_20260510_222453_758.png,20,40,0.614,0
orange_pos_001968_20260510_222453_758.png,40,40,5.992,0
orange_pos_001968_20260510_222453_758.png,60,40,2.548,0
orange_pos_001968_20260510_222453_758.png,80,40,0.614,0
orange_pos_001968_20260510_222453_758.png,100,40,0.614,0
orange_pos_001968_20260510_222453_758.png,120,40,0.614,0
orange_pos_001968_20260510_222453_758.png,140,40,1.039,0
orange_pos_001968_20260510_222453_758.png,0,60,0.740,0
orange_pos_001968_20260510_222453_758.png,20,60,0.614,0
orange_pos_001968_20260510_222453_758.png,40,60,7.744,0
orange_pos_001968_20260510_222453_758.png,60,60,5.212,0
orange_pos_001968_20260510_222453_758.png,80,60,0.614,0
orange_pos_001968_20260510_222453_758.png,100,60,0.614,0
orange_pos_001968_20260510_222453_758.png,120,60,0.614,0
orange_pos_001968_20260510_222453_758.png,140,60,1.975,0
orange_pos_001968_20260510_222453_758.png,0,80,0.697,0
orange_pos_001968_20260510_222453_758.png,20,80,0.626,0
orange_pos_001968_20260510_222453_758.png,40,80,7.153,0
orange_pos_001968_20260510_222453_758.png,60,80,3.011,0
orange_pos_001968_20260510_222453_758.png,80,80,0.614,0
orange_pos_001968_20260510_222453_758.png,100,80,0.614,0
orange_pos_001968_20260510_222453_758.png,120,80,0.995,0
orange_pos_001968_20260510_222453_758.png,140,80,1.796,0
orange_pos_001968_20260510_222453_758.png,0,100,0.614,0
orange_pos_001968_20260510_222453_758.png,20,100,0.924,0
orange_pos_001968_20260510_222453_758.png,40,100,3.657,0
orange_pos_001968_20260510_222453_758.png,60,100,1.542,0
orange_pos_001968_20260510_222453_758.png,80,100,0.620,0
orange_pos_001968_20260510_222453_758.png,100,100,0.717,0
orange_pos_001968_20260510_222453_758.png,120,100,0.861,0
orange_pos_001968_20260510_222453_758.png,140,100,0.843,0
orange_pos_001970_20260510_222454_067.png,0,0,33.668,0
orange_pos_001970_20260510_222454_067.png,20,0,2.931,0
orange_pos_001970_20260510_222454_067.png,40,0,19.497,0
orange_pos_001970_20260510_222454_067.png,60,0,34.758,0
orange_pos_001970_20260510_222454_067.png,80,0,15.545,0
orange_pos_001970_20260510_222454_067.png,100,0,8.925,0
orange_pos_001970_20260510_222454_067.png,120,0,8.812,0
orange_pos_001970_20260510_222454_067.png,140,0,13.358,0
orange_pos_001970_20260510_222454_067.png,0,20,25.597,0
orange_pos_001970_20260510_222454_067.png,20,20,3.976,0
orange_pos_001970_20260510_222454_067.png,40,20,28.245,0
orange_pos_001970_20260510_222454_067.png,60,20,34.815,0
orange_pos_001970_20260510_222454_067.png,80,20,4.753,0
orange_pos_001970_20260510_222454_067.png,100,20,0.614,0
orange_pos_001970_20260510_222454_067.png,120,20,1.794,0
orange_pos_001970_20260510_222454_067.png,140,20,22.591,0
orange_pos_001970_20260510_222454_067.png,0,40,1.385,0
orange_pos_001970_20260510_222454_067.png,20,40,0.670,0
orange_pos_001970_20260510_222454_067.png,40,40,24.109,0
orange_pos_001970_20260510_222454_067.png,60,40,18.196,0
orange_pos_001970_20260510_222454_067.png,80,40,0.657,0
orange_pos_001970_20260510_222454_067.png,100,40,0.614,0
orange_pos_001970_20260510_222454_067.png,120,40,0.785,0
orange_pos_001970_20260510_222454_067.png,140,40,14.159,0
orange_pos_001970_20260510_222454_067.png,0,60,1.264,0
orange_pos_001970_20260510_222454_067.png,20,60,0.614,0
orange_pos_001970_20260510_222454_067.png,40,60,23.745,0
orange_pos_001970_20260510_222454_067.png,60,60,17.515,0
orange_pos_001970_20260510_222454_067.png,80,60,1.091,0
orange_pos_001970_20260510_222454_067.png,100,60,0.614,0
orange_pos_001970_20260510_222454_067.png,120,60,1.110,0
orange_pos_001970_20260510_222454_067.png,140,60,9.686,0
orange_pos_001970_20260510_222454_067.png,0,80,1.564,0
orange_pos_001970_20260510_222454_067.png,20,80,2.549,0
orange_pos_001970_20260510_222454_067.png,40,80,29.717,0
orange_pos_001970_20260510_222454_067.png,60,80,17.848,0
orange_pos_001970_20260510_222454_067.png,80,80,5.091,0
orange_pos_001970_20260510_222454_067.png,100,80,6.896,0
orange_pos_001970_20260510_222454_067.png,120,80,14.570,0
orange_pos_001970_20260510_222454_067.png,140,80,20.339,0
orange_pos_001970_20260510_222454_067.png,0,100,0.625,0
orange_pos_001970_20260510_222454_067.png,20,100,1.384,0
orange_pos_001970_20260510_222454_067.png,40,100,10.580,0
orange_pos_001970_20260510_222454_067.png,60,100,5.962,0
orange_pos_001970_20260510_222454_067.png,80,100,0.629,0
orange_pos_001970_20260510_222454_067.png,100,100,1.115,0
orange_pos_001970_20260510_222454_067.png,120,100,1.331,0
orange_pos_001970_20260510_222454_067.png,140,100,3.338,0
orange_pos_001971_20260510_222455_961.png,0,0,12.756,0
orange_pos_001971_20260510_222455_961.png,20,0,0.614,0
orange_pos_001971_20260510_222455_961.png,40,0,3.101,0
orange_pos_001971_20260510_222455_961.png,60,0,2.759,0
orange_pos_001971_20260510_222455_961.png,80,0,0.841,0
orange_pos_001971_20260510_222455_961.png,100,0,0.619,0
orange_pos_001971_20260510_222455_961.png,120,0,0.621,0
orange_pos_001971_20260510_222455_961.png,140,0,0.676,0
orange_pos_001971_20260510_222455_961.png,0,20,20.939,0
orange_pos_001971_20260510_222455_961.png,20,20,0.614,0
orange_pos_001971_20260510_222455_961.png,40,20,3.966,0
orange_pos_001971_20260510_222455_961.png,60,20,5.571,0
orange_pos_001971_20260510_222455_961.png,80,20,0.909,0
orange_pos_001971_20260510_222455_961.png,100,20,0.614,0
orange_pos_001971_20260510_222455_961.png,120,20,0.629,0
orange_pos_001971_20260510_222455_961.png,140,20,2.005,0
orange_pos_001971_20260510_222455_961.png,0,40,0.653,0
orange_pos_001971_20260510_222455_961.png,20,40,0.614,0
orange_pos_001971_20260510_222455_961.png,40,40,5.076,0
orange_pos_001971_20260510_222455_961.png,60,40,3.041,0
orange_pos_001971_20260510_222455_961.png,80,40,0.614,0
orange_pos_001971_20260510_222455_961.png,100,40,0.614,0
orange_pos_001971_20260510_222455_961.png,120,40,0.614,0
orange_pos_001971_20260510_222455_961.png,140,40,2.331,0
orange_pos_001971_20260510_222455_961.png,0,60,0.774,0
orange_pos_001971_20260510_222455_961.png,20,60,0.614,0
orange_pos_001971_20260510_222455_961.png,40,60,8.733,0
orange_pos_001971_20260510_222455_961.png,60,60,4.085,0
orange_pos_001971_20260510_222455_961.png,80,60,0.649,0
orange_pos_001971_20260510_222455_961.png,100,60,0.614,0
orange_pos_001971_20260510_222455_961.png,120,60,0.641,0
orange_pos_001971_20260510_222455_961.png,140,60,1.326,0
orange_pos_001971_20260510_222455_961.png,0,80,0.633,0
orange_pos_001971_20260510_222455_961.png,20,80,0.614,0
orange_pos_001971_20260510_222455_961.png,40,80,2.452,0
orange_pos_001971_20260510_222455_961.png,60,80,2.094,0
orange_pos_001971_20260510_222455_961.png,80,80,0.614,0
orange_pos_001971_20260510_222455_961.png,100,80,0.614,0
orange_pos_001971_20260510_222455_961.png,120,80,0.614,0
orange_pos_001971_20260510_222455_961.png,140,80,0.614,0
orange_pos_001971_20260510_222455_961.png,0,100,0.614,0
orange_pos_001971_20260510_222455_961.png,20,100,0.749,0
orange_pos_001971_20260510_222455_961.png,40,100,3.786,0
orange_pos_001971_20260510_222455_961.png,60,100,2.345,0
orange_pos_001971_20260510_222455_961.png,80,100,0.615,0
orange_pos_001971_20260510_222455_961.png,100,100,0.761,0
orange_pos_001971_20260510_222455_961.png,120,100,0.645,0
orange_pos_001971_20260510_222455_961.png,140,100,0.759,0
orange_pos_001972_20260510_222458_375.png,0,0,39.193,0
orange_pos_001972_20260510_222458_375.png,20,0,3.232,0
orange_pos_001972_20260510_222458_375.png,40,0,26.295,0
orange_pos_001972_20260510_222458_375.png,60,0,45.118,0
orange_pos_001972_20260510_222458_375.png,80,0,22.704,0
orange_pos_001972_20260510_222458_375.png,100,0,12.764,0
orange_pos_001972_20260510_222458_375.png,120,0,14.270,0
orange_pos_001972_20260510_222458_375.png,140,0,22.253,0
orange_pos_001972_20260510_222458_375.png,0,20,29.917,0
orange_pos_001972_20260510_222458_375.png,20,20,7.018,0
orange_pos_001972_20260510_222458_375.png,40,20,29.052,0
orange_pos_001972_20260510_222458_375.png,60,20,34.485,0
orange_pos_001972_20260510_222458_375.png,80,20,3.766,0
orange_pos_001972_20260510_222458_375.png,100,20,0.614,0
orange_pos_001972_20260510_222458_375.png,120,20,1.269,0
orange_pos_001972_20260510_222458_375.png,140,20,24.171,0
orange_pos_001972_20260510_222458_375.png,0,40,1.715,0
orange_pos_001972_20260510_222458_375.png,20,40,3.233,0
orange_pos_001972_20260510_222458_375.png,40,40,32.701,0
orange_pos_001972_20260510_222458_375.png,60,40,24.204,0
orange_pos_001972_20260510_222458_375.png,80,40,0.624,0
orange_pos_001972_20260510_222458_375.png,100,40,0.614,0
orange_pos_001972_20260510_222458_375.png,120,40,0.616,0
orange_pos_001972_20260510_222458_375.png,140,40,17.954,0
orange_pos_001972_20260510_222458_375.png,0,60,1.875,0
orange_pos_001972_20260510_222458_375.png,20,60,3.225,0
orange_pos_001972_20260510_222458_375.png,40,60,42.796,0
orange_pos_001972_20260510_222458_375.png,60,60,31.560,0
orange_pos_001972_20260510_222458_375.png,80,60,2.623,0
orange_pos_001972_20260510_222458_375.png,100,60,1.039,0
orange_pos_001972_20260510_222458_375.png,120,60,4.421,0
orange_pos_001972_20260510_222458_375.png,140,60,25.428,0
orange_pos_001972_20260510_222458_375.png,0,80,2.001,0
orange_pos_001972_20260510_222458_375.png,20,80,1.197,0
orange_pos_001972_20260510_222458_375.png,40,80,37.829,0
orange_pos_001972_20260510_222458_375.png,60,80,24.491,0
orange_pos_001972_20260510_222458_375.png,80,80,2.190,0
orange_pos_001972_20260510_222458_375.png,100,80,5.991,0
orange_pos_001972_20260510_222458_375.png,120,80,12.099,0
orange_pos_001972_20260510_222458_375.png,140,80,23.713,0
orange_pos_001972_20260510_222458_375.png,0,100,1.522,0
orange_pos_001972_20260510_222458_375.png,20,100,6.431,0
orange_pos_001972_20260510_222458_375.png,40,100,46.585,0
orange_pos_001972_20260510_222458_375.png,60,100,29.433,0
orange_pos_001972_20260510_222458_375.png,80,100,13.727,0
orange_pos_001972_20260510_222458_375.png,100,100,17.166,0
orange_pos_001972_20260510_222458_375.png,120,100,21.972,0
orange_pos_001972_20260510_222458_375.png,140,100,30.462,0
orange_pos_001973_20260510_222458_729.png,0,0,46.412,0
orange_pos_001973_20260510_222458_729.png,20,0,9.066,0
orange_pos_001973_20260510_222458_729.png,40,0,29.509,0
orange_pos_001973_20260510_222458_729.png,60,0,44.880,0
orange_pos_001973_20260510_222458_729.png,80,0,23.841,0
orange_pos_001973_20260510_222458_729.png,100,0,16.057,0
orange_pos_001973_20260510_222458_729.png,120,0,18.520,0
orange_pos_001973_20260510_222458_729.png,140,0,24.454,0
orange_pos_001973_20260510_222458_729.png,0,20,34.968,0
orange_pos_001973_20260510_222458_729.png,20,20,4.224,0
orange_pos_001973_20260510_222458_729.png,40,20,29.555,0
orange_pos_001973_20260510_222458_729.png,60,20,34.040,0
orange_pos_001973_20260510_222458_729.png,80,20,3.990,0
orange_pos_001973_20260510_222458_729.png,100,20,0.614,0
orange_pos_001973_20260510_222458_729.png,120,20,1.839,0
orange_pos_001973_20260510_222458_729.png,140,20,24.329,0
orange_pos_001973_20260510_222458_729.png,0,40,1.517,0
orange_pos_001973_20260510_222458_729.png,20,40,1.959,0
orange_pos_001973_20260510_222458_729.png,40,40,31.329,0
orange_pos_001973_20260510_222458_729.png,60,40,26.051,0
orange_pos_001973_20260510_222458_729.png,80,40,0.619,0
orange_pos_001973_20260510_222458_729.png,100,40,0.614,0
orange_pos_001973_20260510_222458_729.png,120,40,0.619,0
orange_pos_001973_20260510_222458_729.png,140,40,20.972,0
orange_pos_001973_20260510_222458_729.png,0,60,1.868,0
orange_pos_001973_20260510_222458_729.png,20,60,2.487,0
orange_pos_001973_20260510_222458_729.png,40,60,39.435,0
orange_pos_001973_20260510_222458_729.png,60,60,29.276,0
orange_pos_001973_20260510_222458_729.png,80,60,3.364,0
orange_pos_001973_20260510_222458_729.png,100,60,1.004,0
orange_pos_001973_20260510_222458_729.png,120,60,5.030,0
orange_pos_001973_20260510_222458_729.png,140,60,27.344,0
orange_pos_001973_20260510_222458_729.png,0,80,2.629,0
orange_pos_001973_20260510_222458_729.png,20,80,2.232,0
orange_pos_001973_20260510_222458_729.png,40,80,43.469,0
orange_pos_001973_20260510_222458_729.png,60,80,28.232,0
orange_pos_001973_20260510_222458_729.png,80,80,2.086,0
orange_pos_001973_20260510_222458_729.png,100,80,6.595,0
orange_pos_001973_20260510_222458_729.png,120,80,16.188,0
orange_pos_001973_20260510_222458_729.png,140,80,29.707,0
orange_pos_001973_20260510_222458_729.png,0,100,1.478,0
orange_pos_001973_20260510_222458_729.png,20,100,4.239,0
orange_pos_001973_20260510_222458_729.png,40,100,37.300,0
orange_pos_001973_20260510_222458_729.png,60,100,26.524,0
orange_pos_001973_20260510_222458_729.png,80,100,10.450,0
orange_pos_001973_20260510_222458_729.png,100,100,13.439,0
orange_pos_001973_20260510_222458_729.png,120,100,18.450,0
orange_pos_001973_20260510_222458_729.png,140,100,24.972,0
orange_pos_001974_20260510_222500_420.png,0,0,14.022,0
orange_pos_001974_20260510_222500_420.png,20,0,0.614,0
orange_pos_001974_20260510_222500_420.png,40,0,5.648,0
orange_pos_001974_20260510_222500_420.png,60,0,8.138,0
orange_pos_001974_20260510_222500_420.png,80,0,2.785,0
orange_pos_001974_20260510_222500_420.png,100,0,1.754,0
orange_pos_001974_20260510_222500_420.png,120,0,0.792,0
orange_pos_001974_20260510_222500_420.png,140,0,1.111,0
orange_pos_001974_20260510_222500_420.png,0,20,12.712,0
orange_pos_001974_20260510_222500_420.png,20,20,0.614,0
orange_pos_001974_20260510_222500_420.png,40,20,7.747,0
orange_pos_001974_20260510_222500_420.png,60,20,8.748,0
orange_pos_001974_20260510_222500_420.png,80,20,1.030,0
orange_pos_001974_20260510_222500_420.png,100,20,0.614,0
orange_pos_001974_20260510_222500_420.png,120,20,0.615,0
orange_pos_001974_20260510_222500_420.png,140,20,3.585,0
orange_pos_001974_20260510_222500_420.png,0,40,0.716,0
orange_pos_001974_20260510_222500_420.png,20,40,0.614,0
orange_pos_001974_20260510_222500_420.png,40,40,6.362,0
orange_pos_001974_20260510_222500_420.png,60,40,6.397,0
orange_pos_001974_20260510_222500_420.png,80,40,0.614,0
orange_pos_001974_20260510_222500_420.png,100,40,0.614,0
orange_pos_001974_20260510_222500_420.png,120,40,0.614,0
orange_pos_001974_20260510_222500_420.png,140,40,2.802,0
orange_pos_001974_20260510_222500_420.png,0,60,0.837,0
orange_pos_001974_20260510_222500_420.png,20,60,0.614,0
orange_pos_001974_20260510_222500_420.png,40,60,12.204,0
orange_pos_001974_20260510_222500_420.png,60,60,7.818,0
orange_pos_001974_20260510_222500_420.png,80,60,0.614,0
orange_pos_001974_20260510_222500_420.png,100,60,0.614,0
orange_pos_001974_20260510_222500_420.png,120,60,0.631,0
orange_pos_001974_20260510_222500_420.png,140,60,3.868,0
orange_pos_001974_20260510_222500_420.png,0,80,0.812,0
orange_pos_001974_20260510_222500_420.png,20,80,0.614,0
orange_pos_001974_20260510_222500_420.png,40,80,11.420,0
orange_pos_001974_20260510_222500_420.png,60,80,6.656,0
orange_pos_001974_20260510_222500_420.png,80,80,0.614,0
orange_pos_001974_20260510_222500_420.png,100,80,0.683,0
orange_pos_001974_20260510_222500_420.png,120,80,1.532,0
orange_pos_001974_20260510_222500_420.png,140,80,3.132,0
orange_pos_001974_20260510_222500_420.png,0,100,0.692,0
orange_pos_001974_20260510_222500_420.png,20,100,1.605,0
orange_pos_001974_20260510_222500_420.png,40,100,10.295,0
orange_pos_001974_20260510_222500_420.png,60,100,6.151,0
orange_pos_001974_20260510_222500_420.png,80,100,1.529,0
orange_pos_001974_20260510_222500_420.png,100,100,2.051,0
orange_pos_001974_20260510_222500_420.png,120,100,3.168,0
orange_pos_001974_20260510_222500_420.png,140,100,3.963,0
orange_pos_001975_20260510_222502_574.png,0,0,60.363,0
orange_pos_001975_20260510_222502_574.png,20,0,12.287,0
orange_pos_001975_20260510_222502_574.png,40,0,42.083,0
orange_pos_001975_20260510_222502_574.png,60,0,68.849,1
orange_pos_001975_20260510_222502_574.png,80,0,40.390,0
orange_pos_001975_20260510_222502_574.png,100,0,26.783,0
orange_pos_001975_20260510_222502_574.png,120,0,31.632,0
orange_pos_001975_20260510_222502_574.png,140,0,46.301,0
orange_pos_001975_20260510_222502_574.png,0,20,41.621,0
orange_pos_001975_20260510_222502_574.png,20,20,18.929,0
orange_pos_001975_20260510_222502_574.png,40,20,43.415,0
orange_pos_001975_20260510_222502_574.png,60,20,50.967,0
orange_pos_001975_20260510_222502_574.png,80,20,10.137,0
orange_pos_001975_20260510_222502_574.png,100,20,0.614,0
orange_pos_001975_20260510_222502_574.png,120,20,3.852,0
orange_pos_001975_20260510_222502_574.png,140,20,43.719,0
orange_pos_001975_20260510_222502_574.png,0,40,2.901,0
orange_pos_001975_20260510_222502_574.png,20,40,13.092,0
orange_pos_001975_20260510_222502_574.png,40,40,43.704,0
orange_pos_001975_20260510_222502_574.png,60,40,40.541,0
orange_pos_001975_20260510_222502_574.png,80,40,1.721,0
orange_pos_001975_20260510_222502_574.png,100,40,0.614,0
orange_pos_001975_20260510_222502_574.png,120,40,1.322,0
orange_pos_001975_20260510_222502_574.png,140,40,35.260,0
orange_pos_001975_20260510_222502_574.png,0,60,2.650,0
orange_pos_001975_20260510_222502_574.png,20,60,9.483,0
orange_pos_001975_20260510_222502_574.png,40,60,48.807,0
orange_pos_001975_20260510_222502_574.png,60,60,36.651,0
orange_pos_001975_20260510_222502_574.png,80,60,5.524,0
orange_pos_001975_20260510_222502_574.png,100,60,2.366,0
orange_pos_001975_20260510_222502_574.png,120,60,9.454,0
orange_pos_001975_20260510_222502_574.png,140,60,37.891,0
orange_pos_001975_20260510_222502_574.png,0,80,6.083,0
orange_pos_001975_20260510_222502_574.png,20,80,6.504,0
orange_pos_001975_20260510_222502_574.png,40,80,51.873,0
orange_pos_001975_20260510_222502_574.png,60,80,36.348,0
orange_pos_001975_20260510_222502_574.png,80,80,6.673,0
orange_pos_001975_20260510_222502_574.png,100,80,13.628,0
orange_pos_001975_20260510_222502_574.png,120,80,24.877,0
orange_pos_001975_20260510_222502_574.png,140,80,39.169,0
orange_pos_001975_20260510_222502_574.png,0,100,2.110,0
orange_pos_001975_20260510_222502_574.png,20,100,9.182,0
orange_pos_001975_20260510_222502_574.png,40,100,62.104,0
orange_pos_001975_20260510_222502_574.png,60,100,45.910,0
orange_pos_001975_20260510_222502_574.png,80,100,24.562,0
orange_pos_001975_20260510_222502_574.png,100,100,32.569,0
orange_pos_001975_20260510_222502_574.png,120,100,38.770,0
orange_pos_001975_20260510_222502_574.png,140,100,52.049,0
orange_pos_001976_20260510_222503_096.png,0,0,28.014,0
orange_pos_001976_20260510_222503_096.png,20,0,7.365,0
orange_pos_001976_20260510_222503_096.png,40,0,21.158,0
orange_pos_001976_20260510_222503_096.png,60,0,33.991,0
orange_pos_001976_20260510_222503_096.png,80,0,11.425,0
orange_pos_001976_20260510_222503_096.png,100,0,4.160,0
orange_pos_001976_20260510_222503_096.png,120,0,6.912,0
orange_pos_001976_20260510_222503_096.png,140,0,15.754,0
orange_pos_001976_20260510_222503_096.png,0,20,26.283,0
orange_pos_001976_20260510_222503_096.png,20,20,1.180,0
orange_pos_001976_20260510_222503_096.png,40,20,19.390,0
orange_pos_001976_20260510_222503_096.png,60,20,22.980,0
orange_pos_001976_20260510_222503_096.png,80,20,1.058,0
orange_pos_001976_20260510_222503_096.png,100,20,0.614,0
orange_pos_001976_20260510_222503_096.png,120,20,0.614,0
orange_pos_001976_20260510_222503_096.png,140,20,9.423,0
orange_pos_001976_20260510_222503_096.png,0,40,1.046,0
orange_pos_001976_20260510_222503_096.png,20,40,0.826,0
orange_pos_001976_20260510_222503_096.png,40,40,22.273,0
orange_pos_001976_20260510_222503_096.png,60,40,15.359,0
orange_pos_001976_20260510_222503_096.png,80,40,0.614,0
orange_pos_001976_20260510_222503_096.png,100,40,0.614,0
orange_pos_001976_20260510_222503_096.png,120,40,0.614,0
orange_pos_001976_20260510_222503_096.png,140,40,9.083,0
orange_pos_001976_20260510_222503_096.png,0,60,1.548,0
orange_pos_001976_20260510_222503_096.png,20,60,2.015,0
orange_pos_001976_20260510_222503_096.png,40,60,25.289,0
orange_pos_001976_20260510_222503_096.png,60,60,18.824,0
orange_pos_001976_20260510_222503_096.png,80,60,0.695,0
orange_pos_001976_20260510_222503_096.png,100,60,0.614,0
orange_pos_001976_20260510_222503_096.png,120,60,0.889,0
orange_pos_001976_20260510_222503_096.png,140,60,13.218,0
orange_pos_001976_20260510_222503_096.png,0,80,1.579,0
orange_pos_001976_20260510_222503_096.png,20,80,1.890,0
orange_pos_001976_20260510_222503_096.png,40,80,28.088,0
orange_pos_001976_20260510_222503_096.png,60,80,17.985,0
orange_pos_001976_20260510_222503_096.png,80,80,0.880,0
orange_pos_001976_20260510_222503_096.png,100,80,1.838,0
orange_pos_001976_20260510_222503_096.png,120,80,4.201,0
orange_pos_001976_20260510_222503_096.png,140,80,14.177,0
orange_pos_001976_20260510_222503_096.png,0,100,1.115,0
orange_pos_001976_20260510_222503_096.png,20,100,3.797,0
orange_pos_001976_20260510_222503_096.png,40,100,32.370,0
orange_pos_001976_20260510_222503_096.png,60,100,20.875,0
orange_pos_001976_20260510_222503_096.png,80,100,5.848,0
orange_pos_001976_20260510_222503_096.png,100,100,7.740,0
orange_pos_001976_20260510_222503_096.png,120,100,12.190,0
orange_pos_001976_20260510_222503_096.png,140,100,18.181,0
orange_pos_001977_20260510_222505_306.png,0,0,50.488,0
orange_pos_001977_20260510_222505_306.png,20,0,6.139,0
orange_pos_001977_20260510_222505_306.png,40,0,34.800,0
orange_pos_001977_20260510_222505_306.png,60,0,55.554,0
orange_pos_001977_20260510_222505_306.png,80,0,30.287,0
orange_pos_001977_20260510_222505_306.png,100,0,16.921,0
orange_pos_001977_20260510_222505_306.png,120,0,19.755,0
orange_pos_001977_20260510_222505_306.png,140,0,33.039,0
orange_pos_001977_20260510_222505_306.png,0,20,33.077,0
orange_pos_001977_20260510_222505_306.png,20,20,4.819,0
orange_pos_001977_20260510_222505_306.png,40,20,29.197,0
orange_pos_001977_20260510_222505_306.png,60,20,31.262,0
orange_pos_001977_20260510_222505_306.png,80,20,2.522,0
orange_pos_001977_20260510_222505_306.png,100,20,0.614,0
orange_pos_001977_20260510_222505_306.png,120,20,0.964,0
orange_pos_001977_20260510_222505_306.png,140,20,20.077,0
orange_pos_001977_20260510_222505_306.png,0,40,2.502,0
orange_pos_001977_20260510_222505_306.png,20,40,4.748,0
orange_pos_001977_20260510_222505_306.png,40,40,40.618,0
orange_pos_001977_20260510_222505_306.png,60,40,33.214,0
orange_pos_001977_20260510_222505_306.png,80,40,0.887,0
orange_pos_001977_20260510_222505_306.png,100,40,0.614,0
orange_pos_001977_20260510_222505_306.png,120,40,0.736,0
orange_pos_001977_20260510_222505_306.png,140,40,29.155,0
orange_pos_001977_20260510_222505_306.png,0,60,2.278,0
orange_pos_001977_20260510_222505_306.png,20,60,2.998,0
orange_pos_001977_20260510_222505_306.png,40,60,43.217,0
orange_pos_001977_20260510_222505_306.png,60,60,31.307,0
orange_pos_001977_20260510_222505_306.png,80,60,2.965,0
orange_pos_001977_20260510_222505_306.png,100,60,0.638,0
orange_pos_001977_20260510_222505_306.png,120,60,4.735,0
orange_pos_001977_20260510_222505_306.png,140,60,29.642,0
orange_pos_001977_20260510_222505_306.png,0,80,2.732,0
orange_pos_001977_20260510_222505_306.png,20,80,3.778,0
orange_pos_001977_20260510_222505_306.png,40,80,47.037,0
orange_pos_001977_20260510_222505_306.png,60,80,31.333,0
orange_pos_001977_20260510_222505_306.png,80,80,4.047,0
orange_pos_001977_20260510_222505_306.png,100,80,9.941,0
orange_pos_001977_20260510_222505_306.png,120,80,18.732,0
orange_pos_001977_20260510_222505_306.png,140,80,33.744,0
orange_pos_001977_20260510_222505_306.png,0,100,1.591,0
orange_pos_001977_20260510_222505_306.png,20,100,6.624,0
orange_pos_001977_20260510_222505_306.png,40,100,45.020,0
orange_pos_001977_20260510_222505_306.png,60,100,29.370,0
orange_pos_001977_20260510_222505_306.png,80,100,13.714,0
orange_pos_001977_20260510_222505_306.png,100,100,16.882,0
orange_pos_001977_20260510_222505_306.png,120,100,23.655,0
orange_pos_001977_20260510_222505_306.png,140,100,32.219,0
orange_pos_001978_20260510_222507_067.png,0,0,26.586,0
orange_pos_001978_20260510_222507_067.png,20,0,2.098,0
orange_pos_001978_20260510_222507_067.png,40,0,14.841,0
orange_pos_001978_20260510_222507_067.png,60,0,26.639,0
orange_pos_001978_20260510_222507_067.png,80,0,9.991,0
orange_pos_001978_20260510_222507_067.png,100,0,5.489,0
orange_pos_001978_20260510_222507_067.png,120,0,6.059,0
orange_pos_001978_20260510_222507_067.png,140,0,8.995,0
orange_pos_001978_20260510_222507_067.png,0,20,26.016,0
orange_pos_001978_20260510_222507_067.png,20,20,0.614,0
orange_pos_001978_20260510_222507_067.png,40,20,11.881,0
orange_pos_001978_20260510_222507_067.png,60,20,15.863,0
orange_pos_001978_20260510_222507_067.png,80,20,1.305,0
orange_pos_001978_20260510_222507_067.png,100,20,0.614,0
orange_pos_001978_20260510_222507_067.png,120,20,0.629,0
orange_pos_001978_20260510_222507_067.png,140,20,8.521,0
orange_pos_001978_20260510_222507_067.png,0,40,0.760,0
orange_pos_001978_20260510_222507_067.png,20,40,0.614,0
orange_pos_001978_20260510_222507_067.png,40,40,10.746,0
orange_pos_001978_20260510_222507_067.png,60,40,9.122,0
orange_pos_001978_20260510_222507_067.png,80,40,0.614,0
orange_pos_001978_20260510_222507_067.png,100,40,0.614,0
orange_pos_001978_20260510_222507_067.png,120,40,0.614,0
orange_pos_001978_20260510_222507_067.png,140,40,3.915,0
orange_pos_001978_20260510_222507_067.png,0,60,0.830,0
orange_pos_001978_20260510_222507_067.png,20,60,0.614,0
orange_pos_001978_20260510_222507_067.png,40,60,12.618,0
orange_pos_001978_20260510_222507_067.png,60,60,8.106,0
orange_pos_001978_20260510_222507_067.png,80,60,0.619,0
orange_pos_001978_20260510_222507_067.png,100,60,0.616,0
orange_pos_001978_20260510_222507_067.png,120,60,0.715,0
orange_pos_001978_20260510_222507_067.png,140,60,4.457,0
orange_pos_001978_20260510_222507_067.png,0,80,1.173,0
orange_pos_001978_20260510_222507_067.png,20,80,0.718,0
orange_pos_001978_20260510_222507_067.png,40,80,19.601,0
orange_pos_001978_20260510_222507_067.png,60,80,11.334,0
orange_pos_001978_20260510_222507_067.png,80,80,0.886,0
orange_pos_001978_20260510_222507_067.png,100,80,2.528,0
orange_pos_001978_20260510_222507_067.png,120,80,4.777,0
orange_pos_001978_20260510_222507_067.png,140,80,9.820,0
orange_pos_001978_20260510_222507_067.png,0,100,0.795,0
orange_pos_001978_20260510_222507_067.png,20,100,1.310,0
orange_pos_001978_20260510_222507_067.png,40,100,10.697,0
orange_pos_001978_20260510_222507_067.png,60,100,6.097,0
orange_pos_001978_20260510_222507_067.png,80,100,1.112,0
orange_pos_001978_20260510_222507_067.png,100,100,1.792,0
orange_pos_001978_20260510_222507_067.png,120,100,2.550,0
orange_pos_001978_20260510_222507_067.png,140,100,5.085,0
orange_pos_001979_20260510_222507_485.png,0,0,17.643,0
orange_pos_001979_20260510_222507_485.png,20,0,0.614,0
orange_pos_001979_20260510_222507_485.png,40,0,6.374,0
orange_pos_001979_20260510_222507_485.png,60,0,10.405,0
orange_pos_001979_20260510_222507_485.png,80,0,4.764,0
orange_pos_001979_20260510_222507_485.png,100,0,1.340,0
orange_pos_001979_20260510_222507_485.png,120,0,1.185,0
orange_pos_001979_20260510_222507_485.png,140,0,0.629,0
orange_pos_001979_20260510_222507_485.png,0,20,13.708,0
orange_pos_001979_20260510_222507_485.png,20,20,0.614,0
orange_pos_001979_20260510_222507_485.png,40,20,7.794,0
orange_pos_001979_20260510_222507_485.png,60,20,9.162,0
orange_pos_001979_20260510_222507_485.png,80,20,0.946,0
orange_pos_001979_20260510_222507_485.png,100,20,0.614,0
orange_pos_001979_20260510_222507_485.png,120,20,0.614,0
orange_pos_001979_20260510_222507_485.png,140,20,2.161,0
orange_pos_001979_20260510_222507_485.png,0,40,0.711,0
orange_pos_001979_20260510_222507_485.png,20,40,0.614,0
orange_pos_001979_20260510_222507_485.png,40,40,8.395,0
orange_pos_001979_20260510_222507_485.png,60,40,5.513,0
orange_pos_001979_20260510_222507_485.png,80,40,0.614,0
orange_pos_001979_20260510_222507_485.png,100,40,0.614,0
orange_pos_001979_20260510_222507_485.png,120,40,0.614,0
orange_pos_001979_20260510_222507_485.png,140,40,2.969,0
orange_pos_001979_20260510_222507_485.png,0,60,0.739,0
orange_pos_001979_20260510_222507_485.png,20,60,0.614,0
orange_pos_001979_20260510_222507_485.png,40,60,10.890,0
orange_pos_001979_20260510_222507_485.png,60,60,6.864,0
orange_pos_001979_20260510_222507_485.png,80,60,0.614,0
orange_pos_001979_20260510_222507_485.png,100,60,0.614,0
orange_pos_001979_20260510_222507_485.png,120,60,0.714,0
orange_pos_001979_20260510_222507_485.png,140,60,2.514,0
orange_pos_001979_20260510_222507_485.png,0,80,0.712,0
orange_pos_001979_20260510_222507_485.png,20,80,0.614,0
orange_pos_001979_20260510_222507_485.png,40,80,5.828,0
orange_pos_001979_20260510_222507_485.png,60,80,2.918,0
orange_pos_001979_20260510_222507_485.png,80,80,0.614,0
orange_pos_001979_20260510_222507_485.png,100,80,0.614,0
orange_pos_001979_20260510_222507_485.png,120,80,0.621,0
orange_pos_001979_20260510_222507_485.png,140,80,0.769,0
orange_pos_001979_20260510_222507_485.png,0,100,0.643,0
orange_pos_001979_20260510_222507_485.png,20,100,0.918,0
orange_pos_001979_20260510_222507_485.png,40,100,7.419,0
orange_pos_001979_20260510_222507_485.png,60,100,4.198,0
orange_pos_001979_20260510_222507_485.png,80,100,0.614,0
orange_pos_001979_20260510_222507_485.png,100,100,0.629,0
orange_pos_001979_20260510_222507_485.png,120,100,0.964,0
orange_pos_001979_20260510_222507_485.png,140,100,1.788,0
orange_pos_001980_20260510_222509_275.png,0,0,36.544,0
orange_pos_001980_20260510_222509_275.png,20,0,0.614,0
orange_pos_001980_20260510_222509_275.png,40,0,18.496,0
orange_pos_001980_20260510_222509_275.png,60,0,32.175,0
orange_pos_001980_20260510_222509_275.png,80,0,12.842,0
orange_pos_001980_20260510_222509_275.png,100,0,7.637,0
orange_pos_001980_20260510_222509_275.png,120,0,6.043,0
orange_pos_001980_20260510_222509_275.png,140,0,7.673,0
orange_pos_001980_20260510_222509_275.png,0,20,23.793,0
orange_pos_001980_20260510_222509_275.png,20,20,2.001,0
orange_pos_001980_20260510_222509_275.png,40,20,19.753,0
orange_pos_001980_20260510_222509_275.png,60,20,24.917,0
orange_pos_001980_20260510_222509_275.png,80,20,3.248,0
orange_pos_001980_20260510_222509_275.png,100,20,0.614,0
orange_pos_001980_20260510_222509_275.png,120,20,2.028,0
orange_pos_001980_20260510_222509_275.png,140,20,15.730,0
orange_pos_001980_20260510_222509_275.png,0,40,1.431,0
orange_pos_001980_20260510_222509_275.png,20,40,0.623,0
orange_pos_001980_20260510_222509_275.png,40,40,23.728,0
orange_pos_001980_20260510_222509_275.png,60,40,18.409,0
orange_pos_001980_20260510_222509_275.png,80,40,0.723,0
orange_pos_001980_20260510_222509_275.png,100,40,0.614,0
orange_pos_001980_20260510_222509_275.png,120,40,0.667,0
orange_pos_001980_20260510_222509_275.png,140,40,15.664,0
orange_pos_001980_20260510_222509_275.png,0,60,1.189,0
orange_pos_001980_20260510_222509_275.png,20,60,0.720,0
orange_pos_001980_20260510_222509_275.png,40,60,24.282,0
orange_pos_001980_20260510_222509_275.png,60,60,17.734,0
orange_pos_001980_20260510_222509_275.png,80,60,1.804,0
orange_pos_001980_20260510_222509_275.png,100,60,0.922,0
orange_pos_001980_20260510_222509_275.png,120,60,2.646,0
orange_pos_001980_20260510_222509_275.png,140,60,15.033,0
orange_pos_001980_20260510_222509_275.png,0,80,1.526,0
orange_pos_001980_20260510_222509_275.png,20,80,0.701,0
orange_pos_001980_20260510_222509_275.png,40,80,25.216,0
orange_pos_001980_20260510_222509_275.png,60,80,14.535,0
orange_pos_001980_20260510_222509_275.png,80,80,1.249,0
orange_pos_001980_20260510_222509_275.png,100,80,3.144,0
orange_pos_001980_20260510_222509_275.png,120,80,7.681,0
orange_pos_001980_20260510_222509_275.png,140,80,14.867,0
orange_pos_001980_20260510_222509_275.png,0,100,0.821,0
orange_pos_001980_20260510_222509_275.png,20,100,2.113,0
orange_pos_001980_20260510_222509_275.png,40,100,17.843,0
orange_pos_001980_20260510_222509_275.png,60,100,9.963,0
orange_pos_001980_20260510_222509_275.png,80,100,2.968,0
orange_pos_001980_20260510_222509_275.png,100,100,2.930,0
orange_pos_001980_20260510_222509_275.png,120,100,4.561,0
orange_pos_001980_20260510_222509_275.png,140,100,7.716,0
orange_pos_001981_20260510_222509_673.png,0,0,25.300,0
orange_pos_001981_20260510_222509_673.png,20,0,1.159,0
orange_pos_001981_20260510_222509_673.png,40,0,12.043,0
orange_pos_001981_20260510_222509_673.png,60,0,18.146,0
orange_pos_001981_20260510_222509_673.png,80,0,8.237,0
orange_pos_001981_20260510_222509_673.png,100,0,4.160,0
orange_pos_001981_20260510_222509_673.png,120,0,4.985,0
orange_pos_001981_20260510_222509_673.png,140,0,7.158,0
orange_pos_001981_20260510_222509_673.png,0,20,12.349,0
orange_pos_001981_20260510_222509_673.png,20,20,0.614,0
orange_pos_001981_20260510_222509_673.png,40,20,9.429,0
orange_pos_001981_20260510_222509_673.png,60,20,10.871,0
orange_pos_001981_20260510_222509_673.png,80,20,0.826,0
orange_pos_001981_20260510_222509_673.png,100,20,0.614,0
orange_pos_001981_20260510_222509_673.png,120,20,0.614,0
orange_pos_001981_20260510_222509_673.png,140,20,4.642,0
orange_pos_001981_20260510_222509_673.png,0,40,0.778,0
orange_pos_001981_20260510_222509_673.png,20,40,0.801,0
orange_pos_001981_20260510_222509_673.png,40,40,14.916,0
orange_pos_001981_20260510_222509_673.png,60,40,12.908,0
orange_pos_001981_20260510_222509_673.png,80,40,0.614,0
orange_pos_001981_20260510_222509_673.png,100,40,0.614,0
orange_pos_001981_20260510_222509_673.png,120,40,0.614,0
orange_pos_001981_20260510_222509_673.png,140,40,7.174,0
orange_pos_001981_20260510_222509_673.png,0,60,0.853,0
orange_pos_001981_20260510_222509_673.png,20,60,0.614,0
orange_pos_001981_20260510_222509_673.png,40,60,9.725,0
orange_pos_001981_20260510_222509_673.png,60,60,5.690,0
orange_pos_001981_20260510_222509_673.png,80,60,0.614,0
orange_pos_001981_20260510_222509_673.png,100,60,0.614,0
orange_pos_001981_20260510_222509_673.png,120,60,0.733,0
orange_pos_001981_20260510_222509_673.png,140,60,3.860,0
orange_pos_001981_20260510_222509_673.png,0,80,0.734,0
orange_pos_001981_20260510_222509_673.png,20,80,0.614,0
orange_pos_001981_20260510_222509_673.png,40,80,9.240,0
orange_pos_001981_20260510_222509_673.png,60,80,6.722,0
orange_pos_001981_20260510_222509_673.png,80,80,0.614,0
orange_pos_001981_20260510_222509_673.png,100,80,0.646,0
orange_pos_001981_20260510_222509_673.png,120,80,1.567,0
orange_pos_001981_20260510_222509_673.png,140,80,3.727,0
orange_pos_001981_20260510_222509_673.png,0,100,0.641,0
orange_pos_001981_20260510_222509_673.png,20,100,1.252,0
orange_pos_001981_20260510_222509_673.png,40,100,7.737,0
orange_pos_001981_20260510_222509_673.png,60,100,4.806,0
orange_pos_001981_20260510_222509_673.png,80,100,0.773,0
orange_pos_001981_20260510_222509_673.png,100,100,0.760,0
orange_pos_001981_20260510_222509_673.png,120,100,2.155,0
orange_pos_001981_20260510_222509_673.png,140,100,3.357,0
orange_pos_001983_20260510_222511_612.png,0,0,10.928,0
orange_pos_001983_20260510_222511_612.png,20,0,0.614,0
orange_pos_001983_20260510_222511_612.png,40,0,3.932,0
orange_pos_001983_20260510_222511_612.png,60,0,6.873,0
orange_pos_001983_20260510_222511_612.png,80,0,2.348,0
orange_pos_001983_20260510_222511_612.png,100,0,1.004,0
orange_pos_001983_20260510_222511_612.png,120,0,0.615,0
orange_pos_001983_20260510_222511_612.png,140,0,0.786,0
orange_pos_001983_20260510_222511_612.png,0,20,10.817,0
orange_pos_001983_20260510_222511_612.png,20,20,0.895,0
orange_pos_001983_20260510_222511_612.png,40,20,5.461,0
orange_pos_001983_20260510_222511_612.png,60,20,7.994,0
orange_pos_001983_20260510_222511_612.png,80,20,0.744,0
orange_pos_001983_20260510_222511_612.png,100,20,0.614,0
orange_pos_001983_20260510_222511_612.png,120,20,0.614,0
orange_pos_001983_20260510_222511_612.png,140,20,1.707,0
orange_pos_001983_20260510_222511_612.png,0,40,0.688,0
orange_pos_001983_20260510_222511_612.png,20,40,0.614,0
orange_pos_001983_20260510_222511_612.png,40,40,6.555,0
orange_pos_001983_20260510_222511_612.png,60,40,5.044,0
orange_pos_001983_20260510_222511_612.png,80,40,0.614,0
orange_pos_001983_20260510_222511_612.png,100,40,0.614,0
orange_pos_001983_20260510_222511_612.png,120,40,0.614,0
orange_pos_001983_20260510_222511_612.png,140,40,1.900,0
orange_pos_001983_20260510_222511_612.png,0,60,0.761,0
orange_pos_001983_20260510_222511_612.png,20,60,0.614,0
orange_pos_001983_20260510_222511_612.png,40,60,5.073,0
orange_pos_001983_20260510_222511_612.png,60,60,4.048,0
orange_pos_001983_20260510_222511_612.png,80,60,0.614,0
orange_pos_001983_20260510_222511_612.png,100,60,0.614,0
orange_pos_001983_20260510_222511_612.png,120,60,0.614,0
orange_pos_001983_20260510_222511_612.png,140,60,1.236,0
orange_pos_001983_20260510_222511_612.png,0,80,0.755,0
orange_pos_001983_20260510_222511_612.png,20,80,0.681,0
orange_pos_001983_20260510_222511_612.png,40,80,7.150,0
orange_pos_001983_20260510_222511_612.png,60,80,3.434,0
orange_pos_001983_20260510_222511_612.png,80,80,0.614,0
orange_pos_001983_20260510_222511_612.png,100,80,0.649,0
orange_pos_001983_20260510_222511_612.png,120,80,1.705,0
orange_pos_001983_20260510_222511_612.png,140,80,1.579,0
orange_pos_001983_20260510_222511_612.png,0,100,0.614,0
orange_pos_001983_20260510_222511_612.png,20,100,0.996,0
orange_pos_001983_20260510_222511_612.png,40,100,4.655,0
orange_pos_001983_20260510_222511_612.png,60,100,2.118,0
orange_pos_001983_20260510_222511_612.png,80,100,0.718,0
orange_pos_001983_20260510_222511_612.png,100,100,0.763,0
orange_pos_001983_20260510_222511_612.png,120,100,1.933,0
orange_pos_001983_20260510_222511_612.png,140,100,1.258,0
orange_pos_001984_20260510_222516_515.png,0,0,9.876,0
orange_pos_001984_20260510_222516_515.png,20,0,0.614,0
orange_pos_001984_20260510_222516_515.png,40,0,1.267,0
orange_pos_001984_20260510_222516_515.png,60,0,1.403,0
orange_pos_001984_20260510_222516_515.png,80,0,0.719,0
orange_pos_001984_20260510_222516_515.png,100,0,0.614,0
orange_pos_001984_20260510_222516_515.png,120,0,0.614,0
orange_pos_001984_20260510_222516_515.png,140,0,0.614,0
orange_pos_001984_20260510_222516_515.png,0,20,9.580,0
orange_pos_001984_20260510_222516_515.png,20,20,0.614,0
orange_pos_001984_20260510_222516_515.png,40,20,2.478,0
orange_pos_001984_20260510_222516_515.png,60,20,2.776,0
orange_pos_001984_20260510_222516_515.png,80,20,0.614,0
orange_pos_001984_20260510_222516_515.png,100,20,0.614,0
orange_pos_001984_20260510_222516_515.png,120,20,0.614,0
orange_pos_001984_20260510_222516_515.png,140,20,0.899,0
orange_pos_001984_20260510_222516_515.png,0,40,0.617,0
orange_pos_001984_20260510_222516_515.png,20,40,0.614,0
orange_pos_001984_20260510_222516_515.png,40,40,2.952,0
orange_pos_001984_20260510_222516_515.png,60,40,2.135,0
orange_pos_001984_20260510_222516_515.png,80,40,0.614,0
orange_pos_001984_20260510_222516_515.png,100,40,0.614,0
orange_pos_001984_20260510_222516_515.png,120,40,0.614,0
orange_pos_001984_20260510_222516_515.png,140,40,0.889,0
orange_pos_001984_20260510_222516_515.png,0,60,0.693,0
orange_pos_001984_20260510_222516_515.png,20,60,0.614,0
orange_pos_001984_20260510_222516_515.png,40,60,6.171,0
orange_pos_001984_20260510_222516_515.png,60,60,2.839,0
orange_pos_001984_20260510_222516_515.png,80,60,0.614,0
orange_pos_001984_20260510_222516_515.png,100,60,0.614,0
orange_pos_001984_20260510_222516_515.png,120,60,0.614,0
orange_pos_001984_20260510_222516_515.png,140,60,1.106,0
orange_pos_001984_20260510_222516_515.png,0,80,0.644,0
orange_pos_001984_20260510_222516_515.png,20,80,0.614,0
orange_pos_001984_20260510_222516_515.png,40,80,3.335,0
orange_pos_001984_20260510_222516_515.png,60,80,2.065,0
orange_pos_001984_20260510_222516_515.png,80,80,0.614,0
orange_pos_001984_20260510_222516_515.png,100,80,0.614,0
orange_pos_001984_20260510_222516_515.png,120,80,0.630,0
orange_pos_001984_20260510_222516_515.png,140,80,0.758,0
orange_pos_001984_20260510_222516_515.png,0,100,0.614,0
orange_pos_001984_20260510_222516_515.png,20,100,0.615,0
orange_pos_001984_20260510_222516_515.png,40,100,2.741,0
orange_pos_001984_20260510_222516_515.png,60,100,1.034,0
orange_pos_001984_20260510_222516_515.png,80,100,0.614,0
orange_pos_001984_20260510_222516_515.png,100,100,0.614,0
orange_pos_001984_20260510_222516_515.png,120,100,0.688,0
orange_pos_001984_20260510_222516_515.png,140,100,0.631,0
orange_pos_001985_20260510_222518_679.png,0,0,67.996,1
orange_pos_001985_20260510_222518_679.png,20,0,11.624,0
orange_pos_001985_20260510_222518_679.png,40,0,40.530,0
orange_pos_001985_20260510_222518_679.png,60,0,68.996,1
orange_pos_001985_20260510_222518_679.png,80,0,42.762,0
orange_pos_001985_20260510_222518_679.png,100,0,31.709,0
orange_pos_001985_20260510_222518_679.png,120,0,37.302,0
orange_pos_001985_20260510_222518_679.png,140,0,47.070,0
orange_pos_001985_20260510_222518_679.png,0,20,36.417,0
orange_pos_001985_20260510_222518_679.png,20,20,4.808,0
orange_pos_001985_20260510_222518_679.png,40,20,32.667,0
orange_pos_001985_20260510_222518_679.png,60,20,39.814,0
orange_pos_001985_20260510_222518_679.png,80,20,7.982,0
orange_pos_001985_20260510_222518_679.png,100,20,0.619,0
orange_pos_001985_20260510_222518_679.png,120,20,4.439,0
orange_pos_001985_20260510_222518_679.png,140,20,31.035,0
orange_pos_001985_20260510_222518_679.png,0,40,4.271,0
orange_pos_001985_20260510_222518_679.png,20,40,11.968,0
orange_pos_001985_20260510_222518_679.png,40,40,52.467,0
orange_pos_001985_20260510_222518_679.png,60,40,50.894,0
orange_pos_001985_20260510_222518_679.png,80,40,3.984,0
orange_pos_001985_20260510_222518_679.png,100,40,0.614,0
orange_pos_001985_20260510_222518_679.png,120,40,3.520,0
orange_pos_001985_20260510_222518_679.png,140,40,49.569,0
orange_pos_001985_20260510_222518_679.png,0,60,2.907,0
orange_pos_001985_20260510_222518_679.png,20,60,6.227,0
orange_pos_001985_20260510_222518_679.png,40,60,50.598,0
orange_pos_001985_20260510_222518_679.png,60,60,39.346,0
orange_pos_001985_20260510_222518_679.png,80,60,8.895,0
orange_pos_001985_20260510_222518_679.png,100,60,2.946,0
orange_pos_001985_20260510_222518_679.png,120,60,15.005,0
orange_pos_001985_20260510_222518_679.png,140,60,41.113,0
orange_pos_001985_20260510_222518_679.png,0,80,3.937,0
orange_pos_001985_20260510_222518_679.png,20,80,3.680,0
orange_pos_001985_20260510_222518_679.png,40,80,56.448,0
orange_pos_001985_20260510_222518_679.png,60,80,39.262,0
orange_pos_001985_20260510_222518_679.png,80,80,9.673,0
orange_pos_001985_20260510_222518_679.png,100,80,19.498,0
orange_pos_001985_20260510_222518_679.png,120,80,29.092,0
orange_pos_001985_20260510_222518_679.png,140,80,42.453,0
orange_pos_001985_20260510_222518_679.png,0,100,1.641,0
orange_pos_001985_20260510_222518_679.png,20,100,7.200,0
orange_pos_001985_20260510_222518_679.png,40,100,48.015,0
orange_pos_001985_20260510_222518_679.png,60,100,33.193,0
orange_pos_001985_20260510_222518_679.png,80,100,18.321,0
orange_pos_001985_20260510_222518_679.png,100,100,23.486,0
orange_pos_001985_20260510_222518_679.png,120,100,29.471,0
orange_pos_001985_20260510_222518_679.png,140,100,35.326,0
orange_pos_001986_20260510_222522_638.png,0,0,49.502,0
orange_pos_001986_20260510_222522_638.png,20,0,7.483,0
orange_pos_001986_20260510_222522_638.png,40,0,31.107,0
orange_pos_001986_20260510_222522_638.png,60,0,50.219,0
orange_pos_001986_20260510_222522_638.png,80,0,28.824,0
orange_pos_001986_20260510_222522_638.png,100,0,16.689,0
orange_pos_001986_20260510_222522_638.png,120,0,20.588,0
orange_pos_001986_20260510_222522_638.png,140,0,28.157,0
orange_pos_001986_20260510_222522_638.png,0,20,31.658,0
orange_pos_001986_20260510_222522_638.png,20,20,7.093,0
orange_pos_001986_20260510_222522_638.png,40,20,31.515,0
orange_pos_001986_20260510_222522_638.png,60,20,36.012,0
orange_pos_001986_20260510_222522_638.png,80,20,4.032,0
orange_pos_001986_20260510_222522_638.png,100,20,0.614,0
orange_pos_001986_20260510_222522_638.png,120,20,1.372,0
orange_pos_001986_20260510_222522_638.png,140,20,24.870,0
orange_pos_001986_20260510_222522_638.png,0,40,1.827,0
orange_pos_001986_20260510_222522_638.png,20,40,1.902,0
orange_pos_001986_20260510_222522_638.png,40,40,29.828,0
orange_pos_001986_20260510_222522_638.png,60,40,23.148,0
orange_pos_001986_20260510_222522_638.png,80,40,0.706,0
orange_pos_001986_20260510_222522_638.png,100,40,0.614,0
orange_pos_001986_20260510_222522_638.png,120,40,0.619,0
orange_pos_001986_20260510_222522_638.png,140,40,17.965,0
orange_pos_001986_20260510_222522_638.png,0,60,1.698,0
orange_pos_001986_20260510_222522_638.png,20,60,2.452,0
orange_pos_001986_20260510_222522_638.png,40,60,36.903,0
orange_pos_001986_20260510_222522_638.png,60,60,23.497,0
orange_pos_001986_20260510_222522_638.png,80,60,1.398,0
orange_pos_001986_20260510_222522_638.png,100,60,0.623,0
orange_pos_001986_20260510_222522_638.png,120,60,3.214,0
orange_pos_001986_20260510_222522_638.png,140,60,19.528,0
orange_pos_001986_20260510_222522_638.png,0,80,3.432,0
orange_pos_001986_20260510_222522_638.png,20,80,2.591,0
orange_pos_001986_20260510_222522_638.png,40,80,44.214,0
orange_pos_001986_20260510_222522_638.png,60,80,28.239,0
orange_pos_001986_20260510_222522_638.png,80,80,5.935,0
orange_pos_001986_20260510_222522_638.png,100,80,10.010,0
orange_pos_001986_20260510_222522_638.png,120,80,18.850,0
orange_pos_001986_20260510_222522_638.png,140,80,30.965,0
orange_pos_001986_20260510_222522_638.png,0,100,1.375,0
orange_pos_001986_20260510_222522_638.png,20,100,5.855,0
orange_pos_001986_20260510_222522_638.png,40,100,40.478,0
orange_pos_001986_20260510_222522_638.png,60,100,25.499,0
orange_pos_001986_20260510_222522_638.png,80,100,13.328,0
orange_pos_001986_20260510_222522_638.png,100,100,16.402,0
orange_pos_001986_20260510_222522_638.png,120,100,21.075,0
orange_pos_001986_20260510_222522_638.png,140,100,25.786,0
orange_pos_001987_20260510_222524_915.png,0,0,35.470,0
orange_pos_001987_20260510_222524_915.png,20,0,1.636,0
orange_pos_001987_20260510_222524_915.png,40,0,21.124,0
orange_pos_001987_20260510_222524_915.png,60,0,36.568,0
orange_pos_001987_20260510_222524_915.png,80,0,18.770,0
orange_pos_001987_20260510_222524_915.png,100,0,11.470,0
orange_pos_001987_20260510_222524_915.png,120,0,10.566,0
orange_pos_001987_20260510_222524_915.png,140,0,14.564,0
orange_pos_001987_20260510_222524_915.png,0,20,20.347,0
orange_pos_001987_20260510_222524_915.png,20,20,0.614,0
orange_pos_001987_20260510_222524_915.png,40,20,20.325,0
orange_pos_001987_20260510_222524_915.png,60,20,23.676,0
orange_pos_001987_20260510_222524_915.png,80,20,1.913,0
orange_pos_001987_20260510_222524_915.png,100,20,0.614,0
orange_pos_001987_20260510_222524_915.png,120,20,0.686,0
orange_pos_001987_20260510_222524_915.png,140,20,10.791,0
orange_pos_001987_20260510_222524_915.png,0,40,1.342,0
orange_pos_001987_20260510_222524_915.png,20,40,3.929,0
orange_pos_001987_20260510_222524_915.png,40,40,28.871,0
orange_pos_001987_20260510_222524_915.png,60,40,22.527,0
orange_pos_001987_20260510_222524_915.png,80,40,0.691,0
orange_pos_001987_20260510_222524_915.png,100,40,0.614,0
orange_pos_001987_20260510_222524_915.png,120,40,0.614,0
orange_pos_001987_20260510_222524_915.png,140,40,14.619,0
orange_pos_001987_20260510_222524_915.png,0,60,1.297,0
orange_pos_001987_20260510_222524_915.png,20,60,0.748,0
orange_pos_001987_20260510_222524_915.png,40,60,26.442,0
orange_pos_001987_20260510_222524_915.png,60,60,17.203,0
orange_pos_001987_20260510_222524_915.png,80,60,1.228,0
orange_pos_001987_20260510_222524_915.png,100,60,0.614,0
orange_pos_001987_20260510_222524_915.png,120,60,1.377,0
orange_pos_001987_20260510_222524_915.png,140,60,13.197,0
orange_pos_001987_20260510_222524_915.png,0,80,2.138,0
orange_pos_001987_20260510_222524_915.png,20,80,1.721,0
orange_pos_001987_20260510_222524_915.png,40,80,34.763,0
orange_pos_001987_20260510_222524_915.png,60,80,22.340,0
orange_pos_001987_20260510_222524_915.png,80,80,2.494,0
orange_pos_001987_20260510_222524_915.png,100,80,8.392,0
orange_pos_001987_20260510_222524_915.png,120,80,13.302,0
orange_pos_001987_20260510_222524_915.png,140,80,24.032,0
orange_pos_001987_20260510_222524_915.png,0,100,1.326,0
orange_pos_001987_20260510_222524_915.png,20,100,4.131,0
orange_pos_001987_20260510_222524_915.png,40,100,36.446,0
orange_pos_001987_20260510_222524_915.png,60,100,21.778,0
orange_pos_001987_20260510_222524_915.png,80,100,6.414,0
orange_pos_001987_20260510_222524_915.png,100,100,9.578,0
orange_pos_001987_20260510_222524_915.png,120,100,15.576,0
orange_pos_001987_20260510_222524_915.png,140,100,20.614,0
orange_pos_001989_20260510_222525_325.png,0,0,18.223,0
orange_pos_001989_20260510_222525_325.png,20,0,0.696,0
orange_pos_001989_20260510_222525_325.png,40,0,9.201,0
orange_pos_001989_20260510_222525_325.png,60,0,13.927,0
orange_pos_001989_20260510_222525_325.png,80,0,5.624,0
orange_pos_001989_20260510_222525_325.png,100,0,3.038,0
orange_pos_001989_20260510_222525_325.png,120,0,2.092,0
orange_pos_001989_20260510_222525_325.png,140,0,3.472,0
orange_pos_001989_20260510_222525_325.png,0,20,17.204,0
orange_pos_001989_20260510_222525_325.png,20,20,0.614,0
orange_pos_001989_20260510_222525_325.png,40,20,6.199,0
orange_pos_001989_20260510_222525_325.png,60,20,6.236,0
orange_pos_001989_20260510_222525_325.png,80,20,0.795,0
orange_pos_001989_20260510_222525_325.png,100,20,0.614,0
orange_pos_001989_20260510_222525_325.png,120,20,0.614,0
orange_pos_001989_20260510_222525_325.png,140,20,1.941,0
orange_pos_001989_20260510_222525_325.png,0,40,0.642,0
orange_pos_001989_20260510_222525_325.png,20,40,0.614,0
orange_pos_001989_20260510_222525_325.png,40,40,6.546,0
orange_pos_001989_20260510_222525_325.png,60,40,4.742,0
orange_pos_001989_20260510_222525_325.png,80,40,0.614,0
orange_pos_001989_20260510_222525_325.png,100,40,0.614,0
orange_pos_001989_20260510_222525_325.png,120,40,0.614,0
orange_pos_001989_20260510_222525_325.png,140,40,1.527,0
orange_pos_001989_20260510_222525_325.png,0,60,0.822,0
orange_pos_001989_20260510_222525_325.png,20,60,0.614,0
orange_pos_001989_20260510_222525_325.png,40,60,9.447,0
orange_pos_001989_20260510_222525_325.png,60,60,5.882,0
orange_pos_001989_20260510_222525_325.png,80,60,0.614,0
orange_pos_001989_20260510_222525_325.png,100,60,0.614,0
orange_pos_001989_20260510_222525_325.png,120,60,0.618,0
orange_pos_001989_20260510_222525_325.png,140,60,1.436,0
orange_pos_001989_20260510_222525_325.png,0,80,0.996,0
orange_pos_001989_20260510_222525_325.png,20,80,0.711,0
orange_pos_001989_20260510_222525_325.png,40,80,15.921,0
orange_pos_001989_20260510_222525_325.png,60,80,9.200,0
orange_pos_001989_20260510_222525_325.png,80,80,0.614,0
orange_pos_001989_20260510_222525_325.png,100,80,0.817,0
orange_pos_001989_20260510_222525_325.png,120,80,2.160,0
orange_pos_001989_20260510_222525_325.png,140,80,5.885,0
orange_pos_001989_20260510_222525_325.png,0,100,0.624,0
orange_pos_001989_20260510_222525_325.png,20,100,1.120,0
orange_pos_001989_20260510_222525_325.png,40,100,6.307,0
orange_pos_001989_20260510_222525_325.png,60,100,3.463,0
orange_pos_001989_20260510_222525_325.png,80,100,0.696,0
orange_pos_001989_20260510_222525_325.png,100,100,1.041,0
orange_pos_001989_20260510_222525_325.png,120,100,1.392,0
orange_pos_001989_20260510_222525_325.png,140,100,1.597,0
orange_pos_001990_20260510_222527_213.png,0,0,38.946,0
orange_pos_001990_20260510_222527_213.png,20,0,1.352,0
orange_pos_001990_20260510_222527_213.png,40,0,27.270,0
orange_pos_001990_20260510_222527_213.png,60,0,42.867,0
orange_pos_001990_20260510_222527_213.png,80,0,18.897,0
orange_pos_001990_20260510_222527_213.png,100,0,9.953,0
orange_pos_001990_20260510_222527_213.png,120,0,13.608,0
orange_pos_001990_20260510_222527_213.png,140,0,21.793,0
orange_pos_001990_20260510_222527_213.png,0,20,33.035,0
orange_pos_001990_20260510_222527_213.png,20,20,3.075,0
orange_pos_001990_20260510_222527_213.png,40,20,29.794,0
orange_pos_001990_20260510_222527_213.png,60,20,32.812,0
orange_pos_001990_20260510_222527_213.png,80,20,3.143,0
orange_pos_001990_20260510_222527_213.png,100,20,0.614,0
orange_pos_001990_20260510_222527_213.png,120,20,1.208,0
orange_pos_001990_20260510_222527_213.png,140,20,22.157,0
orange_pos_001990_20260510_222527_213.png,0,40,1.786,0
orange_pos_001990_20260510_222527_213.png,20,40,3.202,0
orange_pos_001990_20260510_222527_213.png,40,40,32.143,0
orange_pos_001990_20260510_222527_213.png,60,40,26.887,0
orange_pos_001990_20260510_222527_213.png,80,40,0.691,0
orange_pos_001990_20260510_222527_213.png,100,40,0.614,0
orange_pos_001990_20260510_222527_213.png,120,40,0.693,0
orange_pos_001990_20260510_222527_213.png,140,40,20.898,0
orange_pos_001990_20260510_222527_213.png,0,60,1.818,0
orange_pos_001990_20260510_222527_213.png,20,60,1.753,0
orange_pos_001990_20260510_222527_213.png,40,60,37.045,0
orange_pos_001990_20260510_222527_213.png,60,60,26.121,0
orange_pos_001990_20260510_222527_213.png,80,60,2.226,0
orange_pos_001990_20260510_222527_213.png,100,60,1.019,0
orange_pos_001990_20260510_222527_213.png,120,60,4.679,0
orange_pos_001990_20260510_222527_213.png,140,60,21.829,0
orange_pos_001990_20260510_222527_213.png,0,80,2.552,0
orange_pos_001990_20260510_222527_213.png,20,80,1.451,0
orange_pos_001990_20260510_222527_213.png,40,80,38.338,0
orange_pos_001990_20260510_222527_213.png,60,80,23.800,0
orange_pos_001990_20260510_222527_213.png,80,80,2.075,0
orange_pos_001990_20260510_222527_213.png,100,80,5.541,0
orange_pos_001990_20260510_222527_213.png,120,80,15.056,0
orange_pos_001990_20260510_222527_213.png,140,80,22.846,0
orange_pos_001990_20260510_222527_213.png,0,100,1.061,0
orange_pos_001990_20260510_222527_213.png,20,100,5.091,0
orange_pos_001990_20260510_222527_213.png,40,100,37.074,0
orange_pos_001990_20260510_222527_213.png,60,100,24.048,0
orange_pos_001990_20260510_222527_213.png,80,100,9.999,0
orange_pos_001990_20260510_222527_213.png,100,100,12.720,0
orange_pos_001990_20260510_222527_213.png,120,100,17.744,0
orange_pos_001990_20260510_222527_213.png,140,100,23.819,0
orange_pos_001991_20260510_222529_204.png,0,0,51.709,0
orange_pos_001991_20260510_222529_204.png,20,0,10.574,0
orange_pos_001991_20260510_222529_204.png,40,0,34.690,0
orange_pos_001991_20260510_222529_204.png,60,0,56.182,0
orange_pos_001991_20260510_222529_204.png,80,0,30.887,0
orange_pos_001991_20260510_222529_204.png,100,0,17.637,0
orange_pos_001991_20260510_222529_204.png,120,0,19.874,0
orange_pos_001991_20260510_222529_204.png,140,0,33.959,0
orange_pos_001991_20260510_222529_204.png,0,20,41.940,0
orange_pos_001991_20260510_222529_204.png,20,20,8.708,0
orange_pos_001991_20260510_222529_204.png,40,20,35.235,0
orange_pos_001991_20260510_222529_204.png,60,20,40.435,0
orange_pos_001991_20260510_222529_204.png,80,20,6.041,0
orange_pos_001991_20260510_222529_204.png,100,20,0.649,0
orange_pos_001991_20260510_222529_204.png,120,20,1.816,0
orange_pos_001991_20260510_222529_204.png,140,20,30.513,0
orange_pos_001991_20260510_222529_204.png,0,40,2.790,0
orange_pos_001991_20260510_222529_204.png,20,40,9.834,0
orange_pos_001991_20260510_222529_204.png,40,40,46.583,0
orange_pos_001991_20260510_222529_204.png,60,40,41.875,0
orange_pos_001991_20260510_222529_204.png,80,40,1.152,0
orange_pos_001991_20260510_222529_204.png,100,40,0.614,0
orange_pos_001991_20260510_222529_204.png,120,40,1.088,0
orange_pos_001991_20260510_222529_204.png,140,40,36.373,0
orange_pos_001991_20260510_222529_204.png,0,60,2.917,0
orange_pos_001991_20260510_222529_204.png,20,60,11.286,0
orange_pos_001991_20260510_222529_204.png,40,60,51.598,0
orange_pos_001991_20260510_222529_204.png,60,60,38.528,0
orange_pos_001991_20260510_222529_204.png,80,60,7.593,0
orange_pos_001991_20260510_222529_204.png,100,60,2.513,0
orange_pos_001991_20260510_222529_204.png,120,60,9.337,0
orange_pos_001991_20260510_222529_204.png,140,60,38.519,0
orange_pos_001991_20260510_222529_204.png,0,80,4.199,0
orange_pos_001991_20260510_222529_204.png,20,80,5.915,0
orange_pos_001991_20260510_222529_204.png,40,80,49.609,0
orange_pos_001991_20260510_222529_204.png,60,80,33.786,0
orange_pos_001991_20260510_222529_204.png,80,80,6.873,0
orange_pos_001991_20260510_222529_204.png,100,80,12.133,0
orange_pos_001991_20260510_222529_204.png,120,80,21.015,0
orange_pos_001991_20260510_222529_204.png,140,80,38.750,0
orange_pos_001991_20260510_222529_204.png,0,100,1.929,0
orange_pos_001991_20260510_222529_204.png,20,100,8.046,0
orange_pos_001991_20260510_222529_204.png,40,100,53.692,0
orange_pos_001991_20260510_222529_204.png,60,100,36.559,0
orange_pos_001991_20260510_222529_204.png,80,100,19.454,0
orange_pos_001991_20260510_222529_204.png,100,100,22.925,0
orange_pos_001991_20260510_222529_204.png,120,100,31.399,0
orange_pos_001991_20260510_222529_204.png,140,100,40.907,0
orange_pos_001992_20260510_222529_734.png,0,0,51.475,0
orange_pos_001992_20260510_222529_734.png,20,0,5.771,0
orange_pos_001992_20260510_222529_734.png,40,0,29.731,0
orange_pos_001992_20260510_222529_734.png,60,0,50.858,0
orange_pos_001992_20260510_222529_734.png,80,0,27.579,0
orange_pos_001992_20260510_222529_734.png,100,0,17.619,0
orange_pos_001992_20260510_222529_734.png,120,0,21.466,0
orange_pos_001992_20260510_222529_734.png,140,0,28.884,0
orange_pos_001992_20260510_222529_734.png,0,20,38.811,0
orange_pos_001992_20260510_222529_734.png,20,20,2.232,0
orange_pos_001992_20260510_222529_734.png,40,20,31.081,0
orange_pos_001992_20260510_222529_734.png,60,20,36.548,0
orange_pos_001992_20260510_222529_734.png,80,20,5.975,0
orange_pos_001992_20260510_222529_734.png,100,20,0.628,0
orange_pos_001992_20260510_222529_734.png,120,20,3.131,0
orange_pos_001992_20260510_222529_734.png,140,20,27.493,0
orange_pos_001992_20260510_222529_734.png,0,40,2.016,0
orange_pos_001992_20260510_222529_734.png,20,40,0.614,0
orange_pos_001992_20260510_222529_734.png,40,40,34.971,0
orange_pos_001992_20260510_222529_734.png,60,40,29.909,0
orange_pos_001992_20260510_222529_734.png,80,40,0.614,0
orange_pos_001992_20260510_222529_734.png,100,40,0.614,0
orange_pos_001992_20260510_222529_734.png,120,40,0.909,0
orange_pos_001992_20260510_222529_734.png,140,40,26.438,0
orange_pos_001992_20260510_222529_734.png,0,60,1.894,0
orange_pos_001992_20260510_222529_734.png,20,60,0.781,0
orange_pos_001992_20260510_222529_734.png,40,60,40.039,0
orange_pos_001992_20260510_222529_734.png,60,60,29.574,0
orange_pos_001992_20260510_222529_734.png,80,60,2.269,0
orange_pos_001992_20260510_222529_734.png,100,60,0.774,0
orange_pos_001992_20260510_222529_734.png,120,60,4.402,0
orange_pos_001992_20260510_222529_734.png,140,60,28.040,0
orange_pos_001992_20260510_222529_734.png,0,80,1.820,0
orange_pos_001992_20260510_222529_734.png,20,80,1.047,0
orange_pos_001992_20260510_222529_734.png,40,80,37.779,0
orange_pos_001992_20260510_222529_734.png,60,80,23.372,0
orange_pos_001992_20260510_222529_734.png,80,80,1.860,0
orange_pos_001992_20260510_222529_734.png,100,80,6.897,0
orange_pos_001992_20260510_222529_734.png,120,80,14.079,0
orange_pos_001992_20260510_222529_734.png,140,80,23.727,0
orange_pos_001992_20260510_222529_734.png,0,100,1.277,0
orange_pos_001992_20260510_222529_734.png,20,100,4.692,0
orange_pos_001992_20260510_222529_734.png,40,100,35.449,0
orange_pos_001992_20260510_222529_734.png,60,100,24.386,0
orange_pos_001992_20260510_222529_734.png,80,100,8.750,0
orange_pos_001992_20260510_222529_734.png,100,100,12.000,0
orange_pos_001992_20260510_222529_734.png,120,100,16.680,0
orange_pos_001992_20260510_222529_734.png,140,100,24.204,0
orange_pos_001993_20260510_222531_599.png,0,0,56.473,0
orange_pos_001993_20260510_222531_599.png,20,0,11.328,0
orange_pos_001993_20260510_222531_599.png,40,0,37.347,0
orange_pos_001993_20260510_222531_599.png,60,0,61.072,0
orange_pos_001993_20260510_222531_599.png,80,0,35.807,0
orange_pos_001993_20260510_222531_599.png,100,0,23.020,0
orange_pos_001993_20260510_222531_599.png,120,0,26.189,0
orange_pos_001993_20260510_222531_599.png,140,0,39.192,0
orange_pos_001993_20260510_222531_599.png,0,20,41.892,0
orange_pos_001993_20260510_222531_599.png,20,20,13.303,0
orange_pos_001993_20260510_222531_599.png,40,20,38.312,0
orange_pos_001993_20260510_222531_599.png,60,20,48.064,0
orange_pos_001993_20260510_222531_599.png,80,20,8.509,0
orange_pos_001993_20260510_222531_599.png,100,20,0.759,0
orange_pos_001993_20260510_222531_599.png,120,20,3.849,0
orange_pos_001993_20260510_222531_599.png,140,20,37.412,0
orange_pos_001993_20260510_222531_599.png,0,40,1.895,0
orange_pos_001993_20260510_222531_599.png,20,40,3.715,0
orange_pos_001993_20260510_222531_599.png,40,40,36.208,0
orange_pos_001993_20260510_222531_599.png,60,40,30.278,0
orange_pos_001993_20260510_222531_599.png,80,40,0.875,0
orange_pos_001993_20260510_222531_599.png,100,40,0.614,0
orange_pos_001993_20260510_222531_599.png,120,40,0.669,0
orange_pos_001993_20260510_222531_599.png,140,40,25.825,0
orange_pos_001993_20260510_222531_599.png,0,60,1.865,0
orange_pos_001993_20260510_222531_599.png,20,60,5.175,0
orange_pos_001993_20260510_222531_599.png,40,60,40.451,0
orange_pos_001993_20260510_222531_599.png,60,60,29.302,0
orange_pos_001993_20260510_222531_599.png,80,60,4.890,0
orange_pos_001993_20260510_222531_599.png,100,60,0.734,0
orange_pos_001993_20260510_222531_599.png,120,60,6.215,0
orange_pos_001993_20260510_222531_599.png,140,60,28.003,0
orange_pos_001993_20260510_222531_599.png,0,80,4.713,0
orange_pos_001993_20260510_222531_599.png,20,80,4.605,0
orange_pos_001993_20260510_222531_599.png,40,80,47.037,0
orange_pos_001993_20260510_222531_599.png,60,80,32.401,0
orange_pos_001993_20260510_222531_599.png,80,80,7.932,0
orange_pos_001993_20260510_222531_599.png,100,80,12.068,0
orange_pos_001993_20260510_222531_599.png,120,80,21.147,0
orange_pos_001993_20260510_222531_599.png,140,80,36.669,0
orange_pos_001993_20260510_222531_599.png,0,100,1.730,0
orange_pos_001993_20260510_222531_599.png,20,100,5.924,0
orange_pos_001993_20260510_222531_599.png,40,100,47.507,0
orange_pos_001993_20260510_222531_599.png,60,100,32.890,0
orange_pos_001993_20260510_222531_599.png,80,100,15.897,0
orange_pos_001993_20260510_222531_599.png,100,100,18.822,0
orange_pos_001993_20260510_222531_599.png,120,100,25.292,0
orange_pos_001993_20260510_222531_599.png,140,100,38.667,0
orange_pos_001994_20260510_222532_048.png,0,0,56.473,0
orange_pos_001994_20260510_222532_048.png,20,0,11.328,0
orange_pos_001994_20260510_222532_048.png,40,0,37.347,0
orange_pos_001994_20260510_222532_048.png,60,0,61.072,0
orange_pos_001994_20260510_222532_048.png,80,0,35.807,0
orange_pos_001994_20260510_222532_048.png,100,0,23.020,0
orange_pos_001994_20260510_222532_048.png,120,0,26.189,0
orange_pos_001994_20260510_222532_048.png,140,0,39.192,0
orange_pos_001994_20260510_222532_048.png,0,20,41.892,0
orange_pos_001994_20260510_222532_048.png,20,20,13.303,0
orange_pos_001994_20260510_222532_048.png,40,20,38.312,0
orange_pos_001994_20260510_222532_048.png,60,20,48.064,0
orange_pos_001994_20260510_222532_048.png,80,20,8.509,0
orange_pos_001994_20260510_222532_048.png,100,20,0.759,0
orange_pos_001994_20260510_222532_048.png,120,20,3.849,0
orange_pos_001994_20260510_222532_048.png,140,20,37.412,0
orange_pos_001994_20260510_222532_048.png,0,40,1.895,0
orange_pos_001994_20260510_222532_048.png,20,40,3.715,0
orange_pos_001994_20260510_222532_048.png,40,40,36.208,0
orange_pos_001994_20260510_222532_048.png,60,40,30.278,0
orange_pos_001994_20260510_222532_048.png,80,40,0.875,0
orange_pos_001994_20260510_222532_048.png,100,40,0.614,0
orange_pos_001994_20260510_222532_048.png,120,40,0.669,0
orange_pos_001994_20260510_222532_048.png,140,40,25.825,0
orange_pos_001994_20260510_222532_048.png,0,60,1.865,0
orange_pos_001994_20260510_222532_048.png,20,60,5.175,0
orange_pos_001994_20260510_222532_048.png,40,60,40.451,0
orange_pos_001994_20260510_222532_048.png,60,60,29.302,0
orange_pos_001994_20260510_222532_048.png,80,60,4.890,0
orange_pos_001994_20260510_222532_048.png,100,60,0.734,0
orange_pos_001994_20260510_222532_048.png,120,60,6.215,0
orange_pos_001994_20260510_222532_048.png,140,60,28.003,0
orange_pos_001994_20260510_222532_048.png,0,80,4.713,0
orange_pos_001994_20260510_222532_048.png,20,80,4.605,0
orange_pos_001994_20260510_222532_048.png,40,80,47.037,0
orange_pos_001994_20260510_222532_048.png,60,80,32.401,0
orange_pos_001994_20260510_222532_048.png,80,80,7.932,0
orange_pos_001994_20260510_222532_048.png,100,80,12.068,0
orange_pos_001994_20260510_222532_048.png,120,80,21.147,0
orange_pos_001994_20260510_222532_048.png,140,80,36.669,0
orange_pos_001994_20260510_222532_048.png,0,100,1.730,0
orange_pos_001994_20260510_222532_048.png,20,100,5.924,0
orange_pos_001994_20260510_222532_048.png,40,100,47.507,0
orange_pos_001994_20260510_222532_048.png,60,100,32.890,0
orange_pos_001994_20260510_222532_048.png,80,100,15.897,0
orange_pos_001994_20260510_222532_048.png,100,100,18.822,0
orange_pos_001994_20260510_222532_048.png,120,100,25.292,0
orange_pos_001994_20260510_222532_048.png,140,100,38.667,0
orange_pos_001995_20260510_222536_069.png,0,0,27.999,0
orange_pos_001995_20260510_222536_069.png,20,0,1.359,0
orange_pos_001995_20260510_222536_069.png,40,0,15.699,0
orange_pos_001995_20260510_222536_069.png,60,0,24.761,0
orange_pos_001995_20260510_222536_069.png,80,0,12.579,0
orange_pos_001995_20260510_222536_069.png,100,0,4.623,0
orange_pos_001995_20260510_222536_069.png,120,0,7.387,0
orange_pos_001995_20260510_222536_069.png,140,0,12.722,0
orange_pos_001995_20260510_222536_069.png,0,20,20.800,0
orange_pos_001995_20260510_222536_069.png,20,20,0.956,0
orange_pos_001995_20260510_222536_069.png,40,20,14.819,0
orange_pos_001995_20260510_222536_069.png,60,20,17.338,0
orange_pos_001995_20260510_222536_069.png,80,20,1.975,0
orange_pos_001995_20260510_222536_069.png,100,20,0.614,0
orange_pos_001995_20260510_222536_069.png,120,20,0.953,0
orange_pos_001995_20260510_222536_069.png,140,20,10.624,0
orange_pos_001995_20260510_222536_069.png,0,40,0.746,0
orange_pos_001995_20260510_222536_069.png,20,40,0.614,0
orange_pos_001995_20260510_222536_069.png,40,40,7.328,0
orange_pos_001995_20260510_222536_069.png,60,40,6.078,0
orange_pos_001995_20260510_222536_069.png,80,40,0.614,0
orange_pos_001995_20260510_222536_069.png,100,40,0.614,0
orange_pos_001995_20260510_222536_069.png,120,40,0.614,0
orange_pos_001995_20260510_222536_069.png,140,40,2.849,0
orange_pos_001995_20260510_222536_069.png,0,60,1.143,0
orange_pos_001995_20260510_222536_069.png,20,60,0.614,0
orange_pos_001995_20260510_222536_069.png,40,60,20.209,0
orange_pos_001995_20260510_222536_069.png,60,60,14.049,0
orange_pos_001995_20260510_222536_069.png,80,60,0.837,0
orange_pos_001995_20260510_222536_069.png,100,60,0.614,0
orange_pos_001995_20260510_222536_069.png,120,60,0.905,0
orange_pos_001995_20260510_222536_069.png,140,60,10.524,0
orange_pos_001995_20260510_222536_069.png,0,80,1.289,0
orange_pos_001995_20260510_222536_069.png,20,80,0.634,0
orange_pos_001995_20260510_222536_069.png,40,80,21.068,0
orange_pos_001995_20260510_222536_069.png,60,80,13.001,0
orange_pos_001995_20260510_222536_069.png,80,80,0.830,0
orange_pos_001995_20260510_222536_069.png,100,80,3.135,0
orange_pos_001995_20260510_222536_069.png,120,80,4.227,0
orange_pos_001995_20260510_222536_069.png,140,80,9.844,0
orange_pos_001995_20260510_222536_069.png,0,100,1.099,0
orange_pos_001995_20260510_222536_069.png,20,100,3.642,0
orange_pos_001995_20260510_222536_069.png,40,100,29.799,0
orange_pos_001995_20260510_222536_069.png,60,100,20.005,0
orange_pos_001995_20260510_222536_069.png,80,100,7.022,0
orange_pos_001995_20260510_222536_069.png,100,100,9.663,0
orange_pos_001995_20260510_222536_069.png,120,100,12.597,0
orange_pos_001995_20260510_222536_069.png,140,100,17.142,0
orange_pos_001996_20260510_222536_422.png,0,0,15.219,0
orange_pos_001996_20260510_222536_422.png,20,0,0.614,0
orange_pos_001996_20260510_222536_422.png,40,0,6.851,0
orange_pos_001996_20260510_222536_422.png,60,0,10.301,0
orange_pos_001996_20260510_222536_422.png,80,0,5.925,0
orange_pos_001996_20260510_222536_422.png,100,0,3.085,0
orange_pos_001996_20260510_222536_422.png,120,0,3.258,0
orange_pos_001996_20260510_222536_422.png,140,0,3.324,0
orange_pos_001996_20260510_222536_422.png,0,20,12.005,0
orange_pos_001996_20260510_222536_422.png,20,20,0.614,0
orange_pos_001996_20260510_222536_422.png,40,20,10.872,0
orange_pos_001996_20260510_222536_422.png,60,20,11.866,0
orange_pos_001996_20260510_222536_422.png,80,20,1.231,0
orange_pos_001996_20260510_222536_422.png,100,20,0.614,0
orange_pos_001996_20260510_222536_422.png,120,20,0.614,0
orange_pos_001996_20260510_222536_422.png,140,20,4.551,0
orange_pos_001996_20260510_222536_422.png,0,40,0.660,0
orange_pos_001996_20260510_222536_422.png,20,40,0.614,0
orange_pos_001996_20260510_222536_422.png,40,40,8.844,0
orange_pos_001996_20260510_222536_422.png,60,40,6.237,0
orange_pos_001996_20260510_222536_422.png,80,40,0.614,0
orange_pos_001996_20260510_222536_422.png,100,40,0.614,0
orange_pos_001996_20260510_222536_422.png,120,40,0.614,0
orange_pos_001996_20260510_222536_422.png,140,40,3.122,0
orange_pos_001996_20260510_222536_422.png,0,60,0.904,0
orange_pos_001996_20260510_222536_422.png,20,60,0.614,0
orange_pos_001996_20260510_222536_422.png,40,60,11.341,0
orange_pos_001996_20260510_222536_422.png,60,60,8.041,0
orange_pos_001996_20260510_222536_422.png,80,60,0.675,0
orange_pos_001996_20260510_222536_422.png,100,60,0.614,0
orange_pos_001996_20260510_222536_422.png,120,60,0.695,0
orange_pos_001996_20260510_222536_422.png,140,60,3.714,0
orange_pos_001996_20260510_222536_422.png,0,80,0.797,0
orange_pos_001996_20260510_222536_422.png,20,80,0.614,0
orange_pos_001996_20260510_222536_422.png,40,80,11.618,0
orange_pos_001996_20260510_222536_422.png,60,80,6.158,0
orange_pos_001996_20260510_222536_422.png,80,80,0.614,0
orange_pos_001996_20260510_222536_422.png,100,80,0.925,0
orange_pos_001996_20260510_222536_422.png,120,80,2.512,0
orange_pos_001996_20260510_222536_422.png,140,80,4.149,0
orange_pos_001996_20260510_222536_422.png,0,100,0.681,0
orange_pos_001996_20260510_222536_422.png,20,100,1.140,0
orange_pos_001996_20260510_222536_422.png,40,100,11.541,0
orange_pos_001996_20260510_222536_422.png,60,100,6.596,0
orange_pos_001996_20260510_222536_422.png,80,100,1.700,0
orange_pos_001996_20260510_222536_422.png,100,100,2.303,0
orange_pos_001996_20260510_222536_422.png,120,100,2.641,0
orange_pos_001996_20260510_222536_422.png,140,100,4.058,0
orange_pos_001997_20260510_222538_328.png,0,0,60.097,0
orange_pos_001997_20260510_222538_328.png,20,0,13.307,0
orange_pos_001997_20260510_222538_328.png,40,0,40.116,0
orange_pos_001997_20260510_222538_328.png,60,0,65.109,1
orange_pos_001997_20260510_222538_328.png,80,0,40.267,0
orange_pos_001997_20260510_222538_328.png,100,0,26.115,0
orange_pos_001997_20260510_222538_328.png,120,0,29.657,0
orange_pos_001997_20260510_222538_328.png,140,0,43.035,0
orange_pos_001997_20260510_222538_328.png,0,20,41.831,0
orange_pos_001997_20260510_222538_328.png,20,20,14.475,0
orange_pos_001997_20260510_222538_328.png,40,20,43.162,0
orange_pos_001997_20260510_222538_328.png,60,20,54.007,0
orange_pos_001997_20260510_222538_328.png,80,20,10.078,0
orange_pos_001997_20260510_222538_328.png,100,20,0.687,0
orange_pos_001997_20260510_222538_328.png,120,20,3.827,0
orange_pos_001997_20260510_222538_328.png,140,20,43.659,0
orange_pos_001997_20260510_222538_328.png,0,40,3.017,0
orange_pos_001997_20260510_222538_328.png,20,40,13.056,0
orange_pos_001997_20260510_222538_328.png,40,40,48.279,0
orange_pos_001997_20260510_222538_328.png,60,40,43.102,0
orange_pos_001997_20260510_222538_328.png,80,40,1.289,0
orange_pos_001997_20260510_222538_328.png,100,40,0.614,0
orange_pos_001997_20260510_222538_328.png,120,40,1.137,0
orange_pos_001997_20260510_222538_328.png,140,40,40.373,0
orange_pos_001997_20260510_222538_328.png,0,60,3.241,0
orange_pos_001997_20260510_222538_328.png,20,60,8.143,0
orange_pos_001997_20260510_222538_328.png,40,60,52.180,0
orange_pos_001997_20260510_222538_328.png,60,60,41.073,0
orange_pos_001997_20260510_222538_328.png,80,60,7.250,0
orange_pos_001997_20260510_222538_328.png,100,60,2.829,0
orange_pos_001997_20260510_222538_328.png,120,60,9.920,0
orange_pos_001997_20260510_222538_328.png,140,60,40.926,0
orange_pos_001997_20260510_222538_328.png,0,80,4.549,0
orange_pos_001997_20260510_222538_328.png,20,80,6.038,0
orange_pos_001997_20260510_222538_328.png,40,80,52.280,0
orange_pos_001997_20260510_222538_328.png,60,80,36.089,0
orange_pos_001997_20260510_222538_328.png,80,80,9.093,0
orange_pos_001997_20260510_222538_328.png,100,80,14.963,0
orange_pos_001997_20260510_222538_328.png,120,80,27.120,0
orange_pos_001997_20260510_222538_328.png,140,80,39.460,0
orange_pos_001997_20260510_222538_328.png,0,100,1.963,0
orange_pos_001997_20260510_222538_328.png,20,100,7.426,0
orange_pos_001997_20260510_222538_328.png,40,100,50.976,0
orange_pos_001997_20260510_222538_328.png,60,100,34.173,0
orange_pos_001997_20260510_222538_328.png,80,100,19.619,0
orange_pos_001997_20260510_222538_328.png,100,100,24.024,0
orange_pos_001997_20260510_222538_328.png,120,100,29.427,0
orange_pos_001997_20260510_222538_328.png,140,100,41.046,0
orange_pos_001998_20260510_222538_652.png,0,0,32.254,0
orange_pos_001998_20260510_222538_652.png,20,0,5.018,0
orange_pos_001998_20260510_222538_652.png,40,0,18.563,0
orange_pos_001998_20260510_222538_652.png,60,0,32.765,0
orange_pos_001998_20260510_222538_652.png,80,0,16.433,0
orange_pos_001998_20260510_222538_652.png,100,0,10.216,0
orange_pos_001998_20260510_222538_652.png,120,0,10.865,0
orange_pos_001998_20260510_222538_652.png,140,0,13.804,0
orange_pos_001998_20260510_222538_652.png,0,20,17.521,0
orange_pos_001998_20260510_222538_652.png,20,20,0.778,0
orange_pos_001998_20260510_222538_652.png,40,20,11.924,0
orange_pos_001998_20260510_222538_652.png,60,20,12.469,0
orange_pos_001998_20260510_222538_652.png,80,20,0.998,0
orange_pos_001998_20260510_222538_652.png,100,20,0.614,0
orange_pos_001998_20260510_222538_652.png,120,20,0.614,0
orange_pos_001998_20260510_222538_652.png,140,20,5.445,0
orange_pos_001998_20260510_222538_652.png,0,40,1.200,0
orange_pos_001998_20260510_222538_652.png,20,40,2.037,0
orange_pos_001998_20260510_222538_652.png,40,40,22.338,0
orange_pos_001998_20260510_222538_652.png,60,40,17.542,0
orange_pos_001998_20260510_222538_652.png,80,40,0.622,0
orange_pos_001998_20260510_222538_652.png,100,40,0.614,0
orange_pos_001998_20260510_222538_652.png,120,40,0.614,0
orange_pos_001998_20260510_222538_652.png,140,40,10.685,0
orange_pos_001998_20260510_222538_652.png,0,60,1.281,0
orange_pos_001998_20260510_222538_652.png,20,60,1.643,0
orange_pos_001998_20260510_222538_652.png,40,60,24.112,0
orange_pos_001998_20260510_222538_652.png,60,60,17.502,0
orange_pos_001998_20260510_222538_652.png,80,60,1.010,0
orange_pos_001998_20260510_222538_652.png,100,60,0.647,0
orange_pos_001998_20260510_222538_652.png,120,60,1.866,0
orange_pos_001998_20260510_222538_652.png,140,60,11.446,0
orange_pos_001998_20260510_222538_652.png,0,80,1.288,0
orange_pos_001998_20260510_222538_652.png,20,80,0.662,0
orange_pos_001998_20260510_222538_652.png,40,80,19.995,0
orange_pos_001998_20260510_222538_652.png,60,80,11.933,0
orange_pos_001998_20260510_222538_652.png,80,80,0.735,0
orange_pos_001998_20260510_222538_652.png,100,80,3.109,0
orange_pos_001998_20260510_222538_652.png,120,80,4.573,0
orange_pos_001998_20260510_222538_652.png,140,80,10.654,0
orange_pos_001998_20260510_222538_652.png,0,100,0.746,0
orange_pos_001998_20260510_222538_652.png,20,100,2.422,0
orange_pos_001998_20260510_222538_652.png,40,100,20.330,0
orange_pos_001998_20260510_222538_652.png,60,100,11.638,0
orange_pos_001998_20260510_222538_652.png,80,100,2.783,0
orange_pos_001998_20260510_222538_652.png,100,100,3.548,0
orange_pos_001998_20260510_222538_652.png,120,100,7.671,0
orange_pos_001998_20260510_222538_652.png,140,100,10.490,0
orange_pos_001999_20260510_222540_787.png,0,0,60.638,0
orange_pos_001999_20260510_222540_787.png,20,0,9.347,0
orange_pos_001999_20260510_222540_787.png,40,0,35.900,0
orange_pos_001999_20260510_222540_787.png,60,0,61.276,0
orange_pos_001999_20260510_222540_787.png,80,0,37.516,0
orange_pos_001999_20260510_222540_787.png,100,0,28.239,0
orange_pos_001999_20260510_222540_787.png,120,0,30.723,0
orange_pos_001999_20260510_222540_787.png,140,0,38.576,0
orange_pos_001999_20260510_222540_787.png,0,20,41.868,0
orange_pos_001999_20260510_222540_787.png,20,20,3.371,0
orange_pos_001999_20260510_222540_787.png,40,20,32.813,0
orange_pos_001999_20260510_222540_787.png,60,20,44.073,0
orange_pos_001999_20260510_222540_787.png,80,20,8.386,0
orange_pos_001999_20260510_222540_787.png,100,20,0.894,0
orange_pos_001999_20260510_222540_787.png,120,20,4.623,0
orange_pos_001999_20260510_222540_787.png,140,20,33.164,0
orange_pos_001999_20260510_222540_787.png,0,40,2.600,0
orange_pos_001999_20260510_222540_787.png,20,40,3.113,0
orange_pos_001999_20260510_222540_787.png,40,40,42.490,0
orange_pos_001999_20260510_222540_787.png,60,40,39.086,0
orange_pos_001999_20260510_222540_787.png,80,40,1.236,0
orange_pos_001999_20260510_222540_787.png,100,40,0.614,0
orange_pos_001999_20260510_222540_787.png,120,40,2.087,0
orange_pos_001999_20260510_222540_787.png,140,40,37.567,0
orange_pos_001999_20260510_222540_787.png,0,60,1.673,0
orange_pos_001999_20260510_222540_787.png,20,60,1.112,0
orange_pos_001999_20260510_222540_787.png,40,60,35.708,0
orange_pos_001999_20260510_222540_787.png,60,60,26.057,0
orange_pos_001999_20260510_222540_787.png,80,60,3.980,0
orange_pos_001999_20260510_222540_787.png,100,60,1.502,0
orange_pos_001999_20260510_222540_787.png,120,60,5.837,0
orange_pos_001999_20260510_222540_787.png,140,60,24.950,0
orange_pos_001999_20260510_222540_787.png,0,80,3.206,0
orange_pos_001999_20260510_222540_787.png,20,80,2.337,0
orange_pos_001999_20260510_222540_787.png,40,80,46.921,0
orange_pos_001999_20260510_222540_787.png,60,80,33.962,0
orange_pos_001999_20260510_222540_787.png,80,80,7.893,0
orange_pos_001999_20260510_222540_787.png,100,80,12.983,0
orange_pos_001999_20260510_222540_787.png,120,80,22.600,0
orange_pos_001999_20260510_222540_787.png,140,80,36.021,0
orange_pos_001999_20260510_222540_787.png,0,100,1.523,0
orange_pos_001999_20260510_222540_787.png,20,100,6.353,0
orange_pos_001999_20260510_222540_787.png,40,100,47.747,0
orange_pos_001999_20260510_222540_787.png,60,100,34.515,0
orange_pos_001999_20260510_222540_787.png,80,100,17.195,0
orange_pos_001999_20260510_222540_787.png,100,100,23.970,0
orange_pos_001999_20260510_222540_787.png,120,100,30.089,0
orange_pos_001999_20260510_222540_787.png,140,100,39.499,0
orange_pos_002000_20260510_222543_185.png,0,0,14.875,0
orange_pos_002000_20260510_222543_185.png,20,0,0.614,0
orange_pos_002000_20260510_222543_185.png,40,0,4.547,0
orange_pos_002000_20260510_222543_185.png,60,0,6.004,0
orange_pos_002000_20260510_222543_185.png,80,0,1.920,0
orange_pos_002000_20260510_222543_185.png,100,0,1.193,0
orange_pos_002000_20260510_222543_185.png,120,0,0.698,0
orange_pos_002000_20260510_222543_185.png,140,0,0.743,0
orange_pos_002000_20260510_222543_185.png,0,20,15.418,0
orange_pos_002000_20260510_222543_185.png,20,20,0.614,0
orange_pos_002000_20260510_222543_185.png,40,20,3.404,0
orange_pos_002000_20260510_222543_185.png,60,20,4.442,0
orange_pos_002000_20260510_222543_185.png,80,20,0.877,0
orange_pos_002000_20260510_222543_185.png,100,20,0.614,0
orange_pos_002000_20260510_222543_185.png,120,20,0.614,0
orange_pos_002000_20260510_222543_185.png,140,20,0.964,0
orange_pos_002000_20260510_222543_185.png,0,40,0.724,0
orange_pos_002000_20260510_222543_185.png,20,40,0.614,0
orange_pos_002000_20260510_222543_185.png,40,40,6.090,0
orange_pos_002000_20260510_222543_185.png,60,40,6.113,0
orange_pos_002000_20260510_222543_185.png,80,40,0.614,0
orange_pos_002000_20260510_222543_185.png,100,40,0.614,0
orange_pos_002000_20260510_222543_185.png,120,40,0.614,0
orange_pos_002000_20260510_222543_185.png,140,40,2.874,0
orange_pos_002000_20260510_222543_185.png,0,60,0.842,0
orange_pos_002000_20260510_222543_185.png,20,60,0.614,0
orange_pos_002000_20260510_222543_185.png,40,60,4.718,0
orange_pos_002000_20260510_222543_185.png,60,60,2.705,0
orange_pos_002000_20260510_222543_185.png,80,60,0.614,0
orange_pos_002000_20260510_222543_185.png,100,60,0.614,0
orange_pos_002000_20260510_222543_185.png,120,60,0.616,0
orange_pos_002000_20260510_222543_185.png,140,60,0.638,0
orange_pos_002000_20260510_222543_185.png,0,80,0.843,0
orange_pos_002000_20260510_222543_185.png,20,80,0.628,0
orange_pos_002000_20260510_222543_185.png,40,80,6.993,0
orange_pos_002000_20260510_222543_185.png,60,80,4.488,0
orange_pos_002000_20260510_222543_185.png,80,80,0.616,0
orange_pos_002000_20260510_222543_185.png,100,80,0.617,0
orange_pos_002000_20260510_222543_185.png,120,80,1.327,0
orange_pos_002000_20260510_222543_185.png,140,80,2.606,0
orange_pos_002000_20260510_222543_185.png,0,100,0.639,0
orange_pos_002000_20260510_222543_185.png,20,100,1.386,0
orange_pos_002000_20260510_222543_185.png,40,100,8.211,0
orange_pos_002000_20260510_222543_185.png,60,100,5.152,0
orange_pos_002000_20260510_222543_185.png,80,100,0.646,0
orange_pos_002000_20260510_222543_185.png,100,100,0.814,0
orange_pos_002000_20260510_222543_185.png,120,100,1.683,0
orange_pos_002000_20260510_222543_185.png,140,100,2.320,0
orange_pos_002001_20260510_222544_832.png,0,0,24.628,0
orange_pos_002001_20260510_222544_832.png,20,0,5.046,0
orange_pos_002001_20260510_222544_832.png,40,0,17.733,0
orange_pos_002001_20260510_222544_832.png,60,0,28.903,0
orange_pos_002001_20260510_222544_832.png,80,0,12.223,0
orange_pos_002001_20260510_222544_832.png,100,0,5.088,0
orange_pos_002001_20260510_222544_832.png,120,0,5.165,0
orange_pos_002001_20260510_222544_832.png,140,0,10.332,0
orange_pos_002001_20260510_222544_832.png,0,20,21.921,0
orange_pos_002001_20260510_222544_832.png,20,20,1.204,0
orange_pos_002001_20260510_222544_832.png,40,20,12.455,0
orange_pos_002001_20260510_222544_832.png,60,20,14.241,0
orange_pos_002001_20260510_222544_832.png,80,20,1.118,0
orange_pos_002001_20260510_222544_832.png,100,20,0.614,0
orange_pos_002001_20260510_222544_832.png,120,20,0.626,0
orange_pos_002001_20260510_222544_832.png,140,20,5.985,0
orange_pos_002001_20260510_222544_832.png,0,40,1.060,0
orange_pos_002001_20260510_222544_832.png,20,40,1.741,0
orange_pos_002001_20260510_222544_832.png,40,40,19.735,0
orange_pos_002001_20260510_222544_832.png,60,40,12.254,0
orange_pos_002001_20260510_222544_832.png,80,40,0.614,0
orange_pos_002001_20260510_222544_832.png,100,40,0.614,0
orange_pos_002001_20260510_222544_832.png,120,40,0.614,0
orange_pos_002001_20260510_222544_832.png,140,40,6.290,0
orange_pos_002001_20260510_222544_832.png,0,60,1.113,0
orange_pos_002001_20260510_222544_832.png,20,60,0.614,0
orange_pos_002001_20260510_222544_832.png,40,60,17.309,0
orange_pos_002001_20260510_222544_832.png,60,60,10.838,0
orange_pos_002001_20260510_222544_832.png,80,60,0.853,0
orange_pos_002001_20260510_222544_832.png,100,60,0.614,0
orange_pos_002001_20260510_222544_832.png,120,60,0.676,0
orange_pos_002001_20260510_222544_832.png,140,60,6.052,0
orange_pos_002001_20260510_222544_832.png,0,80,1.321,0
orange_pos_002001_20260510_222544_832.png,20,80,0.777,0
orange_pos_002001_20260510_222544_832.png,40,80,23.438,0
orange_pos_002001_20260510_222544_832.png,60,80,14.257,0
orange_pos_002001_20260510_222544_832.png,80,80,0.670,0
orange_pos_002001_20260510_222544_832.png,100,80,1.200,0
orange_pos_002001_20260510_222544_832.png,120,80,5.644,0
orange_pos_002001_20260510_222544_832.png,140,80,11.345,0
orange_pos_002001_20260510_222544_832.png,0,100,0.976,0
orange_pos_002001_20260510_222544_832.png,20,100,2.759,0
orange_pos_002001_20260510_222544_832.png,40,100,17.757,0
orange_pos_002001_20260510_222544_832.png,60,100,8.909,0
orange_pos_002001_20260510_222544_832.png,80,100,2.904,0
orange_pos_002001_20260510_222544_832.png,100,100,4.710,0
orange_pos_002001_20260510_222544_832.png,120,100,7.213,0
orange_pos_002001_20260510_222544_832.png,140,100,10.983,0
orange_pos_002002_20260510_222547_463.png,0,0,67.991,1
orange_pos_002002_20260510_222547_463.png,20,0,10.024,0
orange_pos_002002_20260510_222547_463.png,40,0,36.898,0
orange_pos_002002_20260510_222547_463.png,60,0,63.037,0
orange_pos_002002_20260510_222547_463.png,80,0,41.346,0
orange_pos_002002_20260510_222547_463.png,100,0,32.127,0
orange_pos_002002_20260510_222547_463.png,120,0,35.180,0
orange_pos_002002_20260510_222547_463.png,140,0,42.568,0
orange_pos_002002_20260510_222547_463.png,0,20,42.269,0
orange_pos_002002_20260510_222547_463.png,20,20,3.580,0
orange_pos_002002_20260510_222547_463.png,40,20,33.474,0
orange_pos_002002_20260510_222547_463.png,60,20,39.353,0
orange_pos_002002_20260510_222547_463.png,80,20,6.904,0
orange_pos_002002_20260510_222547_463.png,100,20,1.043,0
orange_pos_002002_20260510_222547_463.png,120,20,4.802,0
orange_pos_002002_20260510_222547_463.png,140,20,31.192,0
orange_pos_002002_20260510_222547_463.png,0,40,2.828,0
orange_pos_002002_20260510_222547_463.png,20,40,4.510,0
orange_pos_002002_20260510_222547_463.png,40,40,40.877,0
orange_pos_002002_20260510_222547_463.png,60,40,37.121,0
orange_pos_002002_20260510_222547_463.png,80,40,1.758,0
orange_pos_002002_20260510_222547_463.png,100,40,0.614,0
orange_pos_002002_20260510_222547_463.png,120,40,2.637,0
orange_pos_002002_20260510_222547_463.png,140,40,36.441,0
orange_pos_002002_20260510_222547_463.png,0,60,2.781,0
orange_pos_002002_20260510_222547_463.png,20,60,3.365,0
orange_pos_002002_20260510_222547_463.png,40,60,51.700,0
orange_pos_002002_20260510_222547_463.png,60,60,41.551,0
orange_pos_002002_20260510_222547_463.png,80,60,8.759,0
orange_pos_002002_20260510_222547_463.png,100,60,3.758,0
orange_pos_002002_20260510_222547_463.png,120,60,14.773,0
orange_pos_002002_20260510_222547_463.png,140,60,41.862,0
orange_pos_002002_20260510_222547_463.png,0,80,4.135,0
orange_pos_002002_20260510_222547_463.png,20,80,1.717,0
orange_pos_002002_20260510_222547_463.png,40,80,52.332,0
orange_pos_002002_20260510_222547_463.png,60,80,37.089,0
orange_pos_002002_20260510_222547_463.png,80,80,8.609,0
orange_pos_002002_20260510_222547_463.png,100,80,15.778,0
orange_pos_002002_20260510_222547_463.png,120,80,26.108,0
orange_pos_002002_20260510_222547_463.png,140,80,39.978,0
orange_pos_002002_20260510_222547_463.png,0,100,1.474,0
orange_pos_002002_20260510_222547_463.png,20,100,5.984,0
orange_pos_002002_20260510_222547_463.png,40,100,42.190,0
orange_pos_002002_20260510_222547_463.png,60,100,30.016,0
orange_pos_002002_20260510_222547_463.png,80,100,14.319,0
orange_pos_002002_20260510_222547_463.png,100,100,15.834,0
orange_pos_002002_20260510_222547_463.png,120,100,25.046,0
orange_pos_002002_20260510_222547_463.png,140,100,30.347,0
orange_pos_002003_20260510_222549_695.png,0,0,71.182,1
orange_pos_002003_20260510_222549_695.png,20,0,9.945,0
orange_pos_002003_20260510_222549_695.png,40,0,40.679,0
orange_pos_002003_20260510_222549_695.png,60,0,65.798,1
orange_pos_002003_20260510_222549_695.png,80,0,44.562,0
orange_pos_002003_20260510_222549_695.png,100,0,37.174,0
orange_pos_002003_20260510_222549_695.png,120,0,38.061,0
orange_pos_002003_20260510_222549_695.png,140,0,45.035,0
orange_pos_002003_20260510_222549_695.png,0,20,45.068,0
orange_pos_002003_20260510_222549_695.png,20,20,8.613,0
orange_pos_002003_20260510_222549_695.png,40,20,39.893,0
orange_pos_002003_20260510_222549_695.png,60,20,49.813,0
orange_pos_002003_20260510_222549_695.png,80,20,13.152,0
orange_pos_002003_20260510_222549_695.png,100,20,1.467,0
orange_pos_002003_20260510_222549_695.png,120,20,8.063,0
orange_pos_002003_20260510_222549_695.png,140,20,41.007,0
orange_pos_002003_20260510_222549_695.png,0,40,3.549,0
orange_pos_002003_20260510_222549_695.png,20,40,7.999,0
orange_pos_002003_20260510_222549_695.png,40,40,48.557,0
orange_pos_002003_20260510_222549_695.png,60,40,45.470,0
orange_pos_002003_20260510_222549_695.png,80,40,2.679,0
orange_pos_002003_20260510_222549_695.png,100,40,0.614,0
orange_pos_002003_20260510_222549_695.png,120,40,3.470,0
orange_pos_002003_20260510_222549_695.png,140,40,45.070,0
orange_pos_002003_20260510_222549_695.png,0,60,2.907,0
orange_pos_002003_20260510_222549_695.png,20,60,5.005,0
orange_pos_002003_20260510_222549_695.png,40,60,50.559,0
orange_pos_002003_20260510_222549_695.png,60,60,41.815,0
orange_pos_002003_20260510_222549_695.png,80,60,9.177,0
orange_pos_002003_20260510_222549_695.png,100,60,5.424,0
orange_pos_002003_20260510_222549_695.png,120,60,14.478,0
orange_pos_002003_20260510_222549_695.png,140,60,40.867,0
orange_pos_002003_20260510_222549_695.png,0,80,5.079,0
orange_pos_002003_20260510_222549_695.png,20,80,4.771,0
orange_pos_002003_20260510_222549_695.png,40,80,53.697,0
orange_pos_002003_20260510_222549_695.png,60,80,37.387,0
orange_pos_002003_20260510_222549_695.png,80,80,10.974,0
orange_pos_002003_20260510_222549_695.png,100,80,19.274,0
orange_pos_002003_20260510_222549_695.png,120,80,28.303,0
orange_pos_002003_20260510_222549_695.png,140,80,42.822,0
orange_pos_002003_20260510_222549_695.png,0,100,1.807,0
orange_pos_002003_20260510_222549_695.png,20,100,6.828,0
orange_pos_002003_20260510_222549_695.png,40,100,48.582,0
orange_pos_002003_20260510_222549_695.png,60,100,35.269,0
orange_pos_002003_20260510_222549_695.png,80,100,20.925,0
orange_pos_002003_20260510_222549_695.png,100,100,23.688,0
orange_pos_002003_20260510_222549_695.png,120,100,28.945,0
orange_pos_002003_20260510_222549_695.png,140,100,37.263,0
orange_pos_002004_20260510_222551_900.png,0,0,24.534,0
orange_pos_002004_20260510_222551_900.png,20,0,3.243,0
orange_pos_002004_20260510_222551_900.png,40,0,13.704,0
orange_pos_002004_20260510_222551_900.png,60,0,23.208,0
orange_pos_002004_20260510_222551_900.png,80,0,10.411,0
orange_pos_002004_20260510_222551_900.png,100,0,6.800,0
orange_pos_002004_20260510_222551_900.png,120,0,6.001,0
orange_pos_002004_20260510_222551_900.png,140,0,10.043,0
orange_pos_002004_20260510_222551_900.png,0,20,22.292,0
orange_pos_002004_20260510_222551_900.png,20,20,1.226,0
orange_pos_002004_20260510_222551_900.png,40,20,16.165,0
orange_pos_002004_20260510_222551_900.png,60,20,19.868,0
orange_pos_002004_20260510_222551_900.png,80,20,1.969,0
orange_pos_002004_20260510_222551_900.png,100,20,0.614,0
orange_pos_002004_20260510_222551_900.png,120,20,1.188,0
orange_pos_002004_20260510_222551_900.png,140,20,11.512,0
orange_pos_002004_20260510_222551_900.png,0,40,1.118,0
orange_pos_002004_20260510_222551_900.png,20,40,0.627,0
orange_pos_002004_20260510_222551_900.png,40,40,17.704,0
orange_pos_002004_20260510_222551_900.png,60,40,12.438,0
orange_pos_002004_20260510_222551_900.png,80,40,0.614,0
orange_pos_002004_20260510_222551_900.png,100,40,0.614,0
orange_pos_002004_20260510_222551_900.png,120,40,0.614,0
orange_pos_002004_20260510_222551_900.png,140,40,8.524,0
orange_pos_002004_20260510_222551_900.png,0,60,1.289,0
orange_pos_002004_20260510_222551_900.png,20,60,0.626,0
orange_pos_002004_20260510_222551_900.png,40,60,19.265,0
orange_pos_002004_20260510_222551_900.png,60,60,13.645,0
orange_pos_002004_20260510_222551_900.png,80,60,0.653,0
orange_pos_002004_20260510_222551_900.png,100,60,0.614,0
orange_pos_002004_20260510_222551_900.png,120,60,0.695,0
orange_pos_002004_20260510_222551_900.png,140,60,7.580,0
orange_pos_002004_20260510_222551_900.png,0,80,0.962,0
orange_pos_002004_20260510_222551_900.png,20,80,0.653,0
orange_pos_002004_20260510_222551_900.png,40,80,14.428,0
orange_pos_002004_20260510_222551_900.png,60,80,8.496,0
orange_pos_002004_20260510_222551_900.png,80,80,0.903,0
orange_pos_002004_20260510_222551_900.png,100,80,1.900,0
orange_pos_002004_20260510_222551_900.png,120,80,3.344,0
orange_pos_002004_20260510_222551_900.png,140,80,6.700,0
orange_pos_002004_20260510_222551_900.png,0,100,0.888,0
orange_pos_002004_20260510_222551_900.png,20,100,2.091,0
orange_pos_002004_20260510_222551_900.png,40,100,20.234,0
orange_pos_002004_20260510_222551_900.png,60,100,11.913,0
orange_pos_002004_20260510_222551_900.png,80,100,2.373,0
orange_pos_002004_20260510_222551_900.png,100,100,4.651,0
orange_pos_002004_20260510_222551_900.png,120,100,6.188,0
orange_pos_002004_20260510_222551_900.png,140,100,12.099,0
orange_pos_002005_20260510_222553_864.png,0,0,20.518,0
orange_pos_002005_20260510_222553_864.png,20,0,0.792,0
orange_pos_002005_20260510_222553_864.png,40,0,7.712,0
orange_pos_002005_20260510_222553_864.png,60,0,12.090,0
orange_pos_002005_20260510_222553_864.png,80,0,6.157,0
orange_pos_002005_20260510_222553_864.png,100,0,4.344,0
orange_pos_002005_20260510_222553_864.png,120,0,4.188,0
orange_pos_002005_20260510_222553_864.png,140,0,2.726,0
orange_pos_002005_20260510_222553_864.png,0,20,15.559,0
orange_pos_002005_20260510_222553_864.png,20,20,0.617,0
orange_pos_002005_20260510_222553_864.png,40,20,6.000,0
orange_pos_002005_20260510_222553_864.png,60,20,8.338,0
orange_pos_002005_20260510_222553_864.png,80,20,1.290,0
orange_pos_002005_20260510_222553_864.png,100,20,0.614,0
orange_pos_002005_20260510_222553_864.png,120,20,0.654,0
orange_pos_002005_20260510_222553_864.png,140,20,4.408,0
orange_pos_002005_20260510_222553_864.png,0,40,0.834,0
orange_pos_002005_20260510_222553_864.png,20,40,0.614,0
orange_pos_002005_20260510_222553_864.png,40,40,8.693,0
orange_pos_002005_20260510_222553_864.png,60,40,6.220,0
orange_pos_002005_20260510_222553_864.png,80,40,0.614,0
orange_pos_002005_20260510_222553_864.png,100,40,0.614,0
orange_pos_002005_20260510_222553_864.png,120,40,0.614,0
orange_pos_002005_20260510_222553_864.png,140,40,3.410,0
orange_pos_002005_20260510_222553_864.png,0,60,0.794,0
orange_pos_002005_20260510_222553_864.png,20,60,0.614,0
orange_pos_002005_20260510_222553_864.png,40,60,12.571,0
orange_pos_002005_20260510_222553_864.png,60,60,7.904,0
orange_pos_002005_20260510_222553_864.png,80,60,0.641,0
orange_pos_002005_20260510_222553_864.png,100,60,0.614,0
orange_pos_002005_20260510_222553_864.png,120,60,1.019,0
orange_pos_002005_20260510_222553_864.png,140,60,4.338,0
orange_pos_002005_20260510_222553_864.png,0,80,0.759,0
orange_pos_002005_20260510_222553_864.png,20,80,0.614,0
orange_pos_002005_20260510_222553_864.png,40,80,9.401,0
orange_pos_002005_20260510_222553_864.png,60,80,5.501,0
orange_pos_002005_20260510_222553_864.png,80,80,0.614,0
orange_pos_002005_20260510_222553_864.png,100,80,0.870,0
orange_pos_002005_20260510_222553_864.png,120,80,1.294,0
orange_pos_002005_20260510_222553_864.png,140,80,4.431,0
orange_pos_002005_20260510_222553_864.png,0,100,0.659,0
orange_pos_002005_20260510_222553_864.png,20,100,1.706,0
orange_pos_002005_20260510_222553_864.png,40,100,9.333,0
orange_pos_002005_20260510_222553_864.png,60,100,5.178,0
orange_pos_002005_20260510_222553_864.png,80,100,1.583,0
orange_pos_002005_20260510_222553_864.png,100,100,1.905,0
orange_pos_002005_20260510_222553_864.png,120,100,2.824,0
orange_pos_002005_20260510_222553_864.png,140,100,4.314,0
orange_pos_002006_20260510_222554_172.png,0,0,0.674,0
orange_pos_002006_20260510_222554_172.png,20,0,0.614,0
orange_pos_002006_20260510_222554_172.png,40,0,0.614,0
orange_pos_002006_20260510_222554_172.png,60,0,0.614,0
orange_pos_002006_20260510_222554_172.png,80,0,0.614,0
orange_pos_002006_20260510_222554_172.png,100,0,0.614,0
orange_pos_002006_20260510_222554_172.png,120,0,0.614,0
orange_pos_002006_20260510_222554_172.png,140,0,0.614,0
orange_pos_002006_20260510_222554_172.png,0,20,0.616,0
orange_pos_002006_20260510_222554_172.png,20,20,0.614,0
orange_pos_002006_20260510_222554_172.png,40,20,0.622,0
orange_pos_002006_20260510_222554_172.png,60,20,0.614,0
orange_pos_002006_20260510_222554_172.png,80,20,0.614,0
orange_pos_002006_20260510_222554_172.png,100,20,0.614,0
orange_pos_002006_20260510_222554_172.png,120,20,0.614,0
orange_pos_002006_20260510_222554_172.png,140,20,0.614,0
orange_pos_002006_20260510_222554_172.png,0,40,0.614,0
orange_pos_002006_20260510_222554_172.png,20,40,0.614,0
orange_pos_002006_20260510_222554_172.png,40,40,0.652,0
orange_pos_002006_20260510_222554_172.png,60,40,0.614,0
orange_pos_002006_20260510_222554_172.png,80,40,0.614,0
orange_pos_002006_20260510_222554_172.png,100,40,0.614,0
orange_pos_002006_20260510_222554_172.png,120,40,0.614,0
orange_pos_002006_20260510_222554_172.png,140,40,0.614,0
orange_pos_002006_20260510_222554_172.png,0,60,0.624,0
orange_pos_002006_20260510_222554_172.png,20,60,0.614,0
orange_pos_002006_20260510_222554_172.png,40,60,0.614,0
orange_pos_002006_20260510_222554_172.png,60,60,0.614,0
orange_pos_002006_20260510_222554_172.png,80,60,0.614,0
orange_pos_002006_20260510_222554_172.png,100,60,0.614,0
orange_pos_002006_20260510_222554_172.png,120,60,0.614,0
orange_pos_002006_20260510_222554_172.png,140,60,0.614,0
orange_pos_002006_20260510_222554_172.png,0,80,0.614,0
orange_pos_002006_20260510_222554_172.png,20,80,0.614,0
orange_pos_002006_20260510_222554_172.png,40,80,0.614,0
orange_pos_002006_20260510_222554_172.png,60,80,0.614,0
orange_pos_002006_20260510_222554_172.png,80,80,0.614,0
orange_pos_002006_20260510_222554_172.png,100,80,0.614,0
orange_pos_002006_20260510_222554_172.png,120,80,0.614,0
orange_pos_002006_20260510_222554_172.png,140,80,0.614,0
orange_pos_002006_20260510_222554_172.png,0,100,0.614,0
orange_pos_002006_20260510_222554_172.png,20,100,0.614,0
orange_pos_002006_20260510_222554_172.png,40,100,0.614,0
orange_pos_002006_20260510_222554_172.png,60,100,0.614,0
orange_pos_002006_20260510_222554_172.png,80,100,0.614,0
orange_pos_002006_20260510_222554_172.png,100,100,0.614,0
orange_pos_002006_20260510_222554_172.png,120,100,0.614,0
orange_pos_002006_20260510_222554_172.png,140,100,0.614,0
orange_pos_002007_20260510_222556_132.png,0,0,59.742,0
orange_pos_002007_20260510_222556_132.png,20,0,4.444,0
orange_pos_002007_20260510_222556_132.png,40,0,34.945,0
orange_pos_002007_20260510_222556_132.png,60,0,57.885,0
orange_pos_002007_20260510_222556_132.png,80,0,36.456,0
orange_pos_002007_20260510_222556_132.png,100,0,26.016,0
orange_pos_002007_20260510_222556_132.png,120,0,28.404,0
orange_pos_002007_20260510_222556_132.png,140,0,35.779,0
orange_pos_002007_20260510_222556_132.png,0,20,36.685,0
orange_pos_002007_20260510_222556_132.png,20,20,1.692,0
orange_pos_002007_20260510_222556_132.png,40,20,28.485,0
orange_pos_002007_20260510_222556_132.png,60,20,35.662,0
orange_pos_002007_20260510_222556_132.png,80,20,7.610,0
orange_pos_002007_20260510_222556_132.png,100,20,0.912,0
orange_pos_002007_20260510_222556_132.png,120,20,4.338,0
orange_pos_002007_20260510_222556_132.png,140,20,27.414,0
orange_pos_002007_20260510_222556_132.png,0,40,3.346,0
orange_pos_002007_20260510_222556_132.png,20,40,2.013,0
orange_pos_002007_20260510_222556_132.png,40,40,41.089,0
orange_pos_002007_20260510_222556_132.png,60,40,37.639,0
orange_pos_002007_20260510_222556_132.png,80,40,1.064,0
orange_pos_002007_20260510_222556_132.png,100,40,0.614,0
orange_pos_002007_20260510_222556_132.png,120,40,1.917,0
orange_pos_002007_20260510_222556_132.png,140,40,36.909,0
orange_pos_002007_20260510_222556_132.png,0,60,2.277,0
orange_pos_002007_20260510_222556_132.png,20,60,2.121,0
orange_pos_002007_20260510_222556_132.png,40,60,50.113,0
orange_pos_002007_20260510_222556_132.png,60,60,40.345,0
orange_pos_002007_20260510_222556_132.png,80,60,7.992,0
orange_pos_002007_20260510_222556_132.png,100,60,2.566,0
orange_pos_002007_20260510_222556_132.png,120,60,13.436,0
orange_pos_002007_20260510_222556_132.png,140,60,39.943,0
orange_pos_002007_20260510_222556_132.png,0,80,2.263,0
orange_pos_002007_20260510_222556_132.png,20,80,1.193,0
orange_pos_002007_20260510_222556_132.png,40,80,37.802,0
orange_pos_002007_20260510_222556_132.png,60,80,25.396,0
orange_pos_002007_20260510_222556_132.png,80,80,3.942,0
orange_pos_002007_20260510_222556_132.png,100,80,7.447,0
orange_pos_002007_20260510_222556_132.png,120,80,14.091,0
orange_pos_002007_20260510_222556_132.png,140,80,20.847,0
orange_pos_002007_20260510_222556_132.png,0,100,1.522,0
orange_pos_002007_20260510_222556_132.png,20,100,6.425,0
orange_pos_002007_20260510_222556_132.png,40,100,43.162,0
orange_pos_002007_20260510_222556_132.png,60,100,29.134,0
orange_pos_002007_20260510_222556_132.png,80,100,14.050,0
orange_pos_002007_20260510_222556_132.png,100,100,18.019,0
orange_pos_002007_20260510_222556_132.png,120,100,24.309,0
orange_pos_002007_20260510_222556_132.png,140,100,30.700,0
orange_pos_002008_20260510_222556_504.png,0,0,13.049,0
orange_pos_002008_20260510_222556_504.png,20,0,0.614,0
orange_pos_002008_20260510_222556_504.png,40,0,2.385,0
orange_pos_002008_20260510_222556_504.png,60,0,5.372,0
orange_pos_002008_20260510_222556_504.png,80,0,1.965,0
orange_pos_002008_20260510_222556_504.png,100,0,0.720,0
orange_pos_002008_20260510_222556_504.png,120,0,1.469,0
orange_pos_002008_20260510_222556_504.png,140,0,2.171,0
orange_pos_002008_20260510_222556_504.png,0,20,11.258,0
orange_pos_002008_20260510_222556_504.png,20,20,0.614,0
orange_pos_002008_20260510_222556_504.png,40,20,4.912,0
orange_pos_002008_20260510_222556_504.png,60,20,5.585,0
orange_pos_002008_20260510_222556_504.png,80,20,0.851,0
orange_pos_002008_20260510_222556_504.png,100,20,0.614,0
orange_pos_002008_20260510_222556_504.png,120,20,0.614,0
orange_pos_002008_20260510_222556_504.png,140,20,1.740,0
orange_pos_002008_20260510_222556_504.png,0,40,0.697,0
orange_pos_002008_20260510_222556_504.png,20,40,0.614,0
orange_pos_002008_20260510_222556_504.png,40,40,4.309,0
orange_pos_002008_20260510_222556_504.png,60,40,3.497,0
orange_pos_002008_20260510_222556_504.png,80,40,0.614,0
orange_pos_002008_20260510_222556_504.png,100,40,0.614,0
orange_pos_002008_20260510_222556_504.png,120,40,0.614,0
orange_pos_002008_20260510_222556_504.png,140,40,2.597,0
orange_pos_002008_20260510_222556_504.png,0,60,0.754,0
orange_pos_002008_20260510_222556_504.png,20,60,0.614,0
orange_pos_002008_20260510_222556_504.png,40,60,3.702,0
orange_pos_002008_20260510_222556_504.png,60,60,1.765,0
orange_pos_002008_20260510_222556_504.png,80,60,0.614,0
orange_pos_002008_20260510_222556_504.png,100,60,0.614,0
orange_pos_002008_20260510_222556_504.png,120,60,0.614,0
orange_pos_002008_20260510_222556_504.png,140,60,0.780,0
orange_pos_002008_20260510_222556_504.png,0,80,0.671,0
orange_pos_002008_20260510_222556_504.png,20,80,0.614,0
orange_pos_002008_20260510_222556_504.png,40,80,4.108,0
orange_pos_002008_20260510_222556_504.png,60,80,2.485,0
orange_pos_002008_20260510_222556_504.png,80,80,0.614,0
orange_pos_002008_20260510_222556_504.png,100,80,0.614,0
orange_pos_002008_20260510_222556_504.png,120,80,0.747,0
orange_pos_002008_20260510_222556_504.png,140,80,1.198,0
orange_pos_002008_20260510_222556_504.png,0,100,0.627,0
orange_pos_002008_20260510_222556_504.png,20,100,0.641,0
orange_pos_002008_20260510_222556_504.png,40,100,3.746,0
orange_pos_002008_20260510_222556_504.png,60,100,2.078,0
orange_pos_002008_20260510_222556_504.png,80,100,0.614,0
orange_pos_002008_20260510_222556_504.png,100,100,0.614,0
orange_pos_002008_20260510_222556_504.png,120,100,0.652,0
orange_pos_002008_20260510_222556_504.png,140,100,0.614,0
orange_pos_002009_20260510_222558_297.png,0,0,4.654,0
orange_pos_002009_20260510_222558_297.png,20,0,0.614,0
orange_pos_002009_20260510_222558_297.png,40,0,2.043,0
orange_pos_002009_20260510_222558_297.png,60,0,2.514,0
orange_pos_002009_20260510_222558_297.png,80,0,0.614,0
orange_pos_002009_20260510_222558_297.png,100,0,0.614,0
orange_pos_002009_20260510_222558_297.png,120,0,0.614,0
orange_pos_002009_20260510_222558_297.png,140,0,0.614,0
orange_pos_002009_20260510_222558_297.png,0,20,4.094,0
orange_pos_002009_20260510_222558_297.png,20,20,0.614,0
orange_pos_002009_20260510_222558_297.png,40,20,3.530,0
orange_pos_002009_20260510_222558_297.png,60,20,3.317,0
orange_pos_002009_20260510_222558_297.png,80,20,0.615,0
orange_pos_002009_20260510_222558_297.png,100,20,0.614,0
orange_pos_002009_20260510_222558_297.png,120,20,0.614,0
orange_pos_002009_20260510_222558_297.png,140,20,0.715,0
orange_pos_002009_20260510_222558_297.png,0,40,0.652,0
orange_pos_002009_20260510_222558_297.png,20,40,0.978,0
orange_pos_002009_20260510_222558_297.png,40,40,4.804,0
orange_pos_002009_20260510_222558_297.png,60,40,2.990,0
orange_pos_002009_20260510_222558_297.png,80,40,0.614,0
orange_pos_002009_20260510_222558_297.png,100,40,0.614,0
orange_pos_002009_20260510_222558_297.png,120,40,0.614,0
orange_pos_002009_20260510_222558_297.png,140,40,1.117,0
orange_pos_002009_20260510_222558_297.png,0,60,0.762,0
orange_pos_002009_20260510_222558_297.png,20,60,0.614,0
orange_pos_002009_20260510_222558_297.png,40,60,8.581,0
orange_pos_002009_20260510_222558_297.png,60,60,3.532,0
orange_pos_002009_20260510_222558_297.png,80,60,0.614,0
orange_pos_002009_20260510_222558_297.png,100,60,0.614,0
orange_pos_002009_20260510_222558_297.png,120,60,0.614,0
orange_pos_002009_20260510_222558_297.png,140,60,0.696,0
orange_pos_002009_20260510_222558_297.png,0,80,0.620,0
orange_pos_002009_20260510_222558_297.png,20,80,0.614,0
orange_pos_002009_20260510_222558_297.png,40,80,3.785,0
orange_pos_002009_20260510_222558_297.png,60,80,2.197,0
orange_pos_002009_20260510_222558_297.png,80,80,0.614,0
orange_pos_002009_20260510_222558_297.png,100,80,0.614,0
orange_pos_002009_20260510_222558_297.png,120,80,0.665,0
orange_pos_002009_20260510_222558_297.png,140,80,0.731,0
orange_pos_002009_20260510_222558_297.png,0,100,0.614,0
orange_pos_002009_20260510_222558_297.png,20,100,0.980,0
orange_pos_002009_20260510_222558_297.png,40,100,6.913,0
orange_pos_002009_20260510_222558_297.png,60,100,4.180,0
orange_pos_002009_20260510_222558_297.png,80,100,0.614,0
orange_pos_002009_20260510_222558_297.png,100,100,0.654,0
orange_pos_002009_20260510_222558_297.png,120,100,0.718,0
orange_pos_002009_20260510_222558_297.png,140,100,1.592,0
orange_pos_002010_20260510_222600_518.png,0,0,24.259,0
orange_pos_002010_20260510_222600_518.png,20,0,0.614,0
orange_pos_002010_20260510_222600_518.png,40,0,8.242,0
orange_pos_002010_20260510_222600_518.png,60,0,15.776,0
orange_pos_002010_20260510_222600_518.png,80,0,6.080,0
orange_pos_002010_20260510_222600_518.png,100,0,2.376,0
orange_pos_002010_20260510_222600_518.png,120,0,2.158,0
orange_pos_002010_20260510_222600_518.png,140,0,2.885,0
orange_pos_002010_20260510_222600_518.png,0,20,21.380,0
orange_pos_002010_20260510_222600_518.png,20,20,1.617,0
orange_pos_002010_20260510_222600_518.png,40,20,18.812,0
orange_pos_002010_20260510_222600_518.png,60,20,22.384,0
orange_pos_002010_20260510_222600_518.png,80,20,2.159,0
orange_pos_002010_20260510_222600_518.png,100,20,0.614,0
orange_pos_002010_20260510_222600_518.png,120,20,0.983,0
orange_pos_002010_20260510_222600_518.png,140,20,14.079,0
orange_pos_002010_20260510_222600_518.png,0,40,0.970,0
orange_pos_002010_20260510_222600_518.png,20,40,0.614,0
orange_pos_002010_20260510_222600_518.png,40,40,13.448,0
orange_pos_002010_20260510_222600_518.png,60,40,11.027,0
orange_pos_002010_20260510_222600_518.png,80,40,0.614,0
orange_pos_002010_20260510_222600_518.png,100,40,0.614,0
orange_pos_002010_20260510_222600_518.png,120,40,0.614,0
orange_pos_002010_20260510_222600_518.png,140,40,5.643,0
orange_pos_002010_20260510_222600_518.png,0,60,1.262,0
orange_pos_002010_20260510_222600_518.png,20,60,0.614,0
orange_pos_002010_20260510_222600_518.png,40,60,17.569,0
orange_pos_002010_20260510_222600_518.png,60,60,12.115,0
orange_pos_002010_20260510_222600_518.png,80,60,0.889,0
orange_pos_002010_20260510_222600_518.png,100,60,0.614,0
orange_pos_002010_20260510_222600_518.png,120,60,1.314,0
orange_pos_002010_20260510_222600_518.png,140,60,9.557,0
orange_pos_002010_20260510_222600_518.png,0,80,1.039,0
orange_pos_002010_20260510_222600_518.png,20,80,0.614,0
orange_pos_002010_20260510_222600_518.png,40,80,16.165,0
orange_pos_002010_20260510_222600_518.png,60,80,10.214,0
orange_pos_002010_20260510_222600_518.png,80,80,0.614,0
orange_pos_002010_20260510_222600_518.png,100,80,1.049,0
orange_pos_002010_20260510_222600_518.png,120,80,1.480,0
orange_pos_002010_20260510_222600_518.png,140,80,3.677,0
orange_pos_002010_20260510_222600_518.png,0,100,0.815,0
orange_pos_002010_20260510_222600_518.png,20,100,2.918,0
orange_pos_002010_20260510_222600_518.png,40,100,20.549,0
orange_pos_002010_20260510_222600_518.png,60,100,12.699,0
orange_pos_002010_20260510_222600_518.png,80,100,5.912,0
orange_pos_002010_20260510_222600_518.png,100,100,6.019,0
orange_pos_002010_20260510_222600_518.png,120,100,8.660,0
orange_pos_002010_20260510_222600_518.png,140,100,12.184,0
orange_pos_002011_20260510_222602_882.png,0,0,71.561,1
orange_pos_002011_20260510_222602_882.png,20,0,12.670,0
orange_pos_002011_20260510_222602_882.png,40,0,41.923,0
orange_pos_002011_20260510_222602_882.png,60,0,72.137,1
orange_pos_002011_20260510_222602_882.png,80,0,47.942,0
orange_pos_002011_20260510_222602_882.png,100,0,36.185,0
orange_pos_002011_20260510_222602_882.png,120,0,41.663,0
orange_pos_002011_20260510_222602_882.png,140,0,49.477,0
orange_pos_002011_20260510_222602_882.png,0,20,43.838,0
orange_pos_002011_20260510_222602_882.png,20,20,9.593,0
orange_pos_002011_20260510_222602_882.png,40,20,39.938,0
orange_pos_002011_20260510_222602_882.png,60,20,49.901,0
orange_pos_002011_20260510_222602_882.png,80,20,13.411,0
orange_pos_002011_20260510_222602_882.png,100,20,1.014,0
orange_pos_002011_20260510_222602_882.png,120,20,7.158,0
orange_pos_002011_20260510_222602_882.png,140,20,40.293,0
orange_pos_002011_20260510_222602_882.png,0,40,4.830,0
orange_pos_002011_20260510_222602_882.png,20,40,5.550,0
orange_pos_002011_20260510_222602_882.png,40,40,50.194,0
orange_pos_002011_20260510_222602_882.png,60,40,50.196,0
orange_pos_002011_20260510_222602_882.png,80,40,3.069,0
orange_pos_002011_20260510_222602_882.png,100,40,0.614,0
orange_pos_002011_20260510_222602_882.png,120,40,3.208,0
orange_pos_002011_20260510_222602_882.png,140,40,47.534,0
orange_pos_002011_20260510_222602_882.png,0,60,2.893,0
orange_pos_002011_20260510_222602_882.png,20,60,4.681,0
orange_pos_002011_20260510_222602_882.png,40,60,52.682,0
orange_pos_002011_20260510_222602_882.png,60,60,45.503,0
orange_pos_002011_20260510_222602_882.png,80,60,9.810,0
orange_pos_002011_20260510_222602_882.png,100,60,3.773,0
orange_pos_002011_20260510_222602_882.png,120,60,15.174,0
orange_pos_002011_20260510_222602_882.png,140,60,43.323,0
orange_pos_002011_20260510_222602_882.png,0,80,6.213,0
orange_pos_002011_20260510_222602_882.png,20,80,6.390,0
orange_pos_002011_20260510_222602_882.png,40,80,57.011,0
orange_pos_002011_20260510_222602_882.png,60,80,41.246,0
orange_pos_002011_20260510_222602_882.png,80,80,12.992,0
orange_pos_002011_20260510_222602_882.png,100,80,21.959,0
orange_pos_002011_20260510_222602_882.png,120,80,31.268,0
orange_pos_002011_20260510_222602_882.png,140,80,48.292,0
orange_pos_002011_20260510_222602_882.png,0,100,1.754,0
orange_pos_002011_20260510_222602_882.png,20,100,7.531,0
orange_pos_002011_20260510_222602_882.png,40,100,52.866,0
orange_pos_002011_20260510_222602_882.png,60,100,38.102,0
orange_pos_002011_20260510_222602_882.png,80,100,20.828,0
orange_pos_002011_20260510_222602_882.png,100,100,25.248,0
orange_pos_002011_20260510_222602_882.png,120,100,33.029,0
orange_pos_002011_20260510_222602_882.png,140,100,41.940,0
orange_pos_002012_20260510_222609_254.png,0,0,54.117,0
orange_pos_002012_20260510_222609_254.png,20,0,11.175,0
orange_pos_002012_20260510_222609_254.png,40,0,36.292,0
orange_pos_002012_20260510_222609_254.png,60,0,57.943,0
orange_pos_002012_20260510_222609_254.png,80,0,33.596,0
orange_pos_002012_20260510_222609_254.png,100,0,24.653,0
orange_pos_002012_20260510_222609_254.png,120,0,26.250,0
orange_pos_002012_20260510_222609_254.png,140,0,32.482,0
orange_pos_002012_20260510_222609_254.png,0,20,25.398,0
orange_pos_002012_20260510_222609_254.png,20,20,5.224,0
orange_pos_002012_20260510_222609_254.png,40,20,23.037,0
orange_pos_002012_20260510_222609_254.png,60,20,24.980,0
orange_pos_002012_20260510_222609_254.png,80,20,1.931,0
orange_pos_002012_20260510_222609_254.png,100,20,0.614,0
orange_pos_002012_20260510_222609_254.png,120,20,0.619,0
orange_pos_002012_20260510_222609_254.png,140,20,14.607,0
orange_pos_002012_20260510_222609_254.png,0,40,2.421,0
orange_pos_002012_20260510_222609_254.png,20,40,8.909,0
orange_pos_002012_20260510_222609_254.png,40,40,47.810,0
orange_pos_002012_20260510_222609_254.png,60,40,40.020,0
orange_pos_002012_20260510_222609_254.png,80,40,0.906,0
orange_pos_002012_20260510_222609_254.png,100,40,0.614,0
orange_pos_002012_20260510_222609_254.png,120,40,0.680,0
orange_pos_002012_20260510_222609_254.png,140,40,37.665,0
orange_pos_002012_20260510_222609_254.png,0,60,0.993,0
orange_pos_002012_20260510_222609_254.png,20,60,0.614,0
orange_pos_002012_20260510_222609_254.png,40,60,15.492,0
orange_pos_002012_20260510_222609_254.png,60,60,8.265,0
orange_pos_002012_20260510_222609_254.png,80,60,0.614,0
orange_pos_002012_20260510_222609_254.png,100,60,0.614,0
orange_pos_002012_20260510_222609_254.png,120,60,0.698,0
orange_pos_002012_20260510_222609_254.png,140,60,3.131,0
orange_pos_002012_20260510_222609_254.png,0,80,5.776,0
orange_pos_002012_20260510_222609_254.png,20,80,7.434,0
orange_pos_002012_20260510_222609_254.png,40,80,54.284,0
orange_pos_002012_20260510_222609_254.png,60,80,38.541,0
orange_pos_002012_20260510_222609_254.png,80,80,10.330,0
orange_pos_002012_20260510_222609_254.png,100,80,15.400,0
orange_pos_002012_20260510_222609_254.png,120,80,26.338,0
orange_pos_002012_20260510_222609_254.png,140,80,41.943,0
orange_pos_002012_20260510_222609_254.png,0,100,1.644,0
orange_pos_002012_20260510_222609_254.png,20,100,5.779,0
orange_pos_002012_20260510_222609_254.png,40,100,41.655,0
orange_pos_002012_20260510_222609_254.png,60,100,28.395,0
orange_pos_002012_20260510_222609_254.png,80,100,13.743,0
orange_pos_002012_20260510_222609_254.png,100,100,17.685,0
orange_pos_002012_20260510_222609_254.png,120,100,21.405,0
orange_pos_002012_20260510_222609_254.png,140,100,31.776,0
orange_pos_002013_20260510_222609_608.png,0,0,55.053,0
orange_pos_002013_20260510_222609_608.png,20,0,12.747,0
orange_pos_002013_20260510_222609_608.png,40,0,36.768,0
orange_pos_002013_20260510_222609_608.png,60,0,65.932,1
orange_pos_002013_20260510_222609_608.png,80,0,36.592,0
orange_pos_002013_20260510_222609_608.png,100,0,22.594,0
orange_pos_002013_20260510_222609_608.png,120,0,26.310,0
orange_pos_002013_20260510_222609_608.png,140,0,39.977,0
orange_pos_002013_20260510_222609_608.png,0,20,35.178,0
orange_pos_002013_20260510_222609_608.png,20,20,3.701,0
orange_pos_002013_20260510_222609_608.png,40,20,30.785,0
orange_pos_002013_20260510_222609_608.png,60,20,37.487,0
orange_pos_002013_20260510_222609_608.png,80,20,4.226,0
orange_pos_002013_20260510_222609_608.png,100,20,0.614,0
orange_pos_002013_20260510_222609_608.png,120,20,1.633,0
orange_pos_002013_20260510_222609_608.png,140,20,24.693,0
orange_pos_002013_20260510_222609_608.png,0,40,2.526,0
orange_pos_002013_20260510_222609_608.png,20,40,9.834,0
orange_pos_002013_20260510_222609_608.png,40,40,40.960,0
orange_pos_002013_20260510_222609_608.png,60,40,35.375,0
orange_pos_002013_20260510_222609_608.png,80,40,1.070,0
orange_pos_002013_20260510_222609_608.png,100,40,0.614,0
orange_pos_002013_20260510_222609_608.png,120,40,1.020,0
orange_pos_002013_20260510_222609_608.png,140,40,32.186,0
orange_pos_002013_20260510_222609_608.png,0,60,2.055,0
orange_pos_002013_20260510_222609_608.png,20,60,3.379,0
orange_pos_002013_20260510_222609_608.png,40,60,39.556,0
orange_pos_002013_20260510_222609_608.png,60,60,29.828,0
orange_pos_002013_20260510_222609_608.png,80,60,3.682,0
orange_pos_002013_20260510_222609_608.png,100,60,0.925,0
orange_pos_002013_20260510_222609_608.png,120,60,5.256,0
orange_pos_002013_20260510_222609_608.png,140,60,24.879,0
orange_pos_002013_20260510_222609_608.png,0,80,3.793,0
orange_pos_002013_20260510_222609_608.png,20,80,2.702,0
orange_pos_002013_20260510_222609_608.png,40,80,50.048,0
orange_pos_002013_20260510_222609_608.png,60,80,33.411,0
orange_pos_002013_20260510_222609_608.png,80,80,4.612,0
orange_pos_002013_20260510_222609_608.png,100,80,12.348,0
orange_pos_002013_20260510_222609_608.png,120,80,22.849,0
orange_pos_002013_20260510_222609_608.png,140,80,37.234,0
orange_pos_002013_20260510_222609_608.png,0,100,1.326,0
orange_pos_002013_20260510_222609_608.png,20,100,5.781,0
orange_pos_002013_20260510_222609_608.png,40,100,40.866,0
orange_pos_002013_20260510_222609_608.png,60,100,24.817,0
orange_pos_002013_20260510_222609_608.png,80,100,10.101,0
orange_pos_002013_20260510_222609_608.png,100,100,12.812,0
orange_pos_002013_20260510_222609_608.png,120,100,21.281,0
orange_pos_002013_20260510_222609_608.png,140,100,26.224,0
orange_pos_002014_20260510_222609_968.png,0,0,23.811,0
orange_pos_002014_20260510_222609_968.png,20,0,2.376,0
orange_pos_002014_20260510_222609_968.png,40,0,12.129,0
orange_pos_002014_20260510_222609_968.png,60,0,19.336,0
orange_pos_002014_20260510_222609_968.png,80,0,8.935,0
orange_pos_002014_20260510_222609_968.png,100,0,4.470,0
orange_pos_002014_20260510_222609_968.png,120,0,4.859,0
orange_pos_002014_20260510_222609_968.png,140,0,8.075,0
orange_pos_002014_20260510_222609_968.png,0,20,14.590,0
orange_pos_002014_20260510_222609_968.png,20,20,1.102,0
orange_pos_002014_20260510_222609_968.png,40,20,19.124,0
orange_pos_002014_20260510_222609_968.png,60,20,21.787,0
orange_pos_002014_20260510_222609_968.png,80,20,1.889,0
orange_pos_002014_20260510_222609_968.png,100,20,0.614,0
orange_pos_002014_20260510_222609_968.png,120,20,0.766,0
orange_pos_002014_20260510_222609_968.png,140,20,10.976,0
orange_pos_002014_20260510_222609_968.png,0,40,1.099,0
orange_pos_002014_20260510_222609_968.png,20,40,0.614,0
orange_pos_002014_20260510_222609_968.png,40,40,16.697,0
orange_pos_002014_20260510_222609_968.png,60,40,13.255,0
orange_pos_002014_20260510_222609_968.png,80,40,0.630,0
orange_pos_002014_20260510_222609_968.png,100,40,0.614,0
orange_pos_002014_20260510_222609_968.png,120,40,0.614,0
orange_pos_002014_20260510_222609_968.png,140,40,6.318,0
orange_pos_002014_20260510_222609_968.png,0,60,0.943,0
orange_pos_002014_20260510_222609_968.png,20,60,0.639,0
orange_pos_002014_20260510_222609_968.png,40,60,19.152,0
orange_pos_002014_20260510_222609_968.png,60,60,11.788,0
orange_pos_002014_20260510_222609_968.png,80,60,0.679,0
orange_pos_002014_20260510_222609_968.png,100,60,0.617,0
orange_pos_002014_20260510_222609_968.png,120,60,1.509,0
orange_pos_002014_20260510_222609_968.png,140,60,8.348,0
orange_pos_002014_20260510_222609_968.png,0,80,1.088,0
orange_pos_002014_20260510_222609_968.png,20,80,0.905,0
orange_pos_002014_20260510_222609_968.png,40,80,19.052,0
orange_pos_002014_20260510_222609_968.png,60,80,11.147,0
orange_pos_002014_20260510_222609_968.png,80,80,0.809,0
orange_pos_002014_20260510_222609_968.png,100,80,2.622,0
orange_pos_002014_20260510_222609_968.png,120,80,3.928,0
orange_pos_002014_20260510_222609_968.png,140,80,9.674,0
orange_pos_002014_20260510_222609_968.png,0,100,0.739,0
orange_pos_002014_20260510_222609_968.png,20,100,1.232,0
orange_pos_002014_20260510_222609_968.png,40,100,12.448,0
orange_pos_002014_20260510_222609_968.png,60,100,5.371,0
orange_pos_002014_20260510_222609_968.png,80,100,0.767,0
orange_pos_002014_20260510_222609_968.png,100,100,1.931,0
orange_pos_002014_20260510_222609_968.png,120,100,3.256,0
orange_pos_002014_20260510_222609_968.png,140,100,5.457,0
orange_pos_002015_20260510_222613_702.png,0,0,17.927,0
orange_pos_002015_20260510_222613_702.png,20,0,0.614,0
orange_pos_002015_20260510_222613_702.png,40,0,1.996,0
orange_pos_002015_20260510_222613_702.png,60,0,3.124,0
orange_pos_002015_20260510_222613_702.png,80,0,1.511,0
orange_pos_002015_20260510_222613_702.png,100,0,2.553,0
orange_pos_002015_20260510_222613_702.png,120,0,0.776,0
orange_pos_002015_20260510_222613_702.png,140,0,0.614,0
orange_pos_002015_20260510_222613_702.png,0,20,15.584,0
orange_pos_002015_20260510_222613_702.png,20,20,0.614,0
orange_pos_002015_20260510_222613_702.png,40,20,1.295,0
orange_pos_002015_20260510_222613_702.png,60,20,1.572,0
orange_pos_002015_20260510_222613_702.png,80,20,0.678,0
orange_pos_002015_20260510_222613_702.png,100,20,0.652,0
orange_pos_002015_20260510_222613_702.png,120,20,0.614,0
orange_pos_002015_20260510_222613_702.png,140,20,0.614,0
orange_pos_002015_20260510_222613_702.png,0,40,0.633,0
orange_pos_002015_20260510_222613_702.png,20,40,0.614,0
orange_pos_002015_20260510_222613_702.png,40,40,4.519,0
orange_pos_002015_20260510_222613_702.png,60,40,5.394,0
orange_pos_002015_20260510_222613_702.png,80,40,1.647,0
orange_pos_002015_20260510_222613_702.png,100,40,0.617,0
orange_pos_002015_20260510_222613_702.png,120,40,0.614,0
orange_pos_002015_20260510_222613_702.png,140,40,0.724,0
orange_pos_002015_20260510_222613_702.png,0,60,0.726,0
orange_pos_002015_20260510_222613_702.png,20,60,0.614,0
orange_pos_002015_20260510_222613_702.png,40,60,6.755,0
orange_pos_002015_20260510_222613_702.png,60,60,255.000,1
orange_pos_002015_20260510_222613_702.png,80,60,132.148,1
orange_pos_002015_20260510_222613_702.png,100,60,0.644,0
orange_pos_002015_20260510_222613_702.png,120,60,0.614,0
orange_pos_002015_20260510_222613_702.png,140,60,1.942,0
orange_pos_002015_20260510_222613_702.png,0,80,0.618,0
orange_pos_002015_20260510_222613_702.png,20,80,0.614,0
orange_pos_002015_20260510_222613_702.png,40,80,2.714,0
orange_pos_002015_20260510_222613_702.png,60,80,184.052,1
orange_pos_002015_20260510_222613_702.png,80,80,75.197,1
orange_pos_002015_20260510_222613_702.png,100,80,0.614,0
orange_pos_002015_20260510_222613_702.png,120,80,0.614,0
orange_pos_002015_20260510_222613_702.png,140,80,0.634,0
orange_pos_002015_20260510_222613_702.png,0,100,0.614,0
orange_pos_002015_20260510_222613_702.png,20,100,0.659,0
orange_pos_002015_20260510_222613_702.png,40,100,1.328,0
orange_pos_002015_20260510_222613_702.png,60,100,0.740,0
orange_pos_002015_20260510_222613_702.png,80,100,0.614,0
orange_pos_002015_20260510_222613_702.png,100,100,0.616,0
orange_pos_002015_20260510_222613_702.png,120,100,0.614,0
orange_pos_002015_20260510_222613_702.png,140,100,0.614,0
orange_pos_002016_20260510_222616_016.png,0,0,43.699,0
orange_pos_002016_20260510_222616_016.png,20,0,4.311,0
orange_pos_002016_20260510_222616_016.png,40,0,21.777,0
orange_pos_002016_20260510_222616_016.png,60,0,36.311,0
orange_pos_002016_20260510_222616_016.png,80,0,21.821,0
orange_pos_002016_20260510_222616_016.png,100,0,16.911,0
orange_pos_002016_20260510_222616_016.png,120,0,17.258,0
orange_pos_002016_20260510_222616_016.png,140,0,17.049,0
orange_pos_002016_20260510_222616_016.png,0,20,33.672,0
orange_pos_002016_20260510_222616_016.png,20,20,2.042,0
orange_pos_002016_20260510_222616_016.png,40,20,20.291,0
orange_pos_002016_20260510_222616_016.png,60,20,25.040,0
orange_pos_002016_20260510_222616_016.png,80,20,4.521,0
orange_pos_002016_20260510_222616_016.png,100,20,0.939,0
orange_pos_002016_20260510_222616_016.png,120,20,2.784,0
orange_pos_002016_20260510_222616_016.png,140,20,15.759,0
orange_pos_002016_20260510_222616_016.png,0,40,0.716,0
orange_pos_002016_20260510_222616_016.png,20,40,0.766,0
orange_pos_002016_20260510_222616_016.png,40,40,24.599,0
orange_pos_002016_20260510_222616_016.png,60,40,20.818,0
orange_pos_002016_20260510_222616_016.png,80,40,0.847,0
orange_pos_002016_20260510_222616_016.png,100,40,0.614,0
orange_pos_002016_20260510_222616_016.png,120,40,0.819,0
orange_pos_002016_20260510_222616_016.png,140,40,6.267,0
orange_pos_002016_20260510_222616_016.png,0,60,1.228,0
orange_pos_002016_20260510_222616_016.png,20,60,0.615,0
orange_pos_002016_20260510_222616_016.png,40,60,26.014,0
orange_pos_002016_20260510_222616_016.png,60,60,19.755,0
orange_pos_002016_20260510_222616_016.png,80,60,1.938,0
orange_pos_002016_20260510_222616_016.png,100,60,1.024,0
orange_pos_002016_20260510_222616_016.png,120,60,2.087,0
orange_pos_002016_20260510_222616_016.png,140,60,7.838,0
orange_pos_002016_20260510_222616_016.png,0,80,1.690,0
orange_pos_002016_20260510_222616_016.png,20,80,1.123,0
orange_pos_002016_20260510_222616_016.png,40,80,33.305,0
orange_pos_002016_20260510_222616_016.png,60,80,21.722,0
orange_pos_002016_20260510_222616_016.png,80,80,3.535,0
orange_pos_002016_20260510_222616_016.png,100,80,60.552,0
orange_pos_002016_20260510_222616_016.png,120,80,75.003,1
orange_pos_002016_20260510_222616_016.png,140,80,16.408,0
orange_pos_002016_20260510_222616_016.png,0,100,1.147,0
orange_pos_002016_20260510_222616_016.png,20,100,3.179,0
orange_pos_002016_20260510_222616_016.png,40,100,22.968,0
orange_pos_002016_20260510_222616_016.png,60,100,13.909,0
orange_pos_002016_20260510_222616_016.png,80,100,5.473,0
orange_pos_002016_20260510_222616_016.png,100,100,77.848,1
orange_pos_002016_20260510_222616_016.png,120,100,84.751,1
orange_pos_002016_20260510_222616_016.png,140,100,14.842,0
orange_pos_002017_20260510_222616_421.png,0,0,43.663,0
orange_pos_002017_20260510_222616_421.png,20,0,0.754,0
orange_pos_002017_20260510_222616_421.png,40,0,18.881,0
orange_pos_002017_20260510_222616_421.png,60,0,36.466,0
orange_pos_002017_20260510_222616_421.png,80,0,19.785,0
orange_pos_002017_20260510_222616_421.png,100,0,14.224,0
orange_pos_002017_20260510_222616_421.png,120,0,15.974,0
orange_pos_002017_20260510_222616_421.png,140,0,16.997,0
orange_pos_002017_20260510_222616_421.png,0,20,29.011,0
orange_pos_002017_20260510_222616_421.png,20,20,1.884,0
orange_pos_002017_20260510_222616_421.png,40,20,17.747,0
orange_pos_002017_20260510_222616_421.png,60,20,21.898,0
orange_pos_002017_20260510_222616_421.png,80,20,4.821,0
orange_pos_002017_20260510_222616_421.png,100,20,1.017,0
orange_pos_002017_20260510_222616_421.png,120,20,3.259,0
orange_pos_002017_20260510_222616_421.png,140,20,15.215,0
orange_pos_002017_20260510_222616_421.png,0,40,1.129,0
orange_pos_002017_20260510_222616_421.png,20,40,0.845,0
orange_pos_002017_20260510_222616_421.png,40,40,21.927,0
orange_pos_002017_20260510_222616_421.png,60,40,20.951,0
orange_pos_002017_20260510_222616_421.png,80,40,1.192,0
orange_pos_002017_20260510_222616_421.png,100,40,0.614,0
orange_pos_002017_20260510_222616_421.png,120,40,1.326,0
orange_pos_002017_20260510_222616_421.png,140,40,5.410,0
orange_pos_002017_20260510_222616_421.png,0,60,1.256,0
orange_pos_002017_20260510_222616_421.png,20,60,1.507,0
orange_pos_002017_20260510_222616_421.png,40,60,28.455,0
orange_pos_002017_20260510_222616_421.png,60,60,21.708,0
orange_pos_002017_20260510_222616_421.png,80,60,3.964,0
orange_pos_002017_20260510_222616_421.png,100,60,3.305,0
orange_pos_002017_20260510_222616_421.png,120,60,5.056,0
orange_pos_002017_20260510_222616_421.png,140,60,11.325,0
orange_pos_002017_20260510_222616_421.png,0,80,0.855,0
orange_pos_002017_20260510_222616_421.png,20,80,0.769,0
orange_pos_002017_20260510_222616_421.png,40,80,19.454,0
orange_pos_002017_20260510_222616_421.png,60,80,13.305,0
orange_pos_002017_20260510_222616_421.png,80,80,1.065,0
orange_pos_002017_20260510_222616_421.png,100,80,43.176,0
orange_pos_002017_20260510_222616_421.png,120,80,59.537,0
orange_pos_002017_20260510_222616_421.png,140,80,4.715,0
orange_pos_002017_20260510_222616_421.png,0,100,0.918,0
orange_pos_002017_20260510_222616_421.png,20,100,2.711,0
orange_pos_002017_20260510_222616_421.png,40,100,20.898,0
orange_pos_002017_20260510_222616_421.png,60,100,13.780,0
orange_pos_002017_20260510_222616_421.png,80,100,4.644,0
orange_pos_002017_20260510_222616_421.png,100,100,65.129,1
orange_pos_002017_20260510_222616_421.png,120,100,89.822,1
orange_pos_002017_20260510_222616_421.png,140,100,9.064,0
orange_pos_002018_20260510_222618_466.png,0,0,26.721,0
orange_pos_002018_20260510_222618_466.png,20,0,0.614,0
orange_pos_002018_20260510_222618_466.png,40,0,12.828,0
orange_pos_002018_20260510_222618_466.png,60,0,26.453,0
orange_pos_002018_20260510_222618_466.png,80,0,80.289,1
orange_pos_002018_20260510_222618_466.png,100,0,14.143,0
orange_pos_002018_20260510_222618_466.png,120,0,8.655,0
orange_pos_002018_20260510_222618_466.png,140,0,8.401,0
orange_pos_002018_20260510_222618_466.png,0,20,20.064,0
orange_pos_002018_20260510_222618_466.png,20,20,0.614,0
orange_pos_002018_20260510_222618_466.png,40,20,14.977,0
orange_pos_002018_20260510_222618_466.png,60,20,64.911,0
orange_pos_002018_20260510_222618_466.png,80,20,173.867,1
orange_pos_002018_20260510_222618_466.png,100,20,42.222,0
orange_pos_002018_20260510_222618_466.png,120,20,5.118,0
orange_pos_002018_20260510_222618_466.png,140,20,9.819,0
orange_pos_002018_20260510_222618_466.png,0,40,1.337,0
orange_pos_002018_20260510_222618_466.png,20,40,0.614,0
orange_pos_002018_20260510_222618_466.png,40,40,24.483,0
orange_pos_002018_20260510_222618_466.png,60,40,22.898,0
orange_pos_002018_20260510_222618_466.png,80,40,36.090,0
orange_pos_002018_20260510_222618_466.png,100,40,4.914,0
orange_pos_002018_20260510_222618_466.png,120,40,5.357,0
orange_pos_002018_20260510_222618_466.png,140,40,10.498,0
orange_pos_002018_20260510_222618_466.png,0,60,0.994,0
orange_pos_002018_20260510_222618_466.png,20,60,0.614,0
orange_pos_002018_20260510_222618_466.png,40,60,18.831,0
orange_pos_002018_20260510_222618_466.png,60,60,17.192,0
orange_pos_002018_20260510_222618_466.png,80,60,2.282,0
orange_pos_002018_20260510_222618_466.png,100,60,0.710,0
orange_pos_002018_20260510_222618_466.png,120,60,2.902,0
orange_pos_002018_20260510_222618_466.png,140,60,10.515,0
orange_pos_002018_20260510_222618_466.png,0,80,0.977,0
orange_pos_002018_20260510_222618_466.png,20,80,0.680,0
orange_pos_002018_20260510_222618_466.png,40,80,10.740,0
orange_pos_002018_20260510_222618_466.png,60,80,7.005,0
orange_pos_002018_20260510_222618_466.png,80,80,1.166,0
orange_pos_002018_20260510_222618_466.png,100,80,1.832,0
orange_pos_002018_20260510_222618_466.png,120,80,4.690,0
orange_pos_002018_20260510_222618_466.png,140,80,6.263,0
orange_pos_002018_20260510_222618_466.png,0,100,0.800,0
orange_pos_002018_20260510_222618_466.png,20,100,2.264,0
orange_pos_002018_20260510_222618_466.png,40,100,14.549,0
orange_pos_002018_20260510_222618_466.png,60,100,8.676,0
orange_pos_002018_20260510_222618_466.png,80,100,2.253,0
orange_pos_002018_20260510_222618_466.png,100,100,2.640,0
orange_pos_002018_20260510_222618_466.png,120,100,4.141,0
orange_pos_002018_20260510_222618_466.png,140,100,6.329,0
orange_pos_002019_20260510_222620_619.png,0,0,15.507,0
orange_pos_002019_20260510_222620_619.png,20,0,0.620,0
orange_pos_002019_20260510_222620_619.png,40,0,0.614,0
orange_pos_002019_20260510_222620_619.png,60,0,0.620,0
orange_pos_002019_20260510_222620_619.png,80,0,3.417,0
orange_pos_002019_20260510_222620_619.png,100,0,2.403,0
orange_pos_002019_20260510_222620_619.png,120,0,1.339,0
orange_pos_002019_20260510_222620_619.png,140,0,2.287,0
orange_pos_002019_20260510_222620_619.png,0,20,19.639,0
orange_pos_002019_20260510_222620_619.png,20,20,0.614,0
orange_pos_002019_20260510_222620_619.png,40,20,0.614,0
orange_pos_002019_20260510_222620_619.png,60,20,0.614,0
orange_pos_002019_20260510_222620_619.png,80,20,0.614,0
orange_pos_002019_20260510_222620_619.png,100,20,0.614,0
orange_pos_002019_20260510_222620_619.png,120,20,0.614,0
orange_pos_002019_20260510_222620_619.png,140,20,1.586,0
orange_pos_002019_20260510_222620_619.png,0,40,0.932,0
orange_pos_002019_20260510_222620_619.png,20,40,1.490,0
orange_pos_002019_20260510_222620_619.png,40,40,1.600,0
orange_pos_002019_20260510_222620_619.png,60,40,47.593,0
orange_pos_002019_20260510_222620_619.png,80,40,80.204,1
orange_pos_002019_20260510_222620_619.png,100,40,0.614,0
orange_pos_002019_20260510_222620_619.png,120,40,0.614,0
orange_pos_002019_20260510_222620_619.png,140,40,4.369,0
orange_pos_002019_20260510_222620_619.png,0,60,1.288,0
orange_pos_002019_20260510_222620_619.png,20,60,0.636,0
orange_pos_002019_20260510_222620_619.png,40,60,12.353,0
orange_pos_002019_20260510_222620_619.png,60,60,136.309,1
orange_pos_002019_20260510_222620_619.png,80,60,195.648,1
orange_pos_002019_20260510_222620_619.png,100,60,1.563,0
orange_pos_002019_20260510_222620_619.png,120,60,0.699,0
orange_pos_002019_20260510_222620_619.png,140,60,9.110,0
orange_pos_002019_20260510_222620_619.png,0,80,0.781,0
orange_pos_002019_20260510_222620_619.png,20,80,0.614,0
orange_pos_002019_20260510_222620_619.png,40,80,12.696,0
orange_pos_002019_20260510_222620_619.png,60,80,7.157,0
orange_pos_002019_20260510_222620_619.png,80,80,0.614,0
orange_pos_002019_20260510_222620_619.png,100,80,0.615,0
orange_pos_002019_20260510_222620_619.png,120,80,1.270,0
orange_pos_002019_20260510_222620_619.png,140,80,3.234,0
orange_pos_002019_20260510_222620_619.png,0,100,0.773,0
orange_pos_002019_20260510_222620_619.png,20,100,2.355,0
orange_pos_002019_20260510_222620_619.png,40,100,16.881,0
orange_pos_002019_20260510_222620_619.png,60,100,9.262,0
orange_pos_002019_20260510_222620_619.png,80,100,3.024,0
orange_pos_002019_20260510_222620_619.png,100,100,3.407,0
orange_pos_002019_20260510_222620_619.png,120,100,6.589,0
orange_pos_002019_20260510_222620_619.png,140,100,9.692,0
orange_pos_002020_20260510_222620_998.png,0,0,46.469,0
orange_pos_002020_20260510_222620_998.png,20,0,6.619,0
orange_pos_002020_20260510_222620_998.png,40,0,4.464,0
orange_pos_002020_20260510_222620_998.png,60,0,2.090,0
orange_pos_002020_20260510_222620_998.png,80,0,21.446,0
orange_pos_002020_20260510_222620_998.png,100,0,22.550,0
orange_pos_002020_20260510_222620_998.png,120,0,19.735,0
orange_pos_002020_20260510_222620_998.png,140,0,24.437,0
orange_pos_002020_20260510_222620_998.png,0,20,30.548,0
orange_pos_002020_20260510_222620_998.png,20,20,1.077,0
orange_pos_002020_20260510_222620_998.png,40,20,1.305,0
orange_pos_002020_20260510_222620_998.png,60,20,2.129,0
orange_pos_002020_20260510_222620_998.png,80,20,2.346,0
orange_pos_002020_20260510_222620_998.png,100,20,1.523,0
orange_pos_002020_20260510_222620_998.png,120,20,2.812,0
orange_pos_002020_20260510_222620_998.png,140,20,18.475,0
orange_pos_002020_20260510_222620_998.png,0,40,1.894,0
orange_pos_002020_20260510_222620_998.png,20,40,2.870,0
orange_pos_002020_20260510_222620_998.png,40,40,5.098,0
orange_pos_002020_20260510_222620_998.png,60,40,11.546,0
orange_pos_002020_20260510_222620_998.png,80,40,31.524,0
orange_pos_002020_20260510_222620_998.png,100,40,0.621,0
orange_pos_002020_20260510_222620_998.png,120,40,2.250,0
orange_pos_002020_20260510_222620_998.png,140,40,27.163,0
orange_pos_002020_20260510_222620_998.png,0,60,1.768,0
orange_pos_002020_20260510_222620_998.png,20,60,1.227,0
orange_pos_002020_20260510_222620_998.png,40,60,15.823,0
orange_pos_002020_20260510_222620_998.png,60,60,158.911,1
orange_pos_002020_20260510_222620_998.png,80,60,234.501,1
orange_pos_002020_20260510_222620_998.png,100,60,5.920,0
orange_pos_002020_20260510_222620_998.png,120,60,8.303,0
orange_pos_002020_20260510_222620_998.png,140,60,23.632,0
orange_pos_002020_20260510_222620_998.png,0,80,1.261,0
orange_pos_002020_20260510_222620_998.png,20,80,0.769,0
orange_pos_002020_20260510_222620_998.png,40,80,25.962,0
orange_pos_002020_20260510_222620_998.png,60,80,36.849,0
orange_pos_002020_20260510_222620_998.png,80,80,60.115,0
orange_pos_002020_20260510_222620_998.png,100,80,6.202,0
orange_pos_002020_20260510_222620_998.png,120,80,9.225,0
orange_pos_002020_20260510_222620_998.png,140,80,13.993,0
orange_pos_002020_20260510_222620_998.png,0,100,1.103,0
orange_pos_002020_20260510_222620_998.png,20,100,4.239,0
orange_pos_002020_20260510_222620_998.png,40,100,30.950,0
orange_pos_002020_20260510_222620_998.png,60,100,21.606,0
orange_pos_002020_20260510_222620_998.png,80,100,10.571,0
orange_pos_002020_20260510_222620_998.png,100,100,11.663,0
orange_pos_002020_20260510_222620_998.png,120,100,16.305,0
orange_pos_002020_20260510_222620_998.png,140,100,19.483,0
orange_pos_002021_20260510_222622_768.png,0,0,29.408,0
orange_pos_002021_20260510_222622_768.png,20,0,1.860,0
orange_pos_002021_20260510_222622_768.png,40,0,17.009,0
orange_pos_002021_20260510_222622_768.png,60,0,4.071,0
orange_pos_002021_20260510_222622_768.png,80,0,7.690,0
orange_pos_002021_20260510_222622_768.png,100,0,10.471,0
orange_pos_002021_20260510_222622_768.png,120,0,17.780,0
orange_pos_002021_20260510_222622_768.png,140,0,21.603,0
orange_pos_002021_20260510_222622_768.png,0,20,21.978,0
orange_pos_002021_20260510_222622_768.png,20,20,0.991,0
orange_pos_002021_20260510_222622_768.png,40,20,4.417,0
orange_pos_002021_20260510_222622_768.png,60,20,1.605,0
orange_pos_002021_20260510_222622_768.png,80,20,1.714,0
orange_pos_002021_20260510_222622_768.png,100,20,8.926,0
orange_pos_002021_20260510_222622_768.png,120,20,6.880,0
orange_pos_002021_20260510_222622_768.png,140,20,21.702,0
orange_pos_002021_20260510_222622_768.png,0,40,1.335,0
orange_pos_002021_20260510_222622_768.png,20,40,0.997,0
orange_pos_002021_20260510_222622_768.png,40,40,16.735,0
orange_pos_002021_20260510_222622_768.png,60,40,4.344,0
orange_pos_002021_20260510_222622_768.png,80,40,0.844,0
orange_pos_002021_20260510_222622_768.png,100,40,46.315,0
orange_pos_002021_20260510_222622_768.png,120,40,57.571,0
orange_pos_002021_20260510_222622_768.png,140,40,14.108,0
orange_pos_002021_20260510_222622_768.png,0,60,1.435,0
orange_pos_002021_20260510_222622_768.png,20,60,0.636,0
orange_pos_002021_20260510_222622_768.png,40,60,29.349,0
orange_pos_002021_20260510_222622_768.png,60,60,21.410,0
orange_pos_002021_20260510_222622_768.png,80,60,2.098,0
orange_pos_002021_20260510_222622_768.png,100,60,84.600,1
orange_pos_002021_20260510_222622_768.png,120,60,86.740,1
orange_pos_002021_20260510_222622_768.png,140,60,17.639,0
orange_pos_002021_20260510_222622_768.png,0,80,1.421,0
orange_pos_002021_20260510_222622_768.png,20,80,1.406,0
orange_pos_002021_20260510_222622_768.png,40,80,24.603,0
orange_pos_002021_20260510_222622_768.png,60,80,17.519,0
orange_pos_002021_20260510_222622_768.png,80,80,2.482,0
orange_pos_002021_20260510_222622_768.png,100,80,5.393,0
orange_pos_002021_20260510_222622_768.png,120,80,8.597,0
orange_pos_002021_20260510_222622_768.png,140,80,16.076,0
orange_pos_002021_20260510_222622_768.png,0,100,0.835,0
orange_pos_002021_20260510_222622_768.png,20,100,2.764,0
orange_pos_002021_20260510_222622_768.png,40,100,20.114,0
orange_pos_002021_20260510_222622_768.png,60,100,14.285,0
orange_pos_002021_20260510_222622_768.png,80,100,6.221,0
orange_pos_002021_20260510_222622_768.png,100,100,8.373,0
orange_pos_002021_20260510_222622_768.png,120,100,10.832,0
orange_pos_002021_20260510_222622_768.png,140,100,14.275,0
orange_pos_002023_20260510_222623_196.png,0,0,13.476,0
orange_pos_002023_20260510_222623_196.png,20,0,0.614,0
orange_pos_002023_20260510_222623_196.png,40,0,2.268,0
orange_pos_002023_20260510_222623_196.png,60,0,0.786,0
orange_pos_002023_20260510_222623_196.png,80,0,0.614,0
orange_pos_002023_20260510_222623_196.png,100,0,0.614,0
orange_pos_002023_20260510_222623_196.png,120,0,1.207,0
orange_pos_002023_20260510_222623_196.png,140,0,0.734,0
orange_pos_002023_20260510_222623_196.png,0,20,16.632,0
orange_pos_002023_20260510_222623_196.png,20,20,0.614,0
orange_pos_002023_20260510_222623_196.png,40,20,1.178,0
orange_pos_002023_20260510_222623_196.png,60,20,0.866,0
orange_pos_002023_20260510_222623_196.png,80,20,0.614,0
orange_pos_002023_20260510_222623_196.png,100,20,0.620,0
orange_pos_002023_20260510_222623_196.png,120,20,1.162,0
orange_pos_002023_20260510_222623_196.png,140,20,2.049,0
orange_pos_002023_20260510_222623_196.png,0,40,0.707,0
orange_pos_002023_20260510_222623_196.png,20,40,0.614,0
orange_pos_002023_20260510_222623_196.png,40,40,1.491,0
orange_pos_002023_20260510_222623_196.png,60,40,1.027,0
orange_pos_002023_20260510_222623_196.png,80,40,0.614,0
orange_pos_002023_20260510_222623_196.png,100,40,14.464,0
orange_pos_002023_20260510_222623_196.png,120,40,4.756,0
orange_pos_002023_20260510_222623_196.png,140,40,1.696,0
orange_pos_002023_20260510_222623_196.png,0,60,0.771,0
orange_pos_002023_20260510_222623_196.png,20,60,0.614,0
orange_pos_002023_20260510_222623_196.png,40,60,5.248,0
orange_pos_002023_20260510_222623_196.png,60,60,4.667,0
orange_pos_002023_20260510_222623_196.png,80,60,0.625,0
orange_pos_002023_20260510_222623_196.png,100,60,25.845,0
orange_pos_002023_20260510_222623_196.png,120,60,25.391,0
orange_pos_002023_20260510_222623_196.png,140,60,1.667,0
orange_pos_002023_20260510_222623_196.png,0,80,0.702,0
orange_pos_002023_20260510_222623_196.png,20,80,0.614,0
orange_pos_002023_20260510_222623_196.png,40,80,3.517,0
orange_pos_002023_20260510_222623_196.png,60,80,3.020,0
orange_pos_002023_20260510_222623_196.png,80,80,0.614,0
orange_pos_002023_20260510_222623_196.png,100,80,0.651,0
orange_pos_002023_20260510_222623_196.png,120,80,0.646,0
orange_pos_002023_20260510_222623_196.png,140,80,0.802,0
orange_pos_002023_20260510_222623_196.png,0,100,0.614,0
orange_pos_002023_20260510_222623_196.png,20,100,0.614,0
orange_pos_002023_20260510_222623_196.png,40,100,1.409,0
orange_pos_002023_20260510_222623_196.png,60,100,1.073,0
orange_pos_002023_20260510_222623_196.png,80,100,0.614,0
orange_pos_002023_20260510_222623_196.png,100,100,0.614,0
orange_pos_002023_20260510_222623_196.png,120,100,0.642,0
orange_pos_002023_20260510_222623_196.png,140,100,0.928,0
orange_pos_002024_20260510_222625_359.png,0,0,42.479,0
orange_pos_002024_20260510_222625_359.png,20,0,3.334,0
orange_pos_002024_20260510_222625_359.png,40,0,21.266,0
orange_pos_002024_20260510_222625_359.png,60,0,22.878,0
orange_pos_002024_20260510_222625_359.png,80,0,7.860,0
orange_pos_002024_20260510_222625_359.png,100,0,8.819,0
orange_pos_002024_20260510_222625_359.png,120,0,34.693,0
orange_pos_002024_20260510_222625_359.png,140,0,17.912,0
orange_pos_002024_20260510_222625_359.png,0,20,31.381,0
orange_pos_002024_20260510_222625_359.png,20,20,2.886,0
orange_pos_002024_20260510_222625_359.png,40,20,5.228,0
orange_pos_002024_20260510_222625_359.png,60,20,34.303,0
orange_pos_002024_20260510_222625_359.png,80,20,6.353,0
orange_pos_002024_20260510_222625_359.png,100,20,0.626,0
orange_pos_002024_20260510_222625_359.png,120,20,10.474,0
orange_pos_002024_20260510_222625_359.png,140,20,17.710,0
orange_pos_002024_20260510_222625_359.png,0,40,1.605,0
orange_pos_002024_20260510_222625_359.png,20,40,1.894,0
orange_pos_002024_20260510_222625_359.png,40,40,25.334,0
orange_pos_002024_20260510_222625_359.png,60,40,28.650,0
orange_pos_002024_20260510_222625_359.png,80,40,1.008,0
orange_pos_002024_20260510_222625_359.png,100,40,0.614,0
orange_pos_002024_20260510_222625_359.png,120,40,1.307,0
orange_pos_002024_20260510_222625_359.png,140,40,21.315,0
orange_pos_002024_20260510_222625_359.png,0,60,1.559,0
orange_pos_002024_20260510_222625_359.png,20,60,1.638,0
orange_pos_002024_20260510_222625_359.png,40,60,34.601,0
orange_pos_002024_20260510_222625_359.png,60,60,26.936,0
orange_pos_002024_20260510_222625_359.png,80,60,4.053,0
orange_pos_002024_20260510_222625_359.png,100,60,2.310,0
orange_pos_002024_20260510_222625_359.png,120,60,7.383,0
orange_pos_002024_20260510_222625_359.png,140,60,24.534,0
orange_pos_002024_20260510_222625_359.png,0,80,1.715,0
orange_pos_002024_20260510_222625_359.png,20,80,2.728,0
orange_pos_002024_20260510_222625_359.png,40,80,20.548,0
orange_pos_002024_20260510_222625_359.png,60,80,14.318,0
orange_pos_002024_20260510_222625_359.png,80,80,3.609,0
orange_pos_002024_20260510_222625_359.png,100,80,5.562,0
orange_pos_002024_20260510_222625_359.png,120,80,8.296,0
orange_pos_002024_20260510_222625_359.png,140,80,12.433,0
orange_pos_002024_20260510_222625_359.png,0,100,1.257,0
orange_pos_002024_20260510_222625_359.png,20,100,5.697,0
orange_pos_002024_20260510_222625_359.png,40,100,36.988,0
orange_pos_002024_20260510_222625_359.png,60,100,26.411,0
orange_pos_002024_20260510_222625_359.png,80,100,14.954,0
orange_pos_002024_20260510_222625_359.png,100,100,16.412,0
orange_pos_002024_20260510_222625_359.png,120,100,21.314,0
orange_pos_002024_20260510_222625_359.png,140,100,25.134,0
orange_pos_002025_20260510_222627_209.png,0,0,51.362,0
orange_pos_002025_20260510_222627_209.png,20,0,3.689,0
orange_pos_002025_20260510_222627_209.png,40,0,28.715,0
orange_pos_002025_20260510_222627_209.png,60,0,52.801,0
orange_pos_002025_20260510_222627_209.png,80,0,42.007,0
orange_pos_002025_20260510_222627_209.png,100,0,40.764,0
orange_pos_002025_20260510_222627_209.png,120,0,28.339,0
orange_pos_002025_20260510_222627_209.png,140,0,21.410,0
orange_pos_002025_20260510_222627_209.png,0,20,30.008,0
orange_pos_002025_20260510_222627_209.png,20,20,0.896,0
orange_pos_002025_20260510_222627_209.png,40,20,4.193,0
orange_pos_002025_20260510_222627_209.png,60,20,36.625,0
orange_pos_002025_20260510_222627_209.png,80,20,92.231,1
orange_pos_002025_20260510_222627_209.png,100,20,158.865,1
orange_pos_002025_20260510_222627_209.png,120,20,17.586,0
orange_pos_002025_20260510_222627_209.png,140,20,18.872,0
orange_pos_002025_20260510_222627_209.png,0,40,2.047,0
orange_pos_002025_20260510_222627_209.png,20,40,0.903,0
orange_pos_002025_20260510_222627_209.png,40,40,28.631,0
orange_pos_002025_20260510_222627_209.png,60,40,36.570,0
orange_pos_002025_20260510_222627_209.png,80,40,30.896,0
orange_pos_002025_20260510_222627_209.png,100,40,73.651,1
orange_pos_002025_20260510_222627_209.png,120,40,12.393,0
orange_pos_002025_20260510_222627_209.png,140,40,21.874,0
orange_pos_002025_20260510_222627_209.png,0,60,1.804,0
orange_pos_002025_20260510_222627_209.png,20,60,0.667,0
orange_pos_002025_20260510_222627_209.png,40,60,32.012,0
orange_pos_002025_20260510_222627_209.png,60,60,29.565,0
orange_pos_002025_20260510_222627_209.png,80,60,6.951,0
orange_pos_002025_20260510_222627_209.png,100,60,5.493,0
orange_pos_002025_20260510_222627_209.png,120,60,11.330,0
orange_pos_002025_20260510_222627_209.png,140,60,25.005,0
orange_pos_002025_20260510_222627_209.png,0,80,1.954,0
orange_pos_002025_20260510_222627_209.png,20,80,0.617,0
orange_pos_002025_20260510_222627_209.png,40,80,33.167,0
orange_pos_002025_20260510_222627_209.png,60,80,23.712,0
orange_pos_002025_20260510_222627_209.png,80,80,4.049,0
orange_pos_002025_20260510_222627_209.png,100,80,10.509,0
orange_pos_002025_20260510_222627_209.png,120,80,14.797,0
orange_pos_002025_20260510_222627_209.png,140,80,22.701,0
orange_pos_002025_20260510_222627_209.png,0,100,1.282,0
orange_pos_002025_20260510_222627_209.png,20,100,4.757,0
orange_pos_002025_20260510_222627_209.png,40,100,35.104,0
orange_pos_002025_20260510_222627_209.png,60,100,23.568,0
orange_pos_002025_20260510_222627_209.png,80,100,8.961,0
orange_pos_002025_20260510_222627_209.png,100,100,13.452,0
orange_pos_002025_20260510_222627_209.png,120,100,16.151,0
orange_pos_002025_20260510_222627_209.png,140,100,21.211,0
orange_pos_002026_20260510_222629_816.png,0,0,70.270,1
orange_pos_002026_20260510_222629_816.png,20,0,7.020,0
orange_pos_002026_20260510_222629_816.png,40,0,42.649,0
orange_pos_002026_20260510_222629_816.png,60,0,77.426,1
orange_pos_002026_20260510_222629_816.png,80,0,57.448,0
orange_pos_002026_20260510_222629_816.png,100,0,39.782,0
orange_pos_002026_20260510_222629_816.png,120,0,45.195,0
orange_pos_002026_20260510_222629_816.png,140,0,55.563,0
orange_pos_002026_20260510_222629_816.png,0,20,41.266,0
orange_pos_002026_20260510_222629_816.png,20,20,4.983,0
orange_pos_002026_20260510_222629_816.png,40,20,6.231,0
orange_pos_002026_20260510_222629_816.png,60,20,50.221,0
orange_pos_002026_20260510_222629_816.png,80,20,15.624,0
orange_pos_002026_20260510_222629_816.png,100,20,0.682,0
orange_pos_002026_20260510_222629_816.png,120,20,6.211,0
orange_pos_002026_20260510_222629_816.png,140,20,38.448,0
orange_pos_002026_20260510_222629_816.png,0,40,2.109,0
orange_pos_002026_20260510_222629_816.png,20,40,1.565,0
orange_pos_002026_20260510_222629_816.png,40,40,39.053,0
orange_pos_002026_20260510_222629_816.png,60,40,41.776,0
orange_pos_002026_20260510_222629_816.png,80,40,3.757,0
orange_pos_002026_20260510_222629_816.png,100,40,0.614,0
orange_pos_002026_20260510_222629_816.png,120,40,6.281,0
orange_pos_002026_20260510_222629_816.png,140,40,33.041,0
orange_pos_002026_20260510_222629_816.png,0,60,2.402,0
orange_pos_002026_20260510_222629_816.png,20,60,1.660,0
orange_pos_002026_20260510_222629_816.png,40,60,46.441,0
orange_pos_002026_20260510_222629_816.png,60,60,97.099,1
orange_pos_002026_20260510_222629_816.png,80,60,70.475,1
orange_pos_002026_20260510_222629_816.png,100,60,8.301,0
orange_pos_002026_20260510_222629_816.png,120,60,20.996,0
orange_pos_002026_20260510_222629_816.png,140,60,42.251,0
orange_pos_002026_20260510_222629_816.png,0,80,3.981,0
orange_pos_002026_20260510_222629_816.png,20,80,3.034,0
orange_pos_002026_20260510_222629_816.png,40,80,54.469,0
orange_pos_002026_20260510_222629_816.png,60,80,255.000,1
orange_pos_002026_20260510_222629_816.png,80,80,205.798,1
orange_pos_002026_20260510_222629_816.png,100,80,12.978,0
orange_pos_002026_20260510_222629_816.png,120,80,27.574,0
orange_pos_002026_20260510_222629_816.png,140,80,42.852,0
orange_pos_002026_20260510_222629_816.png,0,100,1.947,0
orange_pos_002026_20260510_222629_816.png,20,100,7.941,0
orange_pos_002026_20260510_222629_816.png,40,100,53.327,0
orange_pos_002026_20260510_222629_816.png,60,100,67.984,1
orange_pos_002026_20260510_222629_816.png,80,100,46.297,0
orange_pos_002026_20260510_222629_816.png,100,100,25.355,0
orange_pos_002026_20260510_222629_816.png,120,100,33.414,0
orange_pos_002026_20260510_222629_816.png,140,100,43.090,0
orange_pos_002027_20260510_222631_878.png,0,0,32.668,0
orange_pos_002027_20260510_222631_878.png,20,0,2.380,0
orange_pos_002027_20260510_222631_878.png,40,0,17.955,0
orange_pos_002027_20260510_222631_878.png,60,0,30.852,0
orange_pos_002027_20260510_222631_878.png,80,0,18.780,0
orange_pos_002027_20260510_222631_878.png,100,0,6.483,0
orange_pos_002027_20260510_222631_878.png,120,0,8.779,0
orange_pos_002027_20260510_222631_878.png,140,0,15.227,0
orange_pos_002027_20260510_222631_878.png,0,20,24.633,0
orange_pos_002027_20260510_222631_878.png,20,20,0.966,0
orange_pos_002027_20260510_222631_878.png,40,20,2.402,0
orange_pos_002027_20260510_222631_878.png,60,20,20.717,0
orange_pos_002027_20260510_222631_878.png,80,20,2.412,0
orange_pos_002027_20260510_222631_878.png,100,20,0.614,0
orange_pos_002027_20260510_222631_878.png,120,20,0.705,0
orange_pos_002027_20260510_222631_878.png,140,20,12.907,0
orange_pos_002027_20260510_222631_878.png,0,40,0.656,0
orange_pos_002027_20260510_222631_878.png,20,40,0.614,0
orange_pos_002027_20260510_222631_878.png,40,40,17.248,0
orange_pos_002027_20260510_222631_878.png,60,40,14.011,0
orange_pos_002027_20260510_222631_878.png,80,40,0.614,0
orange_pos_002027_20260510_222631_878.png,100,40,0.614,0
orange_pos_002027_20260510_222631_878.png,120,40,0.614,0
orange_pos_002027_20260510_222631_878.png,140,40,5.987,0
orange_pos_002027_20260510_222631_878.png,0,60,0.748,0
orange_pos_002027_20260510_222631_878.png,20,60,0.614,0
orange_pos_002027_20260510_222631_878.png,40,60,16.447,0
orange_pos_002027_20260510_222631_878.png,60,60,10.325,0
orange_pos_002027_20260510_222631_878.png,80,60,0.808,0
orange_pos_002027_20260510_222631_878.png,100,60,0.614,0
orange_pos_002027_20260510_222631_878.png,120,60,0.614,0
orange_pos_002027_20260510_222631_878.png,140,60,0.974,0
orange_pos_002027_20260510_222631_878.png,0,80,0.790,0
orange_pos_002027_20260510_222631_878.png,20,80,0.649,0
orange_pos_002027_20260510_222631_878.png,40,80,15.217,0
orange_pos_002027_20260510_222631_878.png,60,80,8.926,0
orange_pos_002027_20260510_222631_878.png,80,80,0.616,0
orange_pos_002027_20260510_222631_878.png,100,80,7.297,0
orange_pos_002027_20260510_222631_878.png,120,80,1.181,0
orange_pos_002027_20260510_222631_878.png,140,80,2.064,0
orange_pos_002027_20260510_222631_878.png,0,100,0.939,0
orange_pos_002027_20260510_222631_878.png,20,100,2.356,0
orange_pos_002027_20260510_222631_878.png,40,100,16.971,0
orange_pos_002027_20260510_222631_878.png,60,100,10.218,0
orange_pos_002027_20260510_222631_878.png,80,100,15.063,0
orange_pos_002027_20260510_222631_878.png,100,100,130.168,1
orange_pos_002027_20260510_222631_878.png,120,100,31.288,0
orange_pos_002027_20260510_222631_878.png,140,100,5.020,0
orange_pos_002028_20260510_222634_254.png,0,0,5.703,0
orange_pos_002028_20260510_222634_254.png,20,0,0.614,0
orange_pos_002028_20260510_222634_254.png,40,0,1.843,0
orange_pos_002028_20260510_222634_254.png,60,0,3.084,0
orange_pos_002028_20260510_222634_254.png,80,0,1.036,0
orange_pos_002028_20260510_222634_254.png,100,0,0.614,0
orange_pos_002028_20260510_222634_254.png,120,0,0.614,0
orange_pos_002028_20260510_222634_254.png,140,0,0.638,0
orange_pos_002028_20260510_222634_254.png,0,20,5.479,0
orange_pos_002028_20260510_222634_254.png,20,20,0.614,0
orange_pos_002028_20260510_222634_254.png,40,20,0.615,0
orange_pos_002028_20260510_222634_254.png,60,20,0.752,0
orange_pos_002028_20260510_222634_254.png,80,20,0.614,0
orange_pos_002028_20260510_222634_254.png,100,20,0.614,0
orange_pos_002028_20260510_222634_254.png,120,20,0.614,0
orange_pos_002028_20260510_222634_254.png,140,20,0.614,0
orange_pos_002028_20260510_222634_254.png,0,40,0.614,0
orange_pos_002028_20260510_222634_254.png,20,40,0.614,0
orange_pos_002028_20260510_222634_254.png,40,40,3.986,0
orange_pos_002028_20260510_222634_254.png,60,40,1.724,0
orange_pos_002028_20260510_222634_254.png,80,40,0.614,0
orange_pos_002028_20260510_222634_254.png,100,40,0.614,0
orange_pos_002028_20260510_222634_254.png,120,40,0.614,0
orange_pos_002028_20260510_222634_254.png,140,40,0.623,0
orange_pos_002028_20260510_222634_254.png,0,60,0.693,0
orange_pos_002028_20260510_222634_254.png,20,60,0.614,0
orange_pos_002028_20260510_222634_254.png,40,60,1.277,0
orange_pos_002028_20260510_222634_254.png,60,60,105.685,1
orange_pos_002028_20260510_222634_254.png,80,60,33.655,0
orange_pos_002028_20260510_222634_254.png,100,60,0.614,0
orange_pos_002028_20260510_222634_254.png,120,60,0.614,0
orange_pos_002028_20260510_222634_254.png,140,60,0.614,0
orange_pos_002028_20260510_222634_254.png,0,80,0.620,0
orange_pos_002028_20260510_222634_254.png,20,80,0.614,0
orange_pos_002028_20260510_222634_254.png,40,80,5.633,0
orange_pos_002028_20260510_222634_254.png,60,80,255.000,1
orange_pos_002028_20260510_222634_254.png,80,80,122.196,1
orange_pos_002028_20260510_222634_254.png,100,80,0.614,0
orange_pos_002028_20260510_222634_254.png,120,80,0.616,0
orange_pos_002028_20260510_222634_254.png,140,80,0.654,0
orange_pos_002028_20260510_222634_254.png,0,100,0.614,0
orange_pos_002028_20260510_222634_254.png,20,100,0.614,0
orange_pos_002028_20260510_222634_254.png,40,100,1.387,0
orange_pos_002028_20260510_222634_254.png,60,100,25.781,0
orange_pos_002028_20260510_222634_254.png,80,100,4.167,0
orange_pos_002028_20260510_222634_254.png,100,100,0.614,0
orange_pos_002028_20260510_222634_254.png,120,100,0.614,0
orange_pos_002028_20260510_222634_254.png,140,100,0.640,0
orange_pos_002029_20260510_222636_335.png,0,0,15.506,0
orange_pos_002029_20260510_222636_335.png,20,0,0.614,0
orange_pos_002029_20260510_222636_335.png,40,0,2.917,0
orange_pos_002029_20260510_222636_335.png,60,0,5.898,0
orange_pos_002029_20260510_222636_335.png,80,0,3.128,0
orange_pos_002029_20260510_222636_335.png,100,0,0.632,0
orange_pos_002029_20260510_222636_335.png,120,0,0.614,0
orange_pos_002029_20260510_222636_335.png,140,0,0.614,0
orange_pos_002029_20260510_222636_335.png,0,20,15.886,0
orange_pos_002029_20260510_222636_335.png,20,20,0.614,0
orange_pos_002029_20260510_222636_335.png,40,20,1.284,0
orange_pos_002029_20260510_222636_335.png,60,20,12.618,0
orange_pos_002029_20260510_222636_335.png,80,20,104.045,1
orange_pos_002029_20260510_222636_335.png,100,20,17.859,0
orange_pos_002029_20260510_222636_335.png,120,20,0.614,0
orange_pos_002029_20260510_222636_335.png,140,20,1.049,0
orange_pos_002029_20260510_222636_335.png,0,40,0.769,0
orange_pos_002029_20260510_222636_335.png,20,40,0.614,0
orange_pos_002029_20260510_222636_335.png,40,40,8.510,0
orange_pos_002029_20260510_222636_335.png,60,40,30.492,0
orange_pos_002029_20260510_222636_335.png,80,40,214.838,1
orange_pos_002029_20260510_222636_335.png,100,40,49.499,0
orange_pos_002029_20260510_222636_335.png,120,40,0.614,0
orange_pos_002029_20260510_222636_335.png,140,40,2.720,0
orange_pos_002029_20260510_222636_335.png,0,60,0.838,0
orange_pos_002029_20260510_222636_335.png,20,60,0.614,0
orange_pos_002029_20260510_222636_335.png,40,60,7.382,0
orange_pos_002029_20260510_222636_335.png,60,60,5.972,0
orange_pos_002029_20260510_222636_335.png,80,60,0.616,0
orange_pos_002029_20260510_222636_335.png,100,60,0.614,0
orange_pos_002029_20260510_222636_335.png,120,60,0.752,0
orange_pos_002029_20260510_222636_335.png,140,60,0.968,0
orange_pos_002029_20260510_222636_335.png,0,80,0.794,0
orange_pos_002029_20260510_222636_335.png,20,80,0.614,0
orange_pos_002029_20260510_222636_335.png,40,80,8.998,0
orange_pos_002029_20260510_222636_335.png,60,80,6.507,0
orange_pos_002029_20260510_222636_335.png,80,80,0.688,0
orange_pos_002029_20260510_222636_335.png,100,80,1.550,0
orange_pos_002029_20260510_222636_335.png,120,80,2.124,0
orange_pos_002029_20260510_222636_335.png,140,80,3.285,0
orange_pos_002029_20260510_222636_335.png,0,100,0.614,0
orange_pos_002029_20260510_222636_335.png,20,100,0.830,0
orange_pos_002029_20260510_222636_335.png,40,100,2.400,0
orange_pos_002029_20260510_222636_335.png,60,100,1.813,0
orange_pos_002029_20260510_222636_335.png,80,100,0.776,0
orange_pos_002029_20260510_222636_335.png,100,100,0.615,0
orange_pos_002029_20260510_222636_335.png,120,100,0.618,0
orange_pos_002029_20260510_222636_335.png,140,100,0.614,0
orange_pos_002030_20260510_222636_695.png,0,0,15.506,0
orange_pos_002030_20260510_222636_695.png,20,0,0.614,0
orange_pos_002030_20260510_222636_695.png,40,0,2.917,0
orange_pos_002030_20260510_222636_695.png,60,0,5.898,0
orange_pos_002030_20260510_222636_695.png,80,0,3.128,0
orange_pos_002030_20260510_222636_695.png,100,0,0.632,0
orange_pos_002030_20260510_222636_695.png,120,0,0.614,0
orange_pos_002030_20260510_222636_695.png,140,0,0.614,0
orange_pos_002030_20260510_222636_695.png,0,20,15.886,0
orange_pos_002030_20260510_222636_695.png,20,20,0.614,0
orange_pos_002030_20260510_222636_695.png,40,20,1.284,0
orange_pos_002030_20260510_222636_695.png,60,20,12.618,0
orange_pos_002030_20260510_222636_695.png,80,20,104.045,1
orange_pos_002030_20260510_222636_695.png,100,20,17.859,0
orange_pos_002030_20260510_222636_695.png,120,20,0.614,0
orange_pos_002030_20260510_222636_695.png,140,20,1.049,0
orange_pos_002030_20260510_222636_695.png,0,40,0.769,0
orange_pos_002030_20260510_222636_695.png,20,40,0.614,0
orange_pos_002030_20260510_222636_695.png,40,40,8.510,0
orange_pos_002030_20260510_222636_695.png,60,40,30.492,0
orange_pos_002030_20260510_222636_695.png,80,40,214.838,1
orange_pos_002030_20260510_222636_695.png,100,40,49.499,0
orange_pos_002030_20260510_222636_695.png,120,40,0.614,0
orange_pos_002030_20260510_222636_695.png,140,40,2.720,0
orange_pos_002030_20260510_222636_695.png,0,60,0.838,0
orange_pos_002030_20260510_222636_695.png,20,60,0.614,0
orange_pos_002030_20260510_222636_695.png,40,60,7.382,0
orange_pos_002030_20260510_222636_695.png,60,60,5.972,0
orange_pos_002030_20260510_222636_695.png,80,60,0.616,0
orange_pos_002030_20260510_222636_695.png,100,60,0.614,0
orange_pos_002030_20260510_222636_695.png,120,60,0.752,0
orange_pos_002030_20260510_222636_695.png,140,60,0.968,0
orange_pos_002030_20260510_222636_695.png,0,80,0.794,0
orange_pos_002030_20260510_222636_695.png,20,80,0.614,0
orange_pos_002030_20260510_222636_695.png,40,80,8.998,0
orange_pos_002030_20260510_222636_695.png,60,80,6.507,0
orange_pos_002030_20260510_222636_695.png,80,80,0.688,0
orange_pos_002030_20260510_222636_695.png,100,80,1.550,0
orange_pos_002030_20260510_222636_695.png,120,80,2.124,0
orange_pos_002030_20260510_222636_695.png,140,80,3.285,0
orange_pos_002030_20260510_222636_695.png,0,100,0.614,0
orange_pos_002030_20260510_222636_695.png,20,100,0.830,0
orange_pos_002030_20260510_222636_695.png,40,100,2.400,0
orange_pos_002030_20260510_222636_695.png,60,100,1.813,0
orange_pos_002030_20260510_222636_695.png,80,100,0.776,0
orange_pos_002030_20260510_222636_695.png,100,100,0.615,0
orange_pos_002030_20260510_222636_695.png,120,100,0.618,0
orange_pos_002030_20260510_222636_695.png,140,100,0.614,0
orange_pos_002031_20260510_222638_190.png,0,0,52.538,0
orange_pos_002031_20260510_222638_190.png,20,0,3.713,0
orange_pos_002031_20260510_222638_190.png,40,0,32.175,0
orange_pos_002031_20260510_222638_190.png,60,0,60.894,0
orange_pos_002031_20260510_222638_190.png,80,0,199.789,1
orange_pos_002031_20260510_222638_190.png,100,0,113.076,1
orange_pos_002031_20260510_222638_190.png,120,0,41.870,0
orange_pos_002031_20260510_222638_190.png,140,0,43.557,0
orange_pos_002031_20260510_222638_190.png,0,20,35.366,0
orange_pos_002031_20260510_222638_190.png,20,20,3.091,0
orange_pos_002031_20260510_222638_190.png,40,20,7.108,0
orange_pos_002031_20260510_222638_190.png,60,20,49.733,0
orange_pos_002031_20260510_222638_190.png,80,20,80.526,1
orange_pos_002031_20260510_222638_190.png,100,20,36.700,0
orange_pos_002031_20260510_222638_190.png,120,20,20.941,0
orange_pos_002031_20260510_222638_190.png,140,20,46.588,0
orange_pos_002031_20260510_222638_190.png,0,40,1.813,0
orange_pos_002031_20260510_222638_190.png,20,40,0.928,0
orange_pos_002031_20260510_222638_190.png,40,40,30.497,0
orange_pos_002031_20260510_222638_190.png,60,40,31.503,0
orange_pos_002031_20260510_222638_190.png,80,40,1.581,0
orange_pos_002031_20260510_222638_190.png,100,40,0.749,0
orange_pos_002031_20260510_222638_190.png,120,40,0.959,0
orange_pos_002031_20260510_222638_190.png,140,40,23.374,0
orange_pos_002031_20260510_222638_190.png,0,60,2.108,0
orange_pos_002031_20260510_222638_190.png,20,60,1.640,0
orange_pos_002031_20260510_222638_190.png,40,60,43.384,0
orange_pos_002031_20260510_222638_190.png,60,60,39.043,0
orange_pos_002031_20260510_222638_190.png,80,60,5.311,0
orange_pos_002031_20260510_222638_190.png,100,60,4.071,0
orange_pos_002031_20260510_222638_190.png,120,60,9.805,0
orange_pos_002031_20260510_222638_190.png,140,60,33.541,0
orange_pos_002031_20260510_222638_190.png,0,80,5.517,0
orange_pos_002031_20260510_222638_190.png,20,80,3.243,0
orange_pos_002031_20260510_222638_190.png,40,80,53.890,0
orange_pos_002031_20260510_222638_190.png,60,80,38.996,0
orange_pos_002031_20260510_222638_190.png,80,80,11.249,0
orange_pos_002031_20260510_222638_190.png,100,80,19.289,0
orange_pos_002031_20260510_222638_190.png,120,80,29.881,0
orange_pos_002031_20260510_222638_190.png,140,80,43.840,0
orange_pos_002031_20260510_222638_190.png,0,100,1.304,0
orange_pos_002031_20260510_222638_190.png,20,100,5.884,0
orange_pos_002031_20260510_222638_190.png,40,100,41.609,0
orange_pos_002031_20260510_222638_190.png,60,100,27.329,0
orange_pos_002031_20260510_222638_190.png,80,100,13.345,0
orange_pos_002031_20260510_222638_190.png,100,100,16.921,0
orange_pos_002031_20260510_222638_190.png,120,100,19.058,0
orange_pos_002031_20260510_222638_190.png,140,100,28.923,0
orange_pos_002033_20260510_222640_889.png,0,0,63.512,0
orange_pos_002033_20260510_222640_889.png,20,0,5.584,0
orange_pos_002033_20260510_222640_889.png,40,0,35.037,0
orange_pos_002033_20260510_222640_889.png,60,0,59.005,0
orange_pos_002033_20260510_222640_889.png,80,0,45.090,0
orange_pos_002033_20260510_222640_889.png,100,0,31.483,0
orange_pos_002033_20260510_222640_889.png,120,0,33.465,0
orange_pos_002033_20260510_222640_889.png,140,0,37.721,0
orange_pos_002033_20260510_222640_889.png,0,20,43.653,0
orange_pos_002033_20260510_222640_889.png,20,20,6.073,0
orange_pos_002033_20260510_222640_889.png,40,20,8.967,0
orange_pos_002033_20260510_222640_889.png,60,20,52.765,0
orange_pos_002033_20260510_222640_889.png,80,20,17.980,0
orange_pos_002033_20260510_222640_889.png,100,20,3.607,0
orange_pos_002033_20260510_222640_889.png,120,20,31.958,0
orange_pos_002033_20260510_222640_889.png,140,20,71.898,1
orange_pos_002033_20260510_222640_889.png,0,40,2.206,0
orange_pos_002033_20260510_222640_889.png,20,40,5.447,0
orange_pos_002033_20260510_222640_889.png,40,40,41.256,0
orange_pos_002033_20260510_222640_889.png,60,40,41.226,0
orange_pos_002033_20260510_222640_889.png,80,40,2.470,0
orange_pos_002033_20260510_222640_889.png,100,40,0.615,0
orange_pos_002033_20260510_222640_889.png,120,40,55.959,0
orange_pos_002033_20260510_222640_889.png,140,40,74.138,1
orange_pos_002033_20260510_222640_889.png,0,60,3.583,0
orange_pos_002033_20260510_222640_889.png,20,60,4.535,0
orange_pos_002033_20260510_222640_889.png,40,60,61.063,0
orange_pos_002033_20260510_222640_889.png,60,60,50.122,0
orange_pos_002033_20260510_222640_889.png,80,60,13.939,0
orange_pos_002033_20260510_222640_889.png,100,60,8.869,0
orange_pos_002033_20260510_222640_889.png,120,60,25.497,0
orange_pos_002033_20260510_222640_889.png,140,60,52.866,0
orange_pos_002033_20260510_222640_889.png,0,80,6.229,0
orange_pos_002033_20260510_222640_889.png,20,80,2.484,0
orange_pos_002033_20260510_222640_889.png,40,80,52.973,0
orange_pos_002033_20260510_222640_889.png,60,80,39.014,0
orange_pos_002033_20260510_222640_889.png,80,80,14.865,0
orange_pos_002033_20260510_222640_889.png,100,80,21.977,0
orange_pos_002033_20260510_222640_889.png,120,80,31.541,0
orange_pos_002033_20260510_222640_889.png,140,80,44.219,0
orange_pos_002033_20260510_222640_889.png,0,100,1.841,0
orange_pos_002033_20260510_222640_889.png,20,100,8.195,0
orange_pos_002033_20260510_222640_889.png,40,100,57.531,0
orange_pos_002033_20260510_222640_889.png,60,100,41.954,0
orange_pos_002033_20260510_222640_889.png,80,100,25.078,0
orange_pos_002033_20260510_222640_889.png,100,100,29.778,0
orange_pos_002033_20260510_222640_889.png,120,100,36.307,0
orange_pos_002033_20260510_222640_889.png,140,100,45.636,0
orange_pos_002034_20260510_222642_840.png,0,0,48.742,0
orange_pos_002034_20260510_222642_840.png,20,0,2.288,0
orange_pos_002034_20260510_222642_840.png,40,0,26.087,0
orange_pos_002034_20260510_222642_840.png,60,0,49.015,0
orange_pos_002034_20260510_222642_840.png,80,0,31.982,0
orange_pos_002034_20260510_222642_840.png,100,0,19.685,0
orange_pos_002034_20260510_222642_840.png,120,0,20.376,0
orange_pos_002034_20260510_222642_840.png,140,0,28.328,0
orange_pos_002034_20260510_222642_840.png,0,20,30.772,0
orange_pos_002034_20260510_222642_840.png,20,20,0.919,0
orange_pos_002034_20260510_222642_840.png,40,20,4.339,0
orange_pos_002034_20260510_222642_840.png,60,20,29.976,0
orange_pos_002034_20260510_222642_840.png,80,20,7.374,0
orange_pos_002034_20260510_222642_840.png,100,20,0.655,0
orange_pos_002034_20260510_222642_840.png,120,20,3.750,0
orange_pos_002034_20260510_222642_840.png,140,20,20.675,0
orange_pos_002034_20260510_222642_840.png,0,40,1.619,0
orange_pos_002034_20260510_222642_840.png,20,40,1.892,0
orange_pos_002034_20260510_222642_840.png,40,40,25.706,0
orange_pos_002034_20260510_222642_840.png,60,40,26.541,0
orange_pos_002034_20260510_222642_840.png,80,40,1.098,0
orange_pos_002034_20260510_222642_840.png,100,40,0.712,0
orange_pos_002034_20260510_222642_840.png,120,40,2.699,0
orange_pos_002034_20260510_222642_840.png,140,40,16.087,0
orange_pos_002034_20260510_222642_840.png,0,60,1.604,0
orange_pos_002034_20260510_222642_840.png,20,60,0.614,0
orange_pos_002034_20260510_222642_840.png,40,60,30.363,0
orange_pos_002034_20260510_222642_840.png,60,60,25.651,0
orange_pos_002034_20260510_222642_840.png,80,60,4.341,0
orange_pos_002034_20260510_222642_840.png,100,60,84.712,1
orange_pos_002034_20260510_222642_840.png,120,60,23.039,0
orange_pos_002034_20260510_222642_840.png,140,60,13.087,0
orange_pos_002034_20260510_222642_840.png,0,80,2.149,0
orange_pos_002034_20260510_222642_840.png,20,80,2.001,0
orange_pos_002034_20260510_222642_840.png,40,80,36.532,0
orange_pos_002034_20260510_222642_840.png,60,80,24.952,0
orange_pos_002034_20260510_222642_840.png,80,80,12.578,0
orange_pos_002034_20260510_222642_840.png,100,80,172.799,1
orange_pos_002034_20260510_222642_840.png,120,80,58.690,0
orange_pos_002034_20260510_222642_840.png,140,80,16.881,0
orange_pos_002034_20260510_222642_840.png,0,100,0.724,0
orange_pos_002034_20260510_222642_840.png,20,100,2.631,0
orange_pos_002034_20260510_222642_840.png,40,100,13.601,0
orange_pos_002034_20260510_222642_840.png,60,100,7.225,0
orange_pos_002034_20260510_222642_840.png,80,100,2.369,0
orange_pos_002034_20260510_222642_840.png,100,100,2.570,0
orange_pos_002034_20260510_222642_840.png,120,100,3.782,0
orange_pos_002034_20260510_222642_840.png,140,100,4.626,0
orange_pos_002035_20260510_222643_217.png,0,0,48.742,0
orange_pos_002035_20260510_222643_217.png,20,0,2.288,0
orange_pos_002035_20260510_222643_217.png,40,0,26.087,0
orange_pos_002035_20260510_222643_217.png,60,0,49.015,0
orange_pos_002035_20260510_222643_217.png,80,0,31.982,0
orange_pos_002035_20260510_222643_217.png,100,0,19.685,0
orange_pos_002035_20260510_222643_217.png,120,0,20.376,0
orange_pos_002035_20260510_222643_217.png,140,0,28.328,0
orange_pos_002035_20260510_222643_217.png,0,20,30.772,0
orange_pos_002035_20260510_222643_217.png,20,20,0.919,0
orange_pos_002035_20260510_222643_217.png,40,20,4.339,0
orange_pos_002035_20260510_222643_217.png,60,20,29.976,0
orange_pos_002035_20260510_222643_217.png,80,20,7.374,0
orange_pos_002035_20260510_222643_217.png,100,20,0.655,0
orange_pos_002035_20260510_222643_217.png,120,20,3.750,0
orange_pos_002035_20260510_222643_217.png,140,20,20.675,0
orange_pos_002035_20260510_222643_217.png,0,40,1.619,0
orange_pos_002035_20260510_222643_217.png,20,40,1.892,0
orange_pos_002035_20260510_222643_217.png,40,40,25.706,0
orange_pos_002035_20260510_222643_217.png,60,40,26.541,0
orange_pos_002035_20260510_222643_217.png,80,40,1.098,0
orange_pos_002035_20260510_222643_217.png,100,40,0.712,0
orange_pos_002035_20260510_222643_217.png,120,40,2.699,0
orange_pos_002035_20260510_222643_217.png,140,40,16.087,0
orange_pos_002035_20260510_222643_217.png,0,60,1.604,0
orange_pos_002035_20260510_222643_217.png,20,60,0.614,0
orange_pos_002035_20260510_222643_217.png,40,60,30.363,0
orange_pos_002035_20260510_222643_217.png,60,60,25.651,0
orange_pos_002035_20260510_222643_217.png,80,60,4.341,0
orange_pos_002035_20260510_222643_217.png,100,60,84.712,1
orange_pos_002035_20260510_222643_217.png,120,60,23.039,0
orange_pos_002035_20260510_222643_217.png,140,60,13.087,0
orange_pos_002035_20260510_222643_217.png,0,80,2.149,0
orange_pos_002035_20260510_222643_217.png,20,80,2.001,0
orange_pos_002035_20260510_222643_217.png,40,80,36.532,0
orange_pos_002035_20260510_222643_217.png,60,80,24.952,0
orange_pos_002035_20260510_222643_217.png,80,80,12.578,0
orange_pos_002035_20260510_222643_217.png,100,80,172.799,1
orange_pos_002035_20260510_222643_217.png,120,80,58.690,0
orange_pos_002035_20260510_222643_217.png,140,80,16.881,0
orange_pos_002035_20260510_222643_217.png,0,100,0.724,0
orange_pos_002035_20260510_222643_217.png,20,100,2.631,0
orange_pos_002035_20260510_222643_217.png,40,100,13.601,0
orange_pos_002035_20260510_222643_217.png,60,100,7.225,0
orange_pos_002035_20260510_222643_217.png,80,100,2.369,0
orange_pos_002035_20260510_222643_217.png,100,100,2.570,0
orange_pos_002035_20260510_222643_217.png,120,100,3.782,0
orange_pos_002035_20260510_222643_217.png,140,100,4.626,0
orange_pos_002036_20260510_222645_071.png,0,0,38.257,0
orange_pos_002036_20260510_222645_071.png,20,0,3.217,0
orange_pos_002036_20260510_222645_071.png,40,0,17.117,0
orange_pos_002036_20260510_222645_071.png,60,0,30.196,0
orange_pos_002036_20260510_222645_071.png,80,0,17.984,0
orange_pos_002036_20260510_222645_071.png,100,0,9.930,0
orange_pos_002036_20260510_222645_071.png,120,0,10.018,0
orange_pos_002036_20260510_222645_071.png,140,0,14.155,0
orange_pos_002036_20260510_222645_071.png,0,20,26.220,0
orange_pos_002036_20260510_222645_071.png,20,20,0.912,0
orange_pos_002036_20260510_222645_071.png,40,20,2.466,0
orange_pos_002036_20260510_222645_071.png,60,20,19.999,0
orange_pos_002036_20260510_222645_071.png,80,20,4.257,0
orange_pos_002036_20260510_222645_071.png,100,20,0.614,0
orange_pos_002036_20260510_222645_071.png,120,20,1.831,0
orange_pos_002036_20260510_222645_071.png,140,20,8.890,0
orange_pos_002036_20260510_222645_071.png,0,40,0.813,0
orange_pos_002036_20260510_222645_071.png,20,40,0.614,0
orange_pos_002036_20260510_222645_071.png,40,40,19.741,0
orange_pos_002036_20260510_222645_071.png,60,40,19.803,0
orange_pos_002036_20260510_222645_071.png,80,40,0.614,0
orange_pos_002036_20260510_222645_071.png,100,40,0.650,0
orange_pos_002036_20260510_222645_071.png,120,40,0.614,0
orange_pos_002036_20260510_222645_071.png,140,40,5.266,0
orange_pos_002036_20260510_222645_071.png,0,60,1.399,0
orange_pos_002036_20260510_222645_071.png,20,60,0.654,0
orange_pos_002036_20260510_222645_071.png,40,60,23.165,0
orange_pos_002036_20260510_222645_071.png,60,60,16.027,0
orange_pos_002036_20260510_222645_071.png,80,60,1.048,0
orange_pos_002036_20260510_222645_071.png,100,60,0.751,0
orange_pos_002036_20260510_222645_071.png,120,60,0.625,0
orange_pos_002036_20260510_222645_071.png,140,60,5.234,0
orange_pos_002036_20260510_222645_071.png,0,80,1.626,0
orange_pos_002036_20260510_222645_071.png,20,80,0.689,0
orange_pos_002036_20260510_222645_071.png,40,80,28.345,0
orange_pos_002036_20260510_222645_071.png,60,80,43.229,0
orange_pos_002036_20260510_222645_071.png,80,80,189.882,1
orange_pos_002036_20260510_222645_071.png,100,80,41.234,0
orange_pos_002036_20260510_222645_071.png,120,80,1.247,0
orange_pos_002036_20260510_222645_071.png,140,80,16.865,0
orange_pos_002036_20260510_222645_071.png,0,100,1.094,0
orange_pos_002036_20260510_222645_071.png,20,100,3.611,0
orange_pos_002036_20260510_222645_071.png,40,100,25.827,0
orange_pos_002036_20260510_222645_071.png,60,100,39.776,0
orange_pos_002036_20260510_222645_071.png,80,100,180.970,1
orange_pos_002036_20260510_222645_071.png,100,100,36.972,0
orange_pos_002036_20260510_222645_071.png,120,100,7.128,0
orange_pos_002036_20260510_222645_071.png,140,100,13.796,0
orange_pos_002037_20260510_222645_441.png,0,0,38.257,0
orange_pos_002037_20260510_222645_441.png,20,0,3.217,0
orange_pos_002037_20260510_222645_441.png,40,0,17.117,0
orange_pos_002037_20260510_222645_441.png,60,0,30.196,0
orange_pos_002037_20260510_222645_441.png,80,0,17.984,0
orange_pos_002037_20260510_222645_441.png,100,0,9.930,0
orange_pos_002037_20260510_222645_441.png,120,0,10.018,0
orange_pos_002037_20260510_222645_441.png,140,0,14.155,0
orange_pos_002037_20260510_222645_441.png,0,20,26.220,0
orange_pos_002037_20260510_222645_441.png,20,20,0.912,0
orange_pos_002037_20260510_222645_441.png,40,20,2.466,0
orange_pos_002037_20260510_222645_441.png,60,20,19.999,0
orange_pos_002037_20260510_222645_441.png,80,20,4.257,0
orange_pos_002037_20260510_222645_441.png,100,20,0.614,0
orange_pos_002037_20260510_222645_441.png,120,20,1.831,0
orange_pos_002037_20260510_222645_441.png,140,20,8.890,0
orange_pos_002037_20260510_222645_441.png,0,40,0.813,0
orange_pos_002037_20260510_222645_441.png,20,40,0.614,0
orange_pos_002037_20260510_222645_441.png,40,40,19.741,0
orange_pos_002037_20260510_222645_441.png,60,40,19.803,0
orange_pos_002037_20260510_222645_441.png,80,40,0.614,0
orange_pos_002037_20260510_222645_441.png,100,40,0.650,0
orange_pos_002037_20260510_222645_441.png,120,40,0.614,0
orange_pos_002037_20260510_222645_441.png,140,40,5.266,0
orange_pos_002037_20260510_222645_441.png,0,60,1.399,0
orange_pos_002037_20260510_222645_441.png,20,60,0.654,0
orange_pos_002037_20260510_222645_441.png,40,60,23.165,0
orange_pos_002037_20260510_222645_441.png,60,60,16.027,0
orange_pos_002037_20260510_222645_441.png,80,60,1.048,0
orange_pos_002037_20260510_222645_441.png,100,60,0.751,0
orange_pos_002037_20260510_222645_441.png,120,60,0.625,0
orange_pos_002037_20260510_222645_441.png,140,60,5.234,0
orange_pos_002037_20260510_222645_441.png,0,80,1.626,0
orange_pos_002037_20260510_222645_441.png,20,80,0.689,0
orange_pos_002037_20260510_222645_441.png,40,80,28.345,0
orange_pos_002037_20260510_222645_441.png,60,80,43.229,0
orange_pos_002037_20260510_222645_441.png,80,80,189.882,1
orange_pos_002037_20260510_222645_441.png,100,80,41.234,0
orange_pos_002037_20260510_222645_441.png,120,80,1.247,0
orange_pos_002037_20260510_222645_441.png,140,80,16.865,0
orange_pos_002037_20260510_222645_441.png,0,100,1.094,0
orange_pos_002037_20260510_222645_441.png,20,100,3.611,0
orange_pos_002037_20260510_222645_441.png,40,100,25.827,0
orange_pos_002037_20260510_222645_441.png,60,100,39.776,0
orange_pos_002037_20260510_222645_441.png,80,100,180.970,1
orange_pos_002037_20260510_222645_441.png,100,100,36.972,0
orange_pos_002037_20260510_222645_441.png,120,100,7.128,0
orange_pos_002037_20260510_222645_441.png,140,100,13.796,0
orange_pos_002038_20260510_222647_668.png,0,0,23.615,0
orange_pos_002038_20260510_222647_668.png,20,0,0.614,0
orange_pos_002038_20260510_222647_668.png,40,0,10.586,0
orange_pos_002038_20260510_222647_668.png,60,0,18.275,0
orange_pos_002038_20260510_222647_668.png,80,0,11.201,0
orange_pos_002038_20260510_222647_668.png,100,0,5.871,0
orange_pos_002038_20260510_222647_668.png,120,0,4.177,0
orange_pos_002038_20260510_222647_668.png,140,0,2.172,0
orange_pos_002038_20260510_222647_668.png,0,20,17.663,0
orange_pos_002038_20260510_222647_668.png,20,20,0.614,0
orange_pos_002038_20260510_222647_668.png,40,20,2.826,0
orange_pos_002038_20260510_222647_668.png,60,20,10.295,0
orange_pos_002038_20260510_222647_668.png,80,20,2.715,0
orange_pos_002038_20260510_222647_668.png,100,20,1.009,0
orange_pos_002038_20260510_222647_668.png,120,20,0.958,0
orange_pos_002038_20260510_222647_668.png,140,20,2.372,0
orange_pos_002038_20260510_222647_668.png,0,40,0.869,0
orange_pos_002038_20260510_222647_668.png,20,40,0.614,0
orange_pos_002038_20260510_222647_668.png,40,40,54.164,0
orange_pos_002038_20260510_222647_668.png,60,40,59.476,0
orange_pos_002038_20260510_222647_668.png,80,40,1.721,0
orange_pos_002038_20260510_222647_668.png,100,40,0.614,0
orange_pos_002038_20260510_222647_668.png,120,40,1.726,0
orange_pos_002038_20260510_222647_668.png,140,40,8.986,0
orange_pos_002038_20260510_222647_668.png,0,60,1.016,0
orange_pos_002038_20260510_222647_668.png,20,60,0.614,0
orange_pos_002038_20260510_222647_668.png,40,60,255.000,1
orange_pos_002038_20260510_222647_668.png,60,60,255.000,1
orange_pos_002038_20260510_222647_668.png,80,60,1.588,0
orange_pos_002038_20260510_222647_668.png,100,60,1.177,0
orange_pos_002038_20260510_222647_668.png,120,60,4.595,0
orange_pos_002038_20260510_222647_668.png,140,60,9.769,0
orange_pos_002038_20260510_222647_668.png,0,80,0.720,0
orange_pos_002038_20260510_222647_668.png,20,80,0.674,0
orange_pos_002038_20260510_222647_668.png,40,80,65.592,1
orange_pos_002038_20260510_222647_668.png,60,80,59.958,0
orange_pos_002038_20260510_222647_668.png,80,80,0.704,0
orange_pos_002038_20260510_222647_668.png,100,80,0.969,0
orange_pos_002038_20260510_222647_668.png,120,80,3.277,0
orange_pos_002038_20260510_222647_668.png,140,80,5.637,0
orange_pos_002038_20260510_222647_668.png,0,100,0.770,0
orange_pos_002038_20260510_222647_668.png,20,100,2.023,0
orange_pos_002038_20260510_222647_668.png,40,100,15.768,0
orange_pos_002038_20260510_222647_668.png,60,100,9.289,0
orange_pos_002038_20260510_222647_668.png,80,100,2.100,0
orange_pos_002038_20260510_222647_668.png,100,100,3.273,0
orange_pos_002038_20260510_222647_668.png,120,100,5.265,0
orange_pos_002038_20260510_222647_668.png,140,100,9.421,0
orange_pos_002039_20260510_222649_719.png,0,0,48.733,0
orange_pos_002039_20260510_222649_719.png,20,0,0.756,0
orange_pos_002039_20260510_222649_719.png,40,0,31.772,0
orange_pos_002039_20260510_222649_719.png,60,0,59.081,0
orange_pos_002039_20260510_222649_719.png,80,0,35.167,0
orange_pos_002039_20260510_222649_719.png,100,0,21.791,0
orange_pos_002039_20260510_222649_719.png,120,0,24.496,0
orange_pos_002039_20260510_222649_719.png,140,0,7.598,0
orange_pos_002039_20260510_222649_719.png,0,20,27.911,0
orange_pos_002039_20260510_222649_719.png,20,20,0.762,0
orange_pos_002039_20260510_222649_719.png,40,20,5.449,0
orange_pos_002039_20260510_222649_719.png,60,20,192.610,1
orange_pos_002039_20260510_222649_719.png,80,20,191.591,1
orange_pos_002039_20260510_222649_719.png,100,20,13.544,0
orange_pos_002039_20260510_222649_719.png,120,20,22.850,0
orange_pos_002039_20260510_222649_719.png,140,20,33.450,0
orange_pos_002039_20260510_222649_719.png,0,40,2.362,0
orange_pos_002039_20260510_222649_719.png,20,40,1.553,0
orange_pos_002039_20260510_222649_719.png,40,40,37.604,0
orange_pos_002039_20260510_222649_719.png,60,40,134.140,1
orange_pos_002039_20260510_222649_719.png,80,40,116.593,1
orange_pos_002039_20260510_222649_719.png,100,40,15.875,0
orange_pos_002039_20260510_222649_719.png,120,40,15.305,0
orange_pos_002039_20260510_222649_719.png,140,40,34.617,0
orange_pos_002039_20260510_222649_719.png,0,60,1.886,0
orange_pos_002039_20260510_222649_719.png,20,60,0.734,0
orange_pos_002039_20260510_222649_719.png,40,60,41.980,0
orange_pos_002039_20260510_222649_719.png,60,60,35.464,0
orange_pos_002039_20260510_222649_719.png,80,60,5.211,0
orange_pos_002039_20260510_222649_719.png,100,60,1.949,0
orange_pos_002039_20260510_222649_719.png,120,60,9.413,0
orange_pos_002039_20260510_222649_719.png,140,60,28.161,0
orange_pos_002039_20260510_222649_719.png,0,80,3.828,0
orange_pos_002039_20260510_222649_719.png,20,80,1.049,0
orange_pos_002039_20260510_222649_719.png,40,80,48.204,0
orange_pos_002039_20260510_222649_719.png,60,80,35.131,0
orange_pos_002039_20260510_222649_719.png,80,80,8.888,0
orange_pos_002039_20260510_222649_719.png,100,80,16.136,0
orange_pos_002039_20260510_222649_719.png,120,80,24.544,0
orange_pos_002039_20260510_222649_719.png,140,80,38.593,0
orange_pos_002039_20260510_222649_719.png,0,100,1.642,0
orange_pos_002039_20260510_222649_719.png,20,100,7.562,0
orange_pos_002039_20260510_222649_719.png,40,100,51.178,0
orange_pos_002039_20260510_222649_719.png,60,100,34.118,0
orange_pos_002039_20260510_222649_719.png,80,100,16.171,0
orange_pos_002039_20260510_222649_719.png,100,100,21.050,0
orange_pos_002039_20260510_222649_719.png,120,100,29.452,0
orange_pos_002039_20260510_222649_719.png,140,100,36.118,0
orange_pos_002040_20260510_222650_094.png,0,0,48.733,0
orange_pos_002040_20260510_222650_094.png,20,0,0.756,0
orange_pos_002040_20260510_222650_094.png,40,0,31.772,0
orange_pos_002040_20260510_222650_094.png,60,0,59.081,0
orange_pos_002040_20260510_222650_094.png,80,0,35.167,0
orange_pos_002040_20260510_222650_094.png,100,0,21.791,0
orange_pos_002040_20260510_222650_094.png,120,0,24.496,0
orange_pos_002040_20260510_222650_094.png,140,0,7.598,0
orange_pos_002040_20260510_222650_094.png,0,20,27.911,0
orange_pos_002040_20260510_222650_094.png,20,20,0.762,0
orange_pos_002040_20260510_222650_094.png,40,20,5.449,0
orange_pos_002040_20260510_222650_094.png,60,20,192.610,1
orange_pos_002040_20260510_222650_094.png,80,20,191.591,1
orange_pos_002040_20260510_222650_094.png,100,20,13.544,0
orange_pos_002040_20260510_222650_094.png,120,20,22.850,0
orange_pos_002040_20260510_222650_094.png,140,20,33.450,0
orange_pos_002040_20260510_222650_094.png,0,40,2.362,0
orange_pos_002040_20260510_222650_094.png,20,40,1.553,0
orange_pos_002040_20260510_222650_094.png,40,40,37.604,0
orange_pos_002040_20260510_222650_094.png,60,40,134.140,1
orange_pos_002040_20260510_222650_094.png,80,40,116.593,1
orange_pos_002040_20260510_222650_094.png,100,40,15.875,0
orange_pos_002040_20260510_222650_094.png,120,40,15.305,0
orange_pos_002040_20260510_222650_094.png,140,40,34.617,0
orange_pos_002040_20260510_222650_094.png,0,60,1.886,0
orange_pos_002040_20260510_222650_094.png,20,60,0.734,0
orange_pos_002040_20260510_222650_094.png,40,60,41.980,0
orange_pos_002040_20260510_222650_094.png,60,60,35.464,0
orange_pos_002040_20260510_222650_094.png,80,60,5.211,0
orange_pos_002040_20260510_222650_094.png,100,60,1.949,0
orange_pos_002040_20260510_222650_094.png,120,60,9.413,0
orange_pos_002040_20260510_222650_094.png,140,60,28.161,0
orange_pos_002040_20260510_222650_094.png,0,80,3.828,0
orange_pos_002040_20260510_222650_094.png,20,80,1.049,0
orange_pos_002040_20260510_222650_094.png,40,80,48.204,0
orange_pos_002040_20260510_222650_094.png,60,80,35.131,0
orange_pos_002040_20260510_222650_094.png,80,80,8.888,0
orange_pos_002040_20260510_222650_094.png,100,80,16.136,0
orange_pos_002040_20260510_222650_094.png,120,80,24.544,0
orange_pos_002040_20260510_222650_094.png,140,80,38.593,0
orange_pos_002040_20260510_222650_094.png,0,100,1.642,0
orange_pos_002040_20260510_222650_094.png,20,100,7.562,0
orange_pos_002040_20260510_222650_094.png,40,100,51.178,0
orange_pos_002040_20260510_222650_094.png,60,100,34.118,0
orange_pos_002040_20260510_222650_094.png,80,100,16.171,0
orange_pos_002040_20260510_222650_094.png,100,100,21.050,0
orange_pos_002040_20260510_222650_094.png,120,100,29.452,0
orange_pos_002040_20260510_222650_094.png,140,100,36.118,0
