
           Lattice Mapping Report File for Design Module 'fpga_top'


Design Information
------------------

Command line:   map -a ECP5U -p LFE5U-25F -t CABGA256 -s 6 -oc Commercial
     capclean_impl1.ngd -o capclean_impl1_map.ncd -pr capclean_impl1.prf -mp
     capclean_impl1.mrp -lpf C:/Users/kunsh/Desktop/AiCamera/Lattice
     Diamond/recording/_capture_clean_build/impl1/capclean_impl1.lpf -lpf
     C:/Users/kunsh/Desktop/AiCamera/Lattice Diamond/recording/record.lpf 
Target Vendor:  LATTICE
Target Device:  LFE5U-25FCABGA256
Target Performance:   6
Mapper:  sa5p00,  version:  Diamond (64-bit) 3.14.0.75.2
Mapped on:  05/15/26  05:52:38

Design Summary
--------------

   Number of registers:   6806 out of 24879 (27%)
      PFU registers:         6806 out of 24288 (28%)
      PIO registers:            0 out of   591 (0%)
   Number of SLICEs:      6625 out of 12144 (55%)
      SLICEs as Logic/ROM:   6625 out of 12144 (55%)
      SLICEs as RAM:            0 out of  9108 (0%)
      SLICEs as Carry:        519 out of 12144 (4%)
   Number of LUT4s:        6896 out of 24288 (28%)
      Number used as logic LUTs:        5858
      Number used as distributed RAM:     0
      Number used as ripple logic:      1038
      Number used as shift registers:     0
   Number of PIO sites used: 70 out of 197 (36%)
   Number of block RAMs:  34 out of 56 (61%)
   Number of GSRs:  0 out of 1 (0%)
   JTAG used :      No
   Readback used :  No
   Oscillator used :  No
   Startup used :   No
   DTR used :   No
   Number of Dynamic Bank Controller (BCINRD):  0 out of 4 (0%)
   Number of Dynamic Bank Controller (BCLVDSOB):  0 out of 4 (0%)
   Number of DCC:  0 out of 60 (0%)
   Number of DCS:  0 out of 2 (0%)
   Number of PLLs:  0 out of 2 (0%)
   Number of DDRDLLs:  0 out of 4 (0%)
   Number of CLKDIV:  0 out of 4 (0%)
   Number of ECLKSYNC:  0 out of 10 (0%)
   Number of ECLKBRIDGECS:  0 out of 2 (0%)
   Notes:-
      1. Total number of LUT4s = (Number of logic LUT4s) + 2*(Number of
     distributed RAMs) + 2*(Number of ripple logic)
      2. Number of logic LUT4s does not include count of distributed RAM and
     ripple logic.

        Number Of Mapped DSP Components:
   --------------------------------
   MULT18X18D          4
   MULT9X9D            0
   ALU54B              0
   ALU24B              0

                                    Page 1




Design:  fpga_top                                      Date:  05/15/26  05:52:38

Design Summary (cont)
---------------------
   PRADD18A            0
   PRADD9A             0
   --------------------------------
   Number of Used DSP MULT Sites:  8 out of 56 (14 %)
   Number of Used DSP ALU Sites:  0 out of 28 (0 %)
   Number of Used DSP PRADD Sites:  0 out of 56 (0 %)
   Number of clocks:  2
     Net PCLK_c: 3038 loads, 3038 rising, 0 falling (Driver: PIO PCLK )
     Net CRYSTAL_c: 657 loads, 657 rising, 0 falling (Driver: PIO CRYSTAL )
   Number of Clock Enables:  353
     Net n134059: 3 loads, 3 LSLICEs
     Net PCLK_c_enable_3741: 25 loads, 25 LSLICEs
     Net PCLK_c_enable_664: 6 loads, 6 LSLICEs
     Net PCLK_c_enable_5510: 24 loads, 24 LSLICEs
     Net CRYSTAL_c_enable_612: 16 loads, 16 LSLICEs
     Net CRYSTAL_c_enable_600: 1 loads, 1 LSLICEs
     Net CRYSTAL_c_enable_643: 10 loads, 10 LSLICEs
     Net CRYSTAL_c_enable_304: 1 loads, 1 LSLICEs
     Net PCLK_c_enable_4591: 25 loads, 25 LSLICEs
     Net PCLK_c_enable_2547: 5 loads, 5 LSLICEs
     Net PCLK_c_enable_2589: 25 loads, 25 LSLICEs
     Net PCLK_c_enable_3225: 4 loads, 4 LSLICEs
     Net tx_in_gap: 13 loads, 13 LSLICEs
     Net PCLK_c_enable_4641: 25 loads, 25 LSLICEs
     Net href_pclk: 5 loads, 5 LSLICEs
     Net PCLK_c_enable_3272: 25 loads, 25 LSLICEs
     Net PCLK_c_enable_3319: 25 loads, 25 LSLICEs
     Net PCLK_c_enable_5507: 12 loads, 12 LSLICEs
     Net PCLK_c_enable_10: 1 loads, 1 LSLICEs
     Net PCLK_c_enable_12: 1 loads, 1 LSLICEs
     Net PCLK_c_enable_4071: 8 loads, 8 LSLICEs
     Net PCLK_c_enable_20: 2 loads, 2 LSLICEs
     Net CRYSTAL_c_enable_85: 2 loads, 2 LSLICEs
     Net PCLK_c_enable_4086: 8 loads, 8 LSLICEs
     Net CRYSTAL_c_enable_246: 25 loads, 25 LSLICEs
     Net CRYSTAL_c_enable_36: 1 loads, 1 LSLICEs
     Net CRYSTAL_c_enable_35: 2 loads, 2 LSLICEs
     Net CRYSTAL_c_enable_347: 13 loads, 13 LSLICEs
     Net CRYSTAL_c_enable_157: 1 loads, 1 LSLICEs
     Net qvga_fifo_rd_en: 9 loads, 9 LSLICEs
     Net qvga_tx_busy_sys_N_12846: 3 loads, 3 LSLICEs
     Net CRYSTAL_c_enable_31: 2 loads, 2 LSLICEs
     Net CRYSTAL_c_enable_32: 1 loads, 1 LSLICEs
     Net CRYSTAL_c_enable_48: 3 loads, 3 LSLICEs
     Net CRYSTAL_c_enable_44: 2 loads, 2 LSLICEs
     Net CRYSTAL_c_enable_258: 6 loads, 6 LSLICEs
     Net CRYSTAL_c_enable_633: 4 loads, 4 LSLICEs
     Net CRYSTAL_c_enable_626: 4 loads, 4 LSLICEs
     Net CRYSTAL_c_enable_270: 7 loads, 7 LSLICEs
     Net PCLK_c_enable_4173: 8 loads, 8 LSLICEs
     Net CRYSTAL_c_enable_303: 4 loads, 4 LSLICEs
     Net PCLK_c_enable_4176: 2 loads, 2 LSLICEs
     Net PCLK_c_enable_4183: 4 loads, 4 LSLICEs
     Net CRYSTAL_c_enable_302: 13 loads, 13 LSLICEs
     Net PCLK_c_enable_21: 1 loads, 1 LSLICEs
     Net PCLK_c_enable_22: 1 loads, 1 LSLICEs

                                    Page 2




Design:  fpga_top                                      Date:  05/15/26  05:52:38

Design Summary (cont)
---------------------
     Net cmd_snapshot_pulse: 2 loads, 2 LSLICEs
     Net CRYSTAL_c_enable_508: 10 loads, 10 LSLICEs
     Net PCLK_c_enable_5494: 1 loads, 1 LSLICEs
     Net PCLK_c_enable_5495: 1 loads, 1 LSLICEs
     Net PCLK_c_enable_4190: 4 loads, 4 LSLICEs
     Net PCLK_c_enable_5492: 1 loads, 1 LSLICEs
     Net PCLK_c_enable_5493: 1 loads, 1 LSLICEs
     Net PCLK_c_enable_5491: 1 loads, 1 LSLICEs
     Net PCLK_c_enable_5489: 1 loads, 1 LSLICEs
     Net PCLK_c_enable_5490: 1 loads, 1 LSLICEs
     Net PCLK_c_enable_5469: 1 loads, 1 LSLICEs
     Net PCLK_c_enable_5470: 1 loads, 1 LSLICEs
     Net PCLK_c_enable_5471: 1 loads, 1 LSLICEs
     Net PCLK_c_enable_5468: 1 loads, 1 LSLICEs
     Net PCLK_c_enable_5467: 1 loads, 1 LSLICEs
     Net PCLK_c_enable_5465: 1 loads, 1 LSLICEs
     Net PCLK_c_enable_5466: 1 loads, 1 LSLICEs
     Net PCLK_c_enable_4684: 8 loads, 8 LSLICEs
     Net PCLK_c_enable_5462: 1 loads, 1 LSLICEs
     Net PCLK_c_enable_5486: 1 loads, 1 LSLICEs
     Net PCLK_c_enable_5502: 1 loads, 1 LSLICEs
     Net PCLK_c_enable_5458: 1 loads, 1 LSLICEs
     Net PCLK_c_enable_5482: 1 loads, 1 LSLICEs
     Net PCLK_c_enable_5498: 1 loads, 1 LSLICEs
     Net PCLK_c_enable_5412: 7 loads, 7 LSLICEs
     Net PCLK_c_enable_4174: 1 loads, 1 LSLICEs
     Net PCLK_c_enable_4141: 4 loads, 4 LSLICEs
     Net PCLK_c_enable_3039: 26 loads, 26 LSLICEs
     Net PCLK_c_enable_5503: 1 loads, 1 LSLICEs
     Net PCLK_c_enable_2989: 26 loads, 26 LSLICEs
     Net CRYSTAL_c_enable_77: 1 loads, 1 LSLICEs
     Net PCLK_c_enable_4706: 25 loads, 25 LSLICEs
     Net CRYSTAL_c_enable_78: 1 loads, 1 LSLICEs
     Net CRYSTAL_c_enable_79: 1 loads, 1 LSLICEs
     Net CRYSTAL_c_enable_518: 20 loads, 20 LSLICEs
     Net PCLK_c_enable_4756: 27 loads, 27 LSLICEs
     Net PCLK_c_enable_4806: 27 loads, 27 LSLICEs
     Net PCLK_c_enable_4856: 26 loads, 26 LSLICEs
     Net PCLK_c_enable_3189: 26 loads, 26 LSLICEs
     Net PCLK_c_enable_4906: 27 loads, 27 LSLICEs
     Net PCLK_c_enable_4091: 22 loads, 22 LSLICEs
     Net PCLK_c_enable_4089: 22 loads, 22 LSLICEs
     Net PCLK_c_enable_4087: 23 loads, 23 LSLICEs
     Net PCLK_c_enable_27: 1 loads, 1 LSLICEs
     Net PCLK_c_enable_4093: 22 loads, 22 LSLICEs
     Net PCLK_c_enable_4088: 22 loads, 22 LSLICEs
     Net PCLK_c_enable_4094: 22 loads, 22 LSLICEs
     Net qvga_frame_pending_sys_N_12881: 4 loads, 4 LSLICEs
     Net PCLK_c_enable_4092: 22 loads, 22 LSLICEs
     Net PCLK_c_enable_1074: 5 loads, 5 LSLICEs
     Net PCLK_c_enable_1064: 5 loads, 5 LSLICEs
     Net PCLK_c_enable_1084: 5 loads, 5 LSLICEs
     Net PCLK_c_enable_1094: 5 loads, 5 LSLICEs
     Net PCLK_c_enable_1104: 5 loads, 5 LSLICEs
     Net PCLK_c_enable_1114: 5 loads, 5 LSLICEs
     Net PCLK_c_enable_1124: 5 loads, 5 LSLICEs

                                    Page 3




Design:  fpga_top                                      Date:  05/15/26  05:52:38

Design Summary (cont)
---------------------
     Net PCLK_c_enable_1134: 5 loads, 5 LSLICEs
     Net PCLK_c_enable_4090: 22 loads, 22 LSLICEs
     Net PCLK_c_enable_4100: 22 loads, 22 LSLICEs
     Net PCLK_c_enable_4102: 22 loads, 22 LSLICEs
     Net PCLK_c_enable_4097: 22 loads, 22 LSLICEs
     Net PCLK_c_enable_4098: 22 loads, 22 LSLICEs
     Net PCLK_c_enable_4096: 22 loads, 22 LSLICEs
     Net PCLK_c_enable_4095: 22 loads, 22 LSLICEs
     Net PCLK_c_enable_4101: 22 loads, 22 LSLICEs
     Net PCLK_c_enable_984: 5 loads, 5 LSLICEs
     Net PCLK_c_enable_994: 5 loads, 5 LSLICEs
     Net PCLK_c_enable_1004: 5 loads, 5 LSLICEs
     Net PCLK_c_enable_1014: 5 loads, 5 LSLICEs
     Net PCLK_c_enable_1024: 5 loads, 5 LSLICEs
     Net PCLK_c_enable_1034: 5 loads, 5 LSLICEs
     Net PCLK_c_enable_1044: 5 loads, 5 LSLICEs
     Net PCLK_c_enable_1054: 5 loads, 5 LSLICEs
     Net PCLK_c_enable_4099: 22 loads, 22 LSLICEs
     Net PCLK_c_enable_744: 5 loads, 5 LSLICEs
     Net PCLK_c_enable_4123: 22 loads, 22 LSLICEs
     Net PCLK_c_enable_764: 5 loads, 5 LSLICEs
     Net PCLK_c_enable_4122: 22 loads, 22 LSLICEs
     Net PCLK_c_enable_4121: 22 loads, 22 LSLICEs
     Net PCLK_c_enable_4124: 22 loads, 22 LSLICEs
     Net PCLK_c_enable_804: 5 loads, 5 LSLICEs
     Net PCLK_c_enable_754: 5 loads, 5 LSLICEs
     Net PCLK_c_enable_814: 5 loads, 5 LSLICEs
     Net PCLK_c_enable_784: 5 loads, 5 LSLICEs
     Net PCLK_c_enable_794: 5 loads, 5 LSLICEs
     Net PCLK_c_enable_774: 5 loads, 5 LSLICEs
     Net PCLK_c_enable_4120: 22 loads, 22 LSLICEs
     Net PCLK_c_enable_4119: 22 loads, 22 LSLICEs
     Net PCLK_c_enable_4125: 22 loads, 22 LSLICEs
     Net PCLK_c_enable_4126: 22 loads, 22 LSLICEs
     Net PCLK_c_enable_734: 5 loads, 5 LSLICEs
     Net PCLK_c_enable_4127: 22 loads, 22 LSLICEs
     Net PCLK_c_enable_4128: 22 loads, 22 LSLICEs
     Net PCLK_c_enable_724: 5 loads, 5 LSLICEs
     Net PCLK_c_enable_714: 5 loads, 5 LSLICEs
     Net PCLK_c_enable_4129: 22 loads, 22 LSLICEs
     Net PCLK_c_enable_4130: 22 loads, 22 LSLICEs
     Net PCLK_c_enable_704: 5 loads, 5 LSLICEs
     Net PCLK_c_enable_694: 5 loads, 5 LSLICEs
     Net PCLK_c_enable_4131: 22 loads, 22 LSLICEs
     Net PCLK_c_enable_4956: 27 loads, 27 LSLICEs
     Net PCLK_c_enable_684: 5 loads, 5 LSLICEs
     Net PCLK_c_enable_4132: 22 loads, 22 LSLICEs
     Net PCLK_c_enable_4133: 22 loads, 22 LSLICEs
     Net PCLK_c_enable_674: 5 loads, 5 LSLICEs
     Net PCLK_c_enable_29: 1 loads, 1 LSLICEs
     Net PCLK_c_enable_5463: 1 loads, 1 LSLICEs
     Net PCLK_c_enable_5487: 1 loads, 1 LSLICEs
     Net PCLK_c_enable_5500: 1 loads, 1 LSLICEs
     Net PCLK_c_enable_5499: 1 loads, 1 LSLICEs
     Net PCLK_c_enable_5497: 1 loads, 1 LSLICEs
     Net PCLK_c_enable_5501: 1 loads, 1 LSLICEs

                                    Page 4




Design:  fpga_top                                      Date:  05/15/26  05:52:38

Design Summary (cont)
---------------------
     Net PCLK_c_enable_3391: 26 loads, 26 LSLICEs
     Net PCLK_c_enable_3089: 26 loads, 26 LSLICEs
     Net CRYSTAL_c_enable_349: 13 loads, 13 LSLICEs
     Net CRYSTAL_c_enable_601: 9 loads, 9 LSLICEs
     Net PCLK_c_enable_5453: 30 loads, 30 LSLICEs
     Net PCLK_c_enable_5508: 5 loads, 5 LSLICEs
     Net PCLK_c_enable_5006: 26 loads, 26 LSLICEs
     Net PCLK_c_enable_5056: 27 loads, 27 LSLICEs
     Net PCLK_c_enable_5106: 27 loads, 27 LSLICEs
     Net PCLK_c_enable_5156: 26 loads, 26 LSLICEs
     Net PCLK_c_enable_5206: 27 loads, 27 LSLICEs
     Net PCLK_c_enable_5256: 27 loads, 27 LSLICEs
     Net PCLK_c_enable_5306: 26 loads, 26 LSLICEs
     Net PCLK_c_enable_3441: 25 loads, 25 LSLICEs
     Net PCLK_c_enable_5356: 27 loads, 27 LSLICEs
     Net PCLK_c_enable_4341: 25 loads, 25 LSLICEs
     Net PCLK_c_enable_5403: 25 loads, 25 LSLICEs
     Net PCLK_c_enable_4391: 25 loads, 25 LSLICEs
     Net PCLK_c_enable_4441: 25 loads, 25 LSLICEs
     Net PCLK_c_enable_4491: 25 loads, 25 LSLICEs
     Net PCLK_c_enable_4541: 25 loads, 25 LSLICEs
     Net PCLK_c_enable_5478: 1 loads, 1 LSLICEs
     Net PCLK_c_enable_5473: 1 loads, 1 LSLICEs
     Net PCLK_c_enable_5474: 1 loads, 1 LSLICEs
     Net PCLK_c_enable_5476: 1 loads, 1 LSLICEs
     Net PCLK_c_enable_5477: 1 loads, 1 LSLICEs
     Net PCLK_c_enable_5475: 1 loads, 1 LSLICEs
     Net PCLK_c_enable_4118: 22 loads, 22 LSLICEs
     Net PCLK_c_enable_4117: 22 loads, 22 LSLICEs
     Net PCLK_c_enable_4116: 22 loads, 22 LSLICEs
     Net PCLK_c_enable_4115: 22 loads, 22 LSLICEs
     Net PCLK_c_enable_4114: 22 loads, 22 LSLICEs
     Net PCLK_c_enable_4113: 22 loads, 22 LSLICEs
     Net PCLK_c_enable_4112: 22 loads, 22 LSLICEs
     Net PCLK_c_enable_4111: 22 loads, 22 LSLICEs
     Net PCLK_c_enable_4110: 22 loads, 22 LSLICEs
     Net PCLK_c_enable_4109: 22 loads, 22 LSLICEs
     Net PCLK_c_enable_4108: 22 loads, 22 LSLICEs
     Net PCLK_c_enable_4107: 22 loads, 22 LSLICEs
     Net PCLK_c_enable_4106: 22 loads, 22 LSLICEs
     Net PCLK_c_enable_5479: 1 loads, 1 LSLICEs
     Net PCLK_c_enable_4105: 22 loads, 22 LSLICEs
     Net PCLK_c_enable_4104: 22 loads, 22 LSLICEs
     Net PCLK_c_enable_4103: 22 loads, 22 LSLICEs
     Net PCLK_c_enable_824: 5 loads, 5 LSLICEs
     Net PCLK_c_enable_834: 5 loads, 5 LSLICEs
     Net PCLK_c_enable_844: 5 loads, 5 LSLICEs
     Net PCLK_c_enable_854: 5 loads, 5 LSLICEs
     Net PCLK_c_enable_864: 5 loads, 5 LSLICEs
     Net PCLK_c_enable_874: 5 loads, 5 LSLICEs
     Net PCLK_c_enable_884: 5 loads, 5 LSLICEs
     Net PCLK_c_enable_894: 5 loads, 5 LSLICEs
     Net PCLK_c_enable_904: 5 loads, 5 LSLICEs
     Net PCLK_c_enable_914: 5 loads, 5 LSLICEs
     Net PCLK_c_enable_924: 5 loads, 5 LSLICEs
     Net PCLK_c_enable_934: 5 loads, 5 LSLICEs

                                    Page 5




Design:  fpga_top                                      Date:  05/15/26  05:52:38

Design Summary (cont)
---------------------
     Net PCLK_c_enable_944: 5 loads, 5 LSLICEs
     Net PCLK_c_enable_954: 5 loads, 5 LSLICEs
     Net PCLK_c_enable_964: 5 loads, 5 LSLICEs
     Net PCLK_c_enable_974: 5 loads, 5 LSLICEs
     Net CRYSTAL_c_enable_159: 1 loads, 1 LSLICEs
     Net PCLK_c_enable_5415: 4 loads, 4 LSLICEs
     Net PCLK_c_enable_5509: 4 loads, 4 LSLICEs
     Net CRYSTAL_c_enable_604: 2 loads, 2 LSLICEs
     Net CRYSTAL_c_enable_639: 9 loads, 9 LSLICEs
     Net PCLK_c_enable_2639: 26 loads, 26 LSLICEs
     Net PCLK_c_enable_2689: 26 loads, 26 LSLICEs
     Net PCLK_c_enable_2739: 26 loads, 26 LSLICEs
     Net PCLK_c_enable_2789: 26 loads, 26 LSLICEs
     Net PCLK_c_enable_2839: 26 loads, 26 LSLICEs
     Net PCLK_c_enable_2889: 26 loads, 26 LSLICEs
     Net PCLK_c_enable_2939: 26 loads, 26 LSLICEs
     Net PCLK_c_enable_3139: 26 loads, 26 LSLICEs
     Net PCLK_c_enable_3325: 1 loads, 1 LSLICEs
     Net PCLK_c_enable_3326: 1 loads, 1 LSLICEs
     Net PCLK_c_enable_3327: 1 loads, 1 LSLICEs
     Net PCLK_c_enable_3328: 1 loads, 1 LSLICEs
     Net PCLK_c_enable_3329: 1 loads, 1 LSLICEs
     Net PCLK_c_enable_3330: 1 loads, 1 LSLICEs
     Net PCLK_c_enable_3331: 1 loads, 1 LSLICEs
     Net PCLK_c_enable_3332: 1 loads, 1 LSLICEs
     Net PCLK_c_enable_3333: 1 loads, 1 LSLICEs
     Net PCLK_c_enable_3334: 1 loads, 1 LSLICEs
     Net PCLK_c_enable_3335: 1 loads, 1 LSLICEs
     Net PCLK_c_enable_3336: 1 loads, 1 LSLICEs
     Net PCLK_c_enable_3337: 1 loads, 1 LSLICEs
     Net PCLK_c_enable_3338: 1 loads, 1 LSLICEs
     Net PCLK_c_enable_3339: 1 loads, 1 LSLICEs
     Net PCLK_c_enable_3340: 1 loads, 1 LSLICEs
     Net PCLK_c_enable_3341: 1 loads, 1 LSLICEs
     Net PCLK_c_enable_3342: 1 loads, 1 LSLICEs
     Net PCLK_c_enable_3343: 1 loads, 1 LSLICEs
     Net PCLK_c_enable_3344: 1 loads, 1 LSLICEs
     Net PCLK_c_enable_3345: 1 loads, 1 LSLICEs
     Net PCLK_c_enable_3346: 1 loads, 1 LSLICEs
     Net PCLK_c_enable_3347: 1 loads, 1 LSLICEs
     Net PCLK_c_enable_3348: 1 loads, 1 LSLICEs
     Net PCLK_c_enable_3349: 1 loads, 1 LSLICEs
     Net PCLK_c_enable_3350: 1 loads, 1 LSLICEs
     Net PCLK_c_enable_3351: 1 loads, 1 LSLICEs
     Net PCLK_c_enable_3352: 1 loads, 1 LSLICEs
     Net PCLK_c_enable_3353: 1 loads, 1 LSLICEs
     Net PCLK_c_enable_3354: 1 loads, 1 LSLICEs
     Net PCLK_c_enable_3355: 1 loads, 1 LSLICEs
     Net PCLK_c_enable_3356: 1 loads, 1 LSLICEs
     Net PCLK_c_enable_3357: 1 loads, 1 LSLICEs
     Net PCLK_c_enable_3358: 1 loads, 1 LSLICEs
     Net PCLK_c_enable_3359: 1 loads, 1 LSLICEs
     Net PCLK_c_enable_3360: 1 loads, 1 LSLICEs
     Net PCLK_c_enable_3361: 1 loads, 1 LSLICEs
     Net PCLK_c_enable_3362: 1 loads, 1 LSLICEs
     Net PCLK_c_enable_3363: 1 loads, 1 LSLICEs

                                    Page 6




Design:  fpga_top                                      Date:  05/15/26  05:52:38

Design Summary (cont)
---------------------
     Net PCLK_c_enable_3364: 1 loads, 1 LSLICEs
     Net PCLK_c_enable_3365: 1 loads, 1 LSLICEs
     Net PCLK_c_enable_3366: 1 loads, 1 LSLICEs
     Net PCLK_c_enable_3367: 1 loads, 1 LSLICEs
     Net PCLK_c_enable_3368: 1 loads, 1 LSLICEs
     Net PCLK_c_enable_3369: 1 loads, 1 LSLICEs
     Net PCLK_c_enable_3370: 1 loads, 1 LSLICEs
     Net PCLK_c_enable_3491: 25 loads, 25 LSLICEs
     Net PCLK_c_enable_3541: 25 loads, 25 LSLICEs
     Net PCLK_c_enable_3591: 25 loads, 25 LSLICEs
     Net PCLK_c_enable_3641: 25 loads, 25 LSLICEs
     Net PCLK_c_enable_3691: 25 loads, 25 LSLICEs
     Net PCLK_c_enable_3791: 25 loads, 25 LSLICEs
     Net PCLK_c_enable_3841: 25 loads, 25 LSLICEs
     Net PCLK_c_enable_3891: 25 loads, 25 LSLICEs
     Net PCLK_c_enable_3941: 25 loads, 25 LSLICEs
     Net PCLK_c_enable_3991: 25 loads, 25 LSLICEs
     Net PCLK_c_enable_4041: 25 loads, 25 LSLICEs
     Net CRYSTAL_c_enable_613: 4 loads, 4 LSLICEs
     Net CRYSTAL_c_enable_614: 5 loads, 5 LSLICEs
     Net PCLK_c_enable_4150: 6 loads, 6 LSLICEs
     Net PCLK_c_enable_4191: 1 loads, 1 LSLICEs
     Net PCLK_c_enable_4241: 25 loads, 25 LSLICEs
     Net PCLK_c_enable_4291: 25 loads, 25 LSLICEs
     Net PCLK_c_enable_5413: 1 loads, 1 LSLICEs
     Net CRYSTAL_c_enable_619: 3 loads, 3 LSLICEs
     Net CRYSTAL_c_enable_607: 1 loads, 1 LSLICEs
     Net CRYSTAL_c_enable_608: 1 loads, 1 LSLICEs
     Net CRYSTAL_c_enable_609: 1 loads, 1 LSLICEs
     Net state_0: 19 loads, 19 LSLICEs
     Net CRYSTAL_c_enable_490: 8 loads, 8 LSLICEs
     Net PCLK_c_enable_5459: 1 loads, 1 LSLICEs
     Net PCLK_c_enable_5460: 1 loads, 1 LSLICEs
     Net PCLK_c_enable_5461: 1 loads, 1 LSLICEs
     Net PCLK_c_enable_5481: 1 loads, 1 LSLICEs
     Net PCLK_c_enable_5483: 1 loads, 1 LSLICEs
     Net PCLK_c_enable_5484: 1 loads, 1 LSLICEs
     Net PCLK_c_enable_5485: 1 loads, 1 LSLICEs
     Net PCLK_c_enable_5504: 1 loads, 1 LSLICEs
     Net PCLK_c_enable_5505: 1 loads, 1 LSLICEs
     Net CRYSTAL_c_enable_646: 1 loads, 1 LSLICEs
     Net CRYSTAL_c_enable_611: 1 loads, 1 LSLICEs
     Net PCLK_c_enable_5414: 1 loads, 1 LSLICEs
     Net PCLK_c_enable_5496: 4 loads, 4 LSLICEs
     Net PCLK_c_enable_5506: 1 loads, 1 LSLICEs
     Net u_uart_rx/CRYSTAL_c_enable_338: 4 loads, 4 LSLICEs
     Net u_uart_rx/CRYSTAL_c_enable_345: 4 loads, 4 LSLICEs
     Net u_uart_rx/CRYSTAL_c_enable_620: 2 loads, 2 LSLICEs
     Net CRYSTAL_c_enable_603: 2 loads, 2 LSLICEs
     Net PCLK_c_enable_5472: 1 loads, 1 LSLICEs
     Net CRYSTAL_c_enable_530: 28 loads, 28 LSLICEs
     Net u_cam_init/CRYSTAL_c_enable_4: 1 loads, 1 LSLICEs
     Net u_cam_init/tick: 5 loads, 4 LSLICEs
     Net u_cam_init/CRYSTAL_c_enable_645: 1 loads, 1 LSLICEs
     Net u_cam_init/CRYSTAL_c_enable_307: 2 loads, 2 LSLICEs
     Net u_cam_init/CRYSTAL_c_enable_331: 12 loads, 12 LSLICEs

                                    Page 7




Design:  fpga_top                                      Date:  05/15/26  05:52:38

Design Summary (cont)
---------------------
     Net u_cam_init/CRYSTAL_c_enable_598: 2 loads, 2 LSLICEs
     Net u_cam_init/CRYSTAL_c_enable_599: 1 loads, 1 LSLICEs
     Net u_cam_init/CRYSTAL_c_enable_89: 1 loads, 1 LSLICEs
     Net u_cam_init/CRYSTAL_c_enable_534: 17 loads, 17 LSLICEs
     Net u_cam_init/CRYSTAL_c_enable_597: 1 loads, 1 LSLICEs
     Net u_cam_init/CRYSTAL_c_enable_308: 1 loads, 1 LSLICEs
     Net CRYSTAL_c_enable_636: 12 loads, 12 LSLICEs
     Net u_sdram/state_4: 2 loads, 2 LSLICEs
     Net u_sdram/CRYSTAL_c_enable_305: 1 loads, 1 LSLICEs
     Net u_sdram/CRYSTAL_c_enable_63: 1 loads, 1 LSLICEs
     Net u_sdram/CRYSTAL_c_enable_353: 4 loads, 4 LSLICEs
     Net u_sdram/CRYSTAL_c_enable_596: 12 loads, 12 LSLICEs
     Net u_sdram/CRYSTAL_c_enable_386: 8 loads, 8 LSLICEs
     Net u_sdram/CRYSTAL_c_enable_644: 1 loads, 1 LSLICEs
     Net u_snap_fifo/wr_bin_next_10_N_14968_0: 11 loads, 11 LSLICEs
     Net u_snap_capture/CRYSTAL_c_enable_83: 1 loads, 1 LSLICEs
     Net u_snap_capture/CRYSTAL_c_enable_634: 1 loads, 1 LSLICEs
     Net u_cmd_rx/CRYSTAL_c_enable_565: 4 loads, 4 LSLICEs
     Net u_cmd_rx/CRYSTAL_c_enable_581: 5 loads, 5 LSLICEs
     Net u_cmd_rx/CRYSTAL_c_enable_253: 4 loads, 4 LSLICEs
     Net u_cmd_rx/CRYSTAL_c_enable_549: 4 loads, 4 LSLICEs
     Net u_cmd_rx/CRYSTAL_c_enable_64: 1 loads, 1 LSLICEs
     Net u_cmd_rx/CRYSTAL_c_enable_346: 1 loads, 1 LSLICEs
     Net u_cmd_rx/CRYSTAL_c_enable_557: 4 loads, 4 LSLICEs
     Net u_cmd_rx/CRYSTAL_c_enable_573: 4 loads, 4 LSLICEs
     Net u_cmd_rx/CRYSTAL_c_enable_589: 4 loads, 4 LSLICEs
     Net u_qvga_fifo/wr_bin_next_15_N_15231_0: 17 loads, 17 LSLICEs
   Number of LSRs:  63
     Net n131539: 8 loads, 8 LSLICEs
     Net n131738: 1312 loads, 1312 LSLICEs
     Net n76289: 10 loads, 10 LSLICEs
     Net n95530: 13 loads, 13 LSLICEs
     Net n72345: 8 loads, 8 LSLICEs
     Net PCLK_c_enable_2589: 5 loads, 5 LSLICEs
     Net n131478: 24 loads, 24 LSLICEs
     Net PCLK_c_enable_3319: 1 loads, 1 LSLICEs
     Net n131390: 1 loads, 1 LSLICEs
     Net n117552: 1 loads, 1 LSLICEs
     Net n131393: 1 loads, 1 LSLICEs
     Net CRYSTAL_c_enable_85: 2 loads, 2 LSLICEs
     Net n131491: 1 loads, 1 LSLICEs
     Net n95532: 13 loads, 13 LSLICEs
     Net n84406: 1 loads, 1 LSLICEs
     Net n84402: 1 loads, 1 LSLICEs
     Net n76305: 13 loads, 13 LSLICEs
     Net CRYSTAL_c_enable_508: 1 loads, 1 LSLICEs
     Net tx_read_pending: 1 loads, 1 LSLICEs
     Net n76268: 4 loads, 4 LSLICEs
     Net n131489: 3 loads, 3 LSLICEs
     Net n76273: 8 loads, 8 LSLICEs
     Net n117426: 1 loads, 1 LSLICEs
     Net n106511: 4 loads, 4 LSLICEs
     Net n95522: 1 loads, 1 LSLICEs
     Net qvga_frame_pending_sys_N_12881: 1 loads, 1 LSLICEs
     Net n131391: 1 loads, 1 LSLICEs
     Net n95485: 3 loads, 3 LSLICEs

                                    Page 8




Design:  fpga_top                                      Date:  05/15/26  05:52:38

Design Summary (cont)
---------------------
     Net snap_fifo_full: 1 loads, 1 LSLICEs
     Net PCLK_c_enable_5403: 2 loads, 2 LSLICEs
     Net n95615: 6 loads, 6 LSLICEs
     Net n91006: 1 loads, 1 LSLICEs
     Net n95606: 4 loads, 4 LSLICEs
     Net n95599: 4 loads, 4 LSLICEs
     Net n95802: 2 loads, 2 LSLICEs
     Net n108773: 6 loads, 6 LSLICEs
     Net n97115: 3 loads, 3 LSLICEs
     Net n92360: 5 loads, 5 LSLICEs
     Net n95525: 4 loads, 4 LSLICEs
     Net n95524: 5 loads, 5 LSLICEs
     Net n95928: 6 loads, 6 LSLICEs
     Net n95536: 9 loads, 9 LSLICEs
     Net n95514: 8 loads, 8 LSLICEs
     Net PCLK_c_enable_4191: 48 loads, 48 LSLICEs
     Net n99652: 1 loads, 1 LSLICEs
     Net n87171: 1 loads, 1 LSLICEs
     Net u_uart_rx/n75368: 9 loads, 9 LSLICEs
     Net u_uart_rx/n67659: 1 loads, 1 LSLICEs
     Net u_uart_rx/n95523: 2 loads, 2 LSLICEs
     Net u_cam_init/tick_N_13626: 9 loads, 9 LSLICEs
     Net u_cam_init/n115274: 2 loads, 2 LSLICEs
     Net u_cam_init/n95497: 1 loads, 1 LSLICEs
     Net u_cam_init/n95535: 17 loads, 17 LSLICEs
     Net n95734: 12 loads, 12 LSLICEs
     Net u_sdram/state_4: 3 loads, 3 LSLICEs
     Net u_sdram/n103738: 1 loads, 1 LSLICEs
     Net u_sdram/n9: 2 loads, 2 LSLICEs
     Net u_sdram/n133999: 2 loads, 2 LSLICEs
     Net u_sdram/SD_DQ_OE_N_14795: 5 loads, 5 LSLICEs
     Net u_sdram/n101541: 2 loads, 2 LSLICEs
     Net u_snap_capture/n93134: 1 loads, 1 LSLICEs
     Net u_cmd_rx/CRYSTAL_c_enable_253: 4 loads, 4 LSLICEs
     Net u_cmd_rx/n95516: 2 loads, 2 LSLICEs
   Number of nets driven by tri-state buffers:  0
   Top 10 highest fanout non-clock nets:
     Net n131738: 1338 loads
     Net box20_accum_idx_reg_pclk_0: 1000 loads
     Net box20_eval_idx_pclk_0: 1000 loads
     Net box20_eval_idx_pclk_1: 654 loads
     Net box20_accum_idx_reg_pclk_1: 648 loads
     Net box20_accum_idx_reg_pclk_2: 340 loads
     Net box20_eval_idx_pclk_2: 330 loads
     Net maxfan_replicated_net_288: 289 loads
     Net n134063: 284 loads
     Net u_qvga_fifo/n76902: 257 loads




   Number of warnings:  33
   Number of errors:    0
     



                                    Page 9




Design:  fpga_top                                      Date:  05/15/26  05:52:38

Design Errors/Warnings
----------------------

WARNING - map: C:/Users/kunsh/Desktop/AiCamera/Lattice
     Diamond/recording/record.lpf(85): Semantic error in "IOBUF PORT "RX"
     IO_TYPE=LVCMOS33 PULLMODE=UP DRIVE=8 SLEWRATE=SLOW CLAMP=ON OPENDRAIN=OFF
     DIFFRESISTOR=OFF DIFFDRIVE="NA" BANK_VCCIO=3.3 HYSTERESIS=ON
     TERMINATION=OFF ;": Port "RX" does not exist in the design. This preference
     has been disabled.
WARNING - map: C:/Users/kunsh/Desktop/AiCamera/Lattice
     Diamond/recording/record.lpf(87): Semantic error in "IOBUF PORT "DIN"
     IO_TYPE=LVCMOS33 PULLMODE=NONE DRIVE=NA SLEWRATE=NA CLAMP=OFF OPENDRAIN=OFF
     DIFFRESISTOR=OFF DIFFDRIVE="NA" BANK_VCCIO=3.3 HYSTERESIS=ON
     TERMINATION=OFF ;": Port "DIN" does not exist in the design. This
     preference has been disabled.
WARNING - map: C:/Users/kunsh/Desktop/AiCamera/Lattice
     Diamond/recording/record.lpf(89): Semantic error in "IOBUF PORT "CCLK"
     IO_TYPE=LVCMOS33 PULLMODE=NONE DRIVE=NA SLEWRATE=NA CLAMP=ON OPENDRAIN=OFF
     DIFFRESISTOR=OFF DIFFDRIVE="NA" BANK_VCCIO=3.3 HYSTERESIS=ON
     TERMINATION=OFF ;": Port "CCLK" does not exist in the design. This
     preference has been disabled.
WARNING - map: HYSTERESIS=NA for g_sdram_dq_bb_9..u_dq_bb/IOBUF violates legal
     combination and is ignored.
WARNING - map: HYSTERESIS=NA for g_sdram_dq_bb_6..u_dq_bb/IOBUF violates legal
     combination and is ignored.
WARNING - map: HYSTERESIS=NA for g_sdram_dq_bb_5..u_dq_bb/IOBUF violates legal
     combination and is ignored.
WARNING - map: HYSTERESIS=NA for g_sdram_dq_bb_11..u_dq_bb/IOBUF violates legal
     combination and is ignored.
WARNING - map: HYSTERESIS=NA for g_sdram_dq_bb_3..u_dq_bb/IOBUF violates legal
     combination and is ignored.
WARNING - map: HYSTERESIS=NA for g_sdram_dq_bb_2..u_dq_bb/IOBUF violates legal
     combination and is ignored.
WARNING - map: HYSTERESIS=NA for g_sdram_dq_bb_1..u_dq_bb/IOBUF violates legal
     combination and is ignored.
WARNING - map: HYSTERESIS=NA for g_sdram_dq_bb_0..u_dq_bb/IOBUF violates legal
     combination and is ignored.
WARNING - map: HYSTERESIS=NA for g_sdram_dq_bb_15..u_dq_bb/IOBUF violates legal
     combination and is ignored.
WARNING - map: HYSTERESIS=NA for g_sdram_dq_bb_14..u_dq_bb/IOBUF violates legal
     combination and is ignored.
WARNING - map: HYSTERESIS=NA for g_sdram_dq_bb_13..u_dq_bb/IOBUF violates legal
     combination and is ignored.
WARNING - map: HYSTERESIS=NA for g_sdram_dq_bb_12..u_dq_bb/IOBUF violates legal
     combination and is ignored.
WARNING - map: DOUT_pad/IOBUF has conflicing BANK and VCCIO settings, which will
     be ignored
WARNING - map: OPENDRAIN=OFF for DOUT_pad/IOBUF violates legal combination and
     is ignored.
WARNING - map: HYSTERESIS=NA for g_sdram_dq_bb_10..u_dq_bb/IOBUF violates legal
     combination and is ignored.
WARNING - map: HYSTERESIS=NA for g_sdram_dq_bb_7..u_dq_bb/IOBUF violates legal
     combination and is ignored.
WARNING - map: HYSTERESIS=NA for g_sdram_dq_bb_8..u_dq_bb/IOBUF violates legal
     combination and is ignored.
WARNING - map: HYSTERESIS=NA for g_sdram_dq_bb_4..u_dq_bb/IOBUF violates legal
     combination and is ignored.
WARNING - map: SD_A_pad_10/IOBUF has conflicing BANK and VCCIO settings, which

                                   Page 10




Design:  fpga_top                                      Date:  05/15/26  05:52:38

Design Errors/Warnings (cont)
-----------------------------
     will be ignored
WARNING - map: PULLMODE=UP for SD_A_pad_10/IOBUF violates legal combination and
     is ignored.
WARNING - map: OPENDRAIN=OFF for SD_A_pad_10/IOBUF violates legal combination
     and is ignored.
WARNING - map: SD_A_pad_0/IOBUF has conflicing BANK and VCCIO settings, which
     will be ignored
WARNING - map: PULLMODE=UP for SD_A_pad_0/IOBUF violates legal combination and
     is ignored.
WARNING - map: OPENDRAIN=OFF for SD_A_pad_0/IOBUF violates legal combination and
     is ignored.
WARNING - map: input pad net 'RX' has no legal load.
WARNING - map: input pad net 'DIN' has no legal load.
WARNING - map: input pad net 'CCLK' has no legal load.
WARNING - map: IO buffer missing for top level port RX...logic will be
     discarded.
WARNING - map: IO buffer missing for top level port DIN...logic will be
     discarded.
WARNING - map: IO buffer missing for top level port CCLK...logic will be
     discarded.

IO (PIO) Attributes
-------------------

+---------------------+-----------+-----------+------------+
| IO Name             | Direction | Levelmode | IO         |
|                     |           |  IO_TYPE  | Register   |
+---------------------+-----------+-----------+------------+
| SD_DQ[9]            | BIDIR     | LVCMOS33  |            |
+---------------------+-----------+-----------+------------+
| SD_DQ[6]            | BIDIR     | LVCMOS33  |            |
+---------------------+-----------+-----------+------------+
| SD_DQ[5]            | BIDIR     | LVCMOS33  |            |
+---------------------+-----------+-----------+------------+
| SD_DQ[11]           | BIDIR     | LVCMOS33  |            |
+---------------------+-----------+-----------+------------+
| SD_DQ[3]            | BIDIR     | LVCMOS33  |            |
+---------------------+-----------+-----------+------------+
| SD_A[11]            | OUTPUT    | LVCMOS33  |            |
+---------------------+-----------+-----------+------------+
| SD_A[12]            | OUTPUT    | LVCMOS33  |            |
+---------------------+-----------+-----------+------------+
| SD_CAS_N            | OUTPUT    | LVCMOS33  |            |
+---------------------+-----------+-----------+------------+
| SD_RAS_N            | OUTPUT    | LVCMOS33  |            |
+---------------------+-----------+-----------+------------+
| SD_WE_N             | OUTPUT    | LVCMOS33  |            |
+---------------------+-----------+-----------+------------+
| SD_CS_N             | OUTPUT    | LVCMOS33  |            |
+---------------------+-----------+-----------+------------+
| SD_DQ[2]            | BIDIR     | LVCMOS33  |            |
+---------------------+-----------+-----------+------------+
| SD_DQ[1]            | BIDIR     | LVCMOS33  |            |
+---------------------+-----------+-----------+------------+
| SD_DQ[0]            | BIDIR     | LVCMOS33  |            |
+---------------------+-----------+-----------+------------+

                                   Page 11




Design:  fpga_top                                      Date:  05/15/26  05:52:38

IO (PIO) Attributes (cont)
--------------------------
| SD_DQ[15]           | BIDIR     | LVCMOS33  |            |
+---------------------+-----------+-----------+------------+
| SD_DQ[14]           | BIDIR     | LVCMOS33  |            |
+---------------------+-----------+-----------+------------+
| SD_DQ[13]           | BIDIR     | LVCMOS33  |            |
+---------------------+-----------+-----------+------------+
| SD_CLK              | OUTPUT    | LVCMOS33  |            |
+---------------------+-----------+-----------+------------+
| SD_DQ[12]           | BIDIR     | LVCMOS33  |            |
+---------------------+-----------+-----------+------------+
| SD_DQM[0]           | OUTPUT    | LVCMOS33  |            |
+---------------------+-----------+-----------+------------+
| SD_DQM[1]           | OUTPUT    | LVCMOS33  |            |
+---------------------+-----------+-----------+------------+
| ESP_D[0]            | OUTPUT    | LVCMOS33  |            |
+---------------------+-----------+-----------+------------+
| ESP_D[1]            | OUTPUT    | LVCMOS33  |            |
+---------------------+-----------+-----------+------------+
| ESP_D[2]            | OUTPUT    | LVCMOS33  |            |
+---------------------+-----------+-----------+------------+
| ESP_D[3]            | OUTPUT    | LVCMOS33  |            |
+---------------------+-----------+-----------+------------+
| ESP_D[4]            | OUTPUT    | LVCMOS33  |            |
+---------------------+-----------+-----------+------------+
| ESP_D[5]            | OUTPUT    | LVCMOS33  |            |
+---------------------+-----------+-----------+------------+
| ESP_D[6]            | OUTPUT    | LVCMOS33  |            |
+---------------------+-----------+-----------+------------+
| ESP_D[7]            | OUTPUT    | LVCMOS33  |            |
+---------------------+-----------+-----------+------------+
| DOUT                | OUTPUT    | LVCMOS33  |            |
+---------------------+-----------+-----------+------------+
| TX                  | OUTPUT    | LVCMOS33  |            |
+---------------------+-----------+-----------+------------+
| cam_sda             | OUTPUT    | LVCMOS18  |            |
+---------------------+-----------+-----------+------------+
| SD_DQ[10]           | BIDIR     | LVCMOS33  |            |
+---------------------+-----------+-----------+------------+
| SD_DQ[7]            | BIDIR     | LVCMOS33  |            |
+---------------------+-----------+-----------+------------+
| SD_DQ[8]            | BIDIR     | LVCMOS33  |            |
+---------------------+-----------+-----------+------------+
| SD_DQ[4]            | BIDIR     | LVCMOS33  |            |
+---------------------+-----------+-----------+------------+
| cam_scl             | OUTPUT    | LVCMOS18  |            |
+---------------------+-----------+-----------+------------+
| MCLK                | OUTPUT    | LVCMOS18  |            |
+---------------------+-----------+-----------+------------+
| SD_A[10]            | OUTPUT    | LVCMOS33  |            |
+---------------------+-----------+-----------+------------+
| SD_A[9]             | OUTPUT    | LVCMOS33  |            |
+---------------------+-----------+-----------+------------+
| SD_A[8]             | OUTPUT    | LVCMOS33  |            |
+---------------------+-----------+-----------+------------+
| SD_A[7]             | OUTPUT    | LVCMOS33  |            |
+---------------------+-----------+-----------+------------+

                                   Page 12




Design:  fpga_top                                      Date:  05/15/26  05:52:38

IO (PIO) Attributes (cont)
--------------------------
| SD_A[6]             | OUTPUT    | LVCMOS33  |            |
+---------------------+-----------+-----------+------------+
| SD_A[5]             | OUTPUT    | LVCMOS33  |            |
+---------------------+-----------+-----------+------------+
| SD_A[4]             | OUTPUT    | LVCMOS33  |            |
+---------------------+-----------+-----------+------------+
| SD_A[3]             | OUTPUT    | LVCMOS33  |            |
+---------------------+-----------+-----------+------------+
| SD_A[2]             | OUTPUT    | LVCMOS33  |            |
+---------------------+-----------+-----------+------------+
| SD_A[1]             | OUTPUT    | LVCMOS33  |            |
+---------------------+-----------+-----------+------------+
| SD_A[0]             | OUTPUT    | LVCMOS33  |            |
+---------------------+-----------+-----------+------------+
| SD_BA[1]            | OUTPUT    | LVCMOS33  |            |
+---------------------+-----------+-----------+------------+
| SD_BA[0]            | OUTPUT    | LVCMOS33  |            |
+---------------------+-----------+-----------+------------+
| M_D1                | OUTPUT    | LVCMOS33  |            |
+---------------------+-----------+-----------+------------+
| M_D0                | OUTPUT    | LVCMOS33  |            |
+---------------------+-----------+-----------+------------+
| M_D2                | OUTPUT    | LVCMOS33  |            |
+---------------------+-----------+-----------+------------+
| M_D3                | OUTPUT    | LVCMOS33  |            |
+---------------------+-----------+-----------+------------+
| M_CMD               | OUTPUT    | LVCMOS33  |            |
+---------------------+-----------+-----------+------------+
| M_CLK               | OUTPUT    | LVCMOS33  |            |
+---------------------+-----------+-----------+------------+
| CRYSTAL             | INPUT     | LVCMOS33  |            |
+---------------------+-----------+-----------+------------+
| VSYNC               | INPUT     | LVCMOS18  |            |
+---------------------+-----------+-----------+------------+
| HREF                | INPUT     | LVCMOS18  |            |
+---------------------+-----------+-----------+------------+
| PCLK                | INPUT     | LVCMOS18  |            |
+---------------------+-----------+-----------+------------+
| Y9                  | INPUT     | LVCMOS18  |            |
+---------------------+-----------+-----------+------------+
| Y8                  | INPUT     | LVCMOS18  |            |
+---------------------+-----------+-----------+------------+
| Y7                  | INPUT     | LVCMOS18  |            |
+---------------------+-----------+-----------+------------+
| Y6                  | INPUT     | LVCMOS18  |            |
+---------------------+-----------+-----------+------------+
| Y5                  | INPUT     | LVCMOS18  |            |
+---------------------+-----------+-----------+------------+
| Y4                  | INPUT     | LVCMOS18  |            |
+---------------------+-----------+-----------+------------+
| Y3                  | INPUT     | LVCMOS18  |            |
+---------------------+-----------+-----------+------------+
| Y2                  | INPUT     | LVCMOS18  |            |
+---------------------+-----------+-----------+------------+
| SSPI_CS_n           | INPUT     | LVCMOS33  |            |
+---------------------+-----------+-----------+------------+

                                   Page 13




Design:  fpga_top                                      Date:  05/15/26  05:52:38


Removed logic
-------------

Block GSR_INST undriven or does not drive anything - clipped.
Block i15030_2_lut undriven or does not drive anything - clipped.
Block mux_60_i1_3_lut undriven or does not drive anything - clipped.
Block i15028_2_lut undriven or does not drive anything - clipped.
Block i16206_2_lut undriven or does not drive anything - clipped.
Block i16204_2_lut undriven or does not drive anything - clipped.
Block i16202_2_lut undriven or does not drive anything - clipped.
Block i16200_2_lut undriven or does not drive anything - clipped.
Block i16198_2_lut undriven or does not drive anything - clipped.
Block i16196_2_lut undriven or does not drive anything - clipped.
Block i16194_2_lut undriven or does not drive anything - clipped.
Block i16192_2_lut undriven or does not drive anything - clipped.
Block i16190_2_lut undriven or does not drive anything - clipped.
Block i16188_2_lut undriven or does not drive anything - clipped.
Block i16186_2_lut undriven or does not drive anything - clipped.
Block i16184_2_lut undriven or does not drive anything - clipped.
Block i16182_2_lut undriven or does not drive anything - clipped.
Block i16180_2_lut undriven or does not drive anything - clipped.
Block i16178_2_lut undriven or does not drive anything - clipped.
Block mux_60_i2_3_lut undriven or does not drive anything - clipped.
Block mux_60_i3_3_lut undriven or does not drive anything - clipped.
Block mux_60_i4_3_lut undriven or does not drive anything - clipped.
Block mux_60_i5_3_lut undriven or does not drive anything - clipped.
Block mux_60_i6_3_lut undriven or does not drive anything - clipped.
Block mux_60_i7_3_lut undriven or does not drive anything - clipped.
Block mux_60_i8_3_lut undriven or does not drive anything - clipped.
Block mux_60_i9_3_lut undriven or does not drive anything - clipped.
Block mux_60_i10_3_lut undriven or does not drive anything - clipped.
Block mux_60_i11_3_lut undriven or does not drive anything - clipped.
Block mux_60_i12_3_lut undriven or does not drive anything - clipped.
Block mux_60_i13_3_lut undriven or does not drive anything - clipped.
Block mux_60_i14_3_lut undriven or does not drive anything - clipped.
Block mux_60_i15_3_lut undriven or does not drive anything - clipped.
Block mux_60_i16_3_lut undriven or does not drive anything - clipped.
Block i16176_2_lut_2_lut undriven or does not drive anything - clipped.
Block i16174_2_lut_2_lut undriven or does not drive anything - clipped.
Block i16172_2_lut_2_lut undriven or does not drive anything - clipped.
Block i16170_2_lut_2_lut undriven or does not drive anything - clipped.
Block i16168_2_lut_2_lut undriven or does not drive anything - clipped.
Block i16166_2_lut_2_lut undriven or does not drive anything - clipped.
Block i16164_2_lut_2_lut undriven or does not drive anything - clipped.
Block i16162_2_lut_2_lut undriven or does not drive anything - clipped.
Block i16160_2_lut_2_lut undriven or does not drive anything - clipped.
Block i16158_2_lut_2_lut undriven or does not drive anything - clipped.
Block i16156_2_lut_2_lut undriven or does not drive anything - clipped.
Block i16154_2_lut_2_lut undriven or does not drive anything - clipped.
Block i16152_2_lut_2_lut undriven or does not drive anything - clipped.
Block i16150_2_lut_2_lut undriven or does not drive anything - clipped.
Block i16148_2_lut_2_lut undriven or does not drive anything - clipped.
Block sdram_dq_drive_in_or_sys_i1 undriven or does not drive anything - clipped.
     
Block sdram_dq_drive_in_or_sys_i2 undriven or does not drive anything - clipped.
     
Block sdram_dq_drive_in_or_sys_i3 undriven or does not drive anything - clipped.

                                   Page 14




Design:  fpga_top                                      Date:  05/15/26  05:52:38

Removed logic (cont)
--------------------
     
Block sdram_dq_drive_in_or_sys_i4 undriven or does not drive anything - clipped.
     
Block sdram_dq_drive_in_or_sys_i5 undriven or does not drive anything - clipped.
     
Block sdram_dq_drive_in_or_sys_i6 undriven or does not drive anything - clipped.
     
Block sdram_dq_drive_in_or_sys_i7 undriven or does not drive anything - clipped.
     
Block sdram_dq_drive_in_or_sys_i8 undriven or does not drive anything - clipped.
     
Block sdram_dq_drive_in_or_sys_i9 undriven or does not drive anything - clipped.
     
Block sdram_dq_drive_in_or_sys_i10 undriven or does not drive anything -
     clipped.
Block sdram_dq_drive_in_or_sys_i11 undriven or does not drive anything -
     clipped.
Block sdram_dq_drive_in_or_sys_i12 undriven or does not drive anything -
     clipped.
Block sdram_dq_drive_in_or_sys_i13 undriven or does not drive anything -
     clipped.
Block sdram_dq_drive_in_or_sys_i14 undriven or does not drive anything -
     clipped.
Block sdram_dq_drive_in_or_sys_i15 undriven or does not drive anything -
     clipped.
Block sdram_dq_in_last_sys_i1 undriven or does not drive anything - clipped.
Block sdram_dq_in_last_sys_i2 undriven or does not drive anything - clipped.
Block sdram_dq_in_last_sys_i3 undriven or does not drive anything - clipped.
Block sdram_dq_in_last_sys_i4 undriven or does not drive anything - clipped.
Block sdram_dq_in_last_sys_i5 undriven or does not drive anything - clipped.
Block sdram_dq_in_last_sys_i6 undriven or does not drive anything - clipped.
Block sdram_dq_in_last_sys_i7 undriven or does not drive anything - clipped.
Block sdram_dq_in_last_sys_i8 undriven or does not drive anything - clipped.
Block sdram_dq_in_last_sys_i9 undriven or does not drive anything - clipped.
Block sdram_dq_in_last_sys_i10 undriven or does not drive anything - clipped.
Block sdram_dq_in_last_sys_i11 undriven or does not drive anything - clipped.
Block sdram_dq_in_last_sys_i12 undriven or does not drive anything - clipped.
Block sdram_dq_in_last_sys_i13 undriven or does not drive anything - clipped.
Block sdram_dq_in_last_sys_i14 undriven or does not drive anything - clipped.
Block sdram_dq_in_last_sys_i15 undriven or does not drive anything - clipped.
Block sdram_dq_in_idle_or_sys_i1 undriven or does not drive anything - clipped.
Block sdram_dq_in_idle_or_sys_i2 undriven or does not drive anything - clipped.
Block sdram_dq_in_idle_or_sys_i3 undriven or does not drive anything - clipped.
Block sdram_dq_in_idle_or_sys_i4 undriven or does not drive anything - clipped.
Block sdram_dq_in_idle_or_sys_i5 undriven or does not drive anything - clipped.
Block sdram_dq_in_idle_or_sys_i6 undriven or does not drive anything - clipped.
Block sdram_dq_in_idle_or_sys_i7 undriven or does not drive anything - clipped.
Block sdram_dq_in_idle_or_sys_i8 undriven or does not drive anything - clipped.
Block sdram_dq_in_idle_or_sys_i9 undriven or does not drive anything - clipped.
Block sdram_dq_in_idle_or_sys_i10 undriven or does not drive anything - clipped.
     
Block sdram_dq_in_idle_or_sys_i11 undriven or does not drive anything - clipped.
     
Block sdram_dq_in_idle_or_sys_i12 undriven or does not drive anything - clipped.
     
Block sdram_dq_in_idle_or_sys_i13 undriven or does not drive anything - clipped.

                                   Page 15




Design:  fpga_top                                      Date:  05/15/26  05:52:38

Removed logic (cont)
--------------------
     
Block sdram_dq_in_idle_or_sys_i14 undriven or does not drive anything - clipped.
     
Block sdram_dq_in_idle_or_sys_i15 undriven or does not drive anything - clipped.
     
Block sdram_dq_in_idle_or_sys_i0 undriven or does not drive anything - clipped.
Block sdram_dq_in_last_sys_i0 undriven or does not drive anything - clipped.
Block sdram_dq_drive_in_or_sys_i0 undriven or does not drive anything - clipped.
     
Signal u_sdram/CRYSTAL_c_enable_641 was merged into signal u_sdram/state_4
Signal n83691 was merged into signal u_cam_init/sda_oe
Signal u_cam_init/n133995 was merged into signal u_cam_init/tick
Signal u_cam_init/n133992 was merged into signal u_cam_init/tick
Signal u_uart_rx/n95515 was merged into signal u_uart_rx/n67659
Signal n95519 was merged into signal tx_read_pending
Signal CRYSTAL_c_enable_610 was merged into signal n134059
Signal n131608 was merged into signal sdram_dq_oe
Signal VCC_net undriven or does not drive anything - clipped.
Signal u_qvga_fifo/rd_gray_15__I_0_15/S1 undriven or does not drive anything -
     clipped.
Signal u_qvga_fifo/rd_gray_15__I_0_15/S0 undriven or does not drive anything -
     clipped.
Signal u_qvga_fifo/rd_gray_15__I_0_16/S0 undriven or does not drive anything -
     clipped.
Signal u_qvga_fifo/rd_gray_15__I_0_16/CO undriven or does not drive anything -
     clipped.
Signal u_qvga_fifo/equal_10226_11/S1 undriven or does not drive anything -
     clipped.
Signal u_qvga_fifo/equal_10226_11/S0 undriven or does not drive anything -
     clipped.
Signal u_qvga_fifo/equal_10226_13/S1 undriven or does not drive anything -
     clipped.
Signal u_qvga_fifo/equal_10226_13/S0 undriven or does not drive anything -
     clipped.
Signal u_qvga_fifo/equal_10226_15_42233/S1 undriven or does not drive anything -
     clipped.
Signal u_qvga_fifo/equal_10226_15_42233/S0 undriven or does not drive anything -
     clipped.
Signal u_qvga_fifo/wr_gray_inc_15__I_0_0/S1 undriven or does not drive anything
     - clipped.
Signal u_qvga_fifo/wr_gray_inc_15__I_0_0/S0 undriven or does not drive anything
     - clipped.
Signal u_qvga_fifo/wr_gray_inc_15__I_0_0/CI undriven or does not drive anything
     - clipped.
Signal u_qvga_fifo/wr_gray_inc_15__I_0_11/S1 undriven or does not drive anything
     - clipped.
Signal u_qvga_fifo/wr_gray_inc_15__I_0_11/S0 undriven or does not drive anything
     - clipped.
Signal u_qvga_fifo/equal_10226_15/S1 undriven or does not drive anything -
     clipped.
Signal u_qvga_fifo/equal_10226_15/CO undriven or does not drive anything -
     clipped.
Signal u_qvga_fifo/wr_gray_inc_15__I_0_13/S1 undriven or does not drive anything
     - clipped.
Signal u_qvga_fifo/wr_gray_inc_15__I_0_13/S0 undriven or does not drive anything
     - clipped.

                                   Page 16




Design:  fpga_top                                      Date:  05/15/26  05:52:38

Removed logic (cont)
--------------------
Signal u_qvga_fifo/wr_gray_inc_15__I_0_15/S1 undriven or does not drive anything
     - clipped.
Signal u_qvga_fifo/wr_gray_inc_15__I_0_15/S0 undriven or does not drive anything
     - clipped.
Signal u_qvga_fifo/equal_10226_0/S1 undriven or does not drive anything -
     clipped.
Signal u_qvga_fifo/equal_10226_0/S0 undriven or does not drive anything -
     clipped.
Signal u_qvga_fifo/equal_10226_0/CI undriven or does not drive anything -
     clipped.
Signal u_qvga_fifo/wr_gray_inc_15__I_0_16/S0 undriven or does not drive anything
     - clipped.
Signal u_qvga_fifo/wr_gray_inc_15__I_0_16/CO undriven or does not drive anything
     - clipped.
Signal u_qvga_fifo/rd_gray_15__I_0_0/S1 undriven or does not drive anything -
     clipped.
Signal u_qvga_fifo/rd_gray_15__I_0_0/S0 undriven or does not drive anything -
     clipped.
Signal u_qvga_fifo/rd_gray_15__I_0_0/CI undriven or does not drive anything -
     clipped.
Signal u_qvga_fifo/rd_gray_15__I_0_11/S1 undriven or does not drive anything -
     clipped.
Signal u_qvga_fifo/rd_gray_15__I_0_11/S0 undriven or does not drive anything -
     clipped.
Signal u_qvga_fifo/rd_gray_15__I_0_13/S1 undriven or does not drive anything -
     clipped.
Signal u_qvga_fifo/rd_gray_15__I_0_13/S0 undriven or does not drive anything -
     clipped.
Signal u_cmd_rx/capture_enable_I_415_0/S1 undriven or does not drive anything -
     clipped.
Signal u_cmd_rx/capture_enable_I_415_0/S0 undriven or does not drive anything -
     clipped.
Signal u_cmd_rx/capture_enable_I_415_0/CI undriven or does not drive anything -
     clipped.
Signal u_cmd_rx/capture_enable_I_415_7/S1 undriven or does not drive anything -
     clipped.
Signal u_cmd_rx/capture_enable_I_415_7/S0 undriven or does not drive anything -
     clipped.
Signal u_cmd_rx/capture_enable_I_415_8/S0 undriven or does not drive anything -
     clipped.
Signal u_cmd_rx/capture_enable_I_415_8/CO undriven or does not drive anything -
     clipped.
Signal _add_1_12518_add_4_2/S1 undriven or does not drive anything - clipped.
Signal _add_1_12518_add_4_2/S0 undriven or does not drive anything - clipped.
Signal _add_1_12518_add_4_2/CI undriven or does not drive anything - clipped.
Signal _add_1_12518_add_4_4/S0 undriven or does not drive anything - clipped.
Signal u_snap_fifo/equal_10491_0/S1 undriven or does not drive anything -
     clipped.
Signal u_snap_fifo/equal_10491_0/S0 undriven or does not drive anything -
     clipped.
Signal u_snap_fifo/equal_10491_0/CI undriven or does not drive anything -
     clipped.
Signal u_snap_fifo/equal_10491_8/S1 undriven or does not drive anything -
     clipped.
Signal u_snap_fifo/equal_10491_8/S0 undriven or does not drive anything -
     clipped.

                                   Page 17




Design:  fpga_top                                      Date:  05/15/26  05:52:38

Removed logic (cont)
--------------------
Signal u_snap_fifo/wr_gray_inc_10__I_0_0/S1 undriven or does not drive anything
     - clipped.
Signal u_snap_fifo/wr_gray_inc_10__I_0_0/S0 undriven or does not drive anything
     - clipped.
Signal u_snap_fifo/wr_gray_inc_10__I_0_0/CI undriven or does not drive anything
     - clipped.
Signal u_snap_fifo/equal_10491_10_42236/S1 undriven or does not drive anything -
     clipped.
Signal u_snap_fifo/equal_10491_10_42236/S0 undriven or does not drive anything -
     clipped.
Signal u_snap_fifo/equal_10491_10/S1 undriven or does not drive anything -
     clipped.
Signal u_snap_fifo/equal_10491_10/CO undriven or does not drive anything -
     clipped.
Signal u_snap_fifo/wr_gray_inc_10__I_0_9/S1 undriven or does not drive anything
     - clipped.
Signal u_snap_fifo/wr_gray_inc_10__I_0_9/S0 undriven or does not drive anything
     - clipped.
Signal u_snap_fifo/wr_gray_inc_10__I_0_11_42234/S1 undriven or does not drive
     anything - clipped.
Signal u_snap_fifo/wr_gray_inc_10__I_0_11_42234/S0 undriven or does not drive
     anything - clipped.
Signal u_snap_fifo/wr_gray_inc_10__I_0_11/S1 undriven or does not drive anything
     - clipped.
Signal u_snap_fifo/wr_gray_inc_10__I_0_11/CO undriven or does not drive anything
     - clipped.
Signal u_snap_fifo/rd_gray_10__I_0_0/S1 undriven or does not drive anything -
     clipped.
Signal u_snap_fifo/rd_gray_10__I_0_0/S0 undriven or does not drive anything -
     clipped.
Signal u_snap_fifo/rd_gray_10__I_0_0/CI undriven or does not drive anything -
     clipped.
Signal u_snap_fifo/rd_gray_10__I_0_9/S1 undriven or does not drive anything -
     clipped.
Signal u_snap_fifo/rd_gray_10__I_0_9/S0 undriven or does not drive anything -
     clipped.
Signal u_snap_fifo/rd_gray_10__I_0_11_42235/S1 undriven or does not drive
     anything - clipped.
Signal u_snap_fifo/rd_gray_10__I_0_11_42235/S0 undriven or does not drive
     anything - clipped.
Signal u_snap_fifo/rd_gray_10__I_0_11/S1 undriven or does not drive anything -
     clipped.
Signal u_snap_fifo/rd_gray_10__I_0_11/CO undriven or does not drive anything -
     clipped.
Signal u_sdram/ref_ctr_9461_9462_add_4_1/S0 undriven or does not drive anything
     - clipped.
Signal u_sdram/ref_ctr_9461_9462_add_4_1/CI undriven or does not drive anything
     - clipped.
Signal u_sdram/ref_ctr_9461_9462_add_4_9/S1 undriven or does not drive anything
     - clipped.
Signal u_sdram/ref_ctr_9461_9462_add_4_9/CO undriven or does not drive anything
     - clipped.
Signal u_cam_init/wait_ctr_9445_add_4_1/S0 undriven or does not drive anything -
     clipped.
Signal u_cam_init/wait_ctr_9445_add_4_1/CI undriven or does not drive anything -
     clipped.

                                   Page 18




Design:  fpga_top                                      Date:  05/15/26  05:52:38

Removed logic (cont)
--------------------
Signal u_cam_init/wait_ctr_9445_add_4_33/S1 undriven or does not drive anything
     - clipped.
Signal u_cam_init/wait_ctr_9445_add_4_33/CO undriven or does not drive anything
     - clipped.
Signal u_cam_init/div_ctr_9435_add_4_1/S0 undriven or does not drive anything -
     clipped.
Signal u_cam_init/div_ctr_9435_add_4_1/CI undriven or does not drive anything -
     clipped.
Signal u_cam_init/div_ctr_9435_add_4_17/S1 undriven or does not drive anything -
     clipped.
Signal u_cam_init/div_ctr_9435_add_4_17/CO undriven or does not drive anything -
     clipped.
Signal _add_1_12471_add_4_13/CO undriven or does not drive anything - clipped.
Signal u_uart_rx/ctr_9460_add_4_1/S0 undriven or does not drive anything -
     clipped.
Signal u_uart_rx/ctr_9460_add_4_1/CI undriven or does not drive anything -
     clipped.
Signal u_uart_rx/ctr_9460_add_4_17/S1 undriven or does not drive anything -
     clipped.
Signal u_uart_rx/ctr_9460_add_4_17/CO undriven or does not drive anything -
     clipped.
Signal _add_1_12468_add_4_1/S0 undriven or does not drive anything - clipped.
Signal _add_1_12468_add_4_1/CI undriven or does not drive anything - clipped.
Signal _add_1_12518_add_4_14/S1 undriven or does not drive anything - clipped.
Signal _add_1_12518_add_4_14/CO undriven or does not drive anything - clipped.
Signal _add_2_12403_add_4_42249_add_1_10/CO undriven or does not drive anything
     - clipped.
Signal _add_1_12505_add_4_1/S0 undriven or does not drive anything - clipped.
Signal _add_1_12505_add_4_1/CI undriven or does not drive anything - clipped.
Signal tx_preview_col_9457_add_4_1/S0 undriven or does not drive anything -
     clipped.
Signal tx_preview_col_9457_add_4_1/CI undriven or does not drive anything -
     clipped.
Signal _add_1_12468_add_4_19/CO undriven or does not drive anything - clipped.
Signal tx_preview_col_9457_add_4_9/S1 undriven or does not drive anything -
     clipped.
Signal tx_preview_col_9457_add_4_9/CO undriven or does not drive anything -
     clipped.
Signal tx_preview_row_9456_add_4_1/S0 undriven or does not drive anything -
     clipped.
Signal tx_preview_row_9456_add_4_1/CI undriven or does not drive anything -
     clipped.
Signal tx_preview_row_9456_add_4_7/CO undriven or does not drive anything -
     clipped.
Signal tx_snap_x_9455_add_4_1/S0 undriven or does not drive anything - clipped.
Signal tx_snap_x_9455_add_4_1/CI undriven or does not drive anything - clipped.
Signal _add_1_12465_add_4_1/S0 undriven or does not drive anything - clipped.
Signal _add_1_12465_add_4_1/CI undriven or does not drive anything - clipped.
Signal tx_snap_x_9455_add_4_11/S1 undriven or does not drive anything - clipped.
     
Signal tx_snap_x_9455_add_4_11/CO undriven or does not drive anything - clipped.
     
Signal _add_1_12465_add_4_13/CO undriven or does not drive anything - clipped.
Signal tx_snap_preamble_left_9452_add_4_1/S0 undriven or does not drive anything
     - clipped.
Signal tx_snap_preamble_left_9452_add_4_1/CI undriven or does not drive anything

                                   Page 19




Design:  fpga_top                                      Date:  05/15/26  05:52:38

Removed logic (cont)
--------------------
     - clipped.
Signal _add_1_12462_add_4_1/S0 undriven or does not drive anything - clipped.
Signal _add_1_12462_add_4_1/CI undriven or does not drive anything - clipped.
Signal _add_1_12505_add_4_21/S1 undriven or does not drive anything - clipped.
Signal _add_1_12505_add_4_21/CO undriven or does not drive anything - clipped.
Signal _add_1_12501_add_4_1/S0 undriven or does not drive anything - clipped.
Signal _add_1_12501_add_4_1/CI undriven or does not drive anything - clipped.
Signal add_42254_2/S1 undriven or does not drive anything - clipped.
Signal add_42254_2/S0 undriven or does not drive anything - clipped.
Signal add_42254_2/CI undriven or does not drive anything - clipped.
Signal tx_snap_preamble_left_9452_add_4_17/S1 undriven or does not drive
     anything - clipped.
Signal tx_snap_preamble_left_9452_add_4_17/CO undriven or does not drive
     anything - clipped.
Signal tx_preview_row_gap_ctr_9450_add_4_1/S0 undriven or does not drive
     anything - clipped.
Signal tx_preview_row_gap_ctr_9450_add_4_1/CI undriven or does not drive
     anything - clipped.
Signal _add_1_12462_add_4_25/S1 undriven or does not drive anything - clipped.
Signal _add_1_12462_add_4_25/CO undriven or does not drive anything - clipped.
Signal _add_1_12459_add_4_1/S0 undriven or does not drive anything - clipped.
Signal _add_1_12459_add_4_1/CI undriven or does not drive anything - clipped.
Signal tx_preview_row_gap_ctr_9450_add_4_25/S1 undriven or does not drive
     anything - clipped.
Signal tx_preview_row_gap_ctr_9450_add_4_25/CO undriven or does not drive
     anything - clipped.
Signal tx_snap_row_gap_ctr_9448_add_4_1/S0 undriven or does not drive anything -
     clipped.
Signal tx_snap_row_gap_ctr_9448_add_4_1/CI undriven or does not drive anything -
     clipped.
Signal _add_1_12459_add_4_19/CO undriven or does not drive anything - clipped.
Signal _add_1_12501_add_4_23/S1 undriven or does not drive anything - clipped.
Signal _add_1_12501_add_4_23/CO undriven or does not drive anything - clipped.
Signal _add_1_12456_add_4_1/S0 undriven or does not drive anything - clipped.
Signal _add_1_12456_add_4_1/CI undriven or does not drive anything - clipped.
Signal tx_snap_row_gap_ctr_9448_add_4_25/S1 undriven or does not drive anything
     - clipped.
Signal tx_snap_row_gap_ctr_9448_add_4_25/CO undriven or does not drive anything
     - clipped.
Signal _add_1_12498_add_4_1/S0 undriven or does not drive anything - clipped.
Signal _add_1_12498_add_4_1/CI undriven or does not drive anything - clipped.
Signal tx_gap_ctr_9446_add_4_1/S0 undriven or does not drive anything - clipped.
     
Signal tx_gap_ctr_9446_add_4_1/CI undriven or does not drive anything - clipped.
     
Signal _add_1_12456_add_4_13/CO undriven or does not drive anything - clipped.
Signal tx_gap_ctr_9446_add_4_25/S1 undriven or does not drive anything -
     clipped.
Signal tx_gap_ctr_9446_add_4_25/CO undriven or does not drive anything -
     clipped.
Signal _add_1_12453_add_4_1/S0 undriven or does not drive anything - clipped.
Signal _add_1_12453_add_4_1/CI undriven or does not drive anything - clipped.
Signal _add_1_12453_add_4_11/CO undriven or does not drive anything - clipped.
Signal _add_1_12447_add_4_1/S0 undriven or does not drive anything - clipped.
Signal _add_1_12447_add_4_1/CI undriven or does not drive anything - clipped.
Signal _add_1_12447_add_4_11/S1 undriven or does not drive anything - clipped.

                                   Page 20




Design:  fpga_top                                      Date:  05/15/26  05:52:38

Removed logic (cont)
--------------------
Signal _add_1_12447_add_4_11/CO undriven or does not drive anything - clipped.
Signal _add_1_12444_add_4_1/S0 undriven or does not drive anything - clipped.
Signal _add_1_12444_add_4_1/CI undriven or does not drive anything - clipped.
Signal qvga_seq_sys_9443_9827_add_4_1/S0 undriven or does not drive anything -
     clipped.
Signal qvga_seq_sys_9443_9827_add_4_1/CI undriven or does not drive anything -
     clipped.
Signal qvga_seq_sys_9443_9827_add_4_7/S1 undriven or does not drive anything -
     clipped.
Signal qvga_seq_sys_9443_9827_add_4_7/CO undriven or does not drive anything -
     clipped.
Signal qvga_interframe_gap_sys_9442_add_4_1/S0 undriven or does not drive
     anything - clipped.
Signal qvga_interframe_gap_sys_9442_add_4_1/CI undriven or does not drive
     anything - clipped.
Signal _add_1_12444_add_4_11/S1 undriven or does not drive anything - clipped.
Signal _add_1_12444_add_4_11/CO undriven or does not drive anything - clipped.
Signal line_idx_9__I_0_4746_10_42232/S1 undriven or does not drive anything -
     clipped.
Signal line_idx_9__I_0_4746_10_42232/S0 undriven or does not drive anything -
     clipped.
Signal line_idx_9__I_0_4746_10/S1 undriven or does not drive anything - clipped.
     
Signal line_idx_9__I_0_4746_10/CO undriven or does not drive anything - clipped.
     
Signal _add_1_12441_add_4_1/S0 undriven or does not drive anything - clipped.
Signal _add_1_12441_add_4_1/CI undriven or does not drive anything - clipped.
Signal _add_1_12498_add_4_17/S1 undriven or does not drive anything - clipped.
Signal _add_1_12498_add_4_17/CO undriven or does not drive anything - clipped.
Signal _add_1_12412_add_4_1/S0 undriven or does not drive anything - clipped.
Signal _add_1_12412_add_4_1/CI undriven or does not drive anything - clipped.
Signal line_idx_9__I_0_4746_8/S1 undriven or does not drive anything - clipped.
Signal line_idx_9__I_0_4746_8/S0 undriven or does not drive anything - clipped.
Signal line_idx_9__I_0_4746_0/S1 undriven or does not drive anything - clipped.
Signal line_idx_9__I_0_4746_0/S0 undriven or does not drive anything - clipped.
Signal line_idx_9__I_0_4746_0/CI undriven or does not drive anything - clipped.
Signal _add_1_12495_add_4_1/S0 undriven or does not drive anything - clipped.
Signal _add_1_12495_add_4_1/CI undriven or does not drive anything - clipped.
Signal _add_1_12441_add_4_11/S1 undriven or does not drive anything - clipped.
Signal _add_1_12441_add_4_11/CO undriven or does not drive anything - clipped.
Signal qvga_interframe_gap_sys_9442_add_4_21/S1 undriven or does not drive
     anything - clipped.
Signal qvga_interframe_gap_sys_9442_add_4_21/CO undriven or does not drive
     anything - clipped.
Signal _add_1_12438_add_4_1/S0 undriven or does not drive anything - clipped.
Signal _add_1_12438_add_4_1/CI undriven or does not drive anything - clipped.
Signal box20_eval_score_pclk_9440_add_4_1/S0 undriven or does not drive anything
     - clipped.
Signal box20_eval_score_pclk_9440_add_4_1/CI undriven or does not drive anything
     - clipped.
Signal _add_1_12495_add_4_17/S1 undriven or does not drive anything - clipped.
Signal _add_1_12495_add_4_17/CO undriven or does not drive anything - clipped.
Signal _add_1_12438_add_4_15/S1 undriven or does not drive anything - clipped.
Signal _add_1_12438_add_4_15/CO undriven or does not drive anything - clipped.
Signal _add_1_12435_add_4_1/S0 undriven or does not drive anything - clipped.
Signal _add_1_12435_add_4_1/CI undriven or does not drive anything - clipped.

                                   Page 21




Design:  fpga_top                                      Date:  05/15/26  05:52:38

Removed logic (cont)
--------------------
Signal _add_1_12492_add_4_1/S0 undriven or does not drive anything - clipped.
Signal _add_1_12492_add_4_1/CI undriven or does not drive anything - clipped.
Signal add_42254_4/S0 undriven or does not drive anything - clipped.
Signal _add_1_12435_add_4_15/CO undriven or does not drive anything - clipped.
Signal _add_1_12432_add_4_1/S0 undriven or does not drive anything - clipped.
Signal _add_1_12432_add_4_1/CI undriven or does not drive anything - clipped.
Signal _add_1_12492_add_4_17/S1 undriven or does not drive anything - clipped.
Signal _add_1_12492_add_4_17/CO undriven or does not drive anything - clipped.
Signal _add_1_12489_add_4_1/S0 undriven or does not drive anything - clipped.
Signal _add_1_12489_add_4_1/CI undriven or does not drive anything - clipped.
Signal box20_eval_score_pclk_9440_add_4_49/S1 undriven or does not drive
     anything - clipped.
Signal box20_eval_score_pclk_9440_add_4_49/CO undriven or does not drive
     anything - clipped.
Signal snap_target_line_pclk_9439_add_4_1/S0 undriven or does not drive anything
     - clipped.
Signal snap_target_line_pclk_9439_add_4_1/CI undriven or does not drive anything
     - clipped.
Signal _add_1_12489_add_4_11/CO undriven or does not drive anything - clipped.
Signal _add_1_12486_add_4_1/S0 undriven or does not drive anything - clipped.
Signal _add_1_12486_add_4_1/CI undriven or does not drive anything - clipped.
Signal _add_1_12432_add_4_15/S1 undriven or does not drive anything - clipped.
Signal _add_1_12432_add_4_15/CO undriven or does not drive anything - clipped.
Signal snap_target_line_pclk_9439_add_4_11/S1 undriven or does not drive
     anything - clipped.
Signal snap_target_line_pclk_9439_add_4_11/CO undriven or does not drive
     anything - clipped.
Signal box20_grid_eval_idx_pclk_9437_add_4_1/S0 undriven or does not drive
     anything - clipped.
Signal box20_grid_eval_idx_pclk_9437_add_4_1/CI undriven or does not drive
     anything - clipped.
Signal _add_1_12429_add_4_2/S0 undriven or does not drive anything - clipped.
Signal _add_1_12429_add_4_2/CI undriven or does not drive anything - clipped.
Signal box20_grid_eval_idx_pclk_9437_add_4_7/S1 undriven or does not drive
     anything - clipped.
Signal box20_grid_eval_idx_pclk_9437_add_4_7/CO undriven or does not drive
     anything - clipped.
Signal box20_eval_idx_pclk_9436_add_4_1/S0 undriven or does not drive anything -
     clipped.
Signal box20_eval_idx_pclk_9436_add_4_1/CI undriven or does not drive anything -
     clipped.
Signal _add_1_12486_add_4_11/CO undriven or does not drive anything - clipped.
Signal _add_1_12483_add_4_1/S0 undriven or does not drive anything - clipped.
Signal _add_1_12483_add_4_1/CI undriven or does not drive anything - clipped.
Signal box20_eval_idx_pclk_9436_add_4_7/S1 undriven or does not drive anything -
     clipped.
Signal box20_eval_idx_pclk_9436_add_4_7/CO undriven or does not drive anything -
     clipped.
Signal _add_1_12429_add_4_10/CO undriven or does not drive anything - clipped.
Signal _add_1_12483_add_4_11/CO undriven or does not drive anything - clipped.
Signal _add_2_12413_add_4_42247_add_1_2/S0 undriven or does not drive anything -
     clipped.
Signal _add_2_12413_add_4_42247_add_1_2/CI undriven or does not drive anything -
     clipped.
Signal add_42254_12/S1 undriven or does not drive anything - clipped.
Signal add_42254_12/CO undriven or does not drive anything - clipped.

                                   Page 22




Design:  fpga_top                                      Date:  05/15/26  05:52:38

Removed logic (cont)
--------------------
Signal _add_1_12480_add_4_1/S0 undriven or does not drive anything - clipped.
Signal _add_1_12480_add_4_1/CI undriven or does not drive anything - clipped.
Signal _add_2_12413_add_4_42247_add_1_10/CO undriven or does not drive anything
     - clipped.
Signal _add_1_12422_add_4_1/S0 undriven or does not drive anything - clipped.
Signal _add_1_12422_add_4_1/CI undriven or does not drive anything - clipped.
Signal _add_1_12409_add_4_1/S0 undriven or does not drive anything - clipped.
Signal _add_1_12409_add_4_1/CI undriven or does not drive anything - clipped.
Signal _add_1_12480_add_4_21/S1 undriven or does not drive anything - clipped.
Signal _add_1_12480_add_4_21/CO undriven or does not drive anything - clipped.
Signal add_42260_2/S0 undriven or does not drive anything - clipped.
Signal add_42260_2/CI undriven or does not drive anything - clipped.
Signal add_42236_2/S1 undriven or does not drive anything - clipped.
Signal add_42236_2/S0 undriven or does not drive anything - clipped.
Signal add_42236_2/CI undriven or does not drive anything - clipped.
Signal _add_1_12409_add_4_11/S1 undriven or does not drive anything - clipped.
Signal _add_1_12409_add_4_11/CO undriven or does not drive anything - clipped.
Signal _add_1_12515_add_4_2/S1 undriven or does not drive anything - clipped.
Signal _add_1_12515_add_4_2/S0 undriven or does not drive anything - clipped.
Signal _add_1_12515_add_4_2/CI undriven or does not drive anything - clipped.
Signal _add_1_12515_add_4_4/S1 undriven or does not drive anything - clipped.
Signal _add_1_12515_add_4_4/S0 undriven or does not drive anything - clipped.
Signal _add_1_12422_add_4_9/CO undriven or does not drive anything - clipped.
Signal add_42236_4/S1 undriven or does not drive anything - clipped.
Signal add_42236_4/S0 undriven or does not drive anything - clipped.
Signal add_42236_6/S1 undriven or does not drive anything - clipped.
Signal add_42236_6/S0 undriven or does not drive anything - clipped.
Signal add_42260_10/CO undriven or does not drive anything - clipped.
Signal sdram_dq_drive_in_or_sys_1 undriven or does not drive anything - clipped.
     
Signal n85221 undriven or does not drive anything - clipped.
Signal sdram_dq_drive_in_or_sys_2 undriven or does not drive anything - clipped.
     
Signal n85219 undriven or does not drive anything - clipped.
Signal sdram_dq_drive_in_or_sys_3 undriven or does not drive anything - clipped.
     
Signal n85217 undriven or does not drive anything - clipped.
Signal sdram_dq_drive_in_or_sys_4 undriven or does not drive anything - clipped.
     
Signal n85215 undriven or does not drive anything - clipped.
Signal sdram_dq_drive_in_or_sys_5 undriven or does not drive anything - clipped.
     
Signal n85213 undriven or does not drive anything - clipped.
Signal sdram_dq_drive_in_or_sys_6 undriven or does not drive anything - clipped.
     
Signal n85211 undriven or does not drive anything - clipped.
Signal sdram_dq_drive_in_or_sys_7 undriven or does not drive anything - clipped.
     
Signal n85209 undriven or does not drive anything - clipped.
Signal sdram_dq_drive_in_or_sys_8 undriven or does not drive anything - clipped.
     
Signal n85207 undriven or does not drive anything - clipped.
Signal sdram_dq_drive_in_or_sys_9 undriven or does not drive anything - clipped.
     
Signal n85205 undriven or does not drive anything - clipped.
Signal sdram_dq_drive_in_or_sys_10 undriven or does not drive anything -

                                   Page 23




Design:  fpga_top                                      Date:  05/15/26  05:52:38

Removed logic (cont)
--------------------
     clipped.
Signal n85203 undriven or does not drive anything - clipped.
Signal sdram_dq_drive_in_or_sys_11 undriven or does not drive anything -
     clipped.
Signal n85201 undriven or does not drive anything - clipped.
Signal sdram_dq_drive_in_or_sys_12 undriven or does not drive anything -
     clipped.
Signal n85199 undriven or does not drive anything - clipped.
Signal sdram_dq_drive_in_or_sys_13 undriven or does not drive anything -
     clipped.
Signal n85197 undriven or does not drive anything - clipped.
Signal sdram_dq_drive_in_or_sys_14 undriven or does not drive anything -
     clipped.
Signal n85195 undriven or does not drive anything - clipped.
Signal sdram_dq_drive_in_or_sys_15 undriven or does not drive anything -
     clipped.
Signal n85193 undriven or does not drive anything - clipped.
Signal sdram_dq_in_last_sys_1 undriven or does not drive anything - clipped.
Signal n966 undriven or does not drive anything - clipped.
Signal sdram_dq_in_last_sys_2 undriven or does not drive anything - clipped.
Signal n965 undriven or does not drive anything - clipped.
Signal sdram_dq_in_last_sys_3 undriven or does not drive anything - clipped.
Signal n964 undriven or does not drive anything - clipped.
Signal sdram_dq_in_last_sys_4 undriven or does not drive anything - clipped.
Signal n963 undriven or does not drive anything - clipped.
Signal sdram_dq_in_last_sys_5 undriven or does not drive anything - clipped.
Signal n962 undriven or does not drive anything - clipped.
Signal sdram_dq_in_last_sys_6 undriven or does not drive anything - clipped.
Signal n961 undriven or does not drive anything - clipped.
Signal sdram_dq_in_last_sys_7 undriven or does not drive anything - clipped.
Signal n960 undriven or does not drive anything - clipped.
Signal sdram_dq_in_last_sys_8 undriven or does not drive anything - clipped.
Signal n959 undriven or does not drive anything - clipped.
Signal sdram_dq_in_last_sys_9 undriven or does not drive anything - clipped.
Signal n958 undriven or does not drive anything - clipped.
Signal sdram_dq_in_last_sys_10 undriven or does not drive anything - clipped.
Signal n957 undriven or does not drive anything - clipped.
Signal sdram_dq_in_last_sys_11 undriven or does not drive anything - clipped.
Signal n956 undriven or does not drive anything - clipped.
Signal sdram_dq_in_last_sys_12 undriven or does not drive anything - clipped.
Signal n955 undriven or does not drive anything - clipped.
Signal sdram_dq_in_last_sys_13 undriven or does not drive anything - clipped.
Signal n954 undriven or does not drive anything - clipped.
Signal sdram_dq_in_last_sys_14 undriven or does not drive anything - clipped.
Signal n953 undriven or does not drive anything - clipped.
Signal sdram_dq_in_last_sys_15 undriven or does not drive anything - clipped.
Signal n952 undriven or does not drive anything - clipped.
Signal sdram_dq_in_idle_or_sys_1 undriven or does not drive anything - clipped.
Signal n85191 undriven or does not drive anything - clipped.
Signal sdram_dq_in_idle_or_sys_2 undriven or does not drive anything - clipped.
Signal n85189 undriven or does not drive anything - clipped.
Signal sdram_dq_in_idle_or_sys_3 undriven or does not drive anything - clipped.
Signal n85187 undriven or does not drive anything - clipped.
Signal sdram_dq_in_idle_or_sys_4 undriven or does not drive anything - clipped.
Signal n85185 undriven or does not drive anything - clipped.
Signal sdram_dq_in_idle_or_sys_5 undriven or does not drive anything - clipped.

                                   Page 24




Design:  fpga_top                                      Date:  05/15/26  05:52:38

Removed logic (cont)
--------------------
Signal n85183 undriven or does not drive anything - clipped.
Signal sdram_dq_in_idle_or_sys_6 undriven or does not drive anything - clipped.
Signal n85181 undriven or does not drive anything - clipped.
Signal sdram_dq_in_idle_or_sys_7 undriven or does not drive anything - clipped.
Signal n85179 undriven or does not drive anything - clipped.
Signal sdram_dq_in_idle_or_sys_8 undriven or does not drive anything - clipped.
Signal n85177 undriven or does not drive anything - clipped.
Signal sdram_dq_in_idle_or_sys_9 undriven or does not drive anything - clipped.
Signal n85175 undriven or does not drive anything - clipped.
Signal sdram_dq_in_idle_or_sys_10 undriven or does not drive anything - clipped.
     
Signal n85173 undriven or does not drive anything - clipped.
Signal sdram_dq_in_idle_or_sys_11 undriven or does not drive anything - clipped.
     
Signal n85171 undriven or does not drive anything - clipped.
Signal sdram_dq_in_idle_or_sys_12 undriven or does not drive anything - clipped.
     
Signal n85169 undriven or does not drive anything - clipped.
Signal sdram_dq_in_idle_or_sys_13 undriven or does not drive anything - clipped.
     
Signal n85167 undriven or does not drive anything - clipped.
Signal sdram_dq_in_idle_or_sys_14 undriven or does not drive anything - clipped.
     
Signal n85165 undriven or does not drive anything - clipped.
Signal add_42263_1/S1 undriven or does not drive anything - clipped.
Signal add_42263_1/S0 undriven or does not drive anything - clipped.
Signal add_42263_1/CI undriven or does not drive anything - clipped.
Signal add_42236_8/S1 undriven or does not drive anything - clipped.
Signal add_42236_8/S0 undriven or does not drive anything - clipped.
Signal add_42263_3/S1 undriven or does not drive anything - clipped.
Signal add_42263_3/S0 undriven or does not drive anything - clipped.
Signal _add_1_12515_add_4_16/CO undriven or does not drive anything - clipped.
Signal _add_1_12477_add_4_2/S1 undriven or does not drive anything - clipped.
Signal _add_1_12477_add_4_2/S0 undriven or does not drive anything - clipped.
Signal _add_1_12477_add_4_2/CI undriven or does not drive anything - clipped.
Signal _add_1_12477_add_4_4/S1 undriven or does not drive anything - clipped.
Signal _add_1_12477_add_4_4/S0 undriven or does not drive anything - clipped.
Signal add_42236_10/S1 undriven or does not drive anything - clipped.
Signal add_42236_10/S0 undriven or does not drive anything - clipped.
Signal _add_2_12423_add_4_42251_add_1_2/S0 undriven or does not drive anything -
     clipped.
Signal _add_2_12423_add_4_42251_add_1_2/CI undriven or does not drive anything -
     clipped.
Signal sdram_dq_in_idle_or_sys_15 undriven or does not drive anything - clipped.
     
Signal n85163 undriven or does not drive anything - clipped.
Signal _add_1_12477_add_4_6/S0 undriven or does not drive anything - clipped.
Signal add_42263_11/CO undriven or does not drive anything - clipped.
Signal add_42236_12/S1 undriven or does not drive anything - clipped.
Signal add_42236_12/S0 undriven or does not drive anything - clipped.
Signal _add_2_12423_add_4_42251_add_1_10/CO undriven or does not drive anything
     - clipped.
Signal _add_1_12477_add_4_cout/S1 undriven or does not drive anything - clipped.
     
Signal _add_1_12477_add_4_cout/CO undriven or does not drive anything - clipped.
     

                                   Page 25




Design:  fpga_top                                      Date:  05/15/26  05:52:38

Removed logic (cont)
--------------------
Signal add_42257_2/S1 undriven or does not drive anything - clipped.
Signal add_42257_2/S0 undriven or does not drive anything - clipped.
Signal add_42257_2/CI undriven or does not drive anything - clipped.
Signal _add_1_12474_add_4_1/S0 undriven or does not drive anything - clipped.
Signal _add_1_12474_add_4_1/CI undriven or does not drive anything - clipped.
Signal add_42236_14/S1 undriven or does not drive anything - clipped.
Signal add_42236_14/S0 undriven or does not drive anything - clipped.
Signal add_42236_16/S1 undriven or does not drive anything - clipped.
Signal add_42236_16/S0 undriven or does not drive anything - clipped.
Signal add_42236_18/S1 undriven or does not drive anything - clipped.
Signal add_42236_18/S0 undriven or does not drive anything - clipped.
Signal add_42236_20/S1 undriven or does not drive anything - clipped.
Signal add_42236_20/S0 undriven or does not drive anything - clipped.
Signal add_42257_4/S0 undriven or does not drive anything - clipped.
Signal add_42236_22/S1 undriven or does not drive anything - clipped.
Signal add_42236_22/S0 undriven or does not drive anything - clipped.
Signal _add_1_12419_add_4_2/S0 undriven or does not drive anything - clipped.
Signal _add_1_12419_add_4_2/CI undriven or does not drive anything - clipped.
Signal add_42236_24/S1 undriven or does not drive anything - clipped.
Signal add_42236_24/S0 undriven or does not drive anything - clipped.
Signal add_42257_12/S1 undriven or does not drive anything - clipped.
Signal add_42257_12/CO undriven or does not drive anything - clipped.
Signal add_42236_26/S1 undriven or does not drive anything - clipped.
Signal add_42236_26/S0 undriven or does not drive anything - clipped.
Signal add_42236_28/S1 undriven or does not drive anything - clipped.
Signal add_42236_28/S0 undriven or does not drive anything - clipped.
Signal add_42236_30/S1 undriven or does not drive anything - clipped.
Signal add_42236_30/S0 undriven or does not drive anything - clipped.
Signal _add_1_12419_add_4_10/CO undriven or does not drive anything - clipped.
Signal add_42236_32/S1 undriven or does not drive anything - clipped.
Signal add_42236_32/S0 undriven or does not drive anything - clipped.
Signal _add_1_12474_add_4_13/CO undriven or does not drive anything - clipped.
Signal add_42236_34/S1 undriven or does not drive anything - clipped.
Signal add_42236_34/S0 undriven or does not drive anything - clipped.
Signal add_42236_36/S1 undriven or does not drive anything - clipped.
Signal add_42236_36/S0 undriven or does not drive anything - clipped.
Signal add_42236_38/S1 undriven or does not drive anything - clipped.
Signal add_42236_38/S0 undriven or does not drive anything - clipped.
Signal add_42236_40/S1 undriven or does not drive anything - clipped.
Signal add_42236_40/S0 undriven or does not drive anything - clipped.
Signal add_42236_42/S1 undriven or does not drive anything - clipped.
Signal add_42236_42/S0 undriven or does not drive anything - clipped.
Signal _add_1_12471_add_4_1/S0 undriven or does not drive anything - clipped.
Signal _add_1_12471_add_4_1/CI undriven or does not drive anything - clipped.
Signal _add_3_add_4_42245_add_1_2/S0 undriven or does not drive anything -
     clipped.
Signal _add_3_add_4_42245_add_1_2/CI undriven or does not drive anything -
     clipped.
Signal add_42236_44/S0 undriven or does not drive anything - clipped.
Signal add_42236_44/CO undriven or does not drive anything - clipped.
Signal add_42251_1/S1 undriven or does not drive anything - clipped.
Signal add_42251_1/S0 undriven or does not drive anything - clipped.
Signal add_42251_1/CI undriven or does not drive anything - clipped.
Signal add_42251_3/S1 undriven or does not drive anything - clipped.
Signal add_42251_3/S0 undriven or does not drive anything - clipped.
Signal _add_2_12403_add_4_42249_add_1_2/S0 undriven or does not drive anything -

                                   Page 26




Design:  fpga_top                                      Date:  05/15/26  05:52:38

Removed logic (cont)
--------------------
     clipped.
Signal _add_2_12403_add_4_42249_add_1_2/CI undriven or does not drive anything -
     clipped.
Signal add_42251_11/CO undriven or does not drive anything - clipped.
Signal _add_3_add_4_42245_add_1_8/CO undriven or does not drive anything -
     clipped.
Signal _add_1_12509_add_4_2/S0 undriven or does not drive anything - clipped.
Signal _add_1_12509_add_4_2/CI undriven or does not drive anything - clipped.
Signal _add_1_12509_add_4_10/S1 undriven or does not drive anything - clipped.
Signal _add_1_12509_add_4_10/CO undriven or does not drive anything - clipped.
Signal _add_1_add_4_2/S1 undriven or does not drive anything - clipped.
Signal _add_1_add_4_2/S0 undriven or does not drive anything - clipped.
Signal _add_1_add_4_2/CI undriven or does not drive anything - clipped.
Signal _add_1_12402_add_4_11/S1 undriven or does not drive anything - clipped.
Signal _add_1_12402_add_4_11/CO undriven or does not drive anything - clipped.
Signal _add_1_add_4_4/S0 undriven or does not drive anything - clipped.
Signal _add_1_12402_add_4_1/S0 undriven or does not drive anything - clipped.
Signal _add_1_12402_add_4_1/CI undriven or does not drive anything - clipped.
Signal _add_1_add_4_14/S1 undriven or does not drive anything - clipped.
Signal _add_1_add_4_14/CO undriven or does not drive anything - clipped.
Signal _add_2_12506_add_4_42243_add_1_2/S0 undriven or does not drive anything -
     clipped.
Signal _add_2_12506_add_4_42243_add_1_2/CI undriven or does not drive anything -
     clipped.
Signal sdram_dq_in_4 undriven or does not drive anything - clipped.
Signal sdram_dq_in_8 undriven or does not drive anything - clipped.
Signal sdram_dq_in_7 undriven or does not drive anything - clipped.
Signal sdram_dq_in_10 undriven or does not drive anything - clipped.
Signal sdram_dq_in_12 undriven or does not drive anything - clipped.
Signal sdram_dq_in_13 undriven or does not drive anything - clipped.
Signal sdram_dq_in_14 undriven or does not drive anything - clipped.
Signal sdram_dq_in_15 undriven or does not drive anything - clipped.
Signal sdram_dq_in_0 undriven or does not drive anything - clipped.
Signal sdram_dq_in_1 undriven or does not drive anything - clipped.
Signal sdram_dq_in_2 undriven or does not drive anything - clipped.
Signal sdram_dq_in_3 undriven or does not drive anything - clipped.
Signal _add_1_12412_add_4_9/CO undriven or does not drive anything - clipped.
Signal sdram_dq_in_11 undriven or does not drive anything - clipped.
Signal sdram_dq_in_5 undriven or does not drive anything - clipped.
Signal sdram_dq_in_6 undriven or does not drive anything - clipped.
Signal _add_2_12506_add_4_42243_add_1_10/CO undriven or does not drive anything
     - clipped.
Signal sdram_dq_in_9 undriven or does not drive anything - clipped.
Signal sdram_dq_in_idle_or_sys_0 undriven or does not drive anything - clipped.
Signal n84031 undriven or does not drive anything - clipped.
Signal sdram_dq_in_last_sys_0 undriven or does not drive anything - clipped.
Signal n967 undriven or does not drive anything - clipped.
Signal sdram_dq_drive_in_or_sys_0 undriven or does not drive anything - clipped.
     
Signal n84029 undriven or does not drive anything - clipped.
Block u_sdram/i1_1_lut was optimized away.
Block u_cam_init/i14717_1_lut was optimized away.
Block u_cam_init/i61327_3_lut_4_lut_then_1_lut was optimized away.
Block u_cam_init/n131751_bdd_4_lut_then_1_lut was optimized away.
Block u_uart_rx/i26453_1_lut was optimized away.
Block i26457_1_lut was optimized away.

                                   Page 27




Design:  fpga_top                                      Date:  05/15/26  05:52:38

Removed logic (cont)
--------------------
Block i12058_1_lut_rep_1041 was optimized away.
Block sdram_dq_oe_keep_I_0_1_lut_rep_964 was optimized away.
Block i2 was optimized away.

Memory Usage
------------

/u_cam_init:
    EBRs: 1
    RAM SLICEs: 0
    Logic SLICEs: 128
    PFU Registers: 93
    -Contains EBR mux_5576:  TYPE= PDPW16KD,  Width= 24,  Depth_R= 256,
         REGMODE= NOREG,  RESETMODE= ASYNC,  ASYNC_RESET_RELEASE= SYNC,  GSR=
         DISABLED
/u_qvga_fifo:
    EBRs: 32
    RAM SLICEs: 0
    Logic SLICEs: 163
    PFU Registers: 147
    -Contains EBR mem8:  TYPE= DP16KD,  Width_B= 16,  Depth_A= 1024,  Depth_B=
         1024,  REGMODE_A= NOREG,  REGMODE_B= NOREG,  RESETMODE= SYNC,
         ASYNC_RESET_RELEASE= SYNC,  WRITEMODE_A= WRITETHROUGH,  WRITEMODE_B=
         WRITETHROUGH,  GSR= DISABLED
    -Contains EBR mem19:  TYPE= DP16KD,  Width_B= 16,  Depth_A= 1024,  Depth_B=
         1024,  REGMODE_A= NOREG,  REGMODE_B= NOREG,  RESETMODE= SYNC,
         ASYNC_RESET_RELEASE= SYNC,  WRITEMODE_A= WRITETHROUGH,  WRITEMODE_B=
         WRITETHROUGH,  GSR= DISABLED
    -Contains EBR mem7:  TYPE= DP16KD,  Width_B= 16,  Depth_A= 1024,  Depth_B=
         1024,  REGMODE_A= NOREG,  REGMODE_B= NOREG,  RESETMODE= SYNC,
         ASYNC_RESET_RELEASE= SYNC,  WRITEMODE_A= WRITETHROUGH,  WRITEMODE_B=
         WRITETHROUGH,  GSR= DISABLED
    -Contains EBR mem21:  TYPE= DP16KD,  Width_B= 16,  Depth_A= 1024,  Depth_B=
         1024,  REGMODE_A= NOREG,  REGMODE_B= NOREG,  RESETMODE= SYNC,
         ASYNC_RESET_RELEASE= SYNC,  WRITEMODE_A= WRITETHROUGH,  WRITEMODE_B=
         WRITETHROUGH,  GSR= DISABLED
    -Contains EBR mem22:  TYPE= DP16KD,  Width_B= 16,  Depth_A= 1024,  Depth_B=
         1024,  REGMODE_A= NOREG,  REGMODE_B= NOREG,  RESETMODE= SYNC,
         ASYNC_RESET_RELEASE= SYNC,  WRITEMODE_A= WRITETHROUGH,  WRITEMODE_B=
         WRITETHROUGH,  GSR= DISABLED
    -Contains EBR mem9:  TYPE= DP16KD,  Width_B= 16,  Depth_A= 1024,  Depth_B=
         1024,  REGMODE_A= NOREG,  REGMODE_B= NOREG,  RESETMODE= SYNC,
         ASYNC_RESET_RELEASE= SYNC,  WRITEMODE_A= WRITETHROUGH,  WRITEMODE_B=
         WRITETHROUGH,  GSR= DISABLED
    -Contains EBR mem16:  TYPE= DP16KD,  Width_B= 16,  Depth_A= 1024,  Depth_B=
         1024,  REGMODE_A= NOREG,  REGMODE_B= NOREG,  RESETMODE= SYNC,
         ASYNC_RESET_RELEASE= SYNC,  WRITEMODE_A= WRITETHROUGH,  WRITEMODE_B=
         WRITETHROUGH,  GSR= DISABLED
    -Contains EBR mem5:  TYPE= DP16KD,  Width_B= 16,  Depth_A= 1024,  Depth_B=
         1024,  REGMODE_A= NOREG,  REGMODE_B= NOREG,  RESETMODE= SYNC,
         ASYNC_RESET_RELEASE= SYNC,  WRITEMODE_A= WRITETHROUGH,  WRITEMODE_B=
         WRITETHROUGH,  GSR= DISABLED
    -Contains EBR mem15:  TYPE= DP16KD,  Width_B= 16,  Depth_A= 1024,  Depth_B=
         1024,  REGMODE_A= NOREG,  REGMODE_B= NOREG,  RESETMODE= SYNC,
         ASYNC_RESET_RELEASE= SYNC,  WRITEMODE_A= WRITETHROUGH,  WRITEMODE_B=
         WRITETHROUGH,  GSR= DISABLED

                                   Page 28




Design:  fpga_top                                      Date:  05/15/26  05:52:38

Memory Usage (cont)
-------------------
    -Contains EBR mem4:  TYPE= DP16KD,  Width_B= 16,  Depth_A= 1024,  Depth_B=
         1024,  REGMODE_A= NOREG,  REGMODE_B= NOREG,  RESETMODE= SYNC,
         ASYNC_RESET_RELEASE= SYNC,  WRITEMODE_A= WRITETHROUGH,  WRITEMODE_B=
         WRITETHROUGH,  GSR= DISABLED
    -Contains EBR mem13:  TYPE= DP16KD,  Width_B= 16,  Depth_A= 1024,  Depth_B=
         1024,  REGMODE_A= NOREG,  REGMODE_B= NOREG,  RESETMODE= SYNC,
         ASYNC_RESET_RELEASE= SYNC,  WRITEMODE_A= WRITETHROUGH,  WRITEMODE_B=
         WRITETHROUGH,  GSR= DISABLED
    -Contains EBR mem3:  TYPE= DP16KD,  Width_B= 16,  Depth_A= 1024,  Depth_B=
         1024,  REGMODE_A= NOREG,  REGMODE_B= NOREG,  RESETMODE= SYNC,
         ASYNC_RESET_RELEASE= SYNC,  WRITEMODE_A= WRITETHROUGH,  WRITEMODE_B=
         WRITETHROUGH,  GSR= DISABLED
    -Contains EBR mem6:  TYPE= DP16KD,  Width_B= 16,  Depth_A= 1024,  Depth_B=
         1024,  REGMODE_A= NOREG,  REGMODE_B= NOREG,  RESETMODE= SYNC,
         ASYNC_RESET_RELEASE= SYNC,  WRITEMODE_A= WRITETHROUGH,  WRITEMODE_B=
         WRITETHROUGH,  GSR= DISABLED
    -Contains EBR mem1:  TYPE= DP16KD,  Width_B= 16,  Depth_A= 1024,  Depth_B=
         1024,  REGMODE_A= NOREG,  REGMODE_B= NOREG,  RESETMODE= SYNC,
         ASYNC_RESET_RELEASE= SYNC,  WRITEMODE_A= WRITETHROUGH,  WRITEMODE_B=
         WRITETHROUGH,  GSR= DISABLED
    -Contains EBR mem10:  TYPE= DP16KD,  Width_B= 16,  Depth_A= 1024,  Depth_B=
         1024,  REGMODE_A= NOREG,  REGMODE_B= NOREG,  RESETMODE= SYNC,
         ASYNC_RESET_RELEASE= SYNC,  WRITEMODE_A= WRITETHROUGH,  WRITEMODE_B=
         WRITETHROUGH,  GSR= DISABLED
    -Contains EBR mem2:  TYPE= DP16KD,  Width_B= 16,  Depth_A= 1024,  Depth_B=
         1024,  REGMODE_A= NOREG,  REGMODE_B= NOREG,  RESETMODE= SYNC,
         ASYNC_RESET_RELEASE= SYNC,  WRITEMODE_A= WRITETHROUGH,  WRITEMODE_B=
         WRITETHROUGH,  GSR= DISABLED
    -Contains EBR mem27:  TYPE= DP16KD,  Width_B= 16,  Depth_A= 1024,  Depth_B=
         1024,  REGMODE_A= NOREG,  REGMODE_B= NOREG,  RESETMODE= SYNC,
         ASYNC_RESET_RELEASE= SYNC,  WRITEMODE_A= WRITETHROUGH,  WRITEMODE_B=
         WRITETHROUGH,  GSR= DISABLED
    -Contains EBR mem31:  TYPE= DP16KD,  Width_B= 16,  Depth_A= 1024,  Depth_B=
         1024,  REGMODE_A= NOREG,  REGMODE_B= NOREG,  RESETMODE= SYNC,
         ASYNC_RESET_RELEASE= SYNC,  WRITEMODE_A= WRITETHROUGH,  WRITEMODE_B=
         WRITETHROUGH,  GSR= DISABLED
    -Contains EBR mem23:  TYPE= DP16KD,  Width_B= 16,  Depth_A= 1024,  Depth_B=
         1024,  REGMODE_A= NOREG,  REGMODE_B= NOREG,  RESETMODE= SYNC,
         ASYNC_RESET_RELEASE= SYNC,  WRITEMODE_A= WRITETHROUGH,  WRITEMODE_B=
         WRITETHROUGH,  GSR= DISABLED
    -Contains EBR mem30:  TYPE= DP16KD,  Width_B= 16,  Depth_A= 1024,  Depth_B=
         1024,  REGMODE_A= NOREG,  REGMODE_B= NOREG,  RESETMODE= SYNC,
         ASYNC_RESET_RELEASE= SYNC,  WRITEMODE_A= WRITETHROUGH,  WRITEMODE_B=
         WRITETHROUGH,  GSR= DISABLED
    -Contains EBR mem20:  TYPE= DP16KD,  Width_B= 16,  Depth_A= 1024,  Depth_B=
         1024,  REGMODE_A= NOREG,  REGMODE_B= NOREG,  RESETMODE= SYNC,
         ASYNC_RESET_RELEASE= SYNC,  WRITEMODE_A= WRITETHROUGH,  WRITEMODE_B=
         WRITETHROUGH,  GSR= DISABLED
    -Contains EBR mem29:  TYPE= DP16KD,  Width_B= 16,  Depth_A= 1024,  Depth_B=
         1024,  REGMODE_A= NOREG,  REGMODE_B= NOREG,  RESETMODE= SYNC,
         ASYNC_RESET_RELEASE= SYNC,  WRITEMODE_A= WRITETHROUGH,  WRITEMODE_B=
         WRITETHROUGH,  GSR= DISABLED
    -Contains EBR mem18:  TYPE= DP16KD,  Width_B= 16,  Depth_A= 1024,  Depth_B=
         1024,  REGMODE_A= NOREG,  REGMODE_B= NOREG,  RESETMODE= SYNC,
         ASYNC_RESET_RELEASE= SYNC,  WRITEMODE_A= WRITETHROUGH,  WRITEMODE_B=
         WRITETHROUGH,  GSR= DISABLED

                                   Page 29




Design:  fpga_top                                      Date:  05/15/26  05:52:38

Memory Usage (cont)
-------------------
    -Contains EBR mem28:  TYPE= DP16KD,  Width_B= 16,  Depth_A= 1024,  Depth_B=
         1024,  REGMODE_A= NOREG,  REGMODE_B= NOREG,  RESETMODE= SYNC,
         ASYNC_RESET_RELEASE= SYNC,  WRITEMODE_A= WRITETHROUGH,  WRITEMODE_B=
         WRITETHROUGH,  GSR= DISABLED
    -Contains EBR mem17:  TYPE= DP16KD,  Width_B= 16,  Depth_A= 1024,  Depth_B=
         1024,  REGMODE_A= NOREG,  REGMODE_B= NOREG,  RESETMODE= SYNC,
         ASYNC_RESET_RELEASE= SYNC,  WRITEMODE_A= WRITETHROUGH,  WRITEMODE_B=
         WRITETHROUGH,  GSR= DISABLED
    -Contains EBR mem0:  TYPE= DP16KD,  Width_B= 16,  Depth_A= 1024,  Depth_B=
         1024,  REGMODE_A= NOREG,  REGMODE_B= NOREG,  RESETMODE= SYNC,
         ASYNC_RESET_RELEASE= SYNC,  WRITEMODE_A= WRITETHROUGH,  WRITEMODE_B=
         WRITETHROUGH,  GSR= DISABLED
    -Contains EBR mem26:  TYPE= DP16KD,  Width_B= 16,  Depth_A= 1024,  Depth_B=
         1024,  REGMODE_A= NOREG,  REGMODE_B= NOREG,  RESETMODE= SYNC,
         ASYNC_RESET_RELEASE= SYNC,  WRITEMODE_A= WRITETHROUGH,  WRITEMODE_B=
         WRITETHROUGH,  GSR= DISABLED
    -Contains EBR mem14:  TYPE= DP16KD,  Width_B= 16,  Depth_A= 1024,  Depth_B=
         1024,  REGMODE_A= NOREG,  REGMODE_B= NOREG,  RESETMODE= SYNC,
         ASYNC_RESET_RELEASE= SYNC,  WRITEMODE_A= WRITETHROUGH,  WRITEMODE_B=
         WRITETHROUGH,  GSR= DISABLED
    -Contains EBR mem25:  TYPE= DP16KD,  Width_B= 16,  Depth_A= 1024,  Depth_B=
         1024,  REGMODE_A= NOREG,  REGMODE_B= NOREG,  RESETMODE= SYNC,
         ASYNC_RESET_RELEASE= SYNC,  WRITEMODE_A= WRITETHROUGH,  WRITEMODE_B=
         WRITETHROUGH,  GSR= DISABLED
    -Contains EBR mem12:  TYPE= DP16KD,  Width_B= 16,  Depth_A= 1024,  Depth_B=
         1024,  REGMODE_A= NOREG,  REGMODE_B= NOREG,  RESETMODE= SYNC,
         ASYNC_RESET_RELEASE= SYNC,  WRITEMODE_A= WRITETHROUGH,  WRITEMODE_B=
         WRITETHROUGH,  GSR= DISABLED
    -Contains EBR mem24:  TYPE= DP16KD,  Width_B= 16,  Depth_A= 1024,  Depth_B=
         1024,  REGMODE_A= NOREG,  REGMODE_B= NOREG,  RESETMODE= SYNC,
         ASYNC_RESET_RELEASE= SYNC,  WRITEMODE_A= WRITETHROUGH,  WRITEMODE_B=
         WRITETHROUGH,  GSR= DISABLED
    -Contains EBR mem11:  TYPE= DP16KD,  Width_B= 16,  Depth_A= 1024,  Depth_B=
         1024,  REGMODE_A= NOREG,  REGMODE_B= NOREG,  RESETMODE= SYNC,
         ASYNC_RESET_RELEASE= SYNC,  WRITEMODE_A= WRITETHROUGH,  WRITEMODE_B=
         WRITETHROUGH,  GSR= DISABLED
/u_snap_fifo:
    EBRs: 1
    RAM SLICEs: 0
    Logic SLICEs: 92
    PFU Registers: 118
    -Contains EBR mem0:  TYPE= DP16KD,  Width_B= 16,  Depth_A= 1024,  Depth_B=
         1024,  REGMODE_A= NOREG,  REGMODE_B= NOREG,  RESETMODE= SYNC,
         ASYNC_RESET_RELEASE= SYNC,  WRITEMODE_A= WRITETHROUGH,  WRITEMODE_B=
         WRITETHROUGH,  GSR= DISABLED

DSP Component Details
---------------------


     . MULT18X18D  mult_641:

     Multiplier
	Operation A		Signed
	Operation A Registers	CLK	CE	RST
	--------------------------------------------

                                   Page 30




Design:  fpga_top                                      Date:  05/15/26  05:52:38

DSP Component Details (cont)
----------------------------
		Input		    	   	    
		Pipeline	    	   	    

     	Operation B		Signed
	Operation B Registers	CLK	CE	RST
	--------------------------------------------
		Input		    	   	    
		Pipeline	    	   	    
Data
	Input Registers		CLK	CE	RST	Source
	-------------------------------------------------------
		A		    	   	    	A Data In
		B		    	   	    	B Data In
		C		    	   	    	N/A
	Cascaded Match

     	Pipeline Registers	CLK	CE	RST
	--------------------------------------------
		Pipe		    	   	    

     	Output Register		CLK	CE	RST
	--------------------------------------------
		Output		    	   	    
Other
	SOURCEB_MODE	B_SHIFT
	MULT_BYPASS	DISABLED
	CAS_MATCH_REG	FALSE
	GSR		DISABLED
	RESETMODE	SYNC
	CLK0_DIV	ENABLED
	CLK1_DIV	ENABLED
	CLK2_DIV	ENABLED
	CLK3_DIV	ENABLED
	HIGHSPEED_CLK	NONE
	PSE17		0b00000000000000000
	PSE35		0b00000000000000000
     
	C_PSE17		0b00000000000000000

     . MULT18X18D  mult_638:

     Multiplier
	Operation A		Signed
	Operation A Registers	CLK	CE	RST
	--------------------------------------------
		Input		    	   	    
		Pipeline	    	   	    

     	Operation B		Signed
	Operation B Registers	CLK	CE	RST
	--------------------------------------------
		Input		    	   	    
		Pipeline	    	   	    
Data
	Input Registers		CLK	CE	RST	Source
	-------------------------------------------------------

                                   Page 31




Design:  fpga_top                                      Date:  05/15/26  05:52:38

DSP Component Details (cont)
----------------------------
		A		    	   	    	A Data In
		B		    	   	    	B Data In
		C		    	   	    	N/A
	Cascaded Match

     	Pipeline Registers	CLK	CE	RST
	--------------------------------------------
		Pipe		    	   	    

     	Output Register		CLK	CE	RST
	--------------------------------------------
		Output		    	   	    
Other
	SOURCEB_MODE	B_SHIFT
	MULT_BYPASS	DISABLED
	CAS_MATCH_REG	FALSE
	GSR		DISABLED
	RESETMODE	SYNC
	CLK0_DIV	ENABLED
	CLK1_DIV	ENABLED
	CLK2_DIV	ENABLED
	CLK3_DIV	ENABLED
	HIGHSPEED_CLK	NONE
	PSE17		0b00000000000000000
	PSE35		0b00000000000000000
     
	C_PSE17		0b00000000000000000

     . MULT18X18D  mult_635:

     Multiplier
	Operation A		Signed
	Operation A Registers	CLK	CE	RST
	--------------------------------------------
		Input		    	   	    
		Pipeline	    	   	    

     	Operation B		Signed
	Operation B Registers	CLK	CE	RST
	--------------------------------------------
		Input		    	   	    
		Pipeline	    	   	    
Data
	Input Registers		CLK	CE	RST	Source
	-------------------------------------------------------
		A		    	   	    	A Data In
		B		    	   	    	B Data In
		C		    	   	    	N/A
	Cascaded Match

     	Pipeline Registers	CLK	CE	RST
	--------------------------------------------
		Pipe		    	   	    

     	Output Register		CLK	CE	RST
	--------------------------------------------

                                   Page 32




Design:  fpga_top                                      Date:  05/15/26  05:52:38

DSP Component Details (cont)
----------------------------
		Output		    	   	    
Other
	SOURCEB_MODE	B_SHIFT
	MULT_BYPASS	DISABLED
	CAS_MATCH_REG	FALSE
	GSR		DISABLED
	RESETMODE	SYNC
	CLK0_DIV	ENABLED
	CLK1_DIV	ENABLED
	CLK2_DIV	ENABLED
	CLK3_DIV	ENABLED
	HIGHSPEED_CLK	NONE
	PSE17		0b00000000000000000
	PSE35		0b00000000000000000
     
	C_PSE17		0b00000000000000000

     . MULT18X18D  mult_632:

     Multiplier
	Operation A		Signed
	Operation A Registers	CLK	CE	RST
	--------------------------------------------
		Input		    	   	    
		Pipeline	    	   	    

     	Operation B		Signed
	Operation B Registers	CLK	CE	RST
	--------------------------------------------
		Input		    	   	    
		Pipeline	    	   	    
Data
	Input Registers		CLK	CE	RST	Source
	-------------------------------------------------------
		A		    	   	    	A Data In
		B		    	   	    	B Data In
		C		    	   	    	N/A
	Cascaded Match

     	Pipeline Registers	CLK	CE	RST
	--------------------------------------------
		Pipe		    	   	    

     	Output Register		CLK	CE	RST
	--------------------------------------------
		Output		    	   	    
Other
	SOURCEB_MODE	B_SHIFT
	MULT_BYPASS	DISABLED
	CAS_MATCH_REG	FALSE
	GSR		DISABLED
	RESETMODE	SYNC
	CLK0_DIV	ENABLED
	CLK1_DIV	ENABLED
	CLK2_DIV	ENABLED
	CLK3_DIV	ENABLED

                                   Page 33




Design:  fpga_top                                      Date:  05/15/26  05:52:38

DSP Component Details (cont)
----------------------------
	HIGHSPEED_CLK	NONE
	PSE17		0b00000000000000000
	PSE35		0b00000000000000000
     
	C_PSE17		0b00000000000000000

     

ASIC Components
---------------

Instance Name: mult_641
         Type: MULT18X18D
Instance Name: mult_638
         Type: MULT18X18D
Instance Name: mult_635
         Type: MULT18X18D
Instance Name: mult_632
         Type: MULT18X18D
Instance Name: u_cam_init/mux_5576
         Type: PDPW16KD
Instance Name: u_snap_fifo/mem0
         Type: DP16KD
Instance Name: u_qvga_fifo/mem8
         Type: DP16KD
Instance Name: u_qvga_fifo/mem19
         Type: DP16KD
Instance Name: u_qvga_fifo/mem7
         Type: DP16KD
Instance Name: u_qvga_fifo/mem21
         Type: DP16KD
Instance Name: u_qvga_fifo/mem22
         Type: DP16KD
Instance Name: u_qvga_fifo/mem9
         Type: DP16KD
Instance Name: u_qvga_fifo/mem16
         Type: DP16KD
Instance Name: u_qvga_fifo/mem5
         Type: DP16KD
Instance Name: u_qvga_fifo/mem15
         Type: DP16KD
Instance Name: u_qvga_fifo/mem4
         Type: DP16KD
Instance Name: u_qvga_fifo/mem13
         Type: DP16KD
Instance Name: u_qvga_fifo/mem3
         Type: DP16KD
Instance Name: u_qvga_fifo/mem6
         Type: DP16KD
Instance Name: u_qvga_fifo/mem1
         Type: DP16KD
Instance Name: u_qvga_fifo/mem10
         Type: DP16KD
Instance Name: u_qvga_fifo/mem2
         Type: DP16KD
Instance Name: u_qvga_fifo/mem27

                                   Page 34




Design:  fpga_top                                      Date:  05/15/26  05:52:38

ASIC Components (cont)
----------------------
         Type: DP16KD
Instance Name: u_qvga_fifo/mem31
         Type: DP16KD
Instance Name: u_qvga_fifo/mem23
         Type: DP16KD
Instance Name: u_qvga_fifo/mem30
         Type: DP16KD
Instance Name: u_qvga_fifo/mem20
         Type: DP16KD
Instance Name: u_qvga_fifo/mem29
         Type: DP16KD
Instance Name: u_qvga_fifo/mem18
         Type: DP16KD
Instance Name: u_qvga_fifo/mem28
         Type: DP16KD
Instance Name: u_qvga_fifo/mem17
         Type: DP16KD
Instance Name: u_qvga_fifo/mem0
         Type: DP16KD
Instance Name: u_qvga_fifo/mem26
         Type: DP16KD
Instance Name: u_qvga_fifo/mem14
         Type: DP16KD
Instance Name: u_qvga_fifo/mem25
         Type: DP16KD
Instance Name: u_qvga_fifo/mem12
         Type: DP16KD
Instance Name: u_qvga_fifo/mem24
         Type: DP16KD
Instance Name: u_qvga_fifo/mem11
         Type: DP16KD

Run Time and Memory Usage
-------------------------

   Total CPU Time: 7 secs  
   Total REAL Time: 8 secs  
   Peak Memory Usage: 195 MB
        


















                                   Page 35


Copyright (c) 1991-1994 by NeoCAD Inc. All rights reserved.
     Copyright (c) 1995 AT&T Corp.   All rights reserved.
     Copyright (c) 1995-2001 Lucent Technologies Inc.  All rights reserved.
     Copyright (c) 2001 Agere Systems   All rights reserved.
     Copyright (c) 2002-2024 Lattice Semiconductor Corporation,  All rights
     reserved.
