
Loading design for application trce from file capclean_impl1.ncd.
Design name: fpga_top
NCD version: 3.3
Vendor:      LATTICE
Device:      LFE5U-25F
Package:     CABGA256
Performance: 6
Loading device for application trce from file 'sa5p25.nph' in environment: C:/lscc/diamond/3.14/ispfpga.
Package Status:                     Final          Version 1.44.
Performance Hardware Data Status:   Final          Version 55.1.
Setup and Hold Report

--------------------------------------------------------------------------------
Lattice TRACE Report - Setup, Version Diamond (64-bit) 3.14.0.75.2
Mon May 11 21:16:56 2026

Copyright (c) 1991-1994 by NeoCAD Inc. All rights reserved.
Copyright (c) 1995 AT&T Corp.   All rights reserved.
Copyright (c) 1995-2001 Lucent Technologies Inc.  All rights reserved.
Copyright (c) 2001 Agere Systems   All rights reserved.
Copyright (c) 2002-2024 Lattice Semiconductor Corporation,  All rights reserved.

Report Information
------------------
Command line:    trce -v 10 -gt -sethld -sp 6 -sphld m -o capclean_impl1.twr capclean_impl1.ncd capclean_impl1.prf 
Design file:     capclean_impl1.ncd
Preference file: capclean_impl1.prf
Device,speed:    LFE5U-25F,6
Report level:    verbose report, limited to 10 items per preference
--------------------------------------------------------------------------------



================================================================================
Preference: FREQUENCY PORT "CRYSTAL" 24.000000 MHz ;
            0 items scored, 0 timing errors detected.
--------------------------------------------------------------------------------


Passed:  The following path meets requirements by 36.667ns
         The internal maximum frequency of the following component is 200.000 MHz

 Logical Details:  Cell type  Pin name       Component name

   Destination:    PIO        PAD            CRYSTAL

   Delay:               5.000ns -- based on Minimum Pulse Width

Report:  200.000MHz is the maximum frequency for this preference.


================================================================================
Preference: FREQUENCY NET "CRYSTAL_c" 24.000000 MHz ;
            4096 items scored, 0 timing errors detected.
--------------------------------------------------------------------------------


Passed: The following path meets requirements by 22.499ns

 Logical Details:  Cell type  Pin type       Cell/ASIC name  (clock net +/-)

   Source:         FF         Q              qvga_tx_col_sys_i3  (from CRYSTAL_c +)
   Destination:    FF         Data in        qvga_word_sys_i0_i3  (to CRYSTAL_c +)
                   FF                        qvga_word_sys_i0_i2

   Delay:              18.744ns  (18.8% logic, 81.2% route), 13 logic levels.

 Constraint Details:

     18.744ns physical path delay SLICE_3368 to SLICE_3385 meets
     41.667ns delay constraint less
      0.000ns skew and
      0.424ns LSR_SET requirement (totaling 41.243ns) by 22.499ns

 Physical Path Details:

      Data path SLICE_3368 to SLICE_3385:

   Name    Fanout   Delay (ns)          Site               Resource
REG_DEL     ---     0.522    R29C49D.CLK to     R29C49D.Q1 SLICE_3368 (from CRYSTAL_c)
ROUTE        22     1.821     R29C49D.Q1 to     R30C57B.B0 qvga_tx_col_sys_3
CTOF_DEL    ---     0.236     R30C57B.B0 to     R30C57B.F0 SLICE_5981
ROUTE         1     0.747     R30C57B.F0 to     R30C57D.A1 n117195
CTOF_DEL    ---     0.236     R30C57D.A1 to     R30C57D.F1 SLICE_5437
ROUTE         4     1.040     R30C57D.F1 to     R32C59A.A1 n98364
CTOF_DEL    ---     0.236     R32C59A.A1 to     R32C59A.F1 SLICE_5471
ROUTE         8     1.055     R32C59A.F1 to     R30C60D.A1 n43829
CTOF_DEL    ---     0.236     R30C60D.A1 to     R30C60D.F1 SLICE_5381
ROUTE        68     1.474     R30C60D.F1 to     R35C61B.A1 n117033
CTOF_DEL    ---     0.236     R35C61B.A1 to     R35C61B.F1 SLICE_5692
ROUTE         1     0.778     R35C61B.F1 to     R35C60A.B1 n113768
CTOF_DEL    ---     0.236     R35C60A.B1 to     R35C60A.F1 SLICE_5303
ROUTE         1     0.558     R35C60A.F1 to     R35C60A.B0 n115872
CTOF_DEL    ---     0.236     R35C60A.B0 to     R35C60A.F0 SLICE_5303
ROUTE         3     1.057     R35C60A.F0 to     R29C59C.B0 n38_adj_15775
CTOF_DEL    ---     0.236     R29C59C.B0 to     R29C59C.F0 SLICE_5841
ROUTE         1     0.823     R29C59C.F0 to     R30C60A.C1 n116136
CTOOFX_DEL  ---     0.401     R30C60A.C1 to   R30C60A.OFX0 Mux_2142_i63/SLICE_3994
ROUTE         1     0.634   R30C60A.OFX0 to     R28C59A.D0 n44045
CTOF_DEL    ---     0.236     R28C59A.D0 to     R28C59A.F0 SLICE_5842
ROUTE         1     0.634     R28C59A.F0 to     R29C60B.D1 n106818
CTOF_DEL    ---     0.236     R29C60B.D1 to     R29C60B.F1 SLICE_5474
ROUTE         1     0.999     R29C60B.F1 to     R30C58C.B0 n107289
CTOF_DEL    ---     0.236     R30C58C.B0 to     R30C58C.F0 SLICE_5479
ROUTE         8     3.605     R30C58C.F0 to    R32C11A.LSR n91762 (to CRYSTAL_c)
                  --------
                   18.744   (18.8% logic, 81.2% route), 13 logic levels.

 Clock Skew Details: 

      Source Clock Path CRYSTAL to SLICE_3368:

   Name    Fanout   Delay (ns)          Site               Resource
ROUTE       529     2.391       M1.PADDI to    R29C49D.CLK CRYSTAL_c
                  --------
                    2.391   (0.0% logic, 100.0% route), 0 logic levels.

      Destination Clock Path CRYSTAL to SLICE_3385:

   Name    Fanout   Delay (ns)          Site               Resource
ROUTE       529     2.391       M1.PADDI to    R32C11A.CLK CRYSTAL_c
                  --------
                    2.391   (0.0% logic, 100.0% route), 0 logic levels.


Passed: The following path meets requirements by 22.499ns

 Logical Details:  Cell type  Pin type       Cell/ASIC name  (clock net +/-)

   Source:         FF         Q              qvga_tx_col_sys_i3  (from CRYSTAL_c +)
   Destination:    FF         Data in        qvga_word_sys_i0_i9  (to CRYSTAL_c +)
                   FF                        qvga_word_sys_i0_i8

   Delay:              18.744ns  (18.8% logic, 81.2% route), 13 logic levels.

 Constraint Details:

     18.744ns physical path delay SLICE_3368 to SLICE_3388 meets
     41.667ns delay constraint less
      0.000ns skew and
      0.424ns LSR_SET requirement (totaling 41.243ns) by 22.499ns

 Physical Path Details:

      Data path SLICE_3368 to SLICE_3388:

   Name    Fanout   Delay (ns)          Site               Resource
REG_DEL     ---     0.522    R29C49D.CLK to     R29C49D.Q1 SLICE_3368 (from CRYSTAL_c)
ROUTE        22     1.821     R29C49D.Q1 to     R30C57B.B0 qvga_tx_col_sys_3
CTOF_DEL    ---     0.236     R30C57B.B0 to     R30C57B.F0 SLICE_5981
ROUTE         1     0.747     R30C57B.F0 to     R30C57D.A1 n117195
CTOF_DEL    ---     0.236     R30C57D.A1 to     R30C57D.F1 SLICE_5437
ROUTE         4     1.040     R30C57D.F1 to     R32C59A.A1 n98364
CTOF_DEL    ---     0.236     R32C59A.A1 to     R32C59A.F1 SLICE_5471
ROUTE         8     1.055     R32C59A.F1 to     R30C60D.A1 n43829
CTOF_DEL    ---     0.236     R30C60D.A1 to     R30C60D.F1 SLICE_5381
ROUTE        68     1.474     R30C60D.F1 to     R35C61B.A1 n117033
CTOF_DEL    ---     0.236     R35C61B.A1 to     R35C61B.F1 SLICE_5692
ROUTE         1     0.778     R35C61B.F1 to     R35C60A.B1 n113768
CTOF_DEL    ---     0.236     R35C60A.B1 to     R35C60A.F1 SLICE_5303
ROUTE         1     0.558     R35C60A.F1 to     R35C60A.B0 n115872
CTOF_DEL    ---     0.236     R35C60A.B0 to     R35C60A.F0 SLICE_5303
ROUTE         3     1.057     R35C60A.F0 to     R29C59C.B0 n38_adj_15775
CTOF_DEL    ---     0.236     R29C59C.B0 to     R29C59C.F0 SLICE_5841
ROUTE         1     0.823     R29C59C.F0 to     R30C60A.C1 n116136
CTOOFX_DEL  ---     0.401     R30C60A.C1 to   R30C60A.OFX0 Mux_2142_i63/SLICE_3994
ROUTE         1     0.634   R30C60A.OFX0 to     R28C59A.D0 n44045
CTOF_DEL    ---     0.236     R28C59A.D0 to     R28C59A.F0 SLICE_5842
ROUTE         1     0.634     R28C59A.F0 to     R29C60B.D1 n106818
CTOF_DEL    ---     0.236     R29C60B.D1 to     R29C60B.F1 SLICE_5474
ROUTE         1     0.999     R29C60B.F1 to     R30C58C.B0 n107289
CTOF_DEL    ---     0.236     R30C58C.B0 to     R30C58C.F0 SLICE_5479
ROUTE         8     3.605     R30C58C.F0 to    R33C11C.LSR n91762 (to CRYSTAL_c)
                  --------
                   18.744   (18.8% logic, 81.2% route), 13 logic levels.

 Clock Skew Details: 

      Source Clock Path CRYSTAL to SLICE_3368:

   Name    Fanout   Delay (ns)          Site               Resource
ROUTE       529     2.391       M1.PADDI to    R29C49D.CLK CRYSTAL_c
                  --------
                    2.391   (0.0% logic, 100.0% route), 0 logic levels.

      Destination Clock Path CRYSTAL to SLICE_3388:

   Name    Fanout   Delay (ns)          Site               Resource
ROUTE       529     2.391       M1.PADDI to    R33C11C.CLK CRYSTAL_c
                  --------
                    2.391   (0.0% logic, 100.0% route), 0 logic levels.


Passed: The following path meets requirements by 22.499ns

 Logical Details:  Cell type  Pin type       Cell/ASIC name  (clock net +/-)

   Source:         FF         Q              qvga_tx_col_sys_i3  (from CRYSTAL_c +)
   Destination:    FF         Data in        qvga_word_sys_i0_i13  (to CRYSTAL_c +)
                   FF                        qvga_word_sys_i0_i12

   Delay:              18.744ns  (18.8% logic, 81.2% route), 13 logic levels.

 Constraint Details:

     18.744ns physical path delay SLICE_3368 to SLICE_3390 meets
     41.667ns delay constraint less
      0.000ns skew and
      0.424ns LSR_SET requirement (totaling 41.243ns) by 22.499ns

 Physical Path Details:

      Data path SLICE_3368 to SLICE_3390:

   Name    Fanout   Delay (ns)          Site               Resource
REG_DEL     ---     0.522    R29C49D.CLK to     R29C49D.Q1 SLICE_3368 (from CRYSTAL_c)
ROUTE        22     1.821     R29C49D.Q1 to     R30C57B.B0 qvga_tx_col_sys_3
CTOF_DEL    ---     0.236     R30C57B.B0 to     R30C57B.F0 SLICE_5981
ROUTE         1     0.747     R30C57B.F0 to     R30C57D.A1 n117195
CTOF_DEL    ---     0.236     R30C57D.A1 to     R30C57D.F1 SLICE_5437
ROUTE         4     1.040     R30C57D.F1 to     R32C59A.A1 n98364
CTOF_DEL    ---     0.236     R32C59A.A1 to     R32C59A.F1 SLICE_5471
ROUTE         8     1.055     R32C59A.F1 to     R30C60D.A1 n43829
CTOF_DEL    ---     0.236     R30C60D.A1 to     R30C60D.F1 SLICE_5381
ROUTE        68     1.474     R30C60D.F1 to     R35C61B.A1 n117033
CTOF_DEL    ---     0.236     R35C61B.A1 to     R35C61B.F1 SLICE_5692
ROUTE         1     0.778     R35C61B.F1 to     R35C60A.B1 n113768
CTOF_DEL    ---     0.236     R35C60A.B1 to     R35C60A.F1 SLICE_5303
ROUTE         1     0.558     R35C60A.F1 to     R35C60A.B0 n115872
CTOF_DEL    ---     0.236     R35C60A.B0 to     R35C60A.F0 SLICE_5303
ROUTE         3     1.057     R35C60A.F0 to     R29C59C.B0 n38_adj_15775
CTOF_DEL    ---     0.236     R29C59C.B0 to     R29C59C.F0 SLICE_5841
ROUTE         1     0.823     R29C59C.F0 to     R30C60A.C1 n116136
CTOOFX_DEL  ---     0.401     R30C60A.C1 to   R30C60A.OFX0 Mux_2142_i63/SLICE_3994
ROUTE         1     0.634   R30C60A.OFX0 to     R28C59A.D0 n44045
CTOF_DEL    ---     0.236     R28C59A.D0 to     R28C59A.F0 SLICE_5842
ROUTE         1     0.634     R28C59A.F0 to     R29C60B.D1 n106818
CTOF_DEL    ---     0.236     R29C60B.D1 to     R29C60B.F1 SLICE_5474
ROUTE         1     0.999     R29C60B.F1 to     R30C58C.B0 n107289
CTOF_DEL    ---     0.236     R30C58C.B0 to     R30C58C.F0 SLICE_5479
ROUTE         8     3.605     R30C58C.F0 to    R32C11D.LSR n91762 (to CRYSTAL_c)
                  --------
                   18.744   (18.8% logic, 81.2% route), 13 logic levels.

 Clock Skew Details: 

      Source Clock Path CRYSTAL to SLICE_3368:

   Name    Fanout   Delay (ns)          Site               Resource
ROUTE       529     2.391       M1.PADDI to    R29C49D.CLK CRYSTAL_c
                  --------
                    2.391   (0.0% logic, 100.0% route), 0 logic levels.

      Destination Clock Path CRYSTAL to SLICE_3390:

   Name    Fanout   Delay (ns)          Site               Resource
ROUTE       529     2.391       M1.PADDI to    R32C11D.CLK CRYSTAL_c
                  --------
                    2.391   (0.0% logic, 100.0% route), 0 logic levels.


Passed: The following path meets requirements by 22.499ns

 Logical Details:  Cell type  Pin type       Cell/ASIC name  (clock net +/-)

   Source:         FF         Q              qvga_tx_col_sys_i3  (from CRYSTAL_c +)
   Destination:    FF         Data in        qvga_word_sys_i0_i15  (to CRYSTAL_c +)
                   FF                        qvga_word_sys_i0_i14

   Delay:              18.744ns  (18.8% logic, 81.2% route), 13 logic levels.

 Constraint Details:

     18.744ns physical path delay SLICE_3368 to SLICE_3391 meets
     41.667ns delay constraint less
      0.000ns skew and
      0.424ns LSR_SET requirement (totaling 41.243ns) by 22.499ns

 Physical Path Details:

      Data path SLICE_3368 to SLICE_3391:

   Name    Fanout   Delay (ns)          Site               Resource
REG_DEL     ---     0.522    R29C49D.CLK to     R29C49D.Q1 SLICE_3368 (from CRYSTAL_c)
ROUTE        22     1.821     R29C49D.Q1 to     R30C57B.B0 qvga_tx_col_sys_3
CTOF_DEL    ---     0.236     R30C57B.B0 to     R30C57B.F0 SLICE_5981
ROUTE         1     0.747     R30C57B.F0 to     R30C57D.A1 n117195
CTOF_DEL    ---     0.236     R30C57D.A1 to     R30C57D.F1 SLICE_5437
ROUTE         4     1.040     R30C57D.F1 to     R32C59A.A1 n98364
CTOF_DEL    ---     0.236     R32C59A.A1 to     R32C59A.F1 SLICE_5471
ROUTE         8     1.055     R32C59A.F1 to     R30C60D.A1 n43829
CTOF_DEL    ---     0.236     R30C60D.A1 to     R30C60D.F1 SLICE_5381
ROUTE        68     1.474     R30C60D.F1 to     R35C61B.A1 n117033
CTOF_DEL    ---     0.236     R35C61B.A1 to     R35C61B.F1 SLICE_5692
ROUTE         1     0.778     R35C61B.F1 to     R35C60A.B1 n113768
CTOF_DEL    ---     0.236     R35C60A.B1 to     R35C60A.F1 SLICE_5303
ROUTE         1     0.558     R35C60A.F1 to     R35C60A.B0 n115872
CTOF_DEL    ---     0.236     R35C60A.B0 to     R35C60A.F0 SLICE_5303
ROUTE         3     1.057     R35C60A.F0 to     R29C59C.B0 n38_adj_15775
CTOF_DEL    ---     0.236     R29C59C.B0 to     R29C59C.F0 SLICE_5841
ROUTE         1     0.823     R29C59C.F0 to     R30C60A.C1 n116136
CTOOFX_DEL  ---     0.401     R30C60A.C1 to   R30C60A.OFX0 Mux_2142_i63/SLICE_3994
ROUTE         1     0.634   R30C60A.OFX0 to     R28C59A.D0 n44045
CTOF_DEL    ---     0.236     R28C59A.D0 to     R28C59A.F0 SLICE_5842
ROUTE         1     0.634     R28C59A.F0 to     R29C60B.D1 n106818
CTOF_DEL    ---     0.236     R29C60B.D1 to     R29C60B.F1 SLICE_5474
ROUTE         1     0.999     R29C60B.F1 to     R30C58C.B0 n107289
CTOF_DEL    ---     0.236     R30C58C.B0 to     R30C58C.F0 SLICE_5479
ROUTE         8     3.605     R30C58C.F0 to    R33C11B.LSR n91762 (to CRYSTAL_c)
                  --------
                   18.744   (18.8% logic, 81.2% route), 13 logic levels.

 Clock Skew Details: 

      Source Clock Path CRYSTAL to SLICE_3368:

   Name    Fanout   Delay (ns)          Site               Resource
ROUTE       529     2.391       M1.PADDI to    R29C49D.CLK CRYSTAL_c
                  --------
                    2.391   (0.0% logic, 100.0% route), 0 logic levels.

      Destination Clock Path CRYSTAL to SLICE_3391:

   Name    Fanout   Delay (ns)          Site               Resource
ROUTE       529     2.391       M1.PADDI to    R33C11B.CLK CRYSTAL_c
                  --------
                    2.391   (0.0% logic, 100.0% route), 0 logic levels.


Passed: The following path meets requirements by 22.572ns

 Logical Details:  Cell type  Pin type       Cell/ASIC name  (clock net +/-)

   Source:         FF         Q              qvga_tx_col_sys_i6  (from CRYSTAL_c +)
   Destination:    FF         Data in        qvga_word_sys_i0_i3  (to CRYSTAL_c +)
                   FF                        qvga_word_sys_i0_i2

   Delay:              18.671ns  (18.9% logic, 81.1% route), 13 logic levels.

 Constraint Details:

     18.671ns physical path delay SLICE_3370 to SLICE_3385 meets
     41.667ns delay constraint less
      0.000ns skew and
      0.424ns LSR_SET requirement (totaling 41.243ns) by 22.572ns

 Physical Path Details:

      Data path SLICE_3370 to SLICE_3385:

   Name    Fanout   Delay (ns)          Site               Resource
REG_DEL     ---     0.525    R29C52A.CLK to     R29C52A.Q0 SLICE_3370 (from CRYSTAL_c)
ROUTE        17     1.840     R29C52A.Q0 to     R30C60B.C0 qvga_tx_col_sys_6
CTOF_DEL    ---     0.236     R30C60B.C0 to     R30C60B.F0 SLICE_5858
ROUTE         3     0.652     R30C60B.F0 to     R30C57D.D1 n117192
CTOF_DEL    ---     0.236     R30C57D.D1 to     R30C57D.F1 SLICE_5437
ROUTE         4     1.040     R30C57D.F1 to     R32C59A.A1 n98364
CTOF_DEL    ---     0.236     R32C59A.A1 to     R32C59A.F1 SLICE_5471
ROUTE         8     1.055     R32C59A.F1 to     R30C60D.A1 n43829
CTOF_DEL    ---     0.236     R30C60D.A1 to     R30C60D.F1 SLICE_5381
ROUTE        68     1.474     R30C60D.F1 to     R35C61B.A1 n117033
CTOF_DEL    ---     0.236     R35C61B.A1 to     R35C61B.F1 SLICE_5692
ROUTE         1     0.778     R35C61B.F1 to     R35C60A.B1 n113768
CTOF_DEL    ---     0.236     R35C60A.B1 to     R35C60A.F1 SLICE_5303
ROUTE         1     0.558     R35C60A.F1 to     R35C60A.B0 n115872
CTOF_DEL    ---     0.236     R35C60A.B0 to     R35C60A.F0 SLICE_5303
ROUTE         3     1.057     R35C60A.F0 to     R29C59C.B0 n38_adj_15775
CTOF_DEL    ---     0.236     R29C59C.B0 to     R29C59C.F0 SLICE_5841
ROUTE         1     0.823     R29C59C.F0 to     R30C60A.C1 n116136
CTOOFX_DEL  ---     0.401     R30C60A.C1 to   R30C60A.OFX0 Mux_2142_i63/SLICE_3994
ROUTE         1     0.634   R30C60A.OFX0 to     R28C59A.D0 n44045
CTOF_DEL    ---     0.236     R28C59A.D0 to     R28C59A.F0 SLICE_5842
ROUTE         1     0.634     R28C59A.F0 to     R29C60B.D1 n106818
CTOF_DEL    ---     0.236     R29C60B.D1 to     R29C60B.F1 SLICE_5474
ROUTE         1     0.999     R29C60B.F1 to     R30C58C.B0 n107289
CTOF_DEL    ---     0.236     R30C58C.B0 to     R30C58C.F0 SLICE_5479
ROUTE         8     3.605     R30C58C.F0 to    R32C11A.LSR n91762 (to CRYSTAL_c)
                  --------
                   18.671   (18.9% logic, 81.1% route), 13 logic levels.

 Clock Skew Details: 

      Source Clock Path CRYSTAL to SLICE_3370:

   Name    Fanout   Delay (ns)          Site               Resource
ROUTE       529     2.391       M1.PADDI to    R29C52A.CLK CRYSTAL_c
                  --------
                    2.391   (0.0% logic, 100.0% route), 0 logic levels.

      Destination Clock Path CRYSTAL to SLICE_3385:

   Name    Fanout   Delay (ns)          Site               Resource
ROUTE       529     2.391       M1.PADDI to    R32C11A.CLK CRYSTAL_c
                  --------
                    2.391   (0.0% logic, 100.0% route), 0 logic levels.


Passed: The following path meets requirements by 22.572ns

 Logical Details:  Cell type  Pin type       Cell/ASIC name  (clock net +/-)

   Source:         FF         Q              qvga_tx_col_sys_i6  (from CRYSTAL_c +)
   Destination:    FF         Data in        qvga_word_sys_i0_i9  (to CRYSTAL_c +)
                   FF                        qvga_word_sys_i0_i8

   Delay:              18.671ns  (18.9% logic, 81.1% route), 13 logic levels.

 Constraint Details:

     18.671ns physical path delay SLICE_3370 to SLICE_3388 meets
     41.667ns delay constraint less
      0.000ns skew and
      0.424ns LSR_SET requirement (totaling 41.243ns) by 22.572ns

 Physical Path Details:

      Data path SLICE_3370 to SLICE_3388:

   Name    Fanout   Delay (ns)          Site               Resource
REG_DEL     ---     0.525    R29C52A.CLK to     R29C52A.Q0 SLICE_3370 (from CRYSTAL_c)
ROUTE        17     1.840     R29C52A.Q0 to     R30C60B.C0 qvga_tx_col_sys_6
CTOF_DEL    ---     0.236     R30C60B.C0 to     R30C60B.F0 SLICE_5858
ROUTE         3     0.652     R30C60B.F0 to     R30C57D.D1 n117192
CTOF_DEL    ---     0.236     R30C57D.D1 to     R30C57D.F1 SLICE_5437
ROUTE         4     1.040     R30C57D.F1 to     R32C59A.A1 n98364
CTOF_DEL    ---     0.236     R32C59A.A1 to     R32C59A.F1 SLICE_5471
ROUTE         8     1.055     R32C59A.F1 to     R30C60D.A1 n43829
CTOF_DEL    ---     0.236     R30C60D.A1 to     R30C60D.F1 SLICE_5381
ROUTE        68     1.474     R30C60D.F1 to     R35C61B.A1 n117033
CTOF_DEL    ---     0.236     R35C61B.A1 to     R35C61B.F1 SLICE_5692
ROUTE         1     0.778     R35C61B.F1 to     R35C60A.B1 n113768
CTOF_DEL    ---     0.236     R35C60A.B1 to     R35C60A.F1 SLICE_5303
ROUTE         1     0.558     R35C60A.F1 to     R35C60A.B0 n115872
CTOF_DEL    ---     0.236     R35C60A.B0 to     R35C60A.F0 SLICE_5303
ROUTE         3     1.057     R35C60A.F0 to     R29C59C.B0 n38_adj_15775
CTOF_DEL    ---     0.236     R29C59C.B0 to     R29C59C.F0 SLICE_5841
ROUTE         1     0.823     R29C59C.F0 to     R30C60A.C1 n116136
CTOOFX_DEL  ---     0.401     R30C60A.C1 to   R30C60A.OFX0 Mux_2142_i63/SLICE_3994
ROUTE         1     0.634   R30C60A.OFX0 to     R28C59A.D0 n44045
CTOF_DEL    ---     0.236     R28C59A.D0 to     R28C59A.F0 SLICE_5842
ROUTE         1     0.634     R28C59A.F0 to     R29C60B.D1 n106818
CTOF_DEL    ---     0.236     R29C60B.D1 to     R29C60B.F1 SLICE_5474
ROUTE         1     0.999     R29C60B.F1 to     R30C58C.B0 n107289
CTOF_DEL    ---     0.236     R30C58C.B0 to     R30C58C.F0 SLICE_5479
ROUTE         8     3.605     R30C58C.F0 to    R33C11C.LSR n91762 (to CRYSTAL_c)
                  --------
                   18.671   (18.9% logic, 81.1% route), 13 logic levels.

 Clock Skew Details: 

      Source Clock Path CRYSTAL to SLICE_3370:

   Name    Fanout   Delay (ns)          Site               Resource
ROUTE       529     2.391       M1.PADDI to    R29C52A.CLK CRYSTAL_c
                  --------
                    2.391   (0.0% logic, 100.0% route), 0 logic levels.

      Destination Clock Path CRYSTAL to SLICE_3388:

   Name    Fanout   Delay (ns)          Site               Resource
ROUTE       529     2.391       M1.PADDI to    R33C11C.CLK CRYSTAL_c
                  --------
                    2.391   (0.0% logic, 100.0% route), 0 logic levels.


Passed: The following path meets requirements by 22.572ns

 Logical Details:  Cell type  Pin type       Cell/ASIC name  (clock net +/-)

   Source:         FF         Q              qvga_tx_col_sys_i6  (from CRYSTAL_c +)
   Destination:    FF         Data in        qvga_word_sys_i0_i13  (to CRYSTAL_c +)
                   FF                        qvga_word_sys_i0_i12

   Delay:              18.671ns  (18.9% logic, 81.1% route), 13 logic levels.

 Constraint Details:

     18.671ns physical path delay SLICE_3370 to SLICE_3390 meets
     41.667ns delay constraint less
      0.000ns skew and
      0.424ns LSR_SET requirement (totaling 41.243ns) by 22.572ns

 Physical Path Details:

      Data path SLICE_3370 to SLICE_3390:

   Name    Fanout   Delay (ns)          Site               Resource
REG_DEL     ---     0.525    R29C52A.CLK to     R29C52A.Q0 SLICE_3370 (from CRYSTAL_c)
ROUTE        17     1.840     R29C52A.Q0 to     R30C60B.C0 qvga_tx_col_sys_6
CTOF_DEL    ---     0.236     R30C60B.C0 to     R30C60B.F0 SLICE_5858
ROUTE         3     0.652     R30C60B.F0 to     R30C57D.D1 n117192
CTOF_DEL    ---     0.236     R30C57D.D1 to     R30C57D.F1 SLICE_5437
ROUTE         4     1.040     R30C57D.F1 to     R32C59A.A1 n98364
CTOF_DEL    ---     0.236     R32C59A.A1 to     R32C59A.F1 SLICE_5471
ROUTE         8     1.055     R32C59A.F1 to     R30C60D.A1 n43829
CTOF_DEL    ---     0.236     R30C60D.A1 to     R30C60D.F1 SLICE_5381
ROUTE        68     1.474     R30C60D.F1 to     R35C61B.A1 n117033
CTOF_DEL    ---     0.236     R35C61B.A1 to     R35C61B.F1 SLICE_5692
ROUTE         1     0.778     R35C61B.F1 to     R35C60A.B1 n113768
CTOF_DEL    ---     0.236     R35C60A.B1 to     R35C60A.F1 SLICE_5303
ROUTE         1     0.558     R35C60A.F1 to     R35C60A.B0 n115872
CTOF_DEL    ---     0.236     R35C60A.B0 to     R35C60A.F0 SLICE_5303
ROUTE         3     1.057     R35C60A.F0 to     R29C59C.B0 n38_adj_15775
CTOF_DEL    ---     0.236     R29C59C.B0 to     R29C59C.F0 SLICE_5841
ROUTE         1     0.823     R29C59C.F0 to     R30C60A.C1 n116136
CTOOFX_DEL  ---     0.401     R30C60A.C1 to   R30C60A.OFX0 Mux_2142_i63/SLICE_3994
ROUTE         1     0.634   R30C60A.OFX0 to     R28C59A.D0 n44045
CTOF_DEL    ---     0.236     R28C59A.D0 to     R28C59A.F0 SLICE_5842
ROUTE         1     0.634     R28C59A.F0 to     R29C60B.D1 n106818
CTOF_DEL    ---     0.236     R29C60B.D1 to     R29C60B.F1 SLICE_5474
ROUTE         1     0.999     R29C60B.F1 to     R30C58C.B0 n107289
CTOF_DEL    ---     0.236     R30C58C.B0 to     R30C58C.F0 SLICE_5479
ROUTE         8     3.605     R30C58C.F0 to    R32C11D.LSR n91762 (to CRYSTAL_c)
                  --------
                   18.671   (18.9% logic, 81.1% route), 13 logic levels.

 Clock Skew Details: 

      Source Clock Path CRYSTAL to SLICE_3370:

   Name    Fanout   Delay (ns)          Site               Resource
ROUTE       529     2.391       M1.PADDI to    R29C52A.CLK CRYSTAL_c
                  --------
                    2.391   (0.0% logic, 100.0% route), 0 logic levels.

      Destination Clock Path CRYSTAL to SLICE_3390:

   Name    Fanout   Delay (ns)          Site               Resource
ROUTE       529     2.391       M1.PADDI to    R32C11D.CLK CRYSTAL_c
                  --------
                    2.391   (0.0% logic, 100.0% route), 0 logic levels.


Passed: The following path meets requirements by 22.572ns

 Logical Details:  Cell type  Pin type       Cell/ASIC name  (clock net +/-)

   Source:         FF         Q              qvga_tx_col_sys_i6  (from CRYSTAL_c +)
   Destination:    FF         Data in        qvga_word_sys_i0_i15  (to CRYSTAL_c +)
                   FF                        qvga_word_sys_i0_i14

   Delay:              18.671ns  (18.9% logic, 81.1% route), 13 logic levels.

 Constraint Details:

     18.671ns physical path delay SLICE_3370 to SLICE_3391 meets
     41.667ns delay constraint less
      0.000ns skew and
      0.424ns LSR_SET requirement (totaling 41.243ns) by 22.572ns

 Physical Path Details:

      Data path SLICE_3370 to SLICE_3391:

   Name    Fanout   Delay (ns)          Site               Resource
REG_DEL     ---     0.525    R29C52A.CLK to     R29C52A.Q0 SLICE_3370 (from CRYSTAL_c)
ROUTE        17     1.840     R29C52A.Q0 to     R30C60B.C0 qvga_tx_col_sys_6
CTOF_DEL    ---     0.236     R30C60B.C0 to     R30C60B.F0 SLICE_5858
ROUTE         3     0.652     R30C60B.F0 to     R30C57D.D1 n117192
CTOF_DEL    ---     0.236     R30C57D.D1 to     R30C57D.F1 SLICE_5437
ROUTE         4     1.040     R30C57D.F1 to     R32C59A.A1 n98364
CTOF_DEL    ---     0.236     R32C59A.A1 to     R32C59A.F1 SLICE_5471
ROUTE         8     1.055     R32C59A.F1 to     R30C60D.A1 n43829
CTOF_DEL    ---     0.236     R30C60D.A1 to     R30C60D.F1 SLICE_5381
ROUTE        68     1.474     R30C60D.F1 to     R35C61B.A1 n117033
CTOF_DEL    ---     0.236     R35C61B.A1 to     R35C61B.F1 SLICE_5692
ROUTE         1     0.778     R35C61B.F1 to     R35C60A.B1 n113768
CTOF_DEL    ---     0.236     R35C60A.B1 to     R35C60A.F1 SLICE_5303
ROUTE         1     0.558     R35C60A.F1 to     R35C60A.B0 n115872
CTOF_DEL    ---     0.236     R35C60A.B0 to     R35C60A.F0 SLICE_5303
ROUTE         3     1.057     R35C60A.F0 to     R29C59C.B0 n38_adj_15775
CTOF_DEL    ---     0.236     R29C59C.B0 to     R29C59C.F0 SLICE_5841
ROUTE         1     0.823     R29C59C.F0 to     R30C60A.C1 n116136
CTOOFX_DEL  ---     0.401     R30C60A.C1 to   R30C60A.OFX0 Mux_2142_i63/SLICE_3994
ROUTE         1     0.634   R30C60A.OFX0 to     R28C59A.D0 n44045
CTOF_DEL    ---     0.236     R28C59A.D0 to     R28C59A.F0 SLICE_5842
ROUTE         1     0.634     R28C59A.F0 to     R29C60B.D1 n106818
CTOF_DEL    ---     0.236     R29C60B.D1 to     R29C60B.F1 SLICE_5474
ROUTE         1     0.999     R29C60B.F1 to     R30C58C.B0 n107289
CTOF_DEL    ---     0.236     R30C58C.B0 to     R30C58C.F0 SLICE_5479
ROUTE         8     3.605     R30C58C.F0 to    R33C11B.LSR n91762 (to CRYSTAL_c)
                  --------
                   18.671   (18.9% logic, 81.1% route), 13 logic levels.

 Clock Skew Details: 

      Source Clock Path CRYSTAL to SLICE_3370:

   Name    Fanout   Delay (ns)          Site               Resource
ROUTE       529     2.391       M1.PADDI to    R29C52A.CLK CRYSTAL_c
                  --------
                    2.391   (0.0% logic, 100.0% route), 0 logic levels.

      Destination Clock Path CRYSTAL to SLICE_3391:

   Name    Fanout   Delay (ns)          Site               Resource
ROUTE       529     2.391       M1.PADDI to    R33C11B.CLK CRYSTAL_c
                  --------
                    2.391   (0.0% logic, 100.0% route), 0 logic levels.


Passed: The following path meets requirements by 22.631ns

 Logical Details:  Cell type  Pin type       Cell/ASIC name  (clock net +/-)

   Source:         FF         Q              qvga_tx_col_sys_i7  (from CRYSTAL_c +)
   Destination:    FF         Data in        qvga_word_sys_i0_i3  (to CRYSTAL_c +)
                   FF                        qvga_word_sys_i0_i2

   Delay:              18.612ns  (18.9% logic, 81.1% route), 13 logic levels.

 Constraint Details:

     18.612ns physical path delay SLICE_3370 to SLICE_3385 meets
     41.667ns delay constraint less
      0.000ns skew and
      0.424ns LSR_SET requirement (totaling 41.243ns) by 22.631ns

 Physical Path Details:

      Data path SLICE_3370 to SLICE_3385:

   Name    Fanout   Delay (ns)          Site               Resource
REG_DEL     ---     0.522    R29C52A.CLK to     R29C52A.Q1 SLICE_3370 (from CRYSTAL_c)
ROUTE        17     1.784     R29C52A.Q1 to     R30C60B.B0 qvga_tx_col_sys_7
CTOF_DEL    ---     0.236     R30C60B.B0 to     R30C60B.F0 SLICE_5858
ROUTE         3     0.652     R30C60B.F0 to     R30C57D.D1 n117192
CTOF_DEL    ---     0.236     R30C57D.D1 to     R30C57D.F1 SLICE_5437
ROUTE         4     1.040     R30C57D.F1 to     R32C59A.A1 n98364
CTOF_DEL    ---     0.236     R32C59A.A1 to     R32C59A.F1 SLICE_5471
ROUTE         8     1.055     R32C59A.F1 to     R30C60D.A1 n43829
CTOF_DEL    ---     0.236     R30C60D.A1 to     R30C60D.F1 SLICE_5381
ROUTE        68     1.474     R30C60D.F1 to     R35C61B.A1 n117033
CTOF_DEL    ---     0.236     R35C61B.A1 to     R35C61B.F1 SLICE_5692
ROUTE         1     0.778     R35C61B.F1 to     R35C60A.B1 n113768
CTOF_DEL    ---     0.236     R35C60A.B1 to     R35C60A.F1 SLICE_5303
ROUTE         1     0.558     R35C60A.F1 to     R35C60A.B0 n115872
CTOF_DEL    ---     0.236     R35C60A.B0 to     R35C60A.F0 SLICE_5303
ROUTE         3     1.057     R35C60A.F0 to     R29C59C.B0 n38_adj_15775
CTOF_DEL    ---     0.236     R29C59C.B0 to     R29C59C.F0 SLICE_5841
ROUTE         1     0.823     R29C59C.F0 to     R30C60A.C1 n116136
CTOOFX_DEL  ---     0.401     R30C60A.C1 to   R30C60A.OFX0 Mux_2142_i63/SLICE_3994
ROUTE         1     0.634   R30C60A.OFX0 to     R28C59A.D0 n44045
CTOF_DEL    ---     0.236     R28C59A.D0 to     R28C59A.F0 SLICE_5842
ROUTE         1     0.634     R28C59A.F0 to     R29C60B.D1 n106818
CTOF_DEL    ---     0.236     R29C60B.D1 to     R29C60B.F1 SLICE_5474
ROUTE         1     0.999     R29C60B.F1 to     R30C58C.B0 n107289
CTOF_DEL    ---     0.236     R30C58C.B0 to     R30C58C.F0 SLICE_5479
ROUTE         8     3.605     R30C58C.F0 to    R32C11A.LSR n91762 (to CRYSTAL_c)
                  --------
                   18.612   (18.9% logic, 81.1% route), 13 logic levels.

 Clock Skew Details: 

      Source Clock Path CRYSTAL to SLICE_3370:

   Name    Fanout   Delay (ns)          Site               Resource
ROUTE       529     2.391       M1.PADDI to    R29C52A.CLK CRYSTAL_c
                  --------
                    2.391   (0.0% logic, 100.0% route), 0 logic levels.

      Destination Clock Path CRYSTAL to SLICE_3385:

   Name    Fanout   Delay (ns)          Site               Resource
ROUTE       529     2.391       M1.PADDI to    R32C11A.CLK CRYSTAL_c
                  --------
                    2.391   (0.0% logic, 100.0% route), 0 logic levels.


Passed: The following path meets requirements by 22.631ns

 Logical Details:  Cell type  Pin type       Cell/ASIC name  (clock net +/-)

   Source:         FF         Q              qvga_tx_col_sys_i7  (from CRYSTAL_c +)
   Destination:    FF         Data in        qvga_word_sys_i0_i9  (to CRYSTAL_c +)
                   FF                        qvga_word_sys_i0_i8

   Delay:              18.612ns  (18.9% logic, 81.1% route), 13 logic levels.

 Constraint Details:

     18.612ns physical path delay SLICE_3370 to SLICE_3388 meets
     41.667ns delay constraint less
      0.000ns skew and
      0.424ns LSR_SET requirement (totaling 41.243ns) by 22.631ns

 Physical Path Details:

      Data path SLICE_3370 to SLICE_3388:

   Name    Fanout   Delay (ns)          Site               Resource
REG_DEL     ---     0.522    R29C52A.CLK to     R29C52A.Q1 SLICE_3370 (from CRYSTAL_c)
ROUTE        17     1.784     R29C52A.Q1 to     R30C60B.B0 qvga_tx_col_sys_7
CTOF_DEL    ---     0.236     R30C60B.B0 to     R30C60B.F0 SLICE_5858
ROUTE         3     0.652     R30C60B.F0 to     R30C57D.D1 n117192
CTOF_DEL    ---     0.236     R30C57D.D1 to     R30C57D.F1 SLICE_5437
ROUTE         4     1.040     R30C57D.F1 to     R32C59A.A1 n98364
CTOF_DEL    ---     0.236     R32C59A.A1 to     R32C59A.F1 SLICE_5471
ROUTE         8     1.055     R32C59A.F1 to     R30C60D.A1 n43829
CTOF_DEL    ---     0.236     R30C60D.A1 to     R30C60D.F1 SLICE_5381
ROUTE        68     1.474     R30C60D.F1 to     R35C61B.A1 n117033
CTOF_DEL    ---     0.236     R35C61B.A1 to     R35C61B.F1 SLICE_5692
ROUTE         1     0.778     R35C61B.F1 to     R35C60A.B1 n113768
CTOF_DEL    ---     0.236     R35C60A.B1 to     R35C60A.F1 SLICE_5303
ROUTE         1     0.558     R35C60A.F1 to     R35C60A.B0 n115872
CTOF_DEL    ---     0.236     R35C60A.B0 to     R35C60A.F0 SLICE_5303
ROUTE         3     1.057     R35C60A.F0 to     R29C59C.B0 n38_adj_15775
CTOF_DEL    ---     0.236     R29C59C.B0 to     R29C59C.F0 SLICE_5841
ROUTE         1     0.823     R29C59C.F0 to     R30C60A.C1 n116136
CTOOFX_DEL  ---     0.401     R30C60A.C1 to   R30C60A.OFX0 Mux_2142_i63/SLICE_3994
ROUTE         1     0.634   R30C60A.OFX0 to     R28C59A.D0 n44045
CTOF_DEL    ---     0.236     R28C59A.D0 to     R28C59A.F0 SLICE_5842
ROUTE         1     0.634     R28C59A.F0 to     R29C60B.D1 n106818
CTOF_DEL    ---     0.236     R29C60B.D1 to     R29C60B.F1 SLICE_5474
ROUTE         1     0.999     R29C60B.F1 to     R30C58C.B0 n107289
CTOF_DEL    ---     0.236     R30C58C.B0 to     R30C58C.F0 SLICE_5479
ROUTE         8     3.605     R30C58C.F0 to    R33C11C.LSR n91762 (to CRYSTAL_c)
                  --------
                   18.612   (18.9% logic, 81.1% route), 13 logic levels.

 Clock Skew Details: 

      Source Clock Path CRYSTAL to SLICE_3370:

   Name    Fanout   Delay (ns)          Site               Resource
ROUTE       529     2.391       M1.PADDI to    R29C52A.CLK CRYSTAL_c
                  --------
                    2.391   (0.0% logic, 100.0% route), 0 logic levels.

      Destination Clock Path CRYSTAL to SLICE_3388:

   Name    Fanout   Delay (ns)          Site               Resource
ROUTE       529     2.391       M1.PADDI to    R33C11C.CLK CRYSTAL_c
                  --------
                    2.391   (0.0% logic, 100.0% route), 0 logic levels.

Report:   52.170MHz is the maximum frequency for this preference.


================================================================================
Preference: FREQUENCY PORT "PCLK" 48.000000 MHz ;
            0 items scored, 0 timing errors detected.
--------------------------------------------------------------------------------


Passed:  The following path meets requirements by 15.833ns
         The internal maximum frequency of the following component is 200.000 MHz

 Logical Details:  Cell type  Pin name       Component name

   Destination:    PIO        PAD            PCLK

   Delay:               5.000ns -- based on Minimum Pulse Width

Report:  200.000MHz is the maximum frequency for this preference.


================================================================================
Preference: FREQUENCY NET "PCLK_c" 48.000000 MHz ;
            4096 items scored, 0 timing errors detected.
--------------------------------------------------------------------------------


Passed: The following path meets requirements by 2.480ns

 Logical Details:  Cell type  Pin type       Cell/ASIC name  (clock net +/-)

   Source:         FF         Q              box20_eval_idx_pclk_8400__i0  (from PCLK_c +)
   Destination:    FF         Data in        box20_eval_score_pclk_8401__i44  (to PCLK_c +)

   Delay:              18.619ns  (42.8% logic, 57.2% route), 22 logic levels.

 Constraint Details:

     18.619ns physical path delay SLICE_349 to SLICE_764 meets
     20.833ns delay constraint less
      0.000ns skew and
     -0.266ns DIN_SET requirement (totaling 21.099ns) by 2.480ns

 Physical Path Details:

      Data path SLICE_349 to SLICE_764:

   Name    Fanout   Delay (ns)          Site               Resource
REG_DEL     ---     0.522    R10C30A.CLK to     R10C30A.Q1 SLICE_349 (from PCLK_c)
ROUTE       999     3.386     R10C30A.Q1 to     R42C28B.C0 box20_eval_idx_pclk_0
CTOOFX_DEL  ---     0.401     R42C28B.C0 to   R42C28B.OFX0 i44929/SLICE_4528
ROUTE         1     0.000   R42C28B.OFX0 to    R42C28A.FXA n111747
FXTOF_DEL   ---     0.239    R42C28A.FXA to   R42C28A.OFX1 i44930/SLICE_4533
ROUTE         1     0.000   R42C28A.OFX1 to    R42C28B.FXB n111754
FXTOF_DEL   ---     0.242    R42C28B.FXB to   R42C28B.OFX1 i44929/SLICE_4528
ROUTE         1     1.549   R42C28B.OFX1 to     R39C32A.C0 n111757
CTOOFX_DEL  ---     0.401     R39C32A.C0 to   R39C32A.OFX0 mux_560_Mux_13_i63/SLICE_4060
ROUTE         1     2.668   R39C32A.OFX0 to *18_R13C43.B13 n8756
PD_DEL      ---     3.927 *18_R13C43.B13 to *18_R13C43.P18 mult_561
ROUTE         1     1.410 *18_R13C43.P18 to     R11C42C.D0 n8776
CTOF_DEL    ---     0.236     R11C42C.D0 to     R11C42C.F0 SLICE_5527
ROUTE         1     0.959     R11C42C.F0 to     R10C44B.D1 n81661
C1TOFCO_DE  ---     0.447     R10C44B.D1 to    R10C44B.FCO SLICE_21
ROUTE         1     0.000    R10C44B.FCO to    R10C44C.FCI n103154
FCITOFCO_D  ---     0.071    R10C44C.FCI to    R10C44C.FCO SLICE_20
ROUTE         1     0.000    R10C44C.FCO to    R10C44D.FCI n103155
FCITOFCO_D  ---     0.071    R10C44D.FCI to    R10C44D.FCO SLICE_19
ROUTE         1     0.000    R10C44D.FCO to    R10C45A.FCI n103156
FCITOFCO_D  ---     0.071    R10C45A.FCI to    R10C45A.FCO SLICE_17
ROUTE         1     0.000    R10C45A.FCO to    R10C45B.FCI n103157
FCITOFCO_D  ---     0.071    R10C45B.FCI to    R10C45B.FCO SLICE_16
ROUTE         1     0.000    R10C45B.FCO to    R10C45C.FCI n103158
FCITOFCO_D  ---     0.071    R10C45C.FCI to    R10C45C.FCO SLICE_15
ROUTE         1     0.000    R10C45C.FCO to    R10C45D.FCI n103159
FCITOFCO_D  ---     0.071    R10C45D.FCI to    R10C45D.FCO SLICE_14
ROUTE         1     0.000    R10C45D.FCO to    R10C46A.FCI n103160
FCITOFCO_D  ---     0.071    R10C46A.FCI to    R10C46A.FCO SLICE_12
ROUTE         1     0.000    R10C46A.FCO to    R10C46B.FCI n103161
FCITOFCO_D  ---     0.071    R10C46B.FCI to    R10C46B.FCO SLICE_5
ROUTE         1     0.000    R10C46B.FCO to    R10C46C.FCI n103162
FCITOFCO_D  ---     0.071    R10C46C.FCI to    R10C46C.FCO SLICE_4
ROUTE         1     0.000    R10C46C.FCO to    R10C46D.FCI n103163
FCITOFCO_D  ---     0.071    R10C46D.FCI to    R10C46D.FCO SLICE_1
ROUTE         1     0.000    R10C46D.FCO to    R10C47A.FCI n103164
FCITOFCO_D  ---     0.071    R10C47A.FCI to    R10C47A.FCO SLICE_0
ROUTE         1     0.000    R10C47A.FCO to    R10C47B.FCI n103165
FCITOFCO_D  ---     0.071    R10C47B.FCI to    R10C47B.FCO SLICE_355
ROUTE         1     0.000    R10C47B.FCO to    R10C47C.FCI n103166
FCITOF1_DE  ---     0.474    R10C47C.FCI to     R10C47C.F1 SLICE_354
ROUTE         1     0.670     R10C47C.F1 to     R11C47C.D1 n201
CTOF_DEL    ---     0.236     R11C47C.D1 to     R11C47C.F1 SLICE_764
ROUTE         1     0.000     R11C47C.F1 to    R11C47C.DI1 n251 (to PCLK_c)
                  --------
                   18.619   (42.8% logic, 57.2% route), 22 logic levels.

 Clock Skew Details: 

      Source Clock Path PCLK to SLICE_349:

   Name    Fanout   Delay (ns)          Site               Resource
ROUTE       999     2.391       C8.PADDI to    R10C30A.CLK PCLK_c
                  --------
                    2.391   (0.0% logic, 100.0% route), 0 logic levels.

      Destination Clock Path PCLK to SLICE_764:

   Name    Fanout   Delay (ns)          Site               Resource
ROUTE       999     2.391       C8.PADDI to    R11C47C.CLK PCLK_c
                  --------
                    2.391   (0.0% logic, 100.0% route), 0 logic levels.


Passed: The following path meets requirements by 2.483ns

 Logical Details:  Cell type  Pin type       Cell/ASIC name  (clock net +/-)

   Source:         FF         Q              box20_eval_idx_pclk_8400__i0  (from PCLK_c +)
   Destination:    FF         Data in        box20_eval_score_pclk_8401__i46  (to PCLK_c +)

   Delay:              18.616ns  (43.2% logic, 56.8% route), 23 logic levels.

 Constraint Details:

     18.616ns physical path delay SLICE_349 to SLICE_765 meets
     20.833ns delay constraint less
      0.000ns skew and
     -0.266ns DIN_SET requirement (totaling 21.099ns) by 2.483ns

 Physical Path Details:

      Data path SLICE_349 to SLICE_765:

   Name    Fanout   Delay (ns)          Site               Resource
REG_DEL     ---     0.522    R10C30A.CLK to     R10C30A.Q1 SLICE_349 (from PCLK_c)
ROUTE       999     3.386     R10C30A.Q1 to     R42C28B.C0 box20_eval_idx_pclk_0
CTOOFX_DEL  ---     0.401     R42C28B.C0 to   R42C28B.OFX0 i44929/SLICE_4528
ROUTE         1     0.000   R42C28B.OFX0 to    R42C28A.FXA n111747
FXTOF_DEL   ---     0.239    R42C28A.FXA to   R42C28A.OFX1 i44930/SLICE_4533
ROUTE         1     0.000   R42C28A.OFX1 to    R42C28B.FXB n111754
FXTOF_DEL   ---     0.242    R42C28B.FXB to   R42C28B.OFX1 i44929/SLICE_4528
ROUTE         1     1.549   R42C28B.OFX1 to     R39C32A.C0 n111757
CTOOFX_DEL  ---     0.401     R39C32A.C0 to   R39C32A.OFX0 mux_560_Mux_13_i63/SLICE_4060
ROUTE         1     2.668   R39C32A.OFX0 to *18_R13C43.B13 n8756
PD_DEL      ---     3.927 *18_R13C43.B13 to *18_R13C43.P18 mult_561
ROUTE         1     1.410 *18_R13C43.P18 to     R11C42C.D0 n8776
CTOF_DEL    ---     0.236     R11C42C.D0 to     R11C42C.F0 SLICE_5527
ROUTE         1     0.959     R11C42C.F0 to     R10C44B.D1 n81661
C1TOFCO_DE  ---     0.447     R10C44B.D1 to    R10C44B.FCO SLICE_21
ROUTE         1     0.000    R10C44B.FCO to    R10C44C.FCI n103154
FCITOFCO_D  ---     0.071    R10C44C.FCI to    R10C44C.FCO SLICE_20
ROUTE         1     0.000    R10C44C.FCO to    R10C44D.FCI n103155
FCITOFCO_D  ---     0.071    R10C44D.FCI to    R10C44D.FCO SLICE_19
ROUTE         1     0.000    R10C44D.FCO to    R10C45A.FCI n103156
FCITOFCO_D  ---     0.071    R10C45A.FCI to    R10C45A.FCO SLICE_17
ROUTE         1     0.000    R10C45A.FCO to    R10C45B.FCI n103157
FCITOFCO_D  ---     0.071    R10C45B.FCI to    R10C45B.FCO SLICE_16
ROUTE         1     0.000    R10C45B.FCO to    R10C45C.FCI n103158
FCITOFCO_D  ---     0.071    R10C45C.FCI to    R10C45C.FCO SLICE_15
ROUTE         1     0.000    R10C45C.FCO to    R10C45D.FCI n103159
FCITOFCO_D  ---     0.071    R10C45D.FCI to    R10C45D.FCO SLICE_14
ROUTE         1     0.000    R10C45D.FCO to    R10C46A.FCI n103160
FCITOFCO_D  ---     0.071    R10C46A.FCI to    R10C46A.FCO SLICE_12
ROUTE         1     0.000    R10C46A.FCO to    R10C46B.FCI n103161
FCITOFCO_D  ---     0.071    R10C46B.FCI to    R10C46B.FCO SLICE_5
ROUTE         1     0.000    R10C46B.FCO to    R10C46C.FCI n103162
FCITOFCO_D  ---     0.071    R10C46C.FCI to    R10C46C.FCO SLICE_4
ROUTE         1     0.000    R10C46C.FCO to    R10C46D.FCI n103163
FCITOFCO_D  ---     0.071    R10C46D.FCI to    R10C46D.FCO SLICE_1
ROUTE         1     0.000    R10C46D.FCO to    R10C47A.FCI n103164
FCITOFCO_D  ---     0.071    R10C47A.FCI to    R10C47A.FCO SLICE_0
ROUTE         1     0.000    R10C47A.FCO to    R10C47B.FCI n103165
FCITOFCO_D  ---     0.071    R10C47B.FCI to    R10C47B.FCO SLICE_355
ROUTE         1     0.000    R10C47B.FCO to    R10C47C.FCI n103166
FCITOFCO_D  ---     0.071    R10C47C.FCI to    R10C47C.FCO SLICE_354
ROUTE         1     0.000    R10C47C.FCO to    R10C47D.FCI n103167
FCITOF1_DE  ---     0.474    R10C47D.FCI to     R10C47D.F1 SLICE_351
ROUTE         1     0.596     R10C47D.F1 to     R10C48D.D1 n199
CTOF_DEL    ---     0.236     R10C48D.D1 to     R10C48D.F1 SLICE_765
ROUTE         1     0.000     R10C48D.F1 to    R10C48D.DI1 n249 (to PCLK_c)
                  --------
                   18.616   (43.2% logic, 56.8% route), 23 logic levels.

 Clock Skew Details: 

      Source Clock Path PCLK to SLICE_349:

   Name    Fanout   Delay (ns)          Site               Resource
ROUTE       999     2.391       C8.PADDI to    R10C30A.CLK PCLK_c
                  --------
                    2.391   (0.0% logic, 100.0% route), 0 logic levels.

      Destination Clock Path PCLK to SLICE_765:

   Name    Fanout   Delay (ns)          Site               Resource
ROUTE       999     2.391       C8.PADDI to    R10C48D.CLK PCLK_c
                  --------
                    2.391   (0.0% logic, 100.0% route), 0 logic levels.


Passed: The following path meets requirements by 2.508ns

 Logical Details:  Cell type  Pin type       Cell/ASIC name  (clock net +/-)

   Source:         FF         Q              box20_eval_idx_pclk_8400__i0  (from PCLK_c +)
   Destination:    FF         Data in        box20_eval_score_pclk_8401__i45  (to PCLK_c +)

   Delay:              18.585ns  (43.1% logic, 56.9% route), 23 logic levels.

 Constraint Details:

     18.585ns physical path delay SLICE_349 to SLICE_765 meets
     20.833ns delay constraint less
      0.000ns skew and
     -0.260ns DIN_SET requirement (totaling 21.093ns) by 2.508ns

 Physical Path Details:

      Data path SLICE_349 to SLICE_765:

   Name    Fanout   Delay (ns)          Site               Resource
REG_DEL     ---     0.522    R10C30A.CLK to     R10C30A.Q1 SLICE_349 (from PCLK_c)
ROUTE       999     3.386     R10C30A.Q1 to     R42C28B.C0 box20_eval_idx_pclk_0
CTOOFX_DEL  ---     0.401     R42C28B.C0 to   R42C28B.OFX0 i44929/SLICE_4528
ROUTE         1     0.000   R42C28B.OFX0 to    R42C28A.FXA n111747
FXTOF_DEL   ---     0.239    R42C28A.FXA to   R42C28A.OFX1 i44930/SLICE_4533
ROUTE         1     0.000   R42C28A.OFX1 to    R42C28B.FXB n111754
FXTOF_DEL   ---     0.242    R42C28B.FXB to   R42C28B.OFX1 i44929/SLICE_4528
ROUTE         1     1.549   R42C28B.OFX1 to     R39C32A.C0 n111757
CTOOFX_DEL  ---     0.401     R39C32A.C0 to   R39C32A.OFX0 mux_560_Mux_13_i63/SLICE_4060
ROUTE         1     2.668   R39C32A.OFX0 to *18_R13C43.B13 n8756
PD_DEL      ---     3.927 *18_R13C43.B13 to *18_R13C43.P18 mult_561
ROUTE         1     1.410 *18_R13C43.P18 to     R11C42C.D0 n8776
CTOF_DEL    ---     0.236     R11C42C.D0 to     R11C42C.F0 SLICE_5527
ROUTE         1     0.959     R11C42C.F0 to     R10C44B.D1 n81661
C1TOFCO_DE  ---     0.447     R10C44B.D1 to    R10C44B.FCO SLICE_21
ROUTE         1     0.000    R10C44B.FCO to    R10C44C.FCI n103154
FCITOFCO_D  ---     0.071    R10C44C.FCI to    R10C44C.FCO SLICE_20
ROUTE         1     0.000    R10C44C.FCO to    R10C44D.FCI n103155
FCITOFCO_D  ---     0.071    R10C44D.FCI to    R10C44D.FCO SLICE_19
ROUTE         1     0.000    R10C44D.FCO to    R10C45A.FCI n103156
FCITOFCO_D  ---     0.071    R10C45A.FCI to    R10C45A.FCO SLICE_17
ROUTE         1     0.000    R10C45A.FCO to    R10C45B.FCI n103157
FCITOFCO_D  ---     0.071    R10C45B.FCI to    R10C45B.FCO SLICE_16
ROUTE         1     0.000    R10C45B.FCO to    R10C45C.FCI n103158
FCITOFCO_D  ---     0.071    R10C45C.FCI to    R10C45C.FCO SLICE_15
ROUTE         1     0.000    R10C45C.FCO to    R10C45D.FCI n103159
FCITOFCO_D  ---     0.071    R10C45D.FCI to    R10C45D.FCO SLICE_14
ROUTE         1     0.000    R10C45D.FCO to    R10C46A.FCI n103160
FCITOFCO_D  ---     0.071    R10C46A.FCI to    R10C46A.FCO SLICE_12
ROUTE         1     0.000    R10C46A.FCO to    R10C46B.FCI n103161
FCITOFCO_D  ---     0.071    R10C46B.FCI to    R10C46B.FCO SLICE_5
ROUTE         1     0.000    R10C46B.FCO to    R10C46C.FCI n103162
FCITOFCO_D  ---     0.071    R10C46C.FCI to    R10C46C.FCO SLICE_4
ROUTE         1     0.000    R10C46C.FCO to    R10C46D.FCI n103163
FCITOFCO_D  ---     0.071    R10C46D.FCI to    R10C46D.FCO SLICE_1
ROUTE         1     0.000    R10C46D.FCO to    R10C47A.FCI n103164
FCITOFCO_D  ---     0.071    R10C47A.FCI to    R10C47A.FCO SLICE_0
ROUTE         1     0.000    R10C47A.FCO to    R10C47B.FCI n103165
FCITOFCO_D  ---     0.071    R10C47B.FCI to    R10C47B.FCO SLICE_355
ROUTE         1     0.000    R10C47B.FCO to    R10C47C.FCI n103166
FCITOFCO_D  ---     0.071    R10C47C.FCI to    R10C47C.FCO SLICE_354
ROUTE         1     0.000    R10C47C.FCO to    R10C47D.FCI n103167
FCITOF0_DE  ---     0.443    R10C47D.FCI to     R10C47D.F0 SLICE_351
ROUTE         1     0.596     R10C47D.F0 to     R10C48D.D0 n200
CTOF_DEL    ---     0.236     R10C48D.D0 to     R10C48D.F0 SLICE_765
ROUTE         1     0.000     R10C48D.F0 to    R10C48D.DI0 n250 (to PCLK_c)
                  --------
                   18.585   (43.1% logic, 56.9% route), 23 logic levels.

 Clock Skew Details: 

      Source Clock Path PCLK to SLICE_349:

   Name    Fanout   Delay (ns)          Site               Resource
ROUTE       999     2.391       C8.PADDI to    R10C30A.CLK PCLK_c
                  --------
                    2.391   (0.0% logic, 100.0% route), 0 logic levels.

      Destination Clock Path PCLK to SLICE_765:

   Name    Fanout   Delay (ns)          Site               Resource
ROUTE       999     2.391       C8.PADDI to    R10C48D.CLK PCLK_c
                  --------
                    2.391   (0.0% logic, 100.0% route), 0 logic levels.


Passed: The following path meets requirements by 2.511ns

 Logical Details:  Cell type  Pin type       Cell/ASIC name  (clock net +/-)

   Source:         FF         Q              box20_eval_idx_pclk_8400__i0  (from PCLK_c +)
   Destination:    FF         Data in        box20_eval_score_pclk_8401__i44  (to PCLK_c +)

   Delay:              18.588ns  (42.9% logic, 57.1% route), 22 logic levels.

 Constraint Details:

     18.588ns physical path delay SLICE_349 to SLICE_764 meets
     20.833ns delay constraint less
      0.000ns skew and
     -0.266ns DIN_SET requirement (totaling 21.099ns) by 2.511ns

 Physical Path Details:

      Data path SLICE_349 to SLICE_764:

   Name    Fanout   Delay (ns)          Site               Resource
REG_DEL     ---     0.522    R10C30A.CLK to     R10C30A.Q1 SLICE_349 (from PCLK_c)
ROUTE       999     3.355     R10C30A.Q1 to     R42C28B.C1 box20_eval_idx_pclk_0
CTOOFX_DEL  ---     0.401     R42C28B.C1 to   R42C28B.OFX0 i44929/SLICE_4528
ROUTE         1     0.000   R42C28B.OFX0 to    R42C28A.FXA n111747
FXTOF_DEL   ---     0.239    R42C28A.FXA to   R42C28A.OFX1 i44930/SLICE_4533
ROUTE         1     0.000   R42C28A.OFX1 to    R42C28B.FXB n111754
FXTOF_DEL   ---     0.242    R42C28B.FXB to   R42C28B.OFX1 i44929/SLICE_4528
ROUTE         1     1.549   R42C28B.OFX1 to     R39C32A.C0 n111757
CTOOFX_DEL  ---     0.401     R39C32A.C0 to   R39C32A.OFX0 mux_560_Mux_13_i63/SLICE_4060
ROUTE         1     2.668   R39C32A.OFX0 to *18_R13C43.B13 n8756
PD_DEL      ---     3.927 *18_R13C43.B13 to *18_R13C43.P18 mult_561
ROUTE         1     1.410 *18_R13C43.P18 to     R11C42C.D0 n8776
CTOF_DEL    ---     0.236     R11C42C.D0 to     R11C42C.F0 SLICE_5527
ROUTE         1     0.959     R11C42C.F0 to     R10C44B.D1 n81661
C1TOFCO_DE  ---     0.447     R10C44B.D1 to    R10C44B.FCO SLICE_21
ROUTE         1     0.000    R10C44B.FCO to    R10C44C.FCI n103154
FCITOFCO_D  ---     0.071    R10C44C.FCI to    R10C44C.FCO SLICE_20
ROUTE         1     0.000    R10C44C.FCO to    R10C44D.FCI n103155
FCITOFCO_D  ---     0.071    R10C44D.FCI to    R10C44D.FCO SLICE_19
ROUTE         1     0.000    R10C44D.FCO to    R10C45A.FCI n103156
FCITOFCO_D  ---     0.071    R10C45A.FCI to    R10C45A.FCO SLICE_17
ROUTE         1     0.000    R10C45A.FCO to    R10C45B.FCI n103157
FCITOFCO_D  ---     0.071    R10C45B.FCI to    R10C45B.FCO SLICE_16
ROUTE         1     0.000    R10C45B.FCO to    R10C45C.FCI n103158
FCITOFCO_D  ---     0.071    R10C45C.FCI to    R10C45C.FCO SLICE_15
ROUTE         1     0.000    R10C45C.FCO to    R10C45D.FCI n103159
FCITOFCO_D  ---     0.071    R10C45D.FCI to    R10C45D.FCO SLICE_14
ROUTE         1     0.000    R10C45D.FCO to    R10C46A.FCI n103160
FCITOFCO_D  ---     0.071    R10C46A.FCI to    R10C46A.FCO SLICE_12
ROUTE         1     0.000    R10C46A.FCO to    R10C46B.FCI n103161
FCITOFCO_D  ---     0.071    R10C46B.FCI to    R10C46B.FCO SLICE_5
ROUTE         1     0.000    R10C46B.FCO to    R10C46C.FCI n103162
FCITOFCO_D  ---     0.071    R10C46C.FCI to    R10C46C.FCO SLICE_4
ROUTE         1     0.000    R10C46C.FCO to    R10C46D.FCI n103163
FCITOFCO_D  ---     0.071    R10C46D.FCI to    R10C46D.FCO SLICE_1
ROUTE         1     0.000    R10C46D.FCO to    R10C47A.FCI n103164
FCITOFCO_D  ---     0.071    R10C47A.FCI to    R10C47A.FCO SLICE_0
ROUTE         1     0.000    R10C47A.FCO to    R10C47B.FCI n103165
FCITOFCO_D  ---     0.071    R10C47B.FCI to    R10C47B.FCO SLICE_355
ROUTE         1     0.000    R10C47B.FCO to    R10C47C.FCI n103166
FCITOF1_DE  ---     0.474    R10C47C.FCI to     R10C47C.F1 SLICE_354
ROUTE         1     0.670     R10C47C.F1 to     R11C47C.D1 n201
CTOF_DEL    ---     0.236     R11C47C.D1 to     R11C47C.F1 SLICE_764
ROUTE         1     0.000     R11C47C.F1 to    R11C47C.DI1 n251 (to PCLK_c)
                  --------
                   18.588   (42.9% logic, 57.1% route), 22 logic levels.

 Clock Skew Details: 

      Source Clock Path PCLK to SLICE_349:

   Name    Fanout   Delay (ns)          Site               Resource
ROUTE       999     2.391       C8.PADDI to    R10C30A.CLK PCLK_c
                  --------
                    2.391   (0.0% logic, 100.0% route), 0 logic levels.

      Destination Clock Path PCLK to SLICE_764:

   Name    Fanout   Delay (ns)          Site               Resource
ROUTE       999     2.391       C8.PADDI to    R11C47C.CLK PCLK_c
                  --------
                    2.391   (0.0% logic, 100.0% route), 0 logic levels.


Passed: The following path meets requirements by 2.514ns

 Logical Details:  Cell type  Pin type       Cell/ASIC name  (clock net +/-)

   Source:         FF         Q              box20_eval_idx_pclk_8400__i0  (from PCLK_c +)
   Destination:    FF         Data in        box20_eval_score_pclk_8401__i46  (to PCLK_c +)

   Delay:              18.585ns  (43.3% logic, 56.7% route), 23 logic levels.

 Constraint Details:

     18.585ns physical path delay SLICE_349 to SLICE_765 meets
     20.833ns delay constraint less
      0.000ns skew and
     -0.266ns DIN_SET requirement (totaling 21.099ns) by 2.514ns

 Physical Path Details:

      Data path SLICE_349 to SLICE_765:

   Name    Fanout   Delay (ns)          Site               Resource
REG_DEL     ---     0.522    R10C30A.CLK to     R10C30A.Q1 SLICE_349 (from PCLK_c)
ROUTE       999     3.355     R10C30A.Q1 to     R42C28B.C1 box20_eval_idx_pclk_0
CTOOFX_DEL  ---     0.401     R42C28B.C1 to   R42C28B.OFX0 i44929/SLICE_4528
ROUTE         1     0.000   R42C28B.OFX0 to    R42C28A.FXA n111747
FXTOF_DEL   ---     0.239    R42C28A.FXA to   R42C28A.OFX1 i44930/SLICE_4533
ROUTE         1     0.000   R42C28A.OFX1 to    R42C28B.FXB n111754
FXTOF_DEL   ---     0.242    R42C28B.FXB to   R42C28B.OFX1 i44929/SLICE_4528
ROUTE         1     1.549   R42C28B.OFX1 to     R39C32A.C0 n111757
CTOOFX_DEL  ---     0.401     R39C32A.C0 to   R39C32A.OFX0 mux_560_Mux_13_i63/SLICE_4060
ROUTE         1     2.668   R39C32A.OFX0 to *18_R13C43.B13 n8756
PD_DEL      ---     3.927 *18_R13C43.B13 to *18_R13C43.P18 mult_561
ROUTE         1     1.410 *18_R13C43.P18 to     R11C42C.D0 n8776
CTOF_DEL    ---     0.236     R11C42C.D0 to     R11C42C.F0 SLICE_5527
ROUTE         1     0.959     R11C42C.F0 to     R10C44B.D1 n81661
C1TOFCO_DE  ---     0.447     R10C44B.D1 to    R10C44B.FCO SLICE_21
ROUTE         1     0.000    R10C44B.FCO to    R10C44C.FCI n103154
FCITOFCO_D  ---     0.071    R10C44C.FCI to    R10C44C.FCO SLICE_20
ROUTE         1     0.000    R10C44C.FCO to    R10C44D.FCI n103155
FCITOFCO_D  ---     0.071    R10C44D.FCI to    R10C44D.FCO SLICE_19
ROUTE         1     0.000    R10C44D.FCO to    R10C45A.FCI n103156
FCITOFCO_D  ---     0.071    R10C45A.FCI to    R10C45A.FCO SLICE_17
ROUTE         1     0.000    R10C45A.FCO to    R10C45B.FCI n103157
FCITOFCO_D  ---     0.071    R10C45B.FCI to    R10C45B.FCO SLICE_16
ROUTE         1     0.000    R10C45B.FCO to    R10C45C.FCI n103158
FCITOFCO_D  ---     0.071    R10C45C.FCI to    R10C45C.FCO SLICE_15
ROUTE         1     0.000    R10C45C.FCO to    R10C45D.FCI n103159
FCITOFCO_D  ---     0.071    R10C45D.FCI to    R10C45D.FCO SLICE_14
ROUTE         1     0.000    R10C45D.FCO to    R10C46A.FCI n103160
FCITOFCO_D  ---     0.071    R10C46A.FCI to    R10C46A.FCO SLICE_12
ROUTE         1     0.000    R10C46A.FCO to    R10C46B.FCI n103161
FCITOFCO_D  ---     0.071    R10C46B.FCI to    R10C46B.FCO SLICE_5
ROUTE         1     0.000    R10C46B.FCO to    R10C46C.FCI n103162
FCITOFCO_D  ---     0.071    R10C46C.FCI to    R10C46C.FCO SLICE_4
ROUTE         1     0.000    R10C46C.FCO to    R10C46D.FCI n103163
FCITOFCO_D  ---     0.071    R10C46D.FCI to    R10C46D.FCO SLICE_1
ROUTE         1     0.000    R10C46D.FCO to    R10C47A.FCI n103164
FCITOFCO_D  ---     0.071    R10C47A.FCI to    R10C47A.FCO SLICE_0
ROUTE         1     0.000    R10C47A.FCO to    R10C47B.FCI n103165
FCITOFCO_D  ---     0.071    R10C47B.FCI to    R10C47B.FCO SLICE_355
ROUTE         1     0.000    R10C47B.FCO to    R10C47C.FCI n103166
FCITOFCO_D  ---     0.071    R10C47C.FCI to    R10C47C.FCO SLICE_354
ROUTE         1     0.000    R10C47C.FCO to    R10C47D.FCI n103167
FCITOF1_DE  ---     0.474    R10C47D.FCI to     R10C47D.F1 SLICE_351
ROUTE         1     0.596     R10C47D.F1 to     R10C48D.D1 n199
CTOF_DEL    ---     0.236     R10C48D.D1 to     R10C48D.F1 SLICE_765
ROUTE         1     0.000     R10C48D.F1 to    R10C48D.DI1 n249 (to PCLK_c)
                  --------
                   18.585   (43.3% logic, 56.7% route), 23 logic levels.

 Clock Skew Details: 

      Source Clock Path PCLK to SLICE_349:

   Name    Fanout   Delay (ns)          Site               Resource
ROUTE       999     2.391       C8.PADDI to    R10C30A.CLK PCLK_c
                  --------
                    2.391   (0.0% logic, 100.0% route), 0 logic levels.

      Destination Clock Path PCLK to SLICE_765:

   Name    Fanout   Delay (ns)          Site               Resource
ROUTE       999     2.391       C8.PADDI to    R10C48D.CLK PCLK_c
                  --------
                    2.391   (0.0% logic, 100.0% route), 0 logic levels.


Passed: The following path meets requirements by 2.539ns

 Logical Details:  Cell type  Pin type       Cell/ASIC name  (clock net +/-)

   Source:         FF         Q              box20_eval_idx_pclk_8400__i0  (from PCLK_c +)
   Destination:    FF         Data in        box20_eval_score_pclk_8401__i45  (to PCLK_c +)

   Delay:              18.554ns  (43.2% logic, 56.8% route), 23 logic levels.

 Constraint Details:

     18.554ns physical path delay SLICE_349 to SLICE_765 meets
     20.833ns delay constraint less
      0.000ns skew and
     -0.260ns DIN_SET requirement (totaling 21.093ns) by 2.539ns

 Physical Path Details:

      Data path SLICE_349 to SLICE_765:

   Name    Fanout   Delay (ns)          Site               Resource
REG_DEL     ---     0.522    R10C30A.CLK to     R10C30A.Q1 SLICE_349 (from PCLK_c)
ROUTE       999     3.355     R10C30A.Q1 to     R42C28B.C1 box20_eval_idx_pclk_0
CTOOFX_DEL  ---     0.401     R42C28B.C1 to   R42C28B.OFX0 i44929/SLICE_4528
ROUTE         1     0.000   R42C28B.OFX0 to    R42C28A.FXA n111747
FXTOF_DEL   ---     0.239    R42C28A.FXA to   R42C28A.OFX1 i44930/SLICE_4533
ROUTE         1     0.000   R42C28A.OFX1 to    R42C28B.FXB n111754
FXTOF_DEL   ---     0.242    R42C28B.FXB to   R42C28B.OFX1 i44929/SLICE_4528
ROUTE         1     1.549   R42C28B.OFX1 to     R39C32A.C0 n111757
CTOOFX_DEL  ---     0.401     R39C32A.C0 to   R39C32A.OFX0 mux_560_Mux_13_i63/SLICE_4060
ROUTE         1     2.668   R39C32A.OFX0 to *18_R13C43.B13 n8756
PD_DEL      ---     3.927 *18_R13C43.B13 to *18_R13C43.P18 mult_561
ROUTE         1     1.410 *18_R13C43.P18 to     R11C42C.D0 n8776
CTOF_DEL    ---     0.236     R11C42C.D0 to     R11C42C.F0 SLICE_5527
ROUTE         1     0.959     R11C42C.F0 to     R10C44B.D1 n81661
C1TOFCO_DE  ---     0.447     R10C44B.D1 to    R10C44B.FCO SLICE_21
ROUTE         1     0.000    R10C44B.FCO to    R10C44C.FCI n103154
FCITOFCO_D  ---     0.071    R10C44C.FCI to    R10C44C.FCO SLICE_20
ROUTE         1     0.000    R10C44C.FCO to    R10C44D.FCI n103155
FCITOFCO_D  ---     0.071    R10C44D.FCI to    R10C44D.FCO SLICE_19
ROUTE         1     0.000    R10C44D.FCO to    R10C45A.FCI n103156
FCITOFCO_D  ---     0.071    R10C45A.FCI to    R10C45A.FCO SLICE_17
ROUTE         1     0.000    R10C45A.FCO to    R10C45B.FCI n103157
FCITOFCO_D  ---     0.071    R10C45B.FCI to    R10C45B.FCO SLICE_16
ROUTE         1     0.000    R10C45B.FCO to    R10C45C.FCI n103158
FCITOFCO_D  ---     0.071    R10C45C.FCI to    R10C45C.FCO SLICE_15
ROUTE         1     0.000    R10C45C.FCO to    R10C45D.FCI n103159
FCITOFCO_D  ---     0.071    R10C45D.FCI to    R10C45D.FCO SLICE_14
ROUTE         1     0.000    R10C45D.FCO to    R10C46A.FCI n103160
FCITOFCO_D  ---     0.071    R10C46A.FCI to    R10C46A.FCO SLICE_12
ROUTE         1     0.000    R10C46A.FCO to    R10C46B.FCI n103161
FCITOFCO_D  ---     0.071    R10C46B.FCI to    R10C46B.FCO SLICE_5
ROUTE         1     0.000    R10C46B.FCO to    R10C46C.FCI n103162
FCITOFCO_D  ---     0.071    R10C46C.FCI to    R10C46C.FCO SLICE_4
ROUTE         1     0.000    R10C46C.FCO to    R10C46D.FCI n103163
FCITOFCO_D  ---     0.071    R10C46D.FCI to    R10C46D.FCO SLICE_1
ROUTE         1     0.000    R10C46D.FCO to    R10C47A.FCI n103164
FCITOFCO_D  ---     0.071    R10C47A.FCI to    R10C47A.FCO SLICE_0
ROUTE         1     0.000    R10C47A.FCO to    R10C47B.FCI n103165
FCITOFCO_D  ---     0.071    R10C47B.FCI to    R10C47B.FCO SLICE_355
ROUTE         1     0.000    R10C47B.FCO to    R10C47C.FCI n103166
FCITOFCO_D  ---     0.071    R10C47C.FCI to    R10C47C.FCO SLICE_354
ROUTE         1     0.000    R10C47C.FCO to    R10C47D.FCI n103167
FCITOF0_DE  ---     0.443    R10C47D.FCI to     R10C47D.F0 SLICE_351
ROUTE         1     0.596     R10C47D.F0 to     R10C48D.D0 n200
CTOF_DEL    ---     0.236     R10C48D.D0 to     R10C48D.F0 SLICE_765
ROUTE         1     0.000     R10C48D.F0 to    R10C48D.DI0 n250 (to PCLK_c)
                  --------
                   18.554   (43.2% logic, 56.8% route), 23 logic levels.

 Clock Skew Details: 

      Source Clock Path PCLK to SLICE_349:

   Name    Fanout   Delay (ns)          Site               Resource
ROUTE       999     2.391       C8.PADDI to    R10C30A.CLK PCLK_c
                  --------
                    2.391   (0.0% logic, 100.0% route), 0 logic levels.

      Destination Clock Path PCLK to SLICE_765:

   Name    Fanout   Delay (ns)          Site               Resource
ROUTE       999     2.391       C8.PADDI to    R10C48D.CLK PCLK_c
                  --------
                    2.391   (0.0% logic, 100.0% route), 0 logic levels.


Passed: The following path meets requirements by 2.600ns

 Logical Details:  Cell type  Pin type       Cell/ASIC name  (clock net +/-)

   Source:         FF         Q              box20_eval_idx_pclk_8400__i0  (from PCLK_c +)
   Destination:    FF         Data in        box20_eval_score_pclk_8401__i44  (to PCLK_c +)

   Delay:              18.499ns  (43.1% logic, 56.9% route), 22 logic levels.

 Constraint Details:

     18.499ns physical path delay SLICE_349 to SLICE_764 meets
     20.833ns delay constraint less
      0.000ns skew and
     -0.266ns DIN_SET requirement (totaling 21.099ns) by 2.600ns

 Physical Path Details:

      Data path SLICE_349 to SLICE_764:

   Name    Fanout   Delay (ns)          Site               Resource
REG_DEL     ---     0.522    R10C30A.CLK to     R10C30A.Q1 SLICE_349 (from PCLK_c)
ROUTE       999     3.263     R10C30A.Q1 to     R42C28A.D0 box20_eval_idx_pclk_0
CTOOFX_DEL  ---     0.401     R42C28A.D0 to   R42C28A.OFX0 i44930/SLICE_4533
ROUTE         1     0.000   R42C28A.OFX0 to    R42C28A.FXB n111748
FXTOF_DEL   ---     0.242    R42C28A.FXB to   R42C28A.OFX1 i44930/SLICE_4533
ROUTE         1     0.000   R42C28A.OFX1 to    R42C28B.FXB n111754
FXTOF_DEL   ---     0.242    R42C28B.FXB to   R42C28B.OFX1 i44929/SLICE_4528
ROUTE         1     1.549   R42C28B.OFX1 to     R39C32A.C0 n111757
CTOOFX_DEL  ---     0.401     R39C32A.C0 to   R39C32A.OFX0 mux_560_Mux_13_i63/SLICE_4060
ROUTE         1     2.668   R39C32A.OFX0 to *18_R13C43.B13 n8756
PD_DEL      ---     3.927 *18_R13C43.B13 to *18_R13C43.P18 mult_561
ROUTE         1     1.410 *18_R13C43.P18 to     R11C42C.D0 n8776
CTOF_DEL    ---     0.236     R11C42C.D0 to     R11C42C.F0 SLICE_5527
ROUTE         1     0.959     R11C42C.F0 to     R10C44B.D1 n81661
C1TOFCO_DE  ---     0.447     R10C44B.D1 to    R10C44B.FCO SLICE_21
ROUTE         1     0.000    R10C44B.FCO to    R10C44C.FCI n103154
FCITOFCO_D  ---     0.071    R10C44C.FCI to    R10C44C.FCO SLICE_20
ROUTE         1     0.000    R10C44C.FCO to    R10C44D.FCI n103155
FCITOFCO_D  ---     0.071    R10C44D.FCI to    R10C44D.FCO SLICE_19
ROUTE         1     0.000    R10C44D.FCO to    R10C45A.FCI n103156
FCITOFCO_D  ---     0.071    R10C45A.FCI to    R10C45A.FCO SLICE_17
ROUTE         1     0.000    R10C45A.FCO to    R10C45B.FCI n103157
FCITOFCO_D  ---     0.071    R10C45B.FCI to    R10C45B.FCO SLICE_16
ROUTE         1     0.000    R10C45B.FCO to    R10C45C.FCI n103158
FCITOFCO_D  ---     0.071    R10C45C.FCI to    R10C45C.FCO SLICE_15
ROUTE         1     0.000    R10C45C.FCO to    R10C45D.FCI n103159
FCITOFCO_D  ---     0.071    R10C45D.FCI to    R10C45D.FCO SLICE_14
ROUTE         1     0.000    R10C45D.FCO to    R10C46A.FCI n103160
FCITOFCO_D  ---     0.071    R10C46A.FCI to    R10C46A.FCO SLICE_12
ROUTE         1     0.000    R10C46A.FCO to    R10C46B.FCI n103161
FCITOFCO_D  ---     0.071    R10C46B.FCI to    R10C46B.FCO SLICE_5
ROUTE         1     0.000    R10C46B.FCO to    R10C46C.FCI n103162
FCITOFCO_D  ---     0.071    R10C46C.FCI to    R10C46C.FCO SLICE_4
ROUTE         1     0.000    R10C46C.FCO to    R10C46D.FCI n103163
FCITOFCO_D  ---     0.071    R10C46D.FCI to    R10C46D.FCO SLICE_1
ROUTE         1     0.000    R10C46D.FCO to    R10C47A.FCI n103164
FCITOFCO_D  ---     0.071    R10C47A.FCI to    R10C47A.FCO SLICE_0
ROUTE         1     0.000    R10C47A.FCO to    R10C47B.FCI n103165
FCITOFCO_D  ---     0.071    R10C47B.FCI to    R10C47B.FCO SLICE_355
ROUTE         1     0.000    R10C47B.FCO to    R10C47C.FCI n103166
FCITOF1_DE  ---     0.474    R10C47C.FCI to     R10C47C.F1 SLICE_354
ROUTE         1     0.670     R10C47C.F1 to     R11C47C.D1 n201
CTOF_DEL    ---     0.236     R11C47C.D1 to     R11C47C.F1 SLICE_764
ROUTE         1     0.000     R11C47C.F1 to    R11C47C.DI1 n251 (to PCLK_c)
                  --------
                   18.499   (43.1% logic, 56.9% route), 22 logic levels.

 Clock Skew Details: 

      Source Clock Path PCLK to SLICE_349:

   Name    Fanout   Delay (ns)          Site               Resource
ROUTE       999     2.391       C8.PADDI to    R10C30A.CLK PCLK_c
                  --------
                    2.391   (0.0% logic, 100.0% route), 0 logic levels.

      Destination Clock Path PCLK to SLICE_764:

   Name    Fanout   Delay (ns)          Site               Resource
ROUTE       999     2.391       C8.PADDI to    R11C47C.CLK PCLK_c
                  --------
                    2.391   (0.0% logic, 100.0% route), 0 logic levels.


Passed: The following path meets requirements by 2.603ns

 Logical Details:  Cell type  Pin type       Cell/ASIC name  (clock net +/-)

   Source:         FF         Q              box20_eval_idx_pclk_8400__i0  (from PCLK_c +)
   Destination:    FF         Data in        box20_eval_score_pclk_8401__i44  (to PCLK_c +)

   Delay:              18.496ns  (43.1% logic, 56.9% route), 22 logic levels.

 Constraint Details:

     18.496ns physical path delay SLICE_349 to SLICE_764 meets
     20.833ns delay constraint less
      0.000ns skew and
     -0.266ns DIN_SET requirement (totaling 21.099ns) by 2.603ns

 Physical Path Details:

      Data path SLICE_349 to SLICE_764:

   Name    Fanout   Delay (ns)          Site               Resource
REG_DEL     ---     0.522    R10C30A.CLK to     R10C30A.Q1 SLICE_349 (from PCLK_c)
ROUTE       999     3.263     R10C30A.Q1 to     R42C28C.D1 box20_eval_idx_pclk_0
CTOOFX_DEL  ---     0.401     R42C28C.D1 to   R42C28C.OFX0 i44928/SLICE_4511
ROUTE         1     0.000   R42C28C.OFX0 to    R42C28C.FXB n111746
FXTOF_DEL   ---     0.242    R42C28C.FXB to   R42C28C.OFX1 i44928/SLICE_4511
ROUTE         1     0.000   R42C28C.OFX1 to    R42C28B.FXA n111753
FXTOF_DEL   ---     0.239    R42C28B.FXA to   R42C28B.OFX1 i44929/SLICE_4528
ROUTE         1     1.549   R42C28B.OFX1 to     R39C32A.C0 n111757
CTOOFX_DEL  ---     0.401     R39C32A.C0 to   R39C32A.OFX0 mux_560_Mux_13_i63/SLICE_4060
ROUTE         1     2.668   R39C32A.OFX0 to *18_R13C43.B13 n8756
PD_DEL      ---     3.927 *18_R13C43.B13 to *18_R13C43.P18 mult_561
ROUTE         1     1.410 *18_R13C43.P18 to     R11C42C.D0 n8776
CTOF_DEL    ---     0.236     R11C42C.D0 to     R11C42C.F0 SLICE_5527
ROUTE         1     0.959     R11C42C.F0 to     R10C44B.D1 n81661
C1TOFCO_DE  ---     0.447     R10C44B.D1 to    R10C44B.FCO SLICE_21
ROUTE         1     0.000    R10C44B.FCO to    R10C44C.FCI n103154
FCITOFCO_D  ---     0.071    R10C44C.FCI to    R10C44C.FCO SLICE_20
ROUTE         1     0.000    R10C44C.FCO to    R10C44D.FCI n103155
FCITOFCO_D  ---     0.071    R10C44D.FCI to    R10C44D.FCO SLICE_19
ROUTE         1     0.000    R10C44D.FCO to    R10C45A.FCI n103156
FCITOFCO_D  ---     0.071    R10C45A.FCI to    R10C45A.FCO SLICE_17
ROUTE         1     0.000    R10C45A.FCO to    R10C45B.FCI n103157
FCITOFCO_D  ---     0.071    R10C45B.FCI to    R10C45B.FCO SLICE_16
ROUTE         1     0.000    R10C45B.FCO to    R10C45C.FCI n103158
FCITOFCO_D  ---     0.071    R10C45C.FCI to    R10C45C.FCO SLICE_15
ROUTE         1     0.000    R10C45C.FCO to    R10C45D.FCI n103159
FCITOFCO_D  ---     0.071    R10C45D.FCI to    R10C45D.FCO SLICE_14
ROUTE         1     0.000    R10C45D.FCO to    R10C46A.FCI n103160
FCITOFCO_D  ---     0.071    R10C46A.FCI to    R10C46A.FCO SLICE_12
ROUTE         1     0.000    R10C46A.FCO to    R10C46B.FCI n103161
FCITOFCO_D  ---     0.071    R10C46B.FCI to    R10C46B.FCO SLICE_5
ROUTE         1     0.000    R10C46B.FCO to    R10C46C.FCI n103162
FCITOFCO_D  ---     0.071    R10C46C.FCI to    R10C46C.FCO SLICE_4
ROUTE         1     0.000    R10C46C.FCO to    R10C46D.FCI n103163
FCITOFCO_D  ---     0.071    R10C46D.FCI to    R10C46D.FCO SLICE_1
ROUTE         1     0.000    R10C46D.FCO to    R10C47A.FCI n103164
FCITOFCO_D  ---     0.071    R10C47A.FCI to    R10C47A.FCO SLICE_0
ROUTE         1     0.000    R10C47A.FCO to    R10C47B.FCI n103165
FCITOFCO_D  ---     0.071    R10C47B.FCI to    R10C47B.FCO SLICE_355
ROUTE         1     0.000    R10C47B.FCO to    R10C47C.FCI n103166
FCITOF1_DE  ---     0.474    R10C47C.FCI to     R10C47C.F1 SLICE_354
ROUTE         1     0.670     R10C47C.F1 to     R11C47C.D1 n201
CTOF_DEL    ---     0.236     R11C47C.D1 to     R11C47C.F1 SLICE_764
ROUTE         1     0.000     R11C47C.F1 to    R11C47C.DI1 n251 (to PCLK_c)
                  --------
                   18.496   (43.1% logic, 56.9% route), 22 logic levels.

 Clock Skew Details: 

      Source Clock Path PCLK to SLICE_349:

   Name    Fanout   Delay (ns)          Site               Resource
ROUTE       999     2.391       C8.PADDI to    R10C30A.CLK PCLK_c
                  --------
                    2.391   (0.0% logic, 100.0% route), 0 logic levels.

      Destination Clock Path PCLK to SLICE_764:

   Name    Fanout   Delay (ns)          Site               Resource
ROUTE       999     2.391       C8.PADDI to    R11C47C.CLK PCLK_c
                  --------
                    2.391   (0.0% logic, 100.0% route), 0 logic levels.


Passed: The following path meets requirements by 2.603ns

 Logical Details:  Cell type  Pin type       Cell/ASIC name  (clock net +/-)

   Source:         FF         Q              box20_eval_idx_pclk_8400__i0  (from PCLK_c +)
   Destination:    FF         Data in        box20_eval_score_pclk_8401__i44  (to PCLK_c +)

   Delay:              18.496ns  (43.1% logic, 56.9% route), 22 logic levels.

 Constraint Details:

     18.496ns physical path delay SLICE_349 to SLICE_764 meets
     20.833ns delay constraint less
      0.000ns skew and
     -0.266ns DIN_SET requirement (totaling 21.099ns) by 2.603ns

 Physical Path Details:

      Data path SLICE_349 to SLICE_764:

   Name    Fanout   Delay (ns)          Site               Resource
REG_DEL     ---     0.522    R10C30A.CLK to     R10C30A.Q1 SLICE_349 (from PCLK_c)
ROUTE       999     3.263     R10C30A.Q1 to     R42C28C.D0 box20_eval_idx_pclk_0
CTOOFX_DEL  ---     0.401     R42C28C.D0 to   R42C28C.OFX0 i44928/SLICE_4511
ROUTE         1     0.000   R42C28C.OFX0 to    R42C28C.FXB n111746
FXTOF_DEL   ---     0.242    R42C28C.FXB to   R42C28C.OFX1 i44928/SLICE_4511
ROUTE         1     0.000   R42C28C.OFX1 to    R42C28B.FXA n111753
FXTOF_DEL   ---     0.239    R42C28B.FXA to   R42C28B.OFX1 i44929/SLICE_4528
ROUTE         1     1.549   R42C28B.OFX1 to     R39C32A.C0 n111757
CTOOFX_DEL  ---     0.401     R39C32A.C0 to   R39C32A.OFX0 mux_560_Mux_13_i63/SLICE_4060
ROUTE         1     2.668   R39C32A.OFX0 to *18_R13C43.B13 n8756
PD_DEL      ---     3.927 *18_R13C43.B13 to *18_R13C43.P18 mult_561
ROUTE         1     1.410 *18_R13C43.P18 to     R11C42C.D0 n8776
CTOF_DEL    ---     0.236     R11C42C.D0 to     R11C42C.F0 SLICE_5527
ROUTE         1     0.959     R11C42C.F0 to     R10C44B.D1 n81661
C1TOFCO_DE  ---     0.447     R10C44B.D1 to    R10C44B.FCO SLICE_21
ROUTE         1     0.000    R10C44B.FCO to    R10C44C.FCI n103154
FCITOFCO_D  ---     0.071    R10C44C.FCI to    R10C44C.FCO SLICE_20
ROUTE         1     0.000    R10C44C.FCO to    R10C44D.FCI n103155
FCITOFCO_D  ---     0.071    R10C44D.FCI to    R10C44D.FCO SLICE_19
ROUTE         1     0.000    R10C44D.FCO to    R10C45A.FCI n103156
FCITOFCO_D  ---     0.071    R10C45A.FCI to    R10C45A.FCO SLICE_17
ROUTE         1     0.000    R10C45A.FCO to    R10C45B.FCI n103157
FCITOFCO_D  ---     0.071    R10C45B.FCI to    R10C45B.FCO SLICE_16
ROUTE         1     0.000    R10C45B.FCO to    R10C45C.FCI n103158
FCITOFCO_D  ---     0.071    R10C45C.FCI to    R10C45C.FCO SLICE_15
ROUTE         1     0.000    R10C45C.FCO to    R10C45D.FCI n103159
FCITOFCO_D  ---     0.071    R10C45D.FCI to    R10C45D.FCO SLICE_14
ROUTE         1     0.000    R10C45D.FCO to    R10C46A.FCI n103160
FCITOFCO_D  ---     0.071    R10C46A.FCI to    R10C46A.FCO SLICE_12
ROUTE         1     0.000    R10C46A.FCO to    R10C46B.FCI n103161
FCITOFCO_D  ---     0.071    R10C46B.FCI to    R10C46B.FCO SLICE_5
ROUTE         1     0.000    R10C46B.FCO to    R10C46C.FCI n103162
FCITOFCO_D  ---     0.071    R10C46C.FCI to    R10C46C.FCO SLICE_4
ROUTE         1     0.000    R10C46C.FCO to    R10C46D.FCI n103163
FCITOFCO_D  ---     0.071    R10C46D.FCI to    R10C46D.FCO SLICE_1
ROUTE         1     0.000    R10C46D.FCO to    R10C47A.FCI n103164
FCITOFCO_D  ---     0.071    R10C47A.FCI to    R10C47A.FCO SLICE_0
ROUTE         1     0.000    R10C47A.FCO to    R10C47B.FCI n103165
FCITOFCO_D  ---     0.071    R10C47B.FCI to    R10C47B.FCO SLICE_355
ROUTE         1     0.000    R10C47B.FCO to    R10C47C.FCI n103166
FCITOF1_DE  ---     0.474    R10C47C.FCI to     R10C47C.F1 SLICE_354
ROUTE         1     0.670     R10C47C.F1 to     R11C47C.D1 n201
CTOF_DEL    ---     0.236     R11C47C.D1 to     R11C47C.F1 SLICE_764
ROUTE         1     0.000     R11C47C.F1 to    R11C47C.DI1 n251 (to PCLK_c)
                  --------
                   18.496   (43.1% logic, 56.9% route), 22 logic levels.

 Clock Skew Details: 

      Source Clock Path PCLK to SLICE_349:

   Name    Fanout   Delay (ns)          Site               Resource
ROUTE       999     2.391       C8.PADDI to    R10C30A.CLK PCLK_c
                  --------
                    2.391   (0.0% logic, 100.0% route), 0 logic levels.

      Destination Clock Path PCLK to SLICE_764:

   Name    Fanout   Delay (ns)          Site               Resource
ROUTE       999     2.391       C8.PADDI to    R11C47C.CLK PCLK_c
                  --------
                    2.391   (0.0% logic, 100.0% route), 0 logic levels.


Passed: The following path meets requirements by 2.603ns

 Logical Details:  Cell type  Pin type       Cell/ASIC name  (clock net +/-)

   Source:         FF         Q              box20_eval_idx_pclk_8400__i0  (from PCLK_c +)
   Destination:    FF         Data in        box20_eval_score_pclk_8401__i46  (to PCLK_c +)

   Delay:              18.496ns  (43.5% logic, 56.5% route), 23 logic levels.

 Constraint Details:

     18.496ns physical path delay SLICE_349 to SLICE_765 meets
     20.833ns delay constraint less
      0.000ns skew and
     -0.266ns DIN_SET requirement (totaling 21.099ns) by 2.603ns

 Physical Path Details:

      Data path SLICE_349 to SLICE_765:

   Name    Fanout   Delay (ns)          Site               Resource
REG_DEL     ---     0.522    R10C30A.CLK to     R10C30A.Q1 SLICE_349 (from PCLK_c)
ROUTE       999     3.263     R10C30A.Q1 to     R42C28A.D0 box20_eval_idx_pclk_0
CTOOFX_DEL  ---     0.401     R42C28A.D0 to   R42C28A.OFX0 i44930/SLICE_4533
ROUTE         1     0.000   R42C28A.OFX0 to    R42C28A.FXB n111748
FXTOF_DEL   ---     0.242    R42C28A.FXB to   R42C28A.OFX1 i44930/SLICE_4533
ROUTE         1     0.000   R42C28A.OFX1 to    R42C28B.FXB n111754
FXTOF_DEL   ---     0.242    R42C28B.FXB to   R42C28B.OFX1 i44929/SLICE_4528
ROUTE         1     1.549   R42C28B.OFX1 to     R39C32A.C0 n111757
CTOOFX_DEL  ---     0.401     R39C32A.C0 to   R39C32A.OFX0 mux_560_Mux_13_i63/SLICE_4060
ROUTE         1     2.668   R39C32A.OFX0 to *18_R13C43.B13 n8756
PD_DEL      ---     3.927 *18_R13C43.B13 to *18_R13C43.P18 mult_561
ROUTE         1     1.410 *18_R13C43.P18 to     R11C42C.D0 n8776
CTOF_DEL    ---     0.236     R11C42C.D0 to     R11C42C.F0 SLICE_5527
ROUTE         1     0.959     R11C42C.F0 to     R10C44B.D1 n81661
C1TOFCO_DE  ---     0.447     R10C44B.D1 to    R10C44B.FCO SLICE_21
ROUTE         1     0.000    R10C44B.FCO to    R10C44C.FCI n103154
FCITOFCO_D  ---     0.071    R10C44C.FCI to    R10C44C.FCO SLICE_20
ROUTE         1     0.000    R10C44C.FCO to    R10C44D.FCI n103155
FCITOFCO_D  ---     0.071    R10C44D.FCI to    R10C44D.FCO SLICE_19
ROUTE         1     0.000    R10C44D.FCO to    R10C45A.FCI n103156
FCITOFCO_D  ---     0.071    R10C45A.FCI to    R10C45A.FCO SLICE_17
ROUTE         1     0.000    R10C45A.FCO to    R10C45B.FCI n103157
FCITOFCO_D  ---     0.071    R10C45B.FCI to    R10C45B.FCO SLICE_16
ROUTE         1     0.000    R10C45B.FCO to    R10C45C.FCI n103158
FCITOFCO_D  ---     0.071    R10C45C.FCI to    R10C45C.FCO SLICE_15
ROUTE         1     0.000    R10C45C.FCO to    R10C45D.FCI n103159
FCITOFCO_D  ---     0.071    R10C45D.FCI to    R10C45D.FCO SLICE_14
ROUTE         1     0.000    R10C45D.FCO to    R10C46A.FCI n103160
FCITOFCO_D  ---     0.071    R10C46A.FCI to    R10C46A.FCO SLICE_12
ROUTE         1     0.000    R10C46A.FCO to    R10C46B.FCI n103161
FCITOFCO_D  ---     0.071    R10C46B.FCI to    R10C46B.FCO SLICE_5
ROUTE         1     0.000    R10C46B.FCO to    R10C46C.FCI n103162
FCITOFCO_D  ---     0.071    R10C46C.FCI to    R10C46C.FCO SLICE_4
ROUTE         1     0.000    R10C46C.FCO to    R10C46D.FCI n103163
FCITOFCO_D  ---     0.071    R10C46D.FCI to    R10C46D.FCO SLICE_1
ROUTE         1     0.000    R10C46D.FCO to    R10C47A.FCI n103164
FCITOFCO_D  ---     0.071    R10C47A.FCI to    R10C47A.FCO SLICE_0
ROUTE         1     0.000    R10C47A.FCO to    R10C47B.FCI n103165
FCITOFCO_D  ---     0.071    R10C47B.FCI to    R10C47B.FCO SLICE_355
ROUTE         1     0.000    R10C47B.FCO to    R10C47C.FCI n103166
FCITOFCO_D  ---     0.071    R10C47C.FCI to    R10C47C.FCO SLICE_354
ROUTE         1     0.000    R10C47C.FCO to    R10C47D.FCI n103167
FCITOF1_DE  ---     0.474    R10C47D.FCI to     R10C47D.F1 SLICE_351
ROUTE         1     0.596     R10C47D.F1 to     R10C48D.D1 n199
CTOF_DEL    ---     0.236     R10C48D.D1 to     R10C48D.F1 SLICE_765
ROUTE         1     0.000     R10C48D.F1 to    R10C48D.DI1 n249 (to PCLK_c)
                  --------
                   18.496   (43.5% logic, 56.5% route), 23 logic levels.

 Clock Skew Details: 

      Source Clock Path PCLK to SLICE_349:

   Name    Fanout   Delay (ns)          Site               Resource
ROUTE       999     2.391       C8.PADDI to    R10C30A.CLK PCLK_c
                  --------
                    2.391   (0.0% logic, 100.0% route), 0 logic levels.

      Destination Clock Path PCLK to SLICE_765:

   Name    Fanout   Delay (ns)          Site               Resource
ROUTE       999     2.391       C8.PADDI to    R10C48D.CLK PCLK_c
                  --------
                    2.391   (0.0% logic, 100.0% route), 0 logic levels.

Report:   54.487MHz is the maximum frequency for this preference.

Report Summary
--------------
----------------------------------------------------------------------------
Preference                              |   Constraint|       Actual|Levels
----------------------------------------------------------------------------
                                        |             |             |
FREQUENCY PORT "CRYSTAL" 24.000000 MHz  |             |             |
;                                       |   24.000 MHz|  200.000 MHz|   0  
                                        |             |             |
FREQUENCY NET "CRYSTAL_c" 24.000000 MHz |             |             |
;                                       |   24.000 MHz|   52.170 MHz|  13  
                                        |             |             |
FREQUENCY PORT "PCLK" 48.000000 MHz ;   |   48.000 MHz|  200.000 MHz|   0  
                                        |             |             |
FREQUENCY NET "PCLK_c" 48.000000 MHz ;  |   48.000 MHz|   54.487 MHz|  22  
                                        |             |             |
----------------------------------------------------------------------------


All preferences were met.


Clock Domains Analysis
------------------------

Found 2 clocks:

Clock Domain: PCLK_c   Source: PCLK.PAD   Loads: 3031
   Covered under: FREQUENCY NET "PCLK_c" 48.000000 MHz ;

   Data transfers from:
   Clock Domain: CRYSTAL_c   Source: CRYSTAL.PAD
      Not reported because source and destination domains are unrelated.
      To report these transfers please refer to preference CLKSKEWDIFF to define
      external clock skew between clock ports.

Clock Domain: CRYSTAL_c   Source: CRYSTAL.PAD   Loads: 529
   Covered under: FREQUENCY NET "CRYSTAL_c" 24.000000 MHz ;

   Data transfers from:
   Clock Domain: PCLK_c   Source: PCLK.PAD
      Not reported because source and destination domains are unrelated.
      To report these transfers please refer to preference CLKSKEWDIFF to define
      external clock skew between clock ports.


Timing summary (Setup):
---------------

Timing errors: 0  Score: 0
Cumulative negative slack: 0

Constraints cover 17640391 paths, 2 nets, and 38903 connections (99.40% coverage)

--------------------------------------------------------------------------------
Lattice TRACE Report - Hold, Version Diamond (64-bit) 3.14.0.75.2
Mon May 11 21:16:57 2026

Copyright (c) 1991-1994 by NeoCAD Inc. All rights reserved.
Copyright (c) 1995 AT&T Corp.   All rights reserved.
Copyright (c) 1995-2001 Lucent Technologies Inc.  All rights reserved.
Copyright (c) 2001 Agere Systems   All rights reserved.
Copyright (c) 2002-2024 Lattice Semiconductor Corporation,  All rights reserved.

Report Information
------------------
Command line:    trce -v 10 -gt -sethld -sp 6 -sphld m -o capclean_impl1.twr capclean_impl1.ncd capclean_impl1.prf 
Design file:     capclean_impl1.ncd
Preference file: capclean_impl1.prf
Device,speed:    LFE5U-25F,m
Report level:    verbose report, limited to 10 items per preference
--------------------------------------------------------------------------------



================================================================================
Preference: FREQUENCY PORT "CRYSTAL" 24.000000 MHz ;
            0 items scored, 0 timing errors detected.
--------------------------------------------------------------------------------


================================================================================
Preference: FREQUENCY NET "CRYSTAL_c" 24.000000 MHz ;
            4096 items scored, 0 timing errors detected.
--------------------------------------------------------------------------------


Passed: The following path meets requirements by 0.174ns

 Logical Details:  Cell type  Pin type       Cell/ASIC name  (clock net +/-)

   Source:         FF         Q              box20_overlay_mask_meta_sys_i1  (from CRYSTAL_c +)
   Destination:    FF         Data in        box20_overlay_mask_sync_sys_i1  (to CRYSTAL_c +)

   Delay:               0.292ns  (55.8% logic, 44.2% route), 1 logic levels.

 Constraint Details:

      0.292ns physical path delay SLICE_2148 to SLICE_2172 meets
      0.118ns M_HLD and
      0.000ns delay constraint less
      0.000ns skew requirement (totaling 0.118ns) by 0.174ns

 Physical Path Details:

      Data path SLICE_2148 to SLICE_2172:

   Name    Fanout   Delay (ns)          Site               Resource
REG_DEL     ---     0.163    R33C68A.CLK to     R33C68A.Q1 SLICE_2148 (from CRYSTAL_c)
ROUTE         1     0.129     R33C68A.Q1 to     R33C68D.M1 box20_overlay_mask_meta_sys_1 (to CRYSTAL_c)
                  --------
                    0.292   (55.8% logic, 44.2% route), 1 logic levels.

 Clock Skew Details: 

      Source Clock Path CRYSTAL to SLICE_2148:

   Name    Fanout   Delay (ns)          Site               Resource
ROUTE       529     0.736       M1.PADDI to    R33C68A.CLK CRYSTAL_c
                  --------
                    0.736   (0.0% logic, 100.0% route), 0 logic levels.

      Destination Clock Path CRYSTAL to SLICE_2172:

   Name    Fanout   Delay (ns)          Site               Resource
ROUTE       529     0.736       M1.PADDI to    R33C68D.CLK CRYSTAL_c
                  --------
                    0.736   (0.0% logic, 100.0% route), 0 logic levels.


Passed: The following path meets requirements by 0.174ns

 Logical Details:  Cell type  Pin type       Cell/ASIC name  (clock net +/-)

   Source:         FF         Q              box20_overlay_mask_meta_sys_i3  (from CRYSTAL_c +)
   Destination:    FF         Data in        box20_overlay_mask_sync_sys_i3  (to CRYSTAL_c +)

   Delay:               0.292ns  (55.8% logic, 44.2% route), 1 logic levels.

 Constraint Details:

      0.292ns physical path delay SLICE_2149 to SLICE_2173 meets
      0.118ns M_HLD and
      0.000ns delay constraint less
      0.000ns skew requirement (totaling 0.118ns) by 0.174ns

 Physical Path Details:

      Data path SLICE_2149 to SLICE_2173:

   Name    Fanout   Delay (ns)          Site               Resource
REG_DEL     ---     0.163    R38C67C.CLK to     R38C67C.Q1 SLICE_2149 (from CRYSTAL_c)
ROUTE         1     0.129     R38C67C.Q1 to     R38C67D.M1 box20_overlay_mask_meta_sys_3 (to CRYSTAL_c)
                  --------
                    0.292   (55.8% logic, 44.2% route), 1 logic levels.

 Clock Skew Details: 

      Source Clock Path CRYSTAL to SLICE_2149:

   Name    Fanout   Delay (ns)          Site               Resource
ROUTE       529     0.736       M1.PADDI to    R38C67C.CLK CRYSTAL_c
                  --------
                    0.736   (0.0% logic, 100.0% route), 0 logic levels.

      Destination Clock Path CRYSTAL to SLICE_2173:

   Name    Fanout   Delay (ns)          Site               Resource
ROUTE       529     0.736       M1.PADDI to    R38C67D.CLK CRYSTAL_c
                  --------
                    0.736   (0.0% logic, 100.0% route), 0 logic levels.


Passed: The following path meets requirements by 0.174ns

 Logical Details:  Cell type  Pin type       Cell/ASIC name  (clock net +/-)

   Source:         FF         Q              box20_overlay_mask_meta_sys_i7  (from CRYSTAL_c +)
   Destination:    FF         Data in        box20_overlay_mask_sync_sys_i7  (to CRYSTAL_c +)

   Delay:               0.292ns  (55.8% logic, 44.2% route), 1 logic levels.

 Constraint Details:

      0.292ns physical path delay SLICE_2151 to SLICE_2175 meets
      0.118ns M_HLD and
      0.000ns delay constraint less
      0.000ns skew requirement (totaling 0.118ns) by 0.174ns

 Physical Path Details:

      Data path SLICE_2151 to SLICE_2175:

   Name    Fanout   Delay (ns)          Site               Resource
REG_DEL     ---     0.163    R28C61B.CLK to     R28C61B.Q1 SLICE_2151 (from CRYSTAL_c)
ROUTE         1     0.129     R28C61B.Q1 to     R28C61A.M1 box20_overlay_mask_meta_sys_7 (to CRYSTAL_c)
                  --------
                    0.292   (55.8% logic, 44.2% route), 1 logic levels.

 Clock Skew Details: 

      Source Clock Path CRYSTAL to SLICE_2151:

   Name    Fanout   Delay (ns)          Site               Resource
ROUTE       529     0.736       M1.PADDI to    R28C61B.CLK CRYSTAL_c
                  --------
                    0.736   (0.0% logic, 100.0% route), 0 logic levels.

      Destination Clock Path CRYSTAL to SLICE_2175:

   Name    Fanout   Delay (ns)          Site               Resource
ROUTE       529     0.736       M1.PADDI to    R28C61A.CLK CRYSTAL_c
                  --------
                    0.736   (0.0% logic, 100.0% route), 0 logic levels.


Passed: The following path meets requirements by 0.174ns

 Logical Details:  Cell type  Pin type       Cell/ASIC name  (clock net +/-)

   Source:         FF         Q              box20_overlay_mask_meta_sys_i15  (from CRYSTAL_c +)
   Destination:    FF         Data in        box20_overlay_mask_sync_sys_i15  (to CRYSTAL_c +)

   Delay:               0.292ns  (55.8% logic, 44.2% route), 1 logic levels.

 Constraint Details:

      0.292ns physical path delay SLICE_2155 to SLICE_2179 meets
      0.118ns M_HLD and
      0.000ns delay constraint less
      0.000ns skew requirement (totaling 0.118ns) by 0.174ns

 Physical Path Details:

      Data path SLICE_2155 to SLICE_2179:

   Name    Fanout   Delay (ns)          Site               Resource
REG_DEL     ---     0.163    R27C67B.CLK to     R27C67B.Q1 SLICE_2155 (from CRYSTAL_c)
ROUTE         1     0.129     R27C67B.Q1 to     R27C67A.M1 box20_overlay_mask_meta_sys_15 (to CRYSTAL_c)
                  --------
                    0.292   (55.8% logic, 44.2% route), 1 logic levels.

 Clock Skew Details: 

      Source Clock Path CRYSTAL to SLICE_2155:

   Name    Fanout   Delay (ns)          Site               Resource
ROUTE       529     0.736       M1.PADDI to    R27C67B.CLK CRYSTAL_c
                  --------
                    0.736   (0.0% logic, 100.0% route), 0 logic levels.

      Destination Clock Path CRYSTAL to SLICE_2179:

   Name    Fanout   Delay (ns)          Site               Resource
ROUTE       529     0.736       M1.PADDI to    R27C67A.CLK CRYSTAL_c
                  --------
                    0.736   (0.0% logic, 100.0% route), 0 logic levels.


Passed: The following path meets requirements by 0.174ns

 Logical Details:  Cell type  Pin type       Cell/ASIC name  (clock net +/-)

   Source:         FF         Q              box20_overlay_mask_meta_sys_i43  (from CRYSTAL_c +)
   Destination:    FF         Data in        box20_overlay_mask_sync_sys_i43  (to CRYSTAL_c +)

   Delay:               0.292ns  (55.8% logic, 44.2% route), 1 logic levels.

 Constraint Details:

      0.292ns physical path delay SLICE_2169 to SLICE_2193 meets
      0.118ns M_HLD and
      0.000ns delay constraint less
      0.000ns skew requirement (totaling 0.118ns) by 0.174ns

 Physical Path Details:

      Data path SLICE_2169 to SLICE_2193:

   Name    Fanout   Delay (ns)          Site               Resource
REG_DEL     ---     0.163    R34C67D.CLK to     R34C67D.Q1 SLICE_2169 (from CRYSTAL_c)
ROUTE         1     0.129     R34C67D.Q1 to     R34C67A.M1 box20_overlay_mask_meta_sys_43 (to CRYSTAL_c)
                  --------
                    0.292   (55.8% logic, 44.2% route), 1 logic levels.

 Clock Skew Details: 

      Source Clock Path CRYSTAL to SLICE_2169:

   Name    Fanout   Delay (ns)          Site               Resource
ROUTE       529     0.736       M1.PADDI to    R34C67D.CLK CRYSTAL_c
                  --------
                    0.736   (0.0% logic, 100.0% route), 0 logic levels.

      Destination Clock Path CRYSTAL to SLICE_2193:

   Name    Fanout   Delay (ns)          Site               Resource
ROUTE       529     0.736       M1.PADDI to    R34C67A.CLK CRYSTAL_c
                  --------
                    0.736   (0.0% logic, 100.0% route), 0 logic levels.


Passed: The following path meets requirements by 0.174ns

 Logical Details:  Cell type  Pin type       Cell/ASIC name  (clock net +/-)

   Source:         FF         Q              box20_overlay_mask_meta_sys_i47  (from CRYSTAL_c +)
   Destination:    FF         Data in        box20_overlay_mask_sync_sys_i47  (to CRYSTAL_c +)

   Delay:               0.292ns  (55.8% logic, 44.2% route), 1 logic levels.

 Constraint Details:

      0.292ns physical path delay SLICE_2171 to SLICE_2195 meets
      0.118ns M_HLD and
      0.000ns delay constraint less
      0.000ns skew requirement (totaling 0.118ns) by 0.174ns

 Physical Path Details:

      Data path SLICE_2171 to SLICE_2195:

   Name    Fanout   Delay (ns)          Site               Resource
REG_DEL     ---     0.163    R28C60C.CLK to     R28C60C.Q1 SLICE_2171 (from CRYSTAL_c)
ROUTE         1     0.129     R28C60C.Q1 to     R28C60A.M1 box20_overlay_mask_meta_sys_47 (to CRYSTAL_c)
                  --------
                    0.292   (55.8% logic, 44.2% route), 1 logic levels.

 Clock Skew Details: 

      Source Clock Path CRYSTAL to SLICE_2171:

   Name    Fanout   Delay (ns)          Site               Resource
ROUTE       529     0.736       M1.PADDI to    R28C60C.CLK CRYSTAL_c
                  --------
                    0.736   (0.0% logic, 100.0% route), 0 logic levels.

      Destination Clock Path CRYSTAL to SLICE_2195:

   Name    Fanout   Delay (ns)          Site               Resource
ROUTE       529     0.736       M1.PADDI to    R28C60A.CLK CRYSTAL_c
                  --------
                    0.736   (0.0% logic, 100.0% route), 0 logic levels.


Passed: The following path meets requirements by 0.174ns

 Logical Details:  Cell type  Pin type       Cell/ASIC name  (clock net +/-)

   Source:         FF         Q              box20_overlay_mask_sync_sys_i29  (from CRYSTAL_c +)
   Destination:    FF         Data in        qvga_tx_box_mask_sys_i0_i29  (to CRYSTAL_c +)

   Delay:               0.292ns  (55.8% logic, 44.2% route), 1 logic levels.

 Constraint Details:

      0.292ns physical path delay SLICE_2186 to SLICE_3353 meets
      0.118ns M_HLD and
      0.000ns delay constraint less
      0.000ns skew requirement (totaling 0.118ns) by 0.174ns

 Physical Path Details:

      Data path SLICE_2186 to SLICE_3353:

   Name    Fanout   Delay (ns)          Site               Resource
REG_DEL     ---     0.163    R36C63A.CLK to     R36C63A.Q1 SLICE_2186 (from CRYSTAL_c)
ROUTE         1     0.129     R36C63A.Q1 to     R36C63D.M1 box20_overlay_mask_sync_sys_29 (to CRYSTAL_c)
                  --------
                    0.292   (55.8% logic, 44.2% route), 1 logic levels.

 Clock Skew Details: 

      Source Clock Path CRYSTAL to SLICE_2186:

   Name    Fanout   Delay (ns)          Site               Resource
ROUTE       529     0.736       M1.PADDI to    R36C63A.CLK CRYSTAL_c
                  --------
                    0.736   (0.0% logic, 100.0% route), 0 logic levels.

      Destination Clock Path CRYSTAL to SLICE_3353:

   Name    Fanout   Delay (ns)          Site               Resource
ROUTE       529     0.736       M1.PADDI to    R36C63D.CLK CRYSTAL_c
                  --------
                    0.736   (0.0% logic, 100.0% route), 0 logic levels.


Passed: The following path meets requirements by 0.174ns

 Logical Details:  Cell type  Pin type       Cell/ASIC name  (clock net +/-)

   Source:         FF         Q              u_qvga_fifo/rd_data_i0_i7  (from CRYSTAL_c +)
   Destination:    FF         Data in        qvga_word_sys_i0_i7  (to CRYSTAL_c +)

   Delay:               0.292ns  (55.8% logic, 44.2% route), 1 logic levels.

 Constraint Details:

      0.292ns physical path delay u_qvga_fifo/SLICE_3279 to SLICE_3387 meets
      0.118ns M_HLD and
      0.000ns delay constraint less
      0.000ns skew requirement (totaling 0.118ns) by 0.174ns

 Physical Path Details:

      Data path u_qvga_fifo/SLICE_3279 to SLICE_3387:

   Name    Fanout   Delay (ns)          Site               Resource
REG_DEL     ---     0.163    R33C12A.CLK to     R33C12A.Q1 u_qvga_fifo/SLICE_3279 (from CRYSTAL_c)
ROUTE         1     0.129     R33C12A.Q1 to     R33C12D.M1 qvga_fifo_rd_data_7 (to CRYSTAL_c)
                  --------
                    0.292   (55.8% logic, 44.2% route), 1 logic levels.

 Clock Skew Details: 

      Source Clock Path CRYSTAL to u_qvga_fifo/SLICE_3279:

   Name    Fanout   Delay (ns)          Site               Resource
ROUTE       529     0.736       M1.PADDI to    R33C12A.CLK CRYSTAL_c
                  --------
                    0.736   (0.0% logic, 100.0% route), 0 logic levels.

      Destination Clock Path CRYSTAL to SLICE_3387:

   Name    Fanout   Delay (ns)          Site               Resource
ROUTE       529     0.736       M1.PADDI to    R33C12D.CLK CRYSTAL_c
                  --------
                    0.736   (0.0% logic, 100.0% route), 0 logic levels.


Passed: The following path meets requirements by 0.174ns

 Logical Details:  Cell type  Pin type       Cell/ASIC name  (clock net +/-)

   Source:         FF         Q              u_snap_fifo/wr_gray_r1_i10  (from CRYSTAL_c +)
   Destination:    FF         Data in        u_snap_fifo/wr_gray_r2_i10  (to CRYSTAL_c +)

   Delay:               0.292ns  (55.8% logic, 44.2% route), 1 logic levels.

 Constraint Details:

      0.292ns physical path delay u_snap_fifo/SLICE_3682 to u_snap_fifo/SLICE_3682 meets
      0.118ns M_HLD and
      0.000ns delay constraint less
      0.000ns skew requirement (totaling 0.118ns) by 0.174ns

 Physical Path Details:

      Data path u_snap_fifo/SLICE_3682 to u_snap_fifo/SLICE_3682:

   Name    Fanout   Delay (ns)          Site               Resource
REG_DEL     ---     0.163    R21C55B.CLK to     R21C55B.Q1 u_snap_fifo/SLICE_3682 (from CRYSTAL_c)
ROUTE         1     0.129     R21C55B.Q1 to     R21C55B.M0 u_snap_fifo/wr_gray_r1_10 (to CRYSTAL_c)
                  --------
                    0.292   (55.8% logic, 44.2% route), 1 logic levels.

 Clock Skew Details: 

      Source Clock Path CRYSTAL to u_snap_fifo/SLICE_3682:

   Name    Fanout   Delay (ns)          Site               Resource
ROUTE       529     0.736       M1.PADDI to    R21C55B.CLK CRYSTAL_c
                  --------
                    0.736   (0.0% logic, 100.0% route), 0 logic levels.

      Destination Clock Path CRYSTAL to u_snap_fifo/SLICE_3682:

   Name    Fanout   Delay (ns)          Site               Resource
ROUTE       529     0.736       M1.PADDI to    R21C55B.CLK CRYSTAL_c
                  --------
                    0.736   (0.0% logic, 100.0% route), 0 logic levels.


Passed: The following path meets requirements by 0.174ns

 Logical Details:  Cell type  Pin type       Cell/ASIC name  (clock net +/-)

   Source:         FF         Q              u_snap_fifo/wr_gray_r1_i3  (from CRYSTAL_c +)
   Destination:    FF         Data in        u_snap_fifo/wr_gray_r2_i3  (to CRYSTAL_c +)

   Delay:               0.292ns  (55.8% logic, 44.2% route), 1 logic levels.

 Constraint Details:

      0.292ns physical path delay u_snap_fifo/SLICE_3672 to u_snap_fifo/SLICE_3678 meets
      0.118ns M_HLD and
      0.000ns delay constraint less
      0.000ns skew requirement (totaling 0.118ns) by 0.174ns

 Physical Path Details:

      Data path u_snap_fifo/SLICE_3672 to u_snap_fifo/SLICE_3678:

   Name    Fanout   Delay (ns)          Site               Resource
REG_DEL     ---     0.163    R23C54C.CLK to     R23C54C.Q1 u_snap_fifo/SLICE_3672 (from CRYSTAL_c)
ROUTE         1     0.129     R23C54C.Q1 to     R23C54A.M1 u_snap_fifo/wr_gray_r1_3 (to CRYSTAL_c)
                  --------
                    0.292   (55.8% logic, 44.2% route), 1 logic levels.

 Clock Skew Details: 

      Source Clock Path CRYSTAL to u_snap_fifo/SLICE_3672:

   Name    Fanout   Delay (ns)          Site               Resource
ROUTE       529     0.736       M1.PADDI to    R23C54C.CLK CRYSTAL_c
                  --------
                    0.736   (0.0% logic, 100.0% route), 0 logic levels.

      Destination Clock Path CRYSTAL to u_snap_fifo/SLICE_3678:

   Name    Fanout   Delay (ns)          Site               Resource
ROUTE       529     0.736       M1.PADDI to    R23C54A.CLK CRYSTAL_c
                  --------
                    0.736   (0.0% logic, 100.0% route), 0 logic levels.


================================================================================
Preference: FREQUENCY PORT "PCLK" 48.000000 MHz ;
            0 items scored, 0 timing errors detected.
--------------------------------------------------------------------------------


================================================================================
Preference: FREQUENCY NET "PCLK_c" 48.000000 MHz ;
            4096 items scored, 0 timing errors detected.
--------------------------------------------------------------------------------


Passed: The following path meets requirements by 0.174ns

 Logical Details:  Cell type  Pin type       Cell/ASIC name  (clock net +/-)

   Source:         FF         Q              u_snap_fifo/rd_gray_w1_i10  (from PCLK_c +)
   Destination:    FF         Data in        u_snap_fifo/rd_gray_w2_i10  (to PCLK_c +)

   Delay:               0.292ns  (55.8% logic, 44.2% route), 1 logic levels.

 Constraint Details:

      0.292ns physical path delay u_snap_fifo/SLICE_3665 to u_snap_fifo/SLICE_3665 meets
      0.118ns M_HLD and
      0.000ns delay constraint less
      0.000ns skew requirement (totaling 0.118ns) by 0.174ns

 Physical Path Details:

      Data path u_snap_fifo/SLICE_3665 to u_snap_fifo/SLICE_3665:

   Name    Fanout   Delay (ns)          Site               Resource
REG_DEL     ---     0.163    R20C55C.CLK to     R20C55C.Q1 u_snap_fifo/SLICE_3665 (from PCLK_c)
ROUTE         1     0.129     R20C55C.Q1 to     R20C55C.M0 u_snap_fifo/rd_gray_w1_10 (to PCLK_c)
                  --------
                    0.292   (55.8% logic, 44.2% route), 1 logic levels.

 Clock Skew Details: 

      Source Clock Path PCLK to u_snap_fifo/SLICE_3665:

   Name    Fanout   Delay (ns)          Site               Resource
ROUTE       999     0.736       C8.PADDI to    R20C55C.CLK PCLK_c
                  --------
                    0.736   (0.0% logic, 100.0% route), 0 logic levels.

      Destination Clock Path PCLK to u_snap_fifo/SLICE_3665:

   Name    Fanout   Delay (ns)          Site               Resource
ROUTE       999     0.736       C8.PADDI to    R20C55C.CLK PCLK_c
                  --------
                    0.736   (0.0% logic, 100.0% route), 0 logic levels.


Passed: The following path meets requirements by 0.174ns

 Logical Details:  Cell type  Pin type       Cell/ASIC name  (clock net +/-)

   Source:         FF         Q              u_qvga_fifo/rd_gray_w1_i15  (from PCLK_c +)
   Destination:    FF         Data in        u_qvga_fifo/rd_gray_w2_i15  (to PCLK_c +)

   Delay:               0.292ns  (55.8% logic, 44.2% route), 1 logic levels.

 Constraint Details:

      0.292ns physical path delay u_qvga_fifo/SLICE_3558 to u_qvga_fifo/SLICE_3566 meets
      0.118ns M_HLD and
      0.000ns delay constraint less
      0.000ns skew requirement (totaling 0.118ns) by 0.174ns

 Physical Path Details:

      Data path u_qvga_fifo/SLICE_3558 to u_qvga_fifo/SLICE_3566:

   Name    Fanout   Delay (ns)          Site               Resource
REG_DEL     ---     0.163    R32C41B.CLK to     R32C41B.Q1 u_qvga_fifo/SLICE_3558 (from PCLK_c)
ROUTE         1     0.129     R32C41B.Q1 to     R32C41C.M1 u_qvga_fifo/rd_gray_w1_15 (to PCLK_c)
                  --------
                    0.292   (55.8% logic, 44.2% route), 1 logic levels.

 Clock Skew Details: 

      Source Clock Path PCLK to u_qvga_fifo/SLICE_3558:

   Name    Fanout   Delay (ns)          Site               Resource
ROUTE       999     0.736       C8.PADDI to    R32C41B.CLK PCLK_c
                  --------
                    0.736   (0.0% logic, 100.0% route), 0 logic levels.

      Destination Clock Path PCLK to u_qvga_fifo/SLICE_3566:

   Name    Fanout   Delay (ns)          Site               Resource
ROUTE       999     0.736       C8.PADDI to    R32C41C.CLK PCLK_c
                  --------
                    0.736   (0.0% logic, 100.0% route), 0 logic levels.


Passed: The following path meets requirements by 0.174ns

 Logical Details:  Cell type  Pin type       Cell/ASIC name  (clock net +/-)

   Source:         FF         Q              u_snap_fifo/rd_gray_w1_i7  (from PCLK_c +)
   Destination:    FF         Data in        u_snap_fifo/rd_gray_w2_i7  (to PCLK_c +)

   Delay:               0.292ns  (55.8% logic, 44.2% route), 1 logic levels.

 Constraint Details:

      0.292ns physical path delay u_snap_fifo/SLICE_3657 to u_snap_fifo/SLICE_3663 meets
      0.118ns M_HLD and
      0.000ns delay constraint less
      0.000ns skew requirement (totaling 0.118ns) by 0.174ns

 Physical Path Details:

      Data path u_snap_fifo/SLICE_3657 to u_snap_fifo/SLICE_3663:

   Name    Fanout   Delay (ns)          Site               Resource
REG_DEL     ---     0.163    R20C55A.CLK to     R20C55A.Q1 u_snap_fifo/SLICE_3657 (from PCLK_c)
ROUTE         1     0.129     R20C55A.Q1 to     R20C55B.M1 u_snap_fifo/rd_gray_w1_7 (to PCLK_c)
                  --------
                    0.292   (55.8% logic, 44.2% route), 1 logic levels.

 Clock Skew Details: 

      Source Clock Path PCLK to u_snap_fifo/SLICE_3657:

   Name    Fanout   Delay (ns)          Site               Resource
ROUTE       999     0.736       C8.PADDI to    R20C55A.CLK PCLK_c
                  --------
                    0.736   (0.0% logic, 100.0% route), 0 logic levels.

      Destination Clock Path PCLK to u_snap_fifo/SLICE_3663:

   Name    Fanout   Delay (ns)          Site               Resource
ROUTE       999     0.736       C8.PADDI to    R20C55B.CLK PCLK_c
                  --------
                    0.736   (0.0% logic, 100.0% route), 0 logic levels.


Passed: The following path meets requirements by 0.175ns

 Logical Details:  Cell type  Pin type       Cell/ASIC name  (clock net +/-)

   Source:         FF         Q              qvga_tx_busy_sync_pclk_i0  (from PCLK_c +)
   Destination:    FF         Data in        qvga_tx_busy_sync_pclk_i1  (to PCLK_c +)

   Delay:               0.293ns  (56.0% logic, 44.0% route), 1 logic levels.

 Constraint Details:

      0.293ns physical path delay SLICE_3363 to SLICE_3363 meets
      0.118ns M_HLD and
      0.000ns delay constraint less
      0.000ns skew requirement (totaling 0.118ns) by 0.175ns

 Physical Path Details:

      Data path SLICE_3363 to SLICE_3363:

   Name    Fanout   Delay (ns)          Site               Resource
REG_DEL     ---     0.164    R29C16B.CLK to     R29C16B.Q0 SLICE_3363 (from PCLK_c)
ROUTE         1     0.129     R29C16B.Q0 to     R29C16B.M1 qvga_tx_busy_sync_pclk_0 (to PCLK_c)
                  --------
                    0.293   (56.0% logic, 44.0% route), 1 logic levels.

 Clock Skew Details: 

      Source Clock Path PCLK to SLICE_3363:

   Name    Fanout   Delay (ns)          Site               Resource
ROUTE       999     0.736       C8.PADDI to    R29C16B.CLK PCLK_c
                  --------
                    0.736   (0.0% logic, 100.0% route), 0 logic levels.

      Destination Clock Path PCLK to SLICE_3363:

   Name    Fanout   Delay (ns)          Site               Resource
ROUTE       999     0.736       C8.PADDI to    R29C16B.CLK PCLK_c
                  --------
                    0.736   (0.0% logic, 100.0% route), 0 logic levels.


Passed: The following path meets requirements by 0.175ns

 Logical Details:  Cell type  Pin type       Cell/ASIC name  (clock net +/-)

   Source:         FF         Q              snap_req_sync_pclk_i0  (from PCLK_c +)
   Destination:    FF         Data in        snap_req_sync_pclk_i1  (to PCLK_c +)

   Delay:               0.293ns  (56.0% logic, 44.0% route), 1 logic levels.

 Constraint Details:

      0.293ns physical path delay SLICE_3440 to SLICE_3440 meets
      0.118ns M_HLD and
      0.000ns delay constraint less
      0.000ns skew requirement (totaling 0.118ns) by 0.175ns

 Physical Path Details:

      Data path SLICE_3440 to SLICE_3440:

   Name    Fanout   Delay (ns)          Site               Resource
REG_DEL     ---     0.164    R40C16B.CLK to     R40C16B.Q0 SLICE_3440 (from PCLK_c)
ROUTE         1     0.129     R40C16B.Q0 to     R40C16B.M1 snap_req_sync_pclk_0 (to PCLK_c)
                  --------
                    0.293   (56.0% logic, 44.0% route), 1 logic levels.

 Clock Skew Details: 

      Source Clock Path PCLK to SLICE_3440:

   Name    Fanout   Delay (ns)          Site               Resource
ROUTE       999     0.736       C8.PADDI to    R40C16B.CLK PCLK_c
                  --------
                    0.736   (0.0% logic, 100.0% route), 0 logic levels.

      Destination Clock Path PCLK to SLICE_3440:

   Name    Fanout   Delay (ns)          Site               Resource
ROUTE       999     0.736       C8.PADDI to    R40C16B.CLK PCLK_c
                  --------
                    0.736   (0.0% logic, 100.0% route), 0 logic levels.


Passed: The following path meets requirements by 0.175ns

 Logical Details:  Cell type  Pin type       Cell/ASIC name  (clock net +/-)

   Source:         FF         Q              u_snap_fifo/rd_gray_w1_i6  (from PCLK_c +)
   Destination:    FF         Data in        u_snap_fifo/rd_gray_w2_i6  (to PCLK_c +)

   Delay:               0.293ns  (56.0% logic, 44.0% route), 1 logic levels.

 Constraint Details:

      0.293ns physical path delay u_snap_fifo/SLICE_3657 to u_snap_fifo/SLICE_3663 meets
      0.118ns M_HLD and
      0.000ns delay constraint less
      0.000ns skew requirement (totaling 0.118ns) by 0.175ns

 Physical Path Details:

      Data path u_snap_fifo/SLICE_3657 to u_snap_fifo/SLICE_3663:

   Name    Fanout   Delay (ns)          Site               Resource
REG_DEL     ---     0.164    R20C55A.CLK to     R20C55A.Q0 u_snap_fifo/SLICE_3657 (from PCLK_c)
ROUTE         1     0.129     R20C55A.Q0 to     R20C55B.M0 u_snap_fifo/rd_gray_w1_6 (to PCLK_c)
                  --------
                    0.293   (56.0% logic, 44.0% route), 1 logic levels.

 Clock Skew Details: 

      Source Clock Path PCLK to u_snap_fifo/SLICE_3657:

   Name    Fanout   Delay (ns)          Site               Resource
ROUTE       999     0.736       C8.PADDI to    R20C55A.CLK PCLK_c
                  --------
                    0.736   (0.0% logic, 100.0% route), 0 logic levels.

      Destination Clock Path PCLK to u_snap_fifo/SLICE_3663:

   Name    Fanout   Delay (ns)          Site               Resource
ROUTE       999     0.736       C8.PADDI to    R20C55B.CLK PCLK_c
                  --------
                    0.736   (0.0% logic, 100.0% route), 0 logic levels.


Passed: The following path meets requirements by 0.175ns

 Logical Details:  Cell type  Pin type       Cell/ASIC name  (clock net +/-)

   Source:         FF         Q              u_qvga_fifo/rd_gray_w1_i14  (from PCLK_c +)
   Destination:    FF         Data in        u_qvga_fifo/rd_gray_w2_i14  (to PCLK_c +)

   Delay:               0.293ns  (56.0% logic, 44.0% route), 1 logic levels.

 Constraint Details:

      0.293ns physical path delay u_qvga_fifo/SLICE_3558 to u_qvga_fifo/SLICE_3566 meets
      0.118ns M_HLD and
      0.000ns delay constraint less
      0.000ns skew requirement (totaling 0.118ns) by 0.175ns

 Physical Path Details:

      Data path u_qvga_fifo/SLICE_3558 to u_qvga_fifo/SLICE_3566:

   Name    Fanout   Delay (ns)          Site               Resource
REG_DEL     ---     0.164    R32C41B.CLK to     R32C41B.Q0 u_qvga_fifo/SLICE_3558 (from PCLK_c)
ROUTE         1     0.129     R32C41B.Q0 to     R32C41C.M0 u_qvga_fifo/rd_gray_w1_14 (to PCLK_c)
                  --------
                    0.293   (56.0% logic, 44.0% route), 1 logic levels.

 Clock Skew Details: 

      Source Clock Path PCLK to u_qvga_fifo/SLICE_3558:

   Name    Fanout   Delay (ns)          Site               Resource
ROUTE       999     0.736       C8.PADDI to    R32C41B.CLK PCLK_c
                  --------
                    0.736   (0.0% logic, 100.0% route), 0 logic levels.

      Destination Clock Path PCLK to u_qvga_fifo/SLICE_3566:

   Name    Fanout   Delay (ns)          Site               Resource
ROUTE       999     0.736       C8.PADDI to    R32C41C.CLK PCLK_c
                  --------
                    0.736   (0.0% logic, 100.0% route), 0 logic levels.


Passed: The following path meets requirements by 0.175ns

 Logical Details:  Cell type  Pin type       Cell/ASIC name  (clock net +/-)

   Source:         FF         Q              u_qvga_fifo/rd_gray_w1_i2  (from PCLK_c +)
   Destination:    FF         Data in        u_qvga_fifo/rd_gray_w2_i2  (to PCLK_c +)

   Delay:               0.293ns  (56.0% logic, 44.0% route), 1 logic levels.

 Constraint Details:

      0.293ns physical path delay u_qvga_fifo/SLICE_3552 to u_qvga_fifo/SLICE_3560 meets
      0.118ns M_HLD and
      0.000ns delay constraint less
      0.000ns skew requirement (totaling 0.118ns) by 0.175ns

 Physical Path Details:

      Data path u_qvga_fifo/SLICE_3552 to u_qvga_fifo/SLICE_3560:

   Name    Fanout   Delay (ns)          Site               Resource
REG_DEL     ---     0.164    R35C39D.CLK to     R35C39D.Q0 u_qvga_fifo/SLICE_3552 (from PCLK_c)
ROUTE         1     0.129     R35C39D.Q0 to     R35C39B.M0 u_qvga_fifo/rd_gray_w1_2 (to PCLK_c)
                  --------
                    0.293   (56.0% logic, 44.0% route), 1 logic levels.

 Clock Skew Details: 

      Source Clock Path PCLK to u_qvga_fifo/SLICE_3552:

   Name    Fanout   Delay (ns)          Site               Resource
ROUTE       999     0.736       C8.PADDI to    R35C39D.CLK PCLK_c
                  --------
                    0.736   (0.0% logic, 100.0% route), 0 logic levels.

      Destination Clock Path PCLK to u_qvga_fifo/SLICE_3560:

   Name    Fanout   Delay (ns)          Site               Resource
ROUTE       999     0.736       C8.PADDI to    R35C39B.CLK PCLK_c
                  --------
                    0.736   (0.0% logic, 100.0% route), 0 logic levels.


Passed: The following path meets requirements by 0.176ns

 Logical Details:  Cell type  Pin type       Cell/ASIC name  (clock net +/-)

   Source:         FF         Q              box20_grid_eval_mask_pclk_i11  (from PCLK_c +)
   Destination:    FF         Data in        box20_grid_cnn_mask_pclk_i0_i11  (to PCLK_c +)

   Delay:               0.294ns  (55.4% logic, 44.6% route), 1 logic levels.

 Constraint Details:

      0.294ns physical path delay SLICE_1869 to SLICE_1843 meets
      0.118ns M_HLD and
      0.000ns delay constraint less
      0.000ns skew requirement (totaling 0.118ns) by 0.176ns

 Physical Path Details:

      Data path SLICE_1869 to SLICE_1843:

   Name    Fanout   Delay (ns)          Site               Resource
REG_DEL     ---     0.163    R31C62B.CLK to     R31C62B.Q1 SLICE_1869 (from PCLK_c)
ROUTE         2     0.131     R31C62B.Q1 to     R31C62D.M1 box20_grid_eval_mask_pclk_11 (to PCLK_c)
                  --------
                    0.294   (55.4% logic, 44.6% route), 1 logic levels.

 Clock Skew Details: 

      Source Clock Path PCLK to SLICE_1869:

   Name    Fanout   Delay (ns)          Site               Resource
ROUTE       999     0.736       C8.PADDI to    R31C62B.CLK PCLK_c
                  --------
                    0.736   (0.0% logic, 100.0% route), 0 logic levels.

      Destination Clock Path PCLK to SLICE_1843:

   Name    Fanout   Delay (ns)          Site               Resource
ROUTE       999     0.736       C8.PADDI to    R31C62D.CLK PCLK_c
                  --------
                    0.736   (0.0% logic, 100.0% route), 0 logic levels.


Passed: The following path meets requirements by 0.176ns

 Logical Details:  Cell type  Pin type       Cell/ASIC name  (clock net +/-)

   Source:         FF         Q              box20_orange_count_pclk_47___i378  (from PCLK_c +)
   Destination:    FF         Data in        box20_eval_orange_count_pclk_47___i378  (to PCLK_c +)

   Delay:               0.294ns  (55.4% logic, 44.6% route), 1 logic levels.

 Constraint Details:

      0.294ns physical path delay SLICE_1921 to SLICE_506 meets
      0.118ns M_HLD and
      0.000ns delay constraint less
      0.000ns skew requirement (totaling 0.118ns) by 0.176ns

 Physical Path Details:

      Data path SLICE_1921 to SLICE_506:

   Name    Fanout   Delay (ns)          Site               Resource
REG_DEL     ---     0.163    R42C50B.CLK to     R42C50B.Q1 SLICE_1921 (from PCLK_c)
ROUTE         2     0.131     R42C50B.Q1 to     R42C50A.M1 box20_orange_count_pclk_10_7 (to PCLK_c)
                  --------
                    0.294   (55.4% logic, 44.6% route), 1 logic levels.

 Clock Skew Details: 

      Source Clock Path PCLK to SLICE_1921:

   Name    Fanout   Delay (ns)          Site               Resource
ROUTE       999     0.736       C8.PADDI to    R42C50B.CLK PCLK_c
                  --------
                    0.736   (0.0% logic, 100.0% route), 0 logic levels.

      Destination Clock Path PCLK to SLICE_506:

   Name    Fanout   Delay (ns)          Site               Resource
ROUTE       999     0.736       C8.PADDI to    R42C50A.CLK PCLK_c
                  --------
                    0.736   (0.0% logic, 100.0% route), 0 logic levels.

Report Summary
--------------
----------------------------------------------------------------------------
Preference(MIN Delays)                  |   Constraint|       Actual|Levels
----------------------------------------------------------------------------
                                        |             |             |
FREQUENCY PORT "CRYSTAL" 24.000000 MHz  |             |             |
;                                       |            -|            -|   0  
                                        |             |             |
FREQUENCY NET "CRYSTAL_c" 24.000000 MHz |             |             |
;                                       |     0.000 ns|     0.174 ns|   1  
                                        |             |             |
FREQUENCY PORT "PCLK" 48.000000 MHz ;   |            -|            -|   0  
                                        |             |             |
FREQUENCY NET "PCLK_c" 48.000000 MHz ;  |     0.000 ns|     0.174 ns|   1  
                                        |             |             |
----------------------------------------------------------------------------


All preferences were met.


Clock Domains Analysis
------------------------

Found 2 clocks:

Clock Domain: PCLK_c   Source: PCLK.PAD   Loads: 3031
   Covered under: FREQUENCY NET "PCLK_c" 48.000000 MHz ;

   Data transfers from:
   Clock Domain: CRYSTAL_c   Source: CRYSTAL.PAD
      Not reported because source and destination domains are unrelated.
      To report these transfers please refer to preference CLKSKEWDIFF to define
      external clock skew between clock ports.

Clock Domain: CRYSTAL_c   Source: CRYSTAL.PAD   Loads: 529
   Covered under: FREQUENCY NET "CRYSTAL_c" 24.000000 MHz ;

   Data transfers from:
   Clock Domain: PCLK_c   Source: PCLK.PAD
      Not reported because source and destination domains are unrelated.
      To report these transfers please refer to preference CLKSKEWDIFF to define
      external clock skew between clock ports.


Timing summary (Hold):
---------------

Timing errors: 0  Score: 0
Cumulative negative slack: 0

Constraints cover 17640391 paths, 2 nets, and 38903 connections (99.40% coverage)



Timing summary (Setup and Hold):
---------------

Timing errors: 0 (setup), 0 (hold)
Score: 0 (setup), 0 (hold)
Cumulative negative slack: 0 (0+0)
--------------------------------------------------------------------------------

--------------------------------------------------------------------------------

