
Loading design for application trce from file aicam_impl1.ncd.
Design name: fpga_top
NCD version: 3.3
Vendor:      LATTICE
Device:      LFE5U-25F
Package:     CABGA256
Performance: 6
Loading device for application trce from file 'sa5p25.nph' in environment: C:/lscc/diamond/3.14/ispfpga.
Package Status:                     Final          Version 1.44.
Performance Hardware Data Status:   Final          Version 55.1.
Setup and Hold Report

--------------------------------------------------------------------------------
Lattice TRACE Report - Setup, Version Diamond (64-bit) 3.14.0.75.2
Mon Apr 13 19:47:14 2026

Copyright (c) 1991-1994 by NeoCAD Inc. All rights reserved.
Copyright (c) 1995 AT&T Corp.   All rights reserved.
Copyright (c) 1995-2001 Lucent Technologies Inc.  All rights reserved.
Copyright (c) 2001 Agere Systems   All rights reserved.
Copyright (c) 2002-2024 Lattice Semiconductor Corporation,  All rights reserved.

Report Information
------------------
Command line:    trce -v 10 -gt -sethld -sp 6 -sphld m -o AICAM_impl1.twr -gui -msgset C:/Users/kunsh/Desktop/AiCamera/Lattice Diamond/promote.xml AICAM_impl1.ncd AICAM_impl1.prf 
Design file:     aicam_impl1.ncd
Preference file: aicam_impl1.prf
Device,speed:    LFE5U-25F,6
Report level:    verbose report, limited to 10 items per preference
--------------------------------------------------------------------------------



================================================================================
Preference: FREQUENCY NET "MCLK_c" 24.000000 MHz ;
            2472 items scored, 0 timing errors detected.
--------------------------------------------------------------------------------


Passed: The following path meets requirements by 15.342ns (weighted slack = 30.684ns)

 Logical Details:  Cell type  Pin type       Cell/ASIC name  (clock net +/-)

   Source:         FF         Q              u_sd/sd_err_590  (from SD_CLK_c +)
   Destination:    FF         Data in        u_dbg_status/start_data__i1  (to MCLK_c +)

   Delay:               5.752ns  (25.5% logic, 74.5% route), 5 logic levels.

 Constraint Details:

      5.752ns physical path delay u_sd/SLICE_172 to u_dbg_status/SLICE_335 meets
     20.834ns delay constraint less
      0.000ns skew and
      0.000ns feedback compensation and
     -0.260ns DIN_SET requirement (totaling 21.094ns) by 15.342ns

 Physical Path Details:

      Data path u_sd/SLICE_172 to u_dbg_status/SLICE_335:

   Name    Fanout   Delay (ns)          Site               Resource
REG_DEL     ---     0.525    R21C20C.CLK to     R21C20C.Q0 u_sd/SLICE_172 (from SD_CLK_c)
ROUTE         4     2.253     R21C20C.Q0 to     R33C33C.B1 sd_err
CTOF_DEL    ---     0.236     R33C33C.B1 to     R33C33C.F1 u_dbg_status/SLICE_692
ROUTE         1     0.566     R33C33C.F1 to     R33C33D.A0 u_dbg_status/n75017
CTOF_DEL    ---     0.236     R33C33D.A0 to     R33C33D.F0 u_dbg_status/SLICE_525
ROUTE         1     0.382     R33C33D.F0 to     R33C33D.C1 u_dbg_status/n75022
CTOF_DEL    ---     0.236     R33C33D.C1 to     R33C33D.F1 u_dbg_status/SLICE_525
ROUTE         1     1.082     R33C33D.F1 to     R32C32A.A0 u_dbg_status/n107
CTOF_DEL    ---     0.236     R32C32A.A0 to     R32C32A.F0 u_dbg_status/SLICE_335
ROUTE         1     0.000     R32C32A.F0 to    R32C32A.DI0 u_dbg_status/n72868 (to MCLK_c)
                  --------
                    5.752   (25.5% logic, 74.5% route), 5 logic levels.

 Clock Skew Details: 

      Source Clock Path CRYSTAL to u_sd/SLICE_172:

   Name    Fanout   Delay (ns)          Site               Resource
PADI_DEL    ---     1.140         M1.PAD to       M1.PADDI CRYSTAL
ROUTE         1     0.383       M1.PADDI to   PLL_BL0.CLKI CRYSTAL_c
CLKI2OP_DE  ---     0.000   PLL_BL0.CLKI to  PLL_BL0.CLKOP u_pll/PLLInst_0
ROUTE       310     2.137  PLL_BL0.CLKOP to    R21C20C.CLK SD_CLK_c
                  --------
                    3.660   (31.1% logic, 68.9% route), 2 logic levels.

      Source Clock f/b:

   Name    Fanout   Delay (ns)          Site               Resource
CLKFB2OP_D  ---     0.000  PLL_BL0.CLKFB to  PLL_BL0.CLKOP u_pll/PLLInst_0
ROUTE       310     2.237  PLL_BL0.CLKOP to  PLL_BL0.CLKFB SD_CLK_c
                  --------
                    2.237   (0.0% logic, 100.0% route), 1 logic levels.

      Destination Clock Path CRYSTAL to u_dbg_status/SLICE_335:

   Name    Fanout   Delay (ns)          Site               Resource
PADI_DEL    ---     1.140         M1.PAD to       M1.PADDI CRYSTAL
ROUTE         1     0.383       M1.PADDI to   PLL_BL0.CLKI CRYSTAL_c
CLKI2OS_DE  ---     0.000   PLL_BL0.CLKI to  PLL_BL0.CLKOS u_pll/PLLInst_0
ROUTE        47     2.137  PLL_BL0.CLKOS to    R32C32A.CLK MCLK_c
                  --------
                    3.660   (31.1% logic, 68.9% route), 2 logic levels.

      Destination Clock f/b:

   Name    Fanout   Delay (ns)          Site               Resource
CLKFB2OP_D  ---     0.000  PLL_BL0.CLKFB to  PLL_BL0.CLKOP u_pll/PLLInst_0
ROUTE       310     2.237  PLL_BL0.CLKOP to  PLL_BL0.CLKFB SD_CLK_c
                  --------
                    2.237   (0.0% logic, 100.0% route), 1 logic levels.


Passed: The following path meets requirements by 15.457ns (weighted slack = 30.914ns)

 Logical Details:  Cell type  Pin type       Cell/ASIC name  (clock net +/-)

   Source:         FF         Q              u_cam_cfg/init_done_123  (from SD_CLK_c +)
   Destination:    FF         Data in        u_dbg_status/start_data__i1  (to MCLK_c +)

   Delay:               5.637ns  (30.2% logic, 69.8% route), 6 logic levels.

 Constraint Details:

      5.637ns physical path delay u_cam_cfg/SLICE_152 to u_dbg_status/SLICE_335 meets
     20.834ns delay constraint less
      0.000ns skew and
      0.000ns feedback compensation and
     -0.260ns DIN_SET requirement (totaling 21.094ns) by 15.457ns

 Physical Path Details:

      Data path u_cam_cfg/SLICE_152 to u_dbg_status/SLICE_335:

   Name    Fanout   Delay (ns)          Site               Resource
REG_DEL     ---     0.525    R32C25C.CLK to     R32C25C.Q0 u_cam_cfg/SLICE_152 (from SD_CLK_c)
ROUTE         2     1.163     R32C25C.Q0 to     R33C33C.C0 cam_init_done
CTOF_DEL    ---     0.236     R33C33C.C0 to     R33C33C.F0 u_dbg_status/SLICE_692
ROUTE         1     0.382     R33C33C.F0 to     R33C33B.C1 u_dbg_status/n72660
CTOF_DEL    ---     0.236     R33C33B.C1 to     R33C33B.F1 u_dbg_status/SLICE_483
ROUTE         1     0.558     R33C33B.F1 to     R33C33B.B0 u_dbg_status/n72408
CTOF_DEL    ---     0.236     R33C33B.B0 to     R33C33B.F0 u_dbg_status/SLICE_483
ROUTE         1     0.747     R33C33B.F0 to     R33C33D.A1 u_dbg_status/n73293
CTOF_DEL    ---     0.236     R33C33D.A1 to     R33C33D.F1 u_dbg_status/SLICE_525
ROUTE         1     1.082     R33C33D.F1 to     R32C32A.A0 u_dbg_status/n107
CTOF_DEL    ---     0.236     R32C32A.A0 to     R32C32A.F0 u_dbg_status/SLICE_335
ROUTE         1     0.000     R32C32A.F0 to    R32C32A.DI0 u_dbg_status/n72868 (to MCLK_c)
                  --------
                    5.637   (30.2% logic, 69.8% route), 6 logic levels.

 Clock Skew Details: 

      Source Clock Path CRYSTAL to u_cam_cfg/SLICE_152:

   Name    Fanout   Delay (ns)          Site               Resource
PADI_DEL    ---     1.140         M1.PAD to       M1.PADDI CRYSTAL
ROUTE         1     0.383       M1.PADDI to   PLL_BL0.CLKI CRYSTAL_c
CLKI2OP_DE  ---     0.000   PLL_BL0.CLKI to  PLL_BL0.CLKOP u_pll/PLLInst_0
ROUTE       310     2.137  PLL_BL0.CLKOP to    R32C25C.CLK SD_CLK_c
                  --------
                    3.660   (31.1% logic, 68.9% route), 2 logic levels.

      Source Clock f/b:

   Name    Fanout   Delay (ns)          Site               Resource
CLKFB2OP_D  ---     0.000  PLL_BL0.CLKFB to  PLL_BL0.CLKOP u_pll/PLLInst_0
ROUTE       310     2.237  PLL_BL0.CLKOP to  PLL_BL0.CLKFB SD_CLK_c
                  --------
                    2.237   (0.0% logic, 100.0% route), 1 logic levels.

      Destination Clock Path CRYSTAL to u_dbg_status/SLICE_335:

   Name    Fanout   Delay (ns)          Site               Resource
PADI_DEL    ---     1.140         M1.PAD to       M1.PADDI CRYSTAL
ROUTE         1     0.383       M1.PADDI to   PLL_BL0.CLKI CRYSTAL_c
CLKI2OS_DE  ---     0.000   PLL_BL0.CLKI to  PLL_BL0.CLKOS u_pll/PLLInst_0
ROUTE        47     2.137  PLL_BL0.CLKOS to    R32C32A.CLK MCLK_c
                  --------
                    3.660   (31.1% logic, 68.9% route), 2 logic levels.

      Destination Clock f/b:

   Name    Fanout   Delay (ns)          Site               Resource
CLKFB2OP_D  ---     0.000  PLL_BL0.CLKFB to  PLL_BL0.CLKOP u_pll/PLLInst_0
ROUTE       310     2.237  PLL_BL0.CLKOP to  PLL_BL0.CLKFB SD_CLK_c
                  --------
                    2.237   (0.0% logic, 100.0% route), 1 logic levels.


Passed: The following path meets requirements by 15.774ns (weighted slack = 31.548ns)

 Logical Details:  Cell type  Pin type       Cell/ASIC name  (clock net +/-)

   Source:         FF         Q              u_sd/w_done_592  (from SD_CLK_c +)
   Destination:    FF         Data in        u_dbg_status/start_data__i1  (to MCLK_c +)

   Delay:               5.320ns  (30.7% logic, 69.3% route), 5 logic levels.

 Constraint Details:

      5.320ns physical path delay u_sd/SLICE_173 to u_dbg_status/SLICE_335 meets
     20.834ns delay constraint less
      0.000ns skew and
      0.000ns feedback compensation and
     -0.260ns DIN_SET requirement (totaling 21.094ns) by 15.774ns

 Physical Path Details:

      Data path u_sd/SLICE_173 to u_dbg_status/SLICE_335:

   Name    Fanout   Delay (ns)          Site               Resource
REG_DEL     ---     0.525    R22C19D.CLK to     R22C19D.Q0 u_sd/SLICE_173 (from SD_CLK_c)
ROUTE         1     2.029     R22C19D.Q0 to     R33C33A.C1 sd_w_start_N_12177
CTOOFX_DEL  ---     0.401     R33C33A.C1 to   R33C33A.OFX0 u_dbg_status/i35276/SLICE_394
ROUTE         1     0.193   R33C33A.OFX0 to     R33C33D.D0 u_dbg_status/n75021
CTOF_DEL    ---     0.236     R33C33D.D0 to     R33C33D.F0 u_dbg_status/SLICE_525
ROUTE         1     0.382     R33C33D.F0 to     R33C33D.C1 u_dbg_status/n75022
CTOF_DEL    ---     0.236     R33C33D.C1 to     R33C33D.F1 u_dbg_status/SLICE_525
ROUTE         1     1.082     R33C33D.F1 to     R32C32A.A0 u_dbg_status/n107
CTOF_DEL    ---     0.236     R32C32A.A0 to     R32C32A.F0 u_dbg_status/SLICE_335
ROUTE         1     0.000     R32C32A.F0 to    R32C32A.DI0 u_dbg_status/n72868 (to MCLK_c)
                  --------
                    5.320   (30.7% logic, 69.3% route), 5 logic levels.

 Clock Skew Details: 

      Source Clock Path CRYSTAL to u_sd/SLICE_173:

   Name    Fanout   Delay (ns)          Site               Resource
PADI_DEL    ---     1.140         M1.PAD to       M1.PADDI CRYSTAL
ROUTE         1     0.383       M1.PADDI to   PLL_BL0.CLKI CRYSTAL_c
CLKI2OP_DE  ---     0.000   PLL_BL0.CLKI to  PLL_BL0.CLKOP u_pll/PLLInst_0
ROUTE       310     2.137  PLL_BL0.CLKOP to    R22C19D.CLK SD_CLK_c
                  --------
                    3.660   (31.1% logic, 68.9% route), 2 logic levels.

      Source Clock f/b:

   Name    Fanout   Delay (ns)          Site               Resource
CLKFB2OP_D  ---     0.000  PLL_BL0.CLKFB to  PLL_BL0.CLKOP u_pll/PLLInst_0
ROUTE       310     2.237  PLL_BL0.CLKOP to  PLL_BL0.CLKFB SD_CLK_c
                  --------
                    2.237   (0.0% logic, 100.0% route), 1 logic levels.

      Destination Clock Path CRYSTAL to u_dbg_status/SLICE_335:

   Name    Fanout   Delay (ns)          Site               Resource
PADI_DEL    ---     1.140         M1.PAD to       M1.PADDI CRYSTAL
ROUTE         1     0.383       M1.PADDI to   PLL_BL0.CLKI CRYSTAL_c
CLKI2OS_DE  ---     0.000   PLL_BL0.CLKI to  PLL_BL0.CLKOS u_pll/PLLInst_0
ROUTE        47     2.137  PLL_BL0.CLKOS to    R32C32A.CLK MCLK_c
                  --------
                    3.660   (31.1% logic, 68.9% route), 2 logic levels.

      Destination Clock f/b:

   Name    Fanout   Delay (ns)          Site               Resource
CLKFB2OP_D  ---     0.000  PLL_BL0.CLKFB to  PLL_BL0.CLKOP u_pll/PLLInst_0
ROUTE       310     2.237  PLL_BL0.CLKOP to  PLL_BL0.CLKFB SD_CLK_c
                  --------
                    2.237   (0.0% logic, 100.0% route), 1 logic levels.


Passed: The following path meets requirements by 16.009ns (weighted slack = 32.018ns)

 Logical Details:  Cell type  Pin type       Cell/ASIC name  (clock net +/-)

   Source:         FF         Q              u_raw_cap/frame_ready_249  (from SD_CLK_c +)
   Destination:    FF         Data in        u_dbg_status/start_data__i1  (to MCLK_c +)

   Delay:               5.085ns  (32.1% logic, 67.9% route), 5 logic levels.

 Constraint Details:

      5.085ns physical path delay u_raw_cap/SLICE_166 to u_dbg_status/SLICE_335 meets
     20.834ns delay constraint less
      0.000ns skew and
      0.000ns feedback compensation and
     -0.260ns DIN_SET requirement (totaling 21.094ns) by 16.009ns

 Physical Path Details:

      Data path u_raw_cap/SLICE_166 to u_dbg_status/SLICE_335:

   Name    Fanout   Delay (ns)          Site               Resource
REG_DEL     ---     0.525    R33C34C.CLK to     R33C34C.Q0 u_raw_cap/SLICE_166 (from SD_CLK_c)
ROUTE         1     0.823     R33C34C.Q0 to     R34C33A.C0 raw_frame_ready
CTOOFX_DEL  ---     0.401     R34C33A.C0 to   R34C33A.OFX0 u_dbg_status/i36065/SLICE_395
ROUTE         1     0.799   R34C33A.OFX0 to     R33C33B.A0 u_dbg_status/n76290
CTOF_DEL    ---     0.236     R33C33B.A0 to     R33C33B.F0 u_dbg_status/SLICE_483
ROUTE         1     0.747     R33C33B.F0 to     R33C33D.A1 u_dbg_status/n73293
CTOF_DEL    ---     0.236     R33C33D.A1 to     R33C33D.F1 u_dbg_status/SLICE_525
ROUTE         1     1.082     R33C33D.F1 to     R32C32A.A0 u_dbg_status/n107
CTOF_DEL    ---     0.236     R32C32A.A0 to     R32C32A.F0 u_dbg_status/SLICE_335
ROUTE         1     0.000     R32C32A.F0 to    R32C32A.DI0 u_dbg_status/n72868 (to MCLK_c)
                  --------
                    5.085   (32.1% logic, 67.9% route), 5 logic levels.

 Clock Skew Details: 

      Source Clock Path CRYSTAL to u_raw_cap/SLICE_166:

   Name    Fanout   Delay (ns)          Site               Resource
PADI_DEL    ---     1.140         M1.PAD to       M1.PADDI CRYSTAL
ROUTE         1     0.383       M1.PADDI to   PLL_BL0.CLKI CRYSTAL_c
CLKI2OP_DE  ---     0.000   PLL_BL0.CLKI to  PLL_BL0.CLKOP u_pll/PLLInst_0
ROUTE       310     2.137  PLL_BL0.CLKOP to    R33C34C.CLK SD_CLK_c
                  --------
                    3.660   (31.1% logic, 68.9% route), 2 logic levels.

      Source Clock f/b:

   Name    Fanout   Delay (ns)          Site               Resource
CLKFB2OP_D  ---     0.000  PLL_BL0.CLKFB to  PLL_BL0.CLKOP u_pll/PLLInst_0
ROUTE       310     2.237  PLL_BL0.CLKOP to  PLL_BL0.CLKFB SD_CLK_c
                  --------
                    2.237   (0.0% logic, 100.0% route), 1 logic levels.

      Destination Clock Path CRYSTAL to u_dbg_status/SLICE_335:

   Name    Fanout   Delay (ns)          Site               Resource
PADI_DEL    ---     1.140         M1.PAD to       M1.PADDI CRYSTAL
ROUTE         1     0.383       M1.PADDI to   PLL_BL0.CLKI CRYSTAL_c
CLKI2OS_DE  ---     0.000   PLL_BL0.CLKI to  PLL_BL0.CLKOS u_pll/PLLInst_0
ROUTE        47     2.137  PLL_BL0.CLKOS to    R32C32A.CLK MCLK_c
                  --------
                    3.660   (31.1% logic, 68.9% route), 2 logic levels.

      Destination Clock f/b:

   Name    Fanout   Delay (ns)          Site               Resource
CLKFB2OP_D  ---     0.000  PLL_BL0.CLKFB to  PLL_BL0.CLKOP u_pll/PLLInst_0
ROUTE       310     2.237  PLL_BL0.CLKOP to  PLL_BL0.CLKFB SD_CLK_c
                  --------
                    2.237   (0.0% logic, 100.0% route), 1 logic levels.


Passed: The following path meets requirements by 33.551ns

 Logical Details:  Cell type  Pin type       Cell/ASIC name  (clock net +/-)

   Source:         FF         Q              u_dbg_status/sec_ctr_4352__i13  (from MCLK_c +)
   Destination:    FF         Data in        u_dbg_status/sec_ctr_4352__i6  (to MCLK_c +)
                   FF                        u_dbg_status/sec_ctr_4352__i5

   Delay:               7.692ns  (24.6% logic, 75.4% route), 7 logic levels.

 Constraint Details:

      7.692ns physical path delay u_dbg_status/SLICE_10 to u_dbg_status/SLICE_14 meets
     41.667ns delay constraint less
      0.000ns skew and
      0.424ns LSR_SET requirement (totaling 41.243ns) by 33.551ns

 Physical Path Details:

      Data path u_dbg_status/SLICE_10 to u_dbg_status/SLICE_14:

   Name    Fanout   Delay (ns)          Site               Resource
REG_DEL     ---     0.525    R11C28D.CLK to     R11C28D.Q0 u_dbg_status/SLICE_10 (from MCLK_c)
ROUTE         2     0.685     R11C28D.Q0 to     R10C28A.C0 u_dbg_status/sec_ctr_13
CTOF_DEL    ---     0.236     R10C28A.C0 to     R10C28A.F0 u_dbg_status/SLICE_766
ROUTE         1     1.255     R10C28A.F0 to     R12C29A.B1 u_dbg_status/n72791
C1TOFCO_DE  ---     0.447     R12C29A.B1 to    R12C29A.FCO u_dbg_status/SLICE_22
ROUTE         1     0.000    R12C29A.FCO to    R12C29B.FCI u_dbg_status/n74109
FCITOFCO_D  ---     0.071    R12C29B.FCI to    R12C29B.FCO u_dbg_status/SLICE_21
ROUTE         1     0.000    R12C29B.FCO to    R12C29C.FCI u_dbg_status/n74110
FCITOFCO_D  ---     0.071    R12C29C.FCI to    R12C29C.FCO u_dbg_status/SLICE_20
ROUTE         1     0.000    R12C29C.FCO to    R12C29D.FCI u_dbg_status/n74111
FCITOFCO_D  ---     0.071    R12C29D.FCI to    R12C29D.FCO u_dbg_status/SLICE_19
ROUTE         1     0.000    R12C29D.FCO to    R12C30A.FCI u_dbg_status/n74112
FCITOF1_DE  ---     0.474    R12C30A.FCI to     R12C30A.F1 u_dbg_status/SLICE_18
ROUTE        18     3.857     R12C30A.F1 to    R11C27D.LSR u_dbg_status/sec_ctr_31__N_12302 (to MCLK_c)
                  --------
                    7.692   (24.6% logic, 75.4% route), 7 logic levels.

 Clock Skew Details: 

      Source Clock Path u_pll/PLLInst_0 to u_dbg_status/SLICE_10:

   Name    Fanout   Delay (ns)          Site               Resource
ROUTE        47     2.137  PLL_BL0.CLKOS to    R11C28D.CLK MCLK_c
                  --------
                    2.137   (0.0% logic, 100.0% route), 0 logic levels.

      Destination Clock Path u_pll/PLLInst_0 to u_dbg_status/SLICE_14:

   Name    Fanout   Delay (ns)          Site               Resource
ROUTE        47     2.137  PLL_BL0.CLKOS to    R11C27D.CLK MCLK_c
                  --------
                    2.137   (0.0% logic, 100.0% route), 0 logic levels.


Passed: The following path meets requirements by 33.551ns

 Logical Details:  Cell type  Pin type       Cell/ASIC name  (clock net +/-)

   Source:         FF         Q              u_dbg_status/sec_ctr_4352__i13  (from MCLK_c +)
   Destination:    FF         Data in        u_dbg_status/sec_ctr_4352__i10  (to MCLK_c +)
                   FF                        u_dbg_status/sec_ctr_4352__i9

   Delay:               7.692ns  (24.6% logic, 75.4% route), 7 logic levels.

 Constraint Details:

      7.692ns physical path delay u_dbg_status/SLICE_10 to u_dbg_status/SLICE_12 meets
     41.667ns delay constraint less
      0.000ns skew and
      0.424ns LSR_SET requirement (totaling 41.243ns) by 33.551ns

 Physical Path Details:

      Data path u_dbg_status/SLICE_10 to u_dbg_status/SLICE_12:

   Name    Fanout   Delay (ns)          Site               Resource
REG_DEL     ---     0.525    R11C28D.CLK to     R11C28D.Q0 u_dbg_status/SLICE_10 (from MCLK_c)
ROUTE         2     0.685     R11C28D.Q0 to     R10C28A.C0 u_dbg_status/sec_ctr_13
CTOF_DEL    ---     0.236     R10C28A.C0 to     R10C28A.F0 u_dbg_status/SLICE_766
ROUTE         1     1.255     R10C28A.F0 to     R12C29A.B1 u_dbg_status/n72791
C1TOFCO_DE  ---     0.447     R12C29A.B1 to    R12C29A.FCO u_dbg_status/SLICE_22
ROUTE         1     0.000    R12C29A.FCO to    R12C29B.FCI u_dbg_status/n74109
FCITOFCO_D  ---     0.071    R12C29B.FCI to    R12C29B.FCO u_dbg_status/SLICE_21
ROUTE         1     0.000    R12C29B.FCO to    R12C29C.FCI u_dbg_status/n74110
FCITOFCO_D  ---     0.071    R12C29C.FCI to    R12C29C.FCO u_dbg_status/SLICE_20
ROUTE         1     0.000    R12C29C.FCO to    R12C29D.FCI u_dbg_status/n74111
FCITOFCO_D  ---     0.071    R12C29D.FCI to    R12C29D.FCO u_dbg_status/SLICE_19
ROUTE         1     0.000    R12C29D.FCO to    R12C30A.FCI u_dbg_status/n74112
FCITOF1_DE  ---     0.474    R12C30A.FCI to     R12C30A.F1 u_dbg_status/SLICE_18
ROUTE        18     3.857     R12C30A.F1 to    R11C28B.LSR u_dbg_status/sec_ctr_31__N_12302 (to MCLK_c)
                  --------
                    7.692   (24.6% logic, 75.4% route), 7 logic levels.

 Clock Skew Details: 

      Source Clock Path u_pll/PLLInst_0 to u_dbg_status/SLICE_10:

   Name    Fanout   Delay (ns)          Site               Resource
ROUTE        47     2.137  PLL_BL0.CLKOS to    R11C28D.CLK MCLK_c
                  --------
                    2.137   (0.0% logic, 100.0% route), 0 logic levels.

      Destination Clock Path u_pll/PLLInst_0 to u_dbg_status/SLICE_12:

   Name    Fanout   Delay (ns)          Site               Resource
ROUTE        47     2.137  PLL_BL0.CLKOS to    R11C28B.CLK MCLK_c
                  --------
                    2.137   (0.0% logic, 100.0% route), 0 logic levels.


Passed: The following path meets requirements by 33.551ns

 Logical Details:  Cell type  Pin type       Cell/ASIC name  (clock net +/-)

   Source:         FF         Q              u_dbg_status/sec_ctr_4352__i13  (from MCLK_c +)
   Destination:    FF         Data in        u_dbg_status/sec_ctr_4352__i14  (to MCLK_c +)
                   FF                        u_dbg_status/sec_ctr_4352__i13

   Delay:               7.692ns  (24.6% logic, 75.4% route), 7 logic levels.

 Constraint Details:

      7.692ns physical path delay u_dbg_status/SLICE_10 to u_dbg_status/SLICE_10 meets
     41.667ns delay constraint less
      0.000ns skew and
      0.424ns LSR_SET requirement (totaling 41.243ns) by 33.551ns

 Physical Path Details:

      Data path u_dbg_status/SLICE_10 to u_dbg_status/SLICE_10:

   Name    Fanout   Delay (ns)          Site               Resource
REG_DEL     ---     0.525    R11C28D.CLK to     R11C28D.Q0 u_dbg_status/SLICE_10 (from MCLK_c)
ROUTE         2     0.685     R11C28D.Q0 to     R10C28A.C0 u_dbg_status/sec_ctr_13
CTOF_DEL    ---     0.236     R10C28A.C0 to     R10C28A.F0 u_dbg_status/SLICE_766
ROUTE         1     1.255     R10C28A.F0 to     R12C29A.B1 u_dbg_status/n72791
C1TOFCO_DE  ---     0.447     R12C29A.B1 to    R12C29A.FCO u_dbg_status/SLICE_22
ROUTE         1     0.000    R12C29A.FCO to    R12C29B.FCI u_dbg_status/n74109
FCITOFCO_D  ---     0.071    R12C29B.FCI to    R12C29B.FCO u_dbg_status/SLICE_21
ROUTE         1     0.000    R12C29B.FCO to    R12C29C.FCI u_dbg_status/n74110
FCITOFCO_D  ---     0.071    R12C29C.FCI to    R12C29C.FCO u_dbg_status/SLICE_20
ROUTE         1     0.000    R12C29C.FCO to    R12C29D.FCI u_dbg_status/n74111
FCITOFCO_D  ---     0.071    R12C29D.FCI to    R12C29D.FCO u_dbg_status/SLICE_19
ROUTE         1     0.000    R12C29D.FCO to    R12C30A.FCI u_dbg_status/n74112
FCITOF1_DE  ---     0.474    R12C30A.FCI to     R12C30A.F1 u_dbg_status/SLICE_18
ROUTE        18     3.857     R12C30A.F1 to    R11C28D.LSR u_dbg_status/sec_ctr_31__N_12302 (to MCLK_c)
                  --------
                    7.692   (24.6% logic, 75.4% route), 7 logic levels.

 Clock Skew Details: 

      Source Clock Path u_pll/PLLInst_0 to u_dbg_status/SLICE_10:

   Name    Fanout   Delay (ns)          Site               Resource
ROUTE        47     2.137  PLL_BL0.CLKOS to    R11C28D.CLK MCLK_c
                  --------
                    2.137   (0.0% logic, 100.0% route), 0 logic levels.

      Destination Clock Path u_pll/PLLInst_0 to u_dbg_status/SLICE_10:

   Name    Fanout   Delay (ns)          Site               Resource
ROUTE        47     2.137  PLL_BL0.CLKOS to    R11C28D.CLK MCLK_c
                  --------
                    2.137   (0.0% logic, 100.0% route), 0 logic levels.


Passed: The following path meets requirements by 33.551ns

 Logical Details:  Cell type  Pin type       Cell/ASIC name  (clock net +/-)

   Source:         FF         Q              u_dbg_status/sec_ctr_4352__i13  (from MCLK_c +)
   Destination:    FF         Data in        u_dbg_status/sec_ctr_4352__i18  (to MCLK_c +)
                   FF                        u_dbg_status/sec_ctr_4352__i17

   Delay:               7.692ns  (24.6% logic, 75.4% route), 7 logic levels.

 Constraint Details:

      7.692ns physical path delay u_dbg_status/SLICE_10 to u_dbg_status/SLICE_8 meets
     41.667ns delay constraint less
      0.000ns skew and
      0.424ns LSR_SET requirement (totaling 41.243ns) by 33.551ns

 Physical Path Details:

      Data path u_dbg_status/SLICE_10 to u_dbg_status/SLICE_8:

   Name    Fanout   Delay (ns)          Site               Resource
REG_DEL     ---     0.525    R11C28D.CLK to     R11C28D.Q0 u_dbg_status/SLICE_10 (from MCLK_c)
ROUTE         2     0.685     R11C28D.Q0 to     R10C28A.C0 u_dbg_status/sec_ctr_13
CTOF_DEL    ---     0.236     R10C28A.C0 to     R10C28A.F0 u_dbg_status/SLICE_766
ROUTE         1     1.255     R10C28A.F0 to     R12C29A.B1 u_dbg_status/n72791
C1TOFCO_DE  ---     0.447     R12C29A.B1 to    R12C29A.FCO u_dbg_status/SLICE_22
ROUTE         1     0.000    R12C29A.FCO to    R12C29B.FCI u_dbg_status/n74109
FCITOFCO_D  ---     0.071    R12C29B.FCI to    R12C29B.FCO u_dbg_status/SLICE_21
ROUTE         1     0.000    R12C29B.FCO to    R12C29C.FCI u_dbg_status/n74110
FCITOFCO_D  ---     0.071    R12C29C.FCI to    R12C29C.FCO u_dbg_status/SLICE_20
ROUTE         1     0.000    R12C29C.FCO to    R12C29D.FCI u_dbg_status/n74111
FCITOFCO_D  ---     0.071    R12C29D.FCI to    R12C29D.FCO u_dbg_status/SLICE_19
ROUTE         1     0.000    R12C29D.FCO to    R12C30A.FCI u_dbg_status/n74112
FCITOF1_DE  ---     0.474    R12C30A.FCI to     R12C30A.F1 u_dbg_status/SLICE_18
ROUTE        18     3.857     R12C30A.F1 to    R11C29B.LSR u_dbg_status/sec_ctr_31__N_12302 (to MCLK_c)
                  --------
                    7.692   (24.6% logic, 75.4% route), 7 logic levels.

 Clock Skew Details: 

      Source Clock Path u_pll/PLLInst_0 to u_dbg_status/SLICE_10:

   Name    Fanout   Delay (ns)          Site               Resource
ROUTE        47     2.137  PLL_BL0.CLKOS to    R11C28D.CLK MCLK_c
                  --------
                    2.137   (0.0% logic, 100.0% route), 0 logic levels.

      Destination Clock Path u_pll/PLLInst_0 to u_dbg_status/SLICE_8:

   Name    Fanout   Delay (ns)          Site               Resource
ROUTE        47     2.137  PLL_BL0.CLKOS to    R11C29B.CLK MCLK_c
                  --------
                    2.137   (0.0% logic, 100.0% route), 0 logic levels.


Passed: The following path meets requirements by 33.551ns

 Logical Details:  Cell type  Pin type       Cell/ASIC name  (clock net +/-)

   Source:         FF         Q              u_dbg_status/sec_ctr_4352__i13  (from MCLK_c +)
   Destination:    FF         Data in        u_dbg_status/sec_ctr_4352__i22  (to MCLK_c +)
                   FF                        u_dbg_status/sec_ctr_4352__i21

   Delay:               7.692ns  (24.6% logic, 75.4% route), 7 logic levels.

 Constraint Details:

      7.692ns physical path delay u_dbg_status/SLICE_10 to u_dbg_status/SLICE_6 meets
     41.667ns delay constraint less
      0.000ns skew and
      0.424ns LSR_SET requirement (totaling 41.243ns) by 33.551ns

 Physical Path Details:

      Data path u_dbg_status/SLICE_10 to u_dbg_status/SLICE_6:

   Name    Fanout   Delay (ns)          Site               Resource
REG_DEL     ---     0.525    R11C28D.CLK to     R11C28D.Q0 u_dbg_status/SLICE_10 (from MCLK_c)
ROUTE         2     0.685     R11C28D.Q0 to     R10C28A.C0 u_dbg_status/sec_ctr_13
CTOF_DEL    ---     0.236     R10C28A.C0 to     R10C28A.F0 u_dbg_status/SLICE_766
ROUTE         1     1.255     R10C28A.F0 to     R12C29A.B1 u_dbg_status/n72791
C1TOFCO_DE  ---     0.447     R12C29A.B1 to    R12C29A.FCO u_dbg_status/SLICE_22
ROUTE         1     0.000    R12C29A.FCO to    R12C29B.FCI u_dbg_status/n74109
FCITOFCO_D  ---     0.071    R12C29B.FCI to    R12C29B.FCO u_dbg_status/SLICE_21
ROUTE         1     0.000    R12C29B.FCO to    R12C29C.FCI u_dbg_status/n74110
FCITOFCO_D  ---     0.071    R12C29C.FCI to    R12C29C.FCO u_dbg_status/SLICE_20
ROUTE         1     0.000    R12C29C.FCO to    R12C29D.FCI u_dbg_status/n74111
FCITOFCO_D  ---     0.071    R12C29D.FCI to    R12C29D.FCO u_dbg_status/SLICE_19
ROUTE         1     0.000    R12C29D.FCO to    R12C30A.FCI u_dbg_status/n74112
FCITOF1_DE  ---     0.474    R12C30A.FCI to     R12C30A.F1 u_dbg_status/SLICE_18
ROUTE        18     3.857     R12C30A.F1 to    R11C29D.LSR u_dbg_status/sec_ctr_31__N_12302 (to MCLK_c)
                  --------
                    7.692   (24.6% logic, 75.4% route), 7 logic levels.

 Clock Skew Details: 

      Source Clock Path u_pll/PLLInst_0 to u_dbg_status/SLICE_10:

   Name    Fanout   Delay (ns)          Site               Resource
ROUTE        47     2.137  PLL_BL0.CLKOS to    R11C28D.CLK MCLK_c
                  --------
                    2.137   (0.0% logic, 100.0% route), 0 logic levels.

      Destination Clock Path u_pll/PLLInst_0 to u_dbg_status/SLICE_6:

   Name    Fanout   Delay (ns)          Site               Resource
ROUTE        47     2.137  PLL_BL0.CLKOS to    R11C29D.CLK MCLK_c
                  --------
                    2.137   (0.0% logic, 100.0% route), 0 logic levels.


Passed: The following path meets requirements by 33.551ns

 Logical Details:  Cell type  Pin type       Cell/ASIC name  (clock net +/-)

   Source:         FF         Q              u_dbg_status/sec_ctr_4352__i13  (from MCLK_c +)
   Destination:    FF         Data in        u_dbg_status/sec_ctr_4352__i2  (to MCLK_c +)
                   FF                        u_dbg_status/sec_ctr_4352__i1

   Delay:               7.692ns  (24.6% logic, 75.4% route), 7 logic levels.

 Constraint Details:

      7.692ns physical path delay u_dbg_status/SLICE_10 to u_dbg_status/SLICE_16 meets
     41.667ns delay constraint less
      0.000ns skew and
      0.424ns LSR_SET requirement (totaling 41.243ns) by 33.551ns

 Physical Path Details:

      Data path u_dbg_status/SLICE_10 to u_dbg_status/SLICE_16:

   Name    Fanout   Delay (ns)          Site               Resource
REG_DEL     ---     0.525    R11C28D.CLK to     R11C28D.Q0 u_dbg_status/SLICE_10 (from MCLK_c)
ROUTE         2     0.685     R11C28D.Q0 to     R10C28A.C0 u_dbg_status/sec_ctr_13
CTOF_DEL    ---     0.236     R10C28A.C0 to     R10C28A.F0 u_dbg_status/SLICE_766
ROUTE         1     1.255     R10C28A.F0 to     R12C29A.B1 u_dbg_status/n72791
C1TOFCO_DE  ---     0.447     R12C29A.B1 to    R12C29A.FCO u_dbg_status/SLICE_22
ROUTE         1     0.000    R12C29A.FCO to    R12C29B.FCI u_dbg_status/n74109
FCITOFCO_D  ---     0.071    R12C29B.FCI to    R12C29B.FCO u_dbg_status/SLICE_21
ROUTE         1     0.000    R12C29B.FCO to    R12C29C.FCI u_dbg_status/n74110
FCITOFCO_D  ---     0.071    R12C29C.FCI to    R12C29C.FCO u_dbg_status/SLICE_20
ROUTE         1     0.000    R12C29C.FCO to    R12C29D.FCI u_dbg_status/n74111
FCITOFCO_D  ---     0.071    R12C29D.FCI to    R12C29D.FCO u_dbg_status/SLICE_19
ROUTE         1     0.000    R12C29D.FCO to    R12C30A.FCI u_dbg_status/n74112
FCITOF1_DE  ---     0.474    R12C30A.FCI to     R12C30A.F1 u_dbg_status/SLICE_18
ROUTE        18     3.857     R12C30A.F1 to    R11C27B.LSR u_dbg_status/sec_ctr_31__N_12302 (to MCLK_c)
                  --------
                    7.692   (24.6% logic, 75.4% route), 7 logic levels.

 Clock Skew Details: 

      Source Clock Path u_pll/PLLInst_0 to u_dbg_status/SLICE_10:

   Name    Fanout   Delay (ns)          Site               Resource
ROUTE        47     2.137  PLL_BL0.CLKOS to    R11C28D.CLK MCLK_c
                  --------
                    2.137   (0.0% logic, 100.0% route), 0 logic levels.

      Destination Clock Path u_pll/PLLInst_0 to u_dbg_status/SLICE_16:

   Name    Fanout   Delay (ns)          Site               Resource
ROUTE        47     2.137  PLL_BL0.CLKOS to    R11C27B.CLK MCLK_c
                  --------
                    2.137   (0.0% logic, 100.0% route), 0 logic levels.

Report:   91.042MHz is the maximum frequency for this preference.


================================================================================
Preference: FREQUENCY NET "SD_CLK_c" 48.000000 MHz ;
            4096 items scored, 0 timing errors detected.
--------------------------------------------------------------------------------


Passed: The following path meets requirements by 5.899ns

 Logical Details:  Cell type  Pin type       Cell/ASIC name  (clock net +/-)

   Source:         PDPW16KD   Port           u_cam_cfg/u_rom/mux_868(ASIC)  (from SD_CLK_c +)
   Destination:    FF         Data in        u_cam_cfg/cur_reg__i2  (to SD_CLK_c +)

   Delay:              14.961ns  (47.4% logic, 52.6% route), 6 logic levels.

 Constraint Details:

     14.961ns physical path delay u_cam_cfg/u_rom/mux_868 to u_cam_cfg/SLICE_189 meets
     20.833ns delay constraint less
      0.100ns skew and
     -0.127ns CE_SET requirement (totaling 20.860ns) by 5.899ns

 Physical Path Details:

      Data path u_cam_cfg/u_rom/mux_868 to u_cam_cfg/SLICE_189:

   Name    Fanout   Delay (ns)          Site               Resource
C2Q_DEL     ---     5.740 *R_R25C19.CLKR to EBR_R25C19.DO3 u_cam_cfg/u_rom/mux_868 (from SD_CLK_c)
ROUTE         1     1.255 EBR_R25C19.DO3 to     R26C17B.B0 u_cam_cfg/u_rom/n28054
CTOOFX_DEL  ---     0.401     R26C17B.B0 to   R26C17B.OFX0 u_cam_cfg/u_rom/i34798/SLICE_410
ROUTE         1     0.969   R26C17B.OFX0 to     R26C19D.A1 u_cam_cfg/u_rom/rom_entry_3
CTOF_DEL    ---     0.236     R26C19D.A1 to     R26C19D.F1 u_cam_cfg/u_rom/SLICE_551
ROUTE         1     0.374     R26C19D.F1 to     R26C19D.D0 u_cam_cfg/u_rom/n73341
CTOF_DEL    ---     0.236     R26C19D.D0 to     R26C19D.F0 u_cam_cfg/u_rom/SLICE_551
ROUTE         1     1.090     R26C19D.F0 to     R24C19C.A1 u_cam_cfg/u_rom/n72676
CTOF_DEL    ---     0.236     R24C19C.A1 to     R24C19C.F1 u_cam_cfg/u_rom/SLICE_549
ROUTE         4     1.035     R24C19C.F1 to     R30C23B.D1 u_cam_cfg/n18
CTOF_DEL    ---     0.236     R30C23B.D1 to     R30C23B.F1 u_cam_cfg/SLICE_545
ROUTE        19     3.153     R30C23B.F1 to     R27C19D.CE u_cam_cfg/SD_CLK_c_enable_244 (to SD_CLK_c)
                  --------
                   14.961   (47.4% logic, 52.6% route), 6 logic levels.

 Clock Skew Details: 

      Source Clock Path u_pll/PLLInst_0 to u_cam_cfg/u_rom/mux_868:

   Name    Fanout   Delay (ns)          Site               Resource
ROUTE       310     2.237  PLL_BL0.CLKOP to *R_R25C19.CLKR SD_CLK_c
                  --------
                    2.237   (0.0% logic, 100.0% route), 0 logic levels.

      Destination Clock Path u_pll/PLLInst_0 to u_cam_cfg/SLICE_189:

   Name    Fanout   Delay (ns)          Site               Resource
ROUTE       310     2.137  PLL_BL0.CLKOP to    R27C19D.CLK SD_CLK_c
                  --------
                    2.137   (0.0% logic, 100.0% route), 0 logic levels.


Passed: The following path meets requirements by 5.899ns

 Logical Details:  Cell type  Pin type       Cell/ASIC name  (clock net +/-)

   Source:         PDPW16KD   Port           u_cam_cfg/u_rom/mux_868(ASIC)  (from SD_CLK_c +)
   Destination:    FF         Data in        u_cam_cfg/cur_val_i0_i1  (to SD_CLK_c +)
                   FF                        u_cam_cfg/cur_val_i0_i0

   Delay:              14.961ns  (47.4% logic, 52.6% route), 6 logic levels.

 Constraint Details:

     14.961ns physical path delay u_cam_cfg/u_rom/mux_868 to u_cam_cfg/SLICE_203 meets
     20.833ns delay constraint less
      0.100ns skew and
     -0.127ns CE_SET requirement (totaling 20.860ns) by 5.899ns

 Physical Path Details:

      Data path u_cam_cfg/u_rom/mux_868 to u_cam_cfg/SLICE_203:

   Name    Fanout   Delay (ns)          Site               Resource
C2Q_DEL     ---     5.740 *R_R25C19.CLKR to EBR_R25C19.DO3 u_cam_cfg/u_rom/mux_868 (from SD_CLK_c)
ROUTE         1     1.255 EBR_R25C19.DO3 to     R26C17B.B0 u_cam_cfg/u_rom/n28054
CTOOFX_DEL  ---     0.401     R26C17B.B0 to   R26C17B.OFX0 u_cam_cfg/u_rom/i34798/SLICE_410
ROUTE         1     0.969   R26C17B.OFX0 to     R26C19D.A1 u_cam_cfg/u_rom/rom_entry_3
CTOF_DEL    ---     0.236     R26C19D.A1 to     R26C19D.F1 u_cam_cfg/u_rom/SLICE_551
ROUTE         1     0.374     R26C19D.F1 to     R26C19D.D0 u_cam_cfg/u_rom/n73341
CTOF_DEL    ---     0.236     R26C19D.D0 to     R26C19D.F0 u_cam_cfg/u_rom/SLICE_551
ROUTE         1     1.090     R26C19D.F0 to     R24C19C.A1 u_cam_cfg/u_rom/n72676
CTOF_DEL    ---     0.236     R24C19C.A1 to     R24C19C.F1 u_cam_cfg/u_rom/SLICE_549
ROUTE         4     1.035     R24C19C.F1 to     R30C23B.D1 u_cam_cfg/n18
CTOF_DEL    ---     0.236     R30C23B.D1 to     R30C23B.F1 u_cam_cfg/SLICE_545
ROUTE        19     3.153     R30C23B.F1 to     R27C23D.CE u_cam_cfg/SD_CLK_c_enable_244 (to SD_CLK_c)
                  --------
                   14.961   (47.4% logic, 52.6% route), 6 logic levels.

 Clock Skew Details: 

      Source Clock Path u_pll/PLLInst_0 to u_cam_cfg/u_rom/mux_868:

   Name    Fanout   Delay (ns)          Site               Resource
ROUTE       310     2.237  PLL_BL0.CLKOP to *R_R25C19.CLKR SD_CLK_c
                  --------
                    2.237   (0.0% logic, 100.0% route), 0 logic levels.

      Destination Clock Path u_pll/PLLInst_0 to u_cam_cfg/SLICE_203:

   Name    Fanout   Delay (ns)          Site               Resource
ROUTE       310     2.137  PLL_BL0.CLKOP to    R27C23D.CLK SD_CLK_c
                  --------
                    2.137   (0.0% logic, 100.0% route), 0 logic levels.


Passed: The following path meets requirements by 5.899ns

 Logical Details:  Cell type  Pin type       Cell/ASIC name  (clock net +/-)

   Source:         PDPW16KD   Port           u_cam_cfg/u_rom/mux_868(ASIC)  (from SD_CLK_c +)
   Destination:    FF         Data in        u_cam_cfg/cur_reg__i14  (to SD_CLK_c +)

   Delay:              14.961ns  (47.4% logic, 52.6% route), 6 logic levels.

 Constraint Details:

     14.961ns physical path delay u_cam_cfg/u_rom/mux_868 to u_cam_cfg/SLICE_201 meets
     20.833ns delay constraint less
      0.100ns skew and
     -0.127ns CE_SET requirement (totaling 20.860ns) by 5.899ns

 Physical Path Details:

      Data path u_cam_cfg/u_rom/mux_868 to u_cam_cfg/SLICE_201:

   Name    Fanout   Delay (ns)          Site               Resource
C2Q_DEL     ---     5.740 *R_R25C19.CLKR to EBR_R25C19.DO3 u_cam_cfg/u_rom/mux_868 (from SD_CLK_c)
ROUTE         1     1.255 EBR_R25C19.DO3 to     R26C17B.B0 u_cam_cfg/u_rom/n28054
CTOOFX_DEL  ---     0.401     R26C17B.B0 to   R26C17B.OFX0 u_cam_cfg/u_rom/i34798/SLICE_410
ROUTE         1     0.969   R26C17B.OFX0 to     R26C19D.A1 u_cam_cfg/u_rom/rom_entry_3
CTOF_DEL    ---     0.236     R26C19D.A1 to     R26C19D.F1 u_cam_cfg/u_rom/SLICE_551
ROUTE         1     0.374     R26C19D.F1 to     R26C19D.D0 u_cam_cfg/u_rom/n73341
CTOF_DEL    ---     0.236     R26C19D.D0 to     R26C19D.F0 u_cam_cfg/u_rom/SLICE_551
ROUTE         1     1.090     R26C19D.F0 to     R24C19C.A1 u_cam_cfg/u_rom/n72676
CTOF_DEL    ---     0.236     R24C19C.A1 to     R24C19C.F1 u_cam_cfg/u_rom/SLICE_549
ROUTE         4     1.035     R24C19C.F1 to     R30C23B.D1 u_cam_cfg/n18
CTOF_DEL    ---     0.236     R30C23B.D1 to     R30C23B.F1 u_cam_cfg/SLICE_545
ROUTE        19     3.153     R30C23B.F1 to     R24C21A.CE u_cam_cfg/SD_CLK_c_enable_244 (to SD_CLK_c)
                  --------
                   14.961   (47.4% logic, 52.6% route), 6 logic levels.

 Clock Skew Details: 

      Source Clock Path u_pll/PLLInst_0 to u_cam_cfg/u_rom/mux_868:

   Name    Fanout   Delay (ns)          Site               Resource
ROUTE       310     2.237  PLL_BL0.CLKOP to *R_R25C19.CLKR SD_CLK_c
                  --------
                    2.237   (0.0% logic, 100.0% route), 0 logic levels.

      Destination Clock Path u_pll/PLLInst_0 to u_cam_cfg/SLICE_201:

   Name    Fanout   Delay (ns)          Site               Resource
ROUTE       310     2.137  PLL_BL0.CLKOP to    R24C21A.CLK SD_CLK_c
                  --------
                    2.137   (0.0% logic, 100.0% route), 0 logic levels.


Passed: The following path meets requirements by 5.899ns

 Logical Details:  Cell type  Pin type       Cell/ASIC name  (clock net +/-)

   Source:         PDPW16KD   Port           u_cam_cfg/u_rom/mux_868(ASIC)  (from SD_CLK_c +)
   Destination:    FF         Data in        u_cam_cfg/cur_reg__i12  (to SD_CLK_c +)

   Delay:              14.961ns  (47.4% logic, 52.6% route), 6 logic levels.

 Constraint Details:

     14.961ns physical path delay u_cam_cfg/u_rom/mux_868 to u_cam_cfg/SLICE_199 meets
     20.833ns delay constraint less
      0.100ns skew and
     -0.127ns CE_SET requirement (totaling 20.860ns) by 5.899ns

 Physical Path Details:

      Data path u_cam_cfg/u_rom/mux_868 to u_cam_cfg/SLICE_199:

   Name    Fanout   Delay (ns)          Site               Resource
C2Q_DEL     ---     5.740 *R_R25C19.CLKR to EBR_R25C19.DO3 u_cam_cfg/u_rom/mux_868 (from SD_CLK_c)
ROUTE         1     1.255 EBR_R25C19.DO3 to     R26C17B.B0 u_cam_cfg/u_rom/n28054
CTOOFX_DEL  ---     0.401     R26C17B.B0 to   R26C17B.OFX0 u_cam_cfg/u_rom/i34798/SLICE_410
ROUTE         1     0.969   R26C17B.OFX0 to     R26C19D.A1 u_cam_cfg/u_rom/rom_entry_3
CTOF_DEL    ---     0.236     R26C19D.A1 to     R26C19D.F1 u_cam_cfg/u_rom/SLICE_551
ROUTE         1     0.374     R26C19D.F1 to     R26C19D.D0 u_cam_cfg/u_rom/n73341
CTOF_DEL    ---     0.236     R26C19D.D0 to     R26C19D.F0 u_cam_cfg/u_rom/SLICE_551
ROUTE         1     1.090     R26C19D.F0 to     R24C19C.A1 u_cam_cfg/u_rom/n72676
CTOF_DEL    ---     0.236     R24C19C.A1 to     R24C19C.F1 u_cam_cfg/u_rom/SLICE_549
ROUTE         4     1.035     R24C19C.F1 to     R30C23B.D1 u_cam_cfg/n18
CTOF_DEL    ---     0.236     R30C23B.D1 to     R30C23B.F1 u_cam_cfg/SLICE_545
ROUTE        19     3.153     R30C23B.F1 to     R24C21C.CE u_cam_cfg/SD_CLK_c_enable_244 (to SD_CLK_c)
                  --------
                   14.961   (47.4% logic, 52.6% route), 6 logic levels.

 Clock Skew Details: 

      Source Clock Path u_pll/PLLInst_0 to u_cam_cfg/u_rom/mux_868:

   Name    Fanout   Delay (ns)          Site               Resource
ROUTE       310     2.237  PLL_BL0.CLKOP to *R_R25C19.CLKR SD_CLK_c
                  --------
                    2.237   (0.0% logic, 100.0% route), 0 logic levels.

      Destination Clock Path u_pll/PLLInst_0 to u_cam_cfg/SLICE_199:

   Name    Fanout   Delay (ns)          Site               Resource
ROUTE       310     2.137  PLL_BL0.CLKOP to    R24C21C.CLK SD_CLK_c
                  --------
                    2.137   (0.0% logic, 100.0% route), 0 logic levels.


Passed: The following path meets requirements by 5.899ns

 Logical Details:  Cell type  Pin type       Cell/ASIC name  (clock net +/-)

   Source:         PDPW16KD   Port           u_cam_cfg/u_rom/mux_868(ASIC)  (from SD_CLK_c +)
   Destination:    FF         Data in        u_cam_cfg/cur_val_i0_i5  (to SD_CLK_c +)
                   FF                        u_cam_cfg/cur_val_i0_i4

   Delay:              14.961ns  (47.4% logic, 52.6% route), 6 logic levels.

 Constraint Details:

     14.961ns physical path delay u_cam_cfg/u_rom/mux_868 to u_cam_cfg/SLICE_205 meets
     20.833ns delay constraint less
      0.100ns skew and
     -0.127ns CE_SET requirement (totaling 20.860ns) by 5.899ns

 Physical Path Details:

      Data path u_cam_cfg/u_rom/mux_868 to u_cam_cfg/SLICE_205:

   Name    Fanout   Delay (ns)          Site               Resource
C2Q_DEL     ---     5.740 *R_R25C19.CLKR to EBR_R25C19.DO3 u_cam_cfg/u_rom/mux_868 (from SD_CLK_c)
ROUTE         1     1.255 EBR_R25C19.DO3 to     R26C17B.B0 u_cam_cfg/u_rom/n28054
CTOOFX_DEL  ---     0.401     R26C17B.B0 to   R26C17B.OFX0 u_cam_cfg/u_rom/i34798/SLICE_410
ROUTE         1     0.969   R26C17B.OFX0 to     R26C19D.A1 u_cam_cfg/u_rom/rom_entry_3
CTOF_DEL    ---     0.236     R26C19D.A1 to     R26C19D.F1 u_cam_cfg/u_rom/SLICE_551
ROUTE         1     0.374     R26C19D.F1 to     R26C19D.D0 u_cam_cfg/u_rom/n73341
CTOF_DEL    ---     0.236     R26C19D.D0 to     R26C19D.F0 u_cam_cfg/u_rom/SLICE_551
ROUTE         1     1.090     R26C19D.F0 to     R24C19C.A1 u_cam_cfg/u_rom/n72676
CTOF_DEL    ---     0.236     R24C19C.A1 to     R24C19C.F1 u_cam_cfg/u_rom/SLICE_549
ROUTE         4     1.035     R24C19C.F1 to     R30C23B.D1 u_cam_cfg/n18
CTOF_DEL    ---     0.236     R30C23B.D1 to     R30C23B.F1 u_cam_cfg/SLICE_545
ROUTE        19     3.153     R30C23B.F1 to     R26C24B.CE u_cam_cfg/SD_CLK_c_enable_244 (to SD_CLK_c)
                  --------
                   14.961   (47.4% logic, 52.6% route), 6 logic levels.

 Clock Skew Details: 

      Source Clock Path u_pll/PLLInst_0 to u_cam_cfg/u_rom/mux_868:

   Name    Fanout   Delay (ns)          Site               Resource
ROUTE       310     2.237  PLL_BL0.CLKOP to *R_R25C19.CLKR SD_CLK_c
                  --------
                    2.237   (0.0% logic, 100.0% route), 0 logic levels.

      Destination Clock Path u_pll/PLLInst_0 to u_cam_cfg/SLICE_205:

   Name    Fanout   Delay (ns)          Site               Resource
ROUTE       310     2.137  PLL_BL0.CLKOP to    R26C24B.CLK SD_CLK_c
                  --------
                    2.137   (0.0% logic, 100.0% route), 0 logic levels.


Passed: The following path meets requirements by 5.899ns

 Logical Details:  Cell type  Pin type       Cell/ASIC name  (clock net +/-)

   Source:         PDPW16KD   Port           u_cam_cfg/u_rom/mux_868(ASIC)  (from SD_CLK_c +)
   Destination:    FF         Data in        u_cam_cfg/cur_val_i0_i7  (to SD_CLK_c +)
                   FF                        u_cam_cfg/cur_val_i0_i6

   Delay:              14.961ns  (47.4% logic, 52.6% route), 6 logic levels.

 Constraint Details:

     14.961ns physical path delay u_cam_cfg/u_rom/mux_868 to u_cam_cfg/SLICE_206 meets
     20.833ns delay constraint less
      0.100ns skew and
     -0.127ns CE_SET requirement (totaling 20.860ns) by 5.899ns

 Physical Path Details:

      Data path u_cam_cfg/u_rom/mux_868 to u_cam_cfg/SLICE_206:

   Name    Fanout   Delay (ns)          Site               Resource
C2Q_DEL     ---     5.740 *R_R25C19.CLKR to EBR_R25C19.DO3 u_cam_cfg/u_rom/mux_868 (from SD_CLK_c)
ROUTE         1     1.255 EBR_R25C19.DO3 to     R26C17B.B0 u_cam_cfg/u_rom/n28054
CTOOFX_DEL  ---     0.401     R26C17B.B0 to   R26C17B.OFX0 u_cam_cfg/u_rom/i34798/SLICE_410
ROUTE         1     0.969   R26C17B.OFX0 to     R26C19D.A1 u_cam_cfg/u_rom/rom_entry_3
CTOF_DEL    ---     0.236     R26C19D.A1 to     R26C19D.F1 u_cam_cfg/u_rom/SLICE_551
ROUTE         1     0.374     R26C19D.F1 to     R26C19D.D0 u_cam_cfg/u_rom/n73341
CTOF_DEL    ---     0.236     R26C19D.D0 to     R26C19D.F0 u_cam_cfg/u_rom/SLICE_551
ROUTE         1     1.090     R26C19D.F0 to     R24C19C.A1 u_cam_cfg/u_rom/n72676
CTOF_DEL    ---     0.236     R24C19C.A1 to     R24C19C.F1 u_cam_cfg/u_rom/SLICE_549
ROUTE         4     1.035     R24C19C.F1 to     R30C23B.D1 u_cam_cfg/n18
CTOF_DEL    ---     0.236     R30C23B.D1 to     R30C23B.F1 u_cam_cfg/SLICE_545
ROUTE        19     3.153     R30C23B.F1 to     R26C23A.CE u_cam_cfg/SD_CLK_c_enable_244 (to SD_CLK_c)
                  --------
                   14.961   (47.4% logic, 52.6% route), 6 logic levels.

 Clock Skew Details: 

      Source Clock Path u_pll/PLLInst_0 to u_cam_cfg/u_rom/mux_868:

   Name    Fanout   Delay (ns)          Site               Resource
ROUTE       310     2.237  PLL_BL0.CLKOP to *R_R25C19.CLKR SD_CLK_c
                  --------
                    2.237   (0.0% logic, 100.0% route), 0 logic levels.

      Destination Clock Path u_pll/PLLInst_0 to u_cam_cfg/SLICE_206:

   Name    Fanout   Delay (ns)          Site               Resource
ROUTE       310     2.137  PLL_BL0.CLKOP to    R26C23A.CLK SD_CLK_c
                  --------
                    2.137   (0.0% logic, 100.0% route), 0 logic levels.


Passed: The following path meets requirements by 5.899ns

 Logical Details:  Cell type  Pin type       Cell/ASIC name  (clock net +/-)

   Source:         PDPW16KD   Port           u_cam_cfg/u_rom/mux_868(ASIC)  (from SD_CLK_c +)
   Destination:    FF         Data in        u_cam_cfg/cur_reg__i8  (to SD_CLK_c +)

   Delay:              14.961ns  (47.4% logic, 52.6% route), 6 logic levels.

 Constraint Details:

     14.961ns physical path delay u_cam_cfg/u_rom/mux_868 to u_cam_cfg/SLICE_195 meets
     20.833ns delay constraint less
      0.100ns skew and
     -0.127ns CE_SET requirement (totaling 20.860ns) by 5.899ns

 Physical Path Details:

      Data path u_cam_cfg/u_rom/mux_868 to u_cam_cfg/SLICE_195:

   Name    Fanout   Delay (ns)          Site               Resource
C2Q_DEL     ---     5.740 *R_R25C19.CLKR to EBR_R25C19.DO3 u_cam_cfg/u_rom/mux_868 (from SD_CLK_c)
ROUTE         1     1.255 EBR_R25C19.DO3 to     R26C17B.B0 u_cam_cfg/u_rom/n28054
CTOOFX_DEL  ---     0.401     R26C17B.B0 to   R26C17B.OFX0 u_cam_cfg/u_rom/i34798/SLICE_410
ROUTE         1     0.969   R26C17B.OFX0 to     R26C19D.A1 u_cam_cfg/u_rom/rom_entry_3
CTOF_DEL    ---     0.236     R26C19D.A1 to     R26C19D.F1 u_cam_cfg/u_rom/SLICE_551
ROUTE         1     0.374     R26C19D.F1 to     R26C19D.D0 u_cam_cfg/u_rom/n73341
CTOF_DEL    ---     0.236     R26C19D.D0 to     R26C19D.F0 u_cam_cfg/u_rom/SLICE_551
ROUTE         1     1.090     R26C19D.F0 to     R24C19C.A1 u_cam_cfg/u_rom/n72676
CTOF_DEL    ---     0.236     R24C19C.A1 to     R24C19C.F1 u_cam_cfg/u_rom/SLICE_549
ROUTE         4     1.035     R24C19C.F1 to     R30C23B.D1 u_cam_cfg/n18
CTOF_DEL    ---     0.236     R30C23B.D1 to     R30C23B.F1 u_cam_cfg/SLICE_545
ROUTE        19     3.153     R30C23B.F1 to     R24C20B.CE u_cam_cfg/SD_CLK_c_enable_244 (to SD_CLK_c)
                  --------
                   14.961   (47.4% logic, 52.6% route), 6 logic levels.

 Clock Skew Details: 

      Source Clock Path u_pll/PLLInst_0 to u_cam_cfg/u_rom/mux_868:

   Name    Fanout   Delay (ns)          Site               Resource
ROUTE       310     2.237  PLL_BL0.CLKOP to *R_R25C19.CLKR SD_CLK_c
                  --------
                    2.237   (0.0% logic, 100.0% route), 0 logic levels.

      Destination Clock Path u_pll/PLLInst_0 to u_cam_cfg/SLICE_195:

   Name    Fanout   Delay (ns)          Site               Resource
ROUTE       310     2.137  PLL_BL0.CLKOP to    R24C20B.CLK SD_CLK_c
                  --------
                    2.137   (0.0% logic, 100.0% route), 0 logic levels.


Passed: The following path meets requirements by 5.899ns

 Logical Details:  Cell type  Pin type       Cell/ASIC name  (clock net +/-)

   Source:         PDPW16KD   Port           u_cam_cfg/u_rom/mux_868(ASIC)  (from SD_CLK_c +)
   Destination:    FF         Data in        u_cam_cfg/cur_reg__i6  (to SD_CLK_c +)

   Delay:              14.961ns  (47.4% logic, 52.6% route), 6 logic levels.

 Constraint Details:

     14.961ns physical path delay u_cam_cfg/u_rom/mux_868 to u_cam_cfg/SLICE_193 meets
     20.833ns delay constraint less
      0.100ns skew and
     -0.127ns CE_SET requirement (totaling 20.860ns) by 5.899ns

 Physical Path Details:

      Data path u_cam_cfg/u_rom/mux_868 to u_cam_cfg/SLICE_193:

   Name    Fanout   Delay (ns)          Site               Resource
C2Q_DEL     ---     5.740 *R_R25C19.CLKR to EBR_R25C19.DO3 u_cam_cfg/u_rom/mux_868 (from SD_CLK_c)
ROUTE         1     1.255 EBR_R25C19.DO3 to     R26C17B.B0 u_cam_cfg/u_rom/n28054
CTOOFX_DEL  ---     0.401     R26C17B.B0 to   R26C17B.OFX0 u_cam_cfg/u_rom/i34798/SLICE_410
ROUTE         1     0.969   R26C17B.OFX0 to     R26C19D.A1 u_cam_cfg/u_rom/rom_entry_3
CTOF_DEL    ---     0.236     R26C19D.A1 to     R26C19D.F1 u_cam_cfg/u_rom/SLICE_551
ROUTE         1     0.374     R26C19D.F1 to     R26C19D.D0 u_cam_cfg/u_rom/n73341
CTOF_DEL    ---     0.236     R26C19D.D0 to     R26C19D.F0 u_cam_cfg/u_rom/SLICE_551
ROUTE         1     1.090     R26C19D.F0 to     R24C19C.A1 u_cam_cfg/u_rom/n72676
CTOF_DEL    ---     0.236     R24C19C.A1 to     R24C19C.F1 u_cam_cfg/u_rom/SLICE_549
ROUTE         4     1.035     R24C19C.F1 to     R30C23B.D1 u_cam_cfg/n18
CTOF_DEL    ---     0.236     R30C23B.D1 to     R30C23B.F1 u_cam_cfg/SLICE_545
ROUTE        19     3.153     R30C23B.F1 to     R26C20C.CE u_cam_cfg/SD_CLK_c_enable_244 (to SD_CLK_c)
                  --------
                   14.961   (47.4% logic, 52.6% route), 6 logic levels.

 Clock Skew Details: 

      Source Clock Path u_pll/PLLInst_0 to u_cam_cfg/u_rom/mux_868:

   Name    Fanout   Delay (ns)          Site               Resource
ROUTE       310     2.237  PLL_BL0.CLKOP to *R_R25C19.CLKR SD_CLK_c
                  --------
                    2.237   (0.0% logic, 100.0% route), 0 logic levels.

      Destination Clock Path u_pll/PLLInst_0 to u_cam_cfg/SLICE_193:

   Name    Fanout   Delay (ns)          Site               Resource
ROUTE       310     2.137  PLL_BL0.CLKOP to    R26C20C.CLK SD_CLK_c
                  --------
                    2.137   (0.0% logic, 100.0% route), 0 logic levels.


Passed: The following path meets requirements by 5.899ns

 Logical Details:  Cell type  Pin type       Cell/ASIC name  (clock net +/-)

   Source:         PDPW16KD   Port           u_cam_cfg/u_rom/mux_868(ASIC)  (from SD_CLK_c +)
   Destination:    FF         Data in        u_cam_cfg/cur_reg__i4  (to SD_CLK_c +)

   Delay:              14.961ns  (47.4% logic, 52.6% route), 6 logic levels.

 Constraint Details:

     14.961ns physical path delay u_cam_cfg/u_rom/mux_868 to u_cam_cfg/SLICE_191 meets
     20.833ns delay constraint less
      0.100ns skew and
     -0.127ns CE_SET requirement (totaling 20.860ns) by 5.899ns

 Physical Path Details:

      Data path u_cam_cfg/u_rom/mux_868 to u_cam_cfg/SLICE_191:

   Name    Fanout   Delay (ns)          Site               Resource
C2Q_DEL     ---     5.740 *R_R25C19.CLKR to EBR_R25C19.DO3 u_cam_cfg/u_rom/mux_868 (from SD_CLK_c)
ROUTE         1     1.255 EBR_R25C19.DO3 to     R26C17B.B0 u_cam_cfg/u_rom/n28054
CTOOFX_DEL  ---     0.401     R26C17B.B0 to   R26C17B.OFX0 u_cam_cfg/u_rom/i34798/SLICE_410
ROUTE         1     0.969   R26C17B.OFX0 to     R26C19D.A1 u_cam_cfg/u_rom/rom_entry_3
CTOF_DEL    ---     0.236     R26C19D.A1 to     R26C19D.F1 u_cam_cfg/u_rom/SLICE_551
ROUTE         1     0.374     R26C19D.F1 to     R26C19D.D0 u_cam_cfg/u_rom/n73341
CTOF_DEL    ---     0.236     R26C19D.D0 to     R26C19D.F0 u_cam_cfg/u_rom/SLICE_551
ROUTE         1     1.090     R26C19D.F0 to     R24C19C.A1 u_cam_cfg/u_rom/n72676
CTOF_DEL    ---     0.236     R24C19C.A1 to     R24C19C.F1 u_cam_cfg/u_rom/SLICE_549
ROUTE         4     1.035     R24C19C.F1 to     R30C23B.D1 u_cam_cfg/n18
CTOF_DEL    ---     0.236     R30C23B.D1 to     R30C23B.F1 u_cam_cfg/SLICE_545
ROUTE        19     3.153     R30C23B.F1 to     R24C18A.CE u_cam_cfg/SD_CLK_c_enable_244 (to SD_CLK_c)
                  --------
                   14.961   (47.4% logic, 52.6% route), 6 logic levels.

 Clock Skew Details: 

      Source Clock Path u_pll/PLLInst_0 to u_cam_cfg/u_rom/mux_868:

   Name    Fanout   Delay (ns)          Site               Resource
ROUTE       310     2.237  PLL_BL0.CLKOP to *R_R25C19.CLKR SD_CLK_c
                  --------
                    2.237   (0.0% logic, 100.0% route), 0 logic levels.

      Destination Clock Path u_pll/PLLInst_0 to u_cam_cfg/SLICE_191:

   Name    Fanout   Delay (ns)          Site               Resource
ROUTE       310     2.137  PLL_BL0.CLKOP to    R24C18A.CLK SD_CLK_c
                  --------
                    2.137   (0.0% logic, 100.0% route), 0 logic levels.


Passed: The following path meets requirements by 5.899ns

 Logical Details:  Cell type  Pin type       Cell/ASIC name  (clock net +/-)

   Source:         PDPW16KD   Port           u_cam_cfg/u_rom/mux_868(ASIC)  (from SD_CLK_c +)
   Destination:    FF         Data in        u_cam_cfg/cur_reg__i10  (to SD_CLK_c +)

   Delay:              14.961ns  (47.4% logic, 52.6% route), 6 logic levels.

 Constraint Details:

     14.961ns physical path delay u_cam_cfg/u_rom/mux_868 to u_cam_cfg/SLICE_197 meets
     20.833ns delay constraint less
      0.100ns skew and
     -0.127ns CE_SET requirement (totaling 20.860ns) by 5.899ns

 Physical Path Details:

      Data path u_cam_cfg/u_rom/mux_868 to u_cam_cfg/SLICE_197:

   Name    Fanout   Delay (ns)          Site               Resource
C2Q_DEL     ---     5.740 *R_R25C19.CLKR to EBR_R25C19.DO3 u_cam_cfg/u_rom/mux_868 (from SD_CLK_c)
ROUTE         1     1.255 EBR_R25C19.DO3 to     R26C17B.B0 u_cam_cfg/u_rom/n28054
CTOOFX_DEL  ---     0.401     R26C17B.B0 to   R26C17B.OFX0 u_cam_cfg/u_rom/i34798/SLICE_410
ROUTE         1     0.969   R26C17B.OFX0 to     R26C19D.A1 u_cam_cfg/u_rom/rom_entry_3
CTOF_DEL    ---     0.236     R26C19D.A1 to     R26C19D.F1 u_cam_cfg/u_rom/SLICE_551
ROUTE         1     0.374     R26C19D.F1 to     R26C19D.D0 u_cam_cfg/u_rom/n73341
CTOF_DEL    ---     0.236     R26C19D.D0 to     R26C19D.F0 u_cam_cfg/u_rom/SLICE_551
ROUTE         1     1.090     R26C19D.F0 to     R24C19C.A1 u_cam_cfg/u_rom/n72676
CTOF_DEL    ---     0.236     R24C19C.A1 to     R24C19C.F1 u_cam_cfg/u_rom/SLICE_549
ROUTE         4     1.035     R24C19C.F1 to     R30C23B.D1 u_cam_cfg/n18
CTOF_DEL    ---     0.236     R30C23B.D1 to     R30C23B.F1 u_cam_cfg/SLICE_545
ROUTE        19     3.153     R30C23B.F1 to     R26C21D.CE u_cam_cfg/SD_CLK_c_enable_244 (to SD_CLK_c)
                  --------
                   14.961   (47.4% logic, 52.6% route), 6 logic levels.

 Clock Skew Details: 

      Source Clock Path u_pll/PLLInst_0 to u_cam_cfg/u_rom/mux_868:

   Name    Fanout   Delay (ns)          Site               Resource
ROUTE       310     2.237  PLL_BL0.CLKOP to *R_R25C19.CLKR SD_CLK_c
                  --------
                    2.237   (0.0% logic, 100.0% route), 0 logic levels.

      Destination Clock Path u_pll/PLLInst_0 to u_cam_cfg/SLICE_197:

   Name    Fanout   Delay (ns)          Site               Resource
ROUTE       310     2.137  PLL_BL0.CLKOP to    R26C21D.CLK SD_CLK_c
                  --------
                    2.137   (0.0% logic, 100.0% route), 0 logic levels.

Report:   66.961MHz is the maximum frequency for this preference.


================================================================================
Preference: FREQUENCY NET "CRYSTAL_c" 24.000000 MHz ;
            0 items scored, 0 timing errors detected.
--------------------------------------------------------------------------------

Report Summary
--------------
----------------------------------------------------------------------------
Preference                              |   Constraint|       Actual|Levels
----------------------------------------------------------------------------
                                        |             |             |
FREQUENCY NET "MCLK_c" 24.000000 MHz ;  |   24.000 MHz|   91.042 MHz|   5  
                                        |             |             |
FREQUENCY NET "SD_CLK_c" 48.000000 MHz  |             |             |
;                                       |   48.000 MHz|   66.961 MHz|   6  
                                        |             |             |
FREQUENCY NET "CRYSTAL_c" 24.000000 MHz |             |             |
;                                       |            -|            -|   0  
                                        |             |             |
----------------------------------------------------------------------------


All preferences were met.


Clock Domains Analysis
------------------------

Found 4 clocks:

Clock Domain: SD_CLK_c   Source: u_pll/PLLInst_0.CLKOP   Loads: 310
   Covered under: FREQUENCY NET "SD_CLK_c" 48.000000 MHz ;

   Data transfers from:
   Clock Domain: PCLK_c   Source: PCLK.PAD
      Not reported because source and destination domains are unrelated.

Clock Domain: PCLK_c   Source: PCLK.PAD   Loads: 12
   No transfer within this clock domain is found

Clock Domain: MCLK_c   Source: u_pll/PLLInst_0.CLKOS   Loads: 47
   Covered under: FREQUENCY NET "MCLK_c" 24.000000 MHz ;

   Data transfers from:
   Clock Domain: SD_CLK_c   Source: u_pll/PLLInst_0.CLKOP
      Covered under: FREQUENCY NET "MCLK_c" 24.000000 MHz ;   Transfers: 5

Clock Domain: CRYSTAL_c   Source: CRYSTAL.PAD   Loads: 1
   No transfer within this clock domain is found


Timing summary (Setup):
---------------

Timing errors: 0  Score: 0
Cumulative negative slack: 0

Constraints cover 101833 paths, 3 nets, and 5790 connections (98.42% coverage)

--------------------------------------------------------------------------------
Lattice TRACE Report - Hold, Version Diamond (64-bit) 3.14.0.75.2
Mon Apr 13 19:47:14 2026

Copyright (c) 1991-1994 by NeoCAD Inc. All rights reserved.
Copyright (c) 1995 AT&T Corp.   All rights reserved.
Copyright (c) 1995-2001 Lucent Technologies Inc.  All rights reserved.
Copyright (c) 2001 Agere Systems   All rights reserved.
Copyright (c) 2002-2024 Lattice Semiconductor Corporation,  All rights reserved.

Report Information
------------------
Command line:    trce -v 10 -gt -sethld -sp 6 -sphld m -o AICAM_impl1.twr -gui -msgset C:/Users/kunsh/Desktop/AiCamera/Lattice Diamond/promote.xml AICAM_impl1.ncd AICAM_impl1.prf 
Design file:     aicam_impl1.ncd
Preference file: aicam_impl1.prf
Device,speed:    LFE5U-25F,m
Report level:    verbose report, limited to 10 items per preference
--------------------------------------------------------------------------------



================================================================================
Preference: FREQUENCY NET "MCLK_c" 24.000000 MHz ;
            2472 items scored, 0 timing errors detected.
--------------------------------------------------------------------------------


Passed: The following path meets requirements by 0.181ns

 Logical Details:  Cell type  Pin type       Cell/ASIC name  (clock net +/-)

   Source:         FF         Q              u_dbg_status/bit_idx_4353__i0  (from MCLK_c +)
   Destination:    FF         Data in        u_dbg_status/bit_idx_4353__i0  (to MCLK_c +)

   Delay:               0.300ns  (80.0% logic, 20.0% route), 2 logic levels.

 Constraint Details:

      0.300ns physical path delay u_dbg_status/SLICE_326 to u_dbg_status/SLICE_326 meets
      0.119ns DIN_HLD and
      0.000ns delay constraint less
      0.000ns skew requirement (totaling 0.119ns) by 0.181ns

 Physical Path Details:

      Data path u_dbg_status/SLICE_326 to u_dbg_status/SLICE_326:

   Name    Fanout   Delay (ns)          Site               Resource
REG_DEL     ---     0.164    R24C32B.CLK to     R24C32B.Q0 u_dbg_status/SLICE_326 (from MCLK_c)
ROUTE         5     0.060     R24C32B.Q0 to     R24C32B.D0 u_dbg_status/bit_idx_0
CTOF_DEL    ---     0.076     R24C32B.D0 to     R24C32B.F0 u_dbg_status/SLICE_326
ROUTE         1     0.000     R24C32B.F0 to    R24C32B.DI0 u_dbg_status/n70163 (to MCLK_c)
                  --------
                    0.300   (80.0% logic, 20.0% route), 2 logic levels.

 Clock Skew Details: 

      Source Clock Path u_pll/PLLInst_0 to u_dbg_status/SLICE_326:

   Name    Fanout   Delay (ns)          Site               Resource
ROUTE        47     0.653  PLL_BL0.CLKOS to    R24C32B.CLK MCLK_c
                  --------
                    0.653   (0.0% logic, 100.0% route), 0 logic levels.

      Destination Clock Path u_pll/PLLInst_0 to u_dbg_status/SLICE_326:

   Name    Fanout   Delay (ns)          Site               Resource
ROUTE        47     0.653  PLL_BL0.CLKOS to    R24C32B.CLK MCLK_c
                  --------
                    0.653   (0.0% logic, 100.0% route), 0 logic levels.


Passed: The following path meets requirements by 0.192ns

 Logical Details:  Cell type  Pin type       Cell/ASIC name  (clock net +/-)

   Source:         FF         Q              u_dbg_status/sending_151  (from MCLK_c +)
   Destination:    FF         Data in        u_dbg_status/sending_151  (to MCLK_c +)

   Delay:               0.311ns  (77.2% logic, 22.8% route), 2 logic levels.

 Constraint Details:

      0.311ns physical path delay u_dbg_status/SLICE_330 to u_dbg_status/SLICE_330 meets
      0.119ns DIN_HLD and
      0.000ns delay constraint less
      0.000ns skew requirement (totaling 0.119ns) by 0.192ns

 Physical Path Details:

      Data path u_dbg_status/SLICE_330 to u_dbg_status/SLICE_330:

   Name    Fanout   Delay (ns)          Site               Resource
REG_DEL     ---     0.164    R31C33D.CLK to     R31C33D.Q0 u_dbg_status/SLICE_330 (from MCLK_c)
ROUTE         4     0.071     R31C33D.Q0 to     R31C33D.C0 u_dbg_status/sending
CTOF_DEL    ---     0.076     R31C33D.C0 to     R31C33D.F0 u_dbg_status/SLICE_330
ROUTE         1     0.000     R31C33D.F0 to    R31C33D.DI0 u_dbg_status/n63117 (to MCLK_c)
                  --------
                    0.311   (77.2% logic, 22.8% route), 2 logic levels.

 Clock Skew Details: 

      Source Clock Path u_pll/PLLInst_0 to u_dbg_status/SLICE_330:

   Name    Fanout   Delay (ns)          Site               Resource
ROUTE        47     0.653  PLL_BL0.CLKOS to    R31C33D.CLK MCLK_c
                  --------
                    0.653   (0.0% logic, 100.0% route), 0 logic levels.

      Destination Clock Path u_pll/PLLInst_0 to u_dbg_status/SLICE_330:

   Name    Fanout   Delay (ns)          Site               Resource
ROUTE        47     0.653  PLL_BL0.CLKOS to    R31C33D.CLK MCLK_c
                  --------
                    0.653   (0.0% logic, 100.0% route), 0 logic levels.


Passed: The following path meets requirements by 0.194ns

 Logical Details:  Cell type  Pin type       Cell/ASIC name  (clock net +/-)

   Source:         FF         Q              u_dbg_status/busy_147  (from MCLK_c +)
   Destination:    FF         Data in        u_dbg_status/busy_147  (to MCLK_c +)

   Delay:               0.313ns  (76.7% logic, 23.3% route), 2 logic levels.

 Constraint Details:

      0.313ns physical path delay u_dbg_status/SLICE_328 to u_dbg_status/SLICE_328 meets
      0.119ns DIN_HLD and
      0.000ns delay constraint less
      0.000ns skew requirement (totaling 0.119ns) by 0.194ns

 Physical Path Details:

      Data path u_dbg_status/SLICE_328 to u_dbg_status/SLICE_328:

   Name    Fanout   Delay (ns)          Site               Resource
REG_DEL     ---     0.164    R24C32C.CLK to     R24C32C.Q0 u_dbg_status/SLICE_328 (from MCLK_c)
ROUTE        18     0.073     R24C32C.Q0 to     R24C32C.C0 u_dbg_status/busy
CTOF_DEL    ---     0.076     R24C32C.C0 to     R24C32C.F0 u_dbg_status/SLICE_328
ROUTE         1     0.000     R24C32C.F0 to    R24C32C.DI0 u_dbg_status/n63115 (to MCLK_c)
                  --------
                    0.313   (76.7% logic, 23.3% route), 2 logic levels.

 Clock Skew Details: 

      Source Clock Path u_pll/PLLInst_0 to u_dbg_status/SLICE_328:

   Name    Fanout   Delay (ns)          Site               Resource
ROUTE        47     0.653  PLL_BL0.CLKOS to    R24C32C.CLK MCLK_c
                  --------
                    0.653   (0.0% logic, 100.0% route), 0 logic levels.

      Destination Clock Path u_pll/PLLInst_0 to u_dbg_status/SLICE_328:

   Name    Fanout   Delay (ns)          Site               Resource
ROUTE        47     0.653  PLL_BL0.CLKOS to    R24C32C.CLK MCLK_c
                  --------
                    0.653   (0.0% logic, 100.0% route), 0 logic levels.


Passed: The following path meets requirements by 0.241ns

 Logical Details:  Cell type  Pin type       Cell/ASIC name  (clock net +/-)

   Source:         FF         Q              u_dbg_status/shreg__i8  (from MCLK_c +)
   Destination:    FF         Data in        u_dbg_status/shreg__i7  (to MCLK_c +)

   Delay:               0.360ns  (66.4% logic, 33.6% route), 2 logic levels.

 Constraint Details:

      0.360ns physical path delay u_dbg_status/SLICE_334 to u_dbg_status/SLICE_334 meets
      0.119ns DIN_HLD and
      0.000ns delay constraint less
      0.000ns skew requirement (totaling 0.119ns) by 0.241ns

 Physical Path Details:

      Data path u_dbg_status/SLICE_334 to u_dbg_status/SLICE_334:

   Name    Fanout   Delay (ns)          Site               Resource
REG_DEL     ---     0.163    R30C31A.CLK to     R30C31A.Q1 u_dbg_status/SLICE_334 (from MCLK_c)
ROUTE         1     0.121     R30C31A.Q1 to     R30C31A.D0 u_dbg_status/shreg_8
CTOF_DEL    ---     0.076     R30C31A.D0 to     R30C31A.F0 u_dbg_status/SLICE_334
ROUTE         1     0.000     R30C31A.F0 to    R30C31A.DI0 u_dbg_status/n34094 (to MCLK_c)
                  --------
                    0.360   (66.4% logic, 33.6% route), 2 logic levels.

 Clock Skew Details: 

      Source Clock Path u_pll/PLLInst_0 to u_dbg_status/SLICE_334:

   Name    Fanout   Delay (ns)          Site               Resource
ROUTE        47     0.653  PLL_BL0.CLKOS to    R30C31A.CLK MCLK_c
                  --------
                    0.653   (0.0% logic, 100.0% route), 0 logic levels.

      Destination Clock Path u_pll/PLLInst_0 to u_dbg_status/SLICE_334:

   Name    Fanout   Delay (ns)          Site               Resource
ROUTE        47     0.653  PLL_BL0.CLKOS to    R30C31A.CLK MCLK_c
                  --------
                    0.653   (0.0% logic, 100.0% route), 0 logic levels.


Passed: The following path meets requirements by 0.249ns

 Logical Details:  Cell type  Pin type       Cell/ASIC name  (clock net +/-)

   Source:         FF         Q              u_dbg_status/bit_idx_4353__i2  (from MCLK_c +)
   Destination:    FF         Data in        u_dbg_status/bit_idx_4353__i2  (to MCLK_c +)

   Delay:               0.368ns  (65.2% logic, 34.8% route), 2 logic levels.

 Constraint Details:

      0.368ns physical path delay u_dbg_status/SLICE_327 to u_dbg_status/SLICE_327 meets
      0.119ns DIN_HLD and
      0.000ns delay constraint less
      0.000ns skew requirement (totaling 0.119ns) by 0.249ns

 Physical Path Details:

      Data path u_dbg_status/SLICE_327 to u_dbg_status/SLICE_327:

   Name    Fanout   Delay (ns)          Site               Resource
REG_DEL     ---     0.164    R24C32D.CLK to     R24C32D.Q0 u_dbg_status/SLICE_327 (from MCLK_c)
ROUTE         3     0.128     R24C32D.Q0 to     R24C32D.D0 u_dbg_status/bit_idx_2
CTOF_DEL    ---     0.076     R24C32D.D0 to     R24C32D.F0 u_dbg_status/SLICE_327
ROUTE         1     0.000     R24C32D.F0 to    R24C32D.DI0 u_dbg_status/n23 (to MCLK_c)
                  --------
                    0.368   (65.2% logic, 34.8% route), 2 logic levels.

 Clock Skew Details: 

      Source Clock Path u_pll/PLLInst_0 to u_dbg_status/SLICE_327:

   Name    Fanout   Delay (ns)          Site               Resource
ROUTE        47     0.653  PLL_BL0.CLKOS to    R24C32D.CLK MCLK_c
                  --------
                    0.653   (0.0% logic, 100.0% route), 0 logic levels.

      Destination Clock Path u_pll/PLLInst_0 to u_dbg_status/SLICE_327:

   Name    Fanout   Delay (ns)          Site               Resource
ROUTE        47     0.653  PLL_BL0.CLKOS to    R24C32D.CLK MCLK_c
                  --------
                    0.653   (0.0% logic, 100.0% route), 0 logic levels.


Passed: The following path meets requirements by 0.252ns

 Logical Details:  Cell type  Pin type       Cell/ASIC name  (clock net +/-)

   Source:         FF         Q              u_dbg_status/start_data__i1  (from MCLK_c +)
   Destination:    FF         Data in        u_dbg_status/shreg__i1  (to MCLK_c +)

   Delay:               0.371ns  (64.7% logic, 35.3% route), 2 logic levels.

 Constraint Details:

      0.371ns physical path delay u_dbg_status/SLICE_335 to u_dbg_status/SLICE_331 meets
      0.119ns DIN_HLD and
      0.000ns delay constraint less
      0.000ns skew requirement (totaling 0.119ns) by 0.252ns

 Physical Path Details:

      Data path u_dbg_status/SLICE_335 to u_dbg_status/SLICE_331:

   Name    Fanout   Delay (ns)          Site               Resource
REG_DEL     ---     0.164    R32C32A.CLK to     R32C32A.Q0 u_dbg_status/SLICE_335 (from MCLK_c)
ROUTE         1     0.131     R32C32A.Q0 to     R30C32B.D0 u_dbg_status/start_data_0
CTOF_DEL    ---     0.076     R30C32B.D0 to     R30C32B.F0 u_dbg_status/SLICE_331
ROUTE         1     0.000     R30C32B.F0 to    R30C32B.DI0 u_dbg_status/n34100 (to MCLK_c)
                  --------
                    0.371   (64.7% logic, 35.3% route), 2 logic levels.

 Clock Skew Details: 

      Source Clock Path u_pll/PLLInst_0 to u_dbg_status/SLICE_335:

   Name    Fanout   Delay (ns)          Site               Resource
ROUTE        47     0.653  PLL_BL0.CLKOS to    R32C32A.CLK MCLK_c
                  --------
                    0.653   (0.0% logic, 100.0% route), 0 logic levels.

      Destination Clock Path u_pll/PLLInst_0 to u_dbg_status/SLICE_331:

   Name    Fanout   Delay (ns)          Site               Resource
ROUTE        47     0.653  PLL_BL0.CLKOS to    R30C32B.CLK MCLK_c
                  --------
                    0.653   (0.0% logic, 100.0% route), 0 logic levels.


Passed: The following path meets requirements by 0.253ns

 Logical Details:  Cell type  Pin type       Cell/ASIC name  (clock net +/-)

   Source:         FF         Q              u_dbg_status/shreg__i4  (from MCLK_c +)
   Destination:    FF         Data in        u_dbg_status/shreg__i3  (to MCLK_c +)

   Delay:               0.372ns  (64.2% logic, 35.8% route), 2 logic levels.

 Constraint Details:

      0.372ns physical path delay u_dbg_status/SLICE_332 to u_dbg_status/SLICE_332 meets
      0.119ns DIN_HLD and
      0.000ns delay constraint less
      0.000ns skew requirement (totaling 0.119ns) by 0.253ns

 Physical Path Details:

      Data path u_dbg_status/SLICE_332 to u_dbg_status/SLICE_332:

   Name    Fanout   Delay (ns)          Site               Resource
REG_DEL     ---     0.163    R30C31C.CLK to     R30C31C.Q1 u_dbg_status/SLICE_332 (from MCLK_c)
ROUTE         1     0.133     R30C31C.Q1 to     R30C31C.D0 u_dbg_status/shreg_4
CTOF_DEL    ---     0.076     R30C31C.D0 to     R30C31C.F0 u_dbg_status/SLICE_332
ROUTE         1     0.000     R30C31C.F0 to    R30C31C.DI0 u_dbg_status/n34098 (to MCLK_c)
                  --------
                    0.372   (64.2% logic, 35.8% route), 2 logic levels.

 Clock Skew Details: 

      Source Clock Path u_pll/PLLInst_0 to u_dbg_status/SLICE_332:

   Name    Fanout   Delay (ns)          Site               Resource
ROUTE        47     0.653  PLL_BL0.CLKOS to    R30C31C.CLK MCLK_c
                  --------
                    0.653   (0.0% logic, 100.0% route), 0 logic levels.

      Destination Clock Path u_pll/PLLInst_0 to u_dbg_status/SLICE_332:

   Name    Fanout   Delay (ns)          Site               Resource
ROUTE        47     0.653  PLL_BL0.CLKOS to    R30C31C.CLK MCLK_c
                  --------
                    0.653   (0.0% logic, 100.0% route), 0 logic levels.


Passed: The following path meets requirements by 0.254ns

 Logical Details:  Cell type  Pin type       Cell/ASIC name  (clock net +/-)

   Source:         FF         Q              u_dbg_status/shreg__i7  (from MCLK_c +)
   Destination:    FF         Data in        u_dbg_status/shreg__i6  (to MCLK_c +)

   Delay:               0.373ns  (64.3% logic, 35.7% route), 2 logic levels.

 Constraint Details:

      0.373ns physical path delay u_dbg_status/SLICE_334 to u_dbg_status/SLICE_333 meets
      0.119ns DIN_HLD and
      0.000ns delay constraint less
      0.000ns skew requirement (totaling 0.119ns) by 0.254ns

 Physical Path Details:

      Data path u_dbg_status/SLICE_334 to u_dbg_status/SLICE_333:

   Name    Fanout   Delay (ns)          Site               Resource
REG_DEL     ---     0.164    R30C31A.CLK to     R30C31A.Q0 u_dbg_status/SLICE_334 (from MCLK_c)
ROUTE         1     0.133     R30C31A.Q0 to     R30C31B.D1 u_dbg_status/shreg_7
CTOF_DEL    ---     0.076     R30C31B.D1 to     R30C31B.F1 u_dbg_status/SLICE_333
ROUTE         1     0.000     R30C31B.F1 to    R30C31B.DI1 u_dbg_status/n34095 (to MCLK_c)
                  --------
                    0.373   (64.3% logic, 35.7% route), 2 logic levels.

 Clock Skew Details: 

      Source Clock Path u_pll/PLLInst_0 to u_dbg_status/SLICE_334:

   Name    Fanout   Delay (ns)          Site               Resource
ROUTE        47     0.653  PLL_BL0.CLKOS to    R30C31A.CLK MCLK_c
                  --------
                    0.653   (0.0% logic, 100.0% route), 0 logic levels.

      Destination Clock Path u_pll/PLLInst_0 to u_dbg_status/SLICE_333:

   Name    Fanout   Delay (ns)          Site               Resource
ROUTE        47     0.653  PLL_BL0.CLKOS to    R30C31B.CLK MCLK_c
                  --------
                    0.653   (0.0% logic, 100.0% route), 0 logic levels.


Passed: The following path meets requirements by 0.254ns

 Logical Details:  Cell type  Pin type       Cell/ASIC name  (clock net +/-)

   Source:         FF         Q              u_dbg_status/shreg__i2  (from MCLK_c +)
   Destination:    FF         Data in        u_dbg_status/shreg__i1  (to MCLK_c +)

   Delay:               0.373ns  (64.1% logic, 35.9% route), 2 logic levels.

 Constraint Details:

      0.373ns physical path delay u_dbg_status/SLICE_331 to u_dbg_status/SLICE_331 meets
      0.119ns DIN_HLD and
      0.000ns delay constraint less
      0.000ns skew requirement (totaling 0.119ns) by 0.254ns

 Physical Path Details:

      Data path u_dbg_status/SLICE_331 to u_dbg_status/SLICE_331:

   Name    Fanout   Delay (ns)          Site               Resource
REG_DEL     ---     0.163    R30C32B.CLK to     R30C32B.Q1 u_dbg_status/SLICE_331 (from MCLK_c)
ROUTE         1     0.134     R30C32B.Q1 to     R30C32B.C0 u_dbg_status/shreg_2
CTOF_DEL    ---     0.076     R30C32B.C0 to     R30C32B.F0 u_dbg_status/SLICE_331
ROUTE         1     0.000     R30C32B.F0 to    R30C32B.DI0 u_dbg_status/n34100 (to MCLK_c)
                  --------
                    0.373   (64.1% logic, 35.9% route), 2 logic levels.

 Clock Skew Details: 

      Source Clock Path u_pll/PLLInst_0 to u_dbg_status/SLICE_331:

   Name    Fanout   Delay (ns)          Site               Resource
ROUTE        47     0.653  PLL_BL0.CLKOS to    R30C32B.CLK MCLK_c
                  --------
                    0.653   (0.0% logic, 100.0% route), 0 logic levels.

      Destination Clock Path u_pll/PLLInst_0 to u_dbg_status/SLICE_331:

   Name    Fanout   Delay (ns)          Site               Resource
ROUTE        47     0.653  PLL_BL0.CLKOS to    R30C32B.CLK MCLK_c
                  --------
                    0.653   (0.0% logic, 100.0% route), 0 logic levels.


Passed: The following path meets requirements by 0.255ns

 Logical Details:  Cell type  Pin type       Cell/ASIC name  (clock net +/-)

   Source:         FF         Q              u_dbg_status/shreg__i5  (from MCLK_c +)
   Destination:    FF         Data in        u_dbg_status/shreg__i4  (to MCLK_c +)

   Delay:               0.374ns  (64.2% logic, 35.8% route), 2 logic levels.

 Constraint Details:

      0.374ns physical path delay u_dbg_status/SLICE_333 to u_dbg_status/SLICE_332 meets
      0.119ns DIN_HLD and
      0.000ns delay constraint less
      0.000ns skew requirement (totaling 0.119ns) by 0.255ns

 Physical Path Details:

      Data path u_dbg_status/SLICE_333 to u_dbg_status/SLICE_332:

   Name    Fanout   Delay (ns)          Site               Resource
REG_DEL     ---     0.164    R30C31B.CLK to     R30C31B.Q0 u_dbg_status/SLICE_333 (from MCLK_c)
ROUTE         1     0.134     R30C31B.Q0 to     R30C31C.C1 u_dbg_status/shreg_5
CTOF_DEL    ---     0.076     R30C31C.C1 to     R30C31C.F1 u_dbg_status/SLICE_332
ROUTE         1     0.000     R30C31C.F1 to    R30C31C.DI1 u_dbg_status/n34097 (to MCLK_c)
                  --------
                    0.374   (64.2% logic, 35.8% route), 2 logic levels.

 Clock Skew Details: 

      Source Clock Path u_pll/PLLInst_0 to u_dbg_status/SLICE_333:

   Name    Fanout   Delay (ns)          Site               Resource
ROUTE        47     0.653  PLL_BL0.CLKOS to    R30C31B.CLK MCLK_c
                  --------
                    0.653   (0.0% logic, 100.0% route), 0 logic levels.

      Destination Clock Path u_pll/PLLInst_0 to u_dbg_status/SLICE_332:

   Name    Fanout   Delay (ns)          Site               Resource
ROUTE        47     0.653  PLL_BL0.CLKOS to    R30C31C.CLK MCLK_c
                  --------
                    0.653   (0.0% logic, 100.0% route), 0 logic levels.


================================================================================
Preference: FREQUENCY NET "SD_CLK_c" 48.000000 MHz ;
            4096 items scored, 0 timing errors detected.
--------------------------------------------------------------------------------


Passed: The following path meets requirements by 0.149ns

 Logical Details:  Cell type  Pin type       Cell/ASIC name  (clock net +/-)

   Source:         FF         Q              u_raw_cap/raw_done_frame_id_s1_reg_i0  (from SD_CLK_c +)
   Destination:    FF         Data in        raw_done_frame_id_s1_sft00000/RAM0  (to SD_CLK_c +)

   Delay:               0.290ns  (56.2% logic, 43.8% route), 2 logic levels.

 Constraint Details:

      0.290ns physical path delay u_raw_cap/SLICE_158 to SLICE_138 meets
      0.141ns WAD_HLD and
      0.000ns delay constraint less
      0.000ns skew requirement (totaling 0.141ns) by 0.149ns

 Physical Path Details:

      Data path u_raw_cap/SLICE_158 to SLICE_138:

   Name    Fanout   Delay (ns)          Site               Resource
REG_DEL     ---     0.163    R33C35D.CLK to     R33C35D.Q1 u_raw_cap/SLICE_158 (from SD_CLK_c)
ROUTE         3     0.127     R33C35D.Q1 to     R33C35C.D0 n48008
ZERO_DEL    ---     0.000     R33C35C.D0 to  R33C35C.WADO0 raw_done_frame_id_s1_sft00000/SLICE_137
ROUTE         2     0.000  R33C35C.WADO0 to   R33C35A.WAD0 raw_done_frame_id_s1_sft00000/WAD0_INT (to SD_CLK_c)
                  --------
                    0.290   (56.2% logic, 43.8% route), 2 logic levels.

 Clock Skew Details: 

      Source Clock Path u_pll/PLLInst_0 to u_raw_cap/SLICE_158:

   Name    Fanout   Delay (ns)          Site               Resource
ROUTE       310     0.653  PLL_BL0.CLKOP to    R33C35D.CLK SD_CLK_c
                  --------
                    0.653   (0.0% logic, 100.0% route), 0 logic levels.

      Destination Clock Path u_pll/PLLInst_0 to SLICE_138:

   Name    Fanout   Delay (ns)          Site               Resource
ROUTE       310     0.653  PLL_BL0.CLKOP to    R33C35A.WCK SD_CLK_c
                  --------
                    0.653   (0.0% logic, 100.0% route), 0 logic levels.


Passed: The following path meets requirements by 0.175ns

 Logical Details:  Cell type  Pin type       Cell/ASIC name  (clock net +/-)

   Source:         FF         Q              u_raw_cap/raw_done_s1_255  (from SD_CLK_c +)
   Destination:    FF         Data in        u_raw_cap/raw_done_s2_256  (to SD_CLK_c +)

   Delay:               0.293ns  (56.0% logic, 44.0% route), 1 logic levels.

 Constraint Details:

      0.293ns physical path delay u_raw_cap/SLICE_343 to u_raw_cap/SLICE_343 meets
      0.118ns M_HLD and
      0.000ns delay constraint less
      0.000ns skew requirement (totaling 0.118ns) by 0.175ns

 Physical Path Details:

      Data path u_raw_cap/SLICE_343 to u_raw_cap/SLICE_343:

   Name    Fanout   Delay (ns)          Site               Resource
REG_DEL     ---     0.164    R32C34A.CLK to     R32C34A.Q0 u_raw_cap/SLICE_343 (from SD_CLK_c)
ROUTE         1     0.129     R32C34A.Q0 to     R32C34A.M1 u_raw_cap/raw_done_s1 (to SD_CLK_c)
                  --------
                    0.293   (56.0% logic, 44.0% route), 1 logic levels.

 Clock Skew Details: 

      Source Clock Path u_pll/PLLInst_0 to u_raw_cap/SLICE_343:

   Name    Fanout   Delay (ns)          Site               Resource
ROUTE       310     0.653  PLL_BL0.CLKOP to    R32C34A.CLK SD_CLK_c
                  --------
                    0.653   (0.0% logic, 100.0% route), 0 logic levels.

      Destination Clock Path u_pll/PLLInst_0 to u_raw_cap/SLICE_343:

   Name    Fanout   Delay (ns)          Site               Resource
ROUTE       310     0.653  PLL_BL0.CLKOP to    R32C34A.CLK SD_CLK_c
                  --------
                    0.653   (0.0% logic, 100.0% route), 0 logic levels.


Passed: The following path meets requirements by 0.175ns

 Logical Details:  Cell type  Pin type       Cell/ASIC name  (clock net +/-)

   Source:         FF         Q              u_ctrl/u_rx/rx_s1_64  (from SD_CLK_c +)
   Destination:    FF         Data in        u_ctrl/u_rx/rx_s2_65  (to SD_CLK_c +)

   Delay:               0.293ns  (56.0% logic, 44.0% route), 1 logic levels.

 Constraint Details:

      0.293ns physical path delay u_ctrl/u_rx/SLICE_310 to u_ctrl/u_rx/SLICE_310 meets
      0.118ns M_HLD and
      0.000ns delay constraint less
      0.000ns skew requirement (totaling 0.118ns) by 0.175ns

 Physical Path Details:

      Data path u_ctrl/u_rx/SLICE_310 to u_ctrl/u_rx/SLICE_310:

   Name    Fanout   Delay (ns)          Site               Resource
REG_DEL     ---     0.164    R23C38D.CLK to     R23C38D.Q0 u_ctrl/u_rx/SLICE_310 (from SD_CLK_c)
ROUTE         1     0.129     R23C38D.Q0 to     R23C38D.M1 u_ctrl/u_rx/rx_s1 (to SD_CLK_c)
                  --------
                    0.293   (56.0% logic, 44.0% route), 1 logic levels.

 Clock Skew Details: 

      Source Clock Path u_pll/PLLInst_0 to u_ctrl/u_rx/SLICE_310:

   Name    Fanout   Delay (ns)          Site               Resource
ROUTE       310     0.653  PLL_BL0.CLKOP to    R23C38D.CLK SD_CLK_c
                  --------
                    0.653   (0.0% logic, 100.0% route), 0 logic levels.

      Destination Clock Path u_pll/PLLInst_0 to u_ctrl/u_rx/SLICE_310:

   Name    Fanout   Delay (ns)          Site               Resource
ROUTE       310     0.653  PLL_BL0.CLKOP to    R23C38D.CLK SD_CLK_c
                  --------
                    0.653   (0.0% logic, 100.0% route), 0 logic levels.


Passed: The following path meets requirements by 0.176ns

 Logical Details:  Cell type  Pin type       Cell/ASIC name  (clock net +/-)

   Source:         FF         Q              u_ctrl/u_cmd/idx_FSM_i0_i6  (from SD_CLK_c +)
   Destination:    FF         Data in        u_ctrl/u_cmd/idx_FSM_i0_i7  (to SD_CLK_c +)

   Delay:               0.294ns  (55.4% logic, 44.6% route), 1 logic levels.

 Constraint Details:

      0.294ns physical path delay u_ctrl/u_cmd/SLICE_302 to u_ctrl/u_cmd/SLICE_302 meets
      0.118ns M_HLD and
      0.000ns delay constraint less
      0.000ns skew requirement (totaling 0.118ns) by 0.176ns

 Physical Path Details:

      Data path u_ctrl/u_cmd/SLICE_302 to u_ctrl/u_cmd/SLICE_302:

   Name    Fanout   Delay (ns)          Site               Resource
REG_DEL     ---     0.163    R32C42A.CLK to     R32C42A.Q1 u_ctrl/u_cmd/SLICE_302 (from SD_CLK_c)
ROUTE         6     0.131     R32C42A.Q1 to     R32C42A.M0 u_ctrl/u_cmd/n24365 (to SD_CLK_c)
                  --------
                    0.294   (55.4% logic, 44.6% route), 1 logic levels.

 Clock Skew Details: 

      Source Clock Path u_pll/PLLInst_0 to u_ctrl/u_cmd/SLICE_302:

   Name    Fanout   Delay (ns)          Site               Resource
ROUTE       310     0.653  PLL_BL0.CLKOP to    R32C42A.CLK SD_CLK_c
                  --------
                    0.653   (0.0% logic, 100.0% route), 0 logic levels.

      Destination Clock Path u_pll/PLLInst_0 to u_ctrl/u_cmd/SLICE_302:

   Name    Fanout   Delay (ns)          Site               Resource
ROUTE       310     0.653  PLL_BL0.CLKOP to    R32C42A.CLK SD_CLK_c
                  --------
                    0.653   (0.0% logic, 100.0% route), 0 logic levels.


Passed: The following path meets requirements by 0.176ns

 Logical Details:  Cell type  Pin type       Cell/ASIC name  (clock net +/-)

   Source:         FF         Q              u_ctrl/u_cmd/bytes_7___i14  (from SD_CLK_c +)
   Destination:    FF         Data in        u_ctrl/u_cmd/cmd_seq_i0_i5  (to SD_CLK_c +)

   Delay:               0.294ns  (55.4% logic, 44.6% route), 1 logic levels.

 Constraint Details:

      0.294ns physical path delay u_ctrl/u_cmd/SLICE_292 to u_ctrl/u_cmd/SLICE_217 meets
      0.118ns M_HLD and
      0.000ns delay constraint less
      0.000ns skew requirement (totaling 0.118ns) by 0.176ns

 Physical Path Details:

      Data path u_ctrl/u_cmd/SLICE_292 to u_ctrl/u_cmd/SLICE_217:

   Name    Fanout   Delay (ns)          Site               Resource
REG_DEL     ---     0.163    R32C45A.CLK to     R32C45A.Q1 u_ctrl/u_cmd/SLICE_292 (from SD_CLK_c)
ROUTE         2     0.131     R32C45A.Q1 to     R32C45D.M1 u_ctrl/u_cmd/bytes_6_5 (to SD_CLK_c)
                  --------
                    0.294   (55.4% logic, 44.6% route), 1 logic levels.

 Clock Skew Details: 

      Source Clock Path u_pll/PLLInst_0 to u_ctrl/u_cmd/SLICE_292:

   Name    Fanout   Delay (ns)          Site               Resource
ROUTE       310     0.653  PLL_BL0.CLKOP to    R32C45A.CLK SD_CLK_c
                  --------
                    0.653   (0.0% logic, 100.0% route), 0 logic levels.

      Destination Clock Path u_pll/PLLInst_0 to u_ctrl/u_cmd/SLICE_217:

   Name    Fanout   Delay (ns)          Site               Resource
ROUTE       310     0.653  PLL_BL0.CLKOP to    R32C45D.CLK SD_CLK_c
                  --------
                    0.653   (0.0% logic, 100.0% route), 0 logic levels.


Passed: The following path meets requirements by 0.176ns

 Logical Details:  Cell type  Pin type       Cell/ASIC name  (clock net +/-)

   Source:         FF         Q              u_ctrl/u_cmd/bytes_7___i16  (from SD_CLK_c +)
   Destination:    FF         Data in        u_ctrl/u_cmd/cmd_seq_i0_i7  (to SD_CLK_c +)

   Delay:               0.294ns  (55.4% logic, 44.6% route), 1 logic levels.

 Constraint Details:

      0.294ns physical path delay u_ctrl/u_cmd/SLICE_293 to u_ctrl/u_cmd/SLICE_218 meets
      0.118ns M_HLD and
      0.000ns delay constraint less
      0.000ns skew requirement (totaling 0.118ns) by 0.176ns

 Physical Path Details:

      Data path u_ctrl/u_cmd/SLICE_293 to u_ctrl/u_cmd/SLICE_218:

   Name    Fanout   Delay (ns)          Site               Resource
REG_DEL     ---     0.163    R34C45B.CLK to     R34C45B.Q1 u_ctrl/u_cmd/SLICE_293 (from SD_CLK_c)
ROUTE         2     0.131     R34C45B.Q1 to     R34C45D.M1 u_ctrl/u_cmd/bytes_6_7 (to SD_CLK_c)
                  --------
                    0.294   (55.4% logic, 44.6% route), 1 logic levels.

 Clock Skew Details: 

      Source Clock Path u_pll/PLLInst_0 to u_ctrl/u_cmd/SLICE_293:

   Name    Fanout   Delay (ns)          Site               Resource
ROUTE       310     0.653  PLL_BL0.CLKOP to    R34C45B.CLK SD_CLK_c
                  --------
                    0.653   (0.0% logic, 100.0% route), 0 logic levels.

      Destination Clock Path u_pll/PLLInst_0 to u_ctrl/u_cmd/SLICE_218:

   Name    Fanout   Delay (ns)          Site               Resource
ROUTE       310     0.653  PLL_BL0.CLKOP to    R34C45D.CLK SD_CLK_c
                  --------
                    0.653   (0.0% logic, 100.0% route), 0 logic levels.


Passed: The following path meets requirements by 0.177ns

 Logical Details:  Cell type  Pin type       Cell/ASIC name  (clock net +/-)

   Source:         FF         Q              u_ctrl/u_cmd/bytes_7___i15  (from SD_CLK_c +)
   Destination:    FF         Data in        u_ctrl/u_cmd/cmd_seq_i0_i6  (to SD_CLK_c +)

   Delay:               0.295ns  (55.6% logic, 44.4% route), 1 logic levels.

 Constraint Details:

      0.295ns physical path delay u_ctrl/u_cmd/SLICE_293 to u_ctrl/u_cmd/SLICE_218 meets
      0.118ns M_HLD and
      0.000ns delay constraint less
      0.000ns skew requirement (totaling 0.118ns) by 0.177ns

 Physical Path Details:

      Data path u_ctrl/u_cmd/SLICE_293 to u_ctrl/u_cmd/SLICE_218:

   Name    Fanout   Delay (ns)          Site               Resource
REG_DEL     ---     0.164    R34C45B.CLK to     R34C45B.Q0 u_ctrl/u_cmd/SLICE_293 (from SD_CLK_c)
ROUTE         2     0.131     R34C45B.Q0 to     R34C45D.M0 u_ctrl/u_cmd/bytes_6_6 (to SD_CLK_c)
                  --------
                    0.295   (55.6% logic, 44.4% route), 1 logic levels.

 Clock Skew Details: 

      Source Clock Path u_pll/PLLInst_0 to u_ctrl/u_cmd/SLICE_293:

   Name    Fanout   Delay (ns)          Site               Resource
ROUTE       310     0.653  PLL_BL0.CLKOP to    R34C45B.CLK SD_CLK_c
                  --------
                    0.653   (0.0% logic, 100.0% route), 0 logic levels.

      Destination Clock Path u_pll/PLLInst_0 to u_ctrl/u_cmd/SLICE_218:

   Name    Fanout   Delay (ns)          Site               Resource
ROUTE       310     0.653  PLL_BL0.CLKOP to    R34C45D.CLK SD_CLK_c
                  --------
                    0.653   (0.0% logic, 100.0% route), 0 logic levels.


Passed: The following path meets requirements by 0.178ns

 Logical Details:  Cell type  Pin type       Cell/ASIC name  (clock net +/-)

   Source:         FF         Q              u_cam_cfg/post_delay_i0_i5  (from SD_CLK_c +)
   Destination:    FF         Data in        u_cam_cfg/post_delay_i0_i5  (to SD_CLK_c +)

   Delay:               0.297ns  (80.8% logic, 19.2% route), 2 logic levels.

 Constraint Details:

      0.297ns physical path delay SLICE_163 to SLICE_163 meets
      0.119ns DIN_HLD and
      0.000ns delay constraint less
      0.000ns skew requirement (totaling 0.119ns) by 0.178ns

 Physical Path Details:

      Data path SLICE_163 to SLICE_163:

   Name    Fanout   Delay (ns)          Site               Resource
REG_DEL     ---     0.164    R33C24A.CLK to     R33C24A.Q0 SLICE_163 (from SD_CLK_c)
ROUTE         4     0.057     R33C24A.Q0 to     R33C24A.D0 post_delay_5
CTOF_DEL    ---     0.076     R33C24A.D0 to     R33C24A.F0 SLICE_163
ROUTE         1     0.000     R33C24A.F0 to    R33C24A.DI0 n70151 (to SD_CLK_c)
                  --------
                    0.297   (80.8% logic, 19.2% route), 2 logic levels.

 Clock Skew Details: 

      Source Clock Path u_pll/PLLInst_0 to SLICE_163:

   Name    Fanout   Delay (ns)          Site               Resource
ROUTE       310     0.653  PLL_BL0.CLKOP to    R33C24A.CLK SD_CLK_c
                  --------
                    0.653   (0.0% logic, 100.0% route), 0 logic levels.

      Destination Clock Path u_pll/PLLInst_0 to SLICE_163:

   Name    Fanout   Delay (ns)          Site               Resource
ROUTE       310     0.653  PLL_BL0.CLKOP to    R33C24A.CLK SD_CLK_c
                  --------
                    0.653   (0.0% logic, 100.0% route), 0 logic levels.


Passed: The following path meets requirements by 0.178ns

 Logical Details:  Cell type  Pin type       Cell/ASIC name  (clock net +/-)

   Source:         FF         Q              u_ctrl/u_rx/shreg_i0_i7  (from SD_CLK_c +)
   Destination:    FF         Data in        u_ctrl/u_rx/shreg_i0_i7  (to SD_CLK_c +)

   Delay:               0.297ns  (80.8% logic, 19.2% route), 2 logic levels.

 Constraint Details:

      0.297ns physical path delay SLICE_177 to SLICE_177 meets
      0.119ns DIN_HLD and
      0.000ns delay constraint less
      0.000ns skew requirement (totaling 0.119ns) by 0.178ns

 Physical Path Details:

      Data path SLICE_177 to SLICE_177:

   Name    Fanout   Delay (ns)          Site               Resource
REG_DEL     ---     0.164    R23C41A.CLK to     R23C41A.Q0 SLICE_177 (from SD_CLK_c)
ROUTE         2     0.057     R23C41A.Q0 to     R23C41A.D0 shreg_7
CTOF_DEL    ---     0.076     R23C41A.D0 to     R23C41A.F0 SLICE_177
ROUTE         1     0.000     R23C41A.F0 to    R23C41A.DI0 n74413 (to SD_CLK_c)
                  --------
                    0.297   (80.8% logic, 19.2% route), 2 logic levels.

 Clock Skew Details: 

      Source Clock Path u_pll/PLLInst_0 to SLICE_177:

   Name    Fanout   Delay (ns)          Site               Resource
ROUTE       310     0.653  PLL_BL0.CLKOP to    R23C41A.CLK SD_CLK_c
                  --------
                    0.653   (0.0% logic, 100.0% route), 0 logic levels.

      Destination Clock Path u_pll/PLLInst_0 to SLICE_177:

   Name    Fanout   Delay (ns)          Site               Resource
ROUTE       310     0.653  PLL_BL0.CLKOP to    R23C41A.CLK SD_CLK_c
                  --------
                    0.653   (0.0% logic, 100.0% route), 0 logic levels.


Passed: The following path meets requirements by 0.178ns

 Logical Details:  Cell type  Pin type       Cell/ASIC name  (clock net +/-)

   Source:         FF         Q              u_cam_cfg/rom_addr_r_i0_i9  (from SD_CLK_c +)
   Destination:    FF         Data in        u_cam_cfg/rom_addr_r_i0_i9  (to SD_CLK_c +)

   Delay:               0.297ns  (80.8% logic, 19.2% route), 2 logic levels.

 Constraint Details:

      0.297ns physical path delay SLICE_46 to SLICE_46 meets
      0.119ns DIN_HLD and
      0.000ns delay constraint less
      0.000ns skew requirement (totaling 0.119ns) by 0.178ns

 Physical Path Details:

      Data path SLICE_46 to SLICE_46:

   Name    Fanout   Delay (ns)          Site               Resource
REG_DEL     ---     0.164    R24C24B.CLK to     R24C24B.Q0 SLICE_46 (from SD_CLK_c)
ROUTE         1     0.055     R24C24B.Q0 to     R24C24B.D0 rom_addr_9
CTOF_DEL    ---     0.076     R24C24B.D0 to     R24C24B.F0 SLICE_46
ROUTE        45     0.002     R24C24B.F0 to    R24C24B.DI0 n309 (to SD_CLK_c)
                  --------
                    0.297   (80.8% logic, 19.2% route), 2 logic levels.

 Clock Skew Details: 

      Source Clock Path u_pll/PLLInst_0 to SLICE_46:

   Name    Fanout   Delay (ns)          Site               Resource
ROUTE       310     0.653  PLL_BL0.CLKOP to    R24C24B.CLK SD_CLK_c
                  --------
                    0.653   (0.0% logic, 100.0% route), 0 logic levels.

      Destination Clock Path u_pll/PLLInst_0 to SLICE_46:

   Name    Fanout   Delay (ns)          Site               Resource
ROUTE       310     0.653  PLL_BL0.CLKOP to    R24C24B.CLK SD_CLK_c
                  --------
                    0.653   (0.0% logic, 100.0% route), 0 logic levels.


================================================================================
Preference: FREQUENCY NET "CRYSTAL_c" 24.000000 MHz ;
            0 items scored, 0 timing errors detected.
--------------------------------------------------------------------------------

Report Summary
--------------
----------------------------------------------------------------------------
Preference(MIN Delays)                  |   Constraint|       Actual|Levels
----------------------------------------------------------------------------
                                        |             |             |
FREQUENCY NET "MCLK_c" 24.000000 MHz ;  |     0.000 ns|     0.181 ns|   2  
                                        |             |             |
FREQUENCY NET "SD_CLK_c" 48.000000 MHz  |             |             |
;                                       |     0.000 ns|     0.149 ns|   2  
                                        |             |             |
FREQUENCY NET "CRYSTAL_c" 24.000000 MHz |             |             |
;                                       |            -|            -|   0  
                                        |             |             |
----------------------------------------------------------------------------


All preferences were met.


Clock Domains Analysis
------------------------

Found 4 clocks:

Clock Domain: SD_CLK_c   Source: u_pll/PLLInst_0.CLKOP   Loads: 310
   Covered under: FREQUENCY NET "SD_CLK_c" 48.000000 MHz ;

   Data transfers from:
   Clock Domain: PCLK_c   Source: PCLK.PAD
      Not reported because source and destination domains are unrelated.

Clock Domain: PCLK_c   Source: PCLK.PAD   Loads: 12
   No transfer within this clock domain is found

Clock Domain: MCLK_c   Source: u_pll/PLLInst_0.CLKOS   Loads: 47
   Covered under: FREQUENCY NET "MCLK_c" 24.000000 MHz ;

   Data transfers from:
   Clock Domain: SD_CLK_c   Source: u_pll/PLLInst_0.CLKOP
      Covered under: FREQUENCY NET "MCLK_c" 24.000000 MHz ;   Transfers: 5

Clock Domain: CRYSTAL_c   Source: CRYSTAL.PAD   Loads: 1
   No transfer within this clock domain is found


Timing summary (Hold):
---------------

Timing errors: 0  Score: 0
Cumulative negative slack: 0

Constraints cover 101833 paths, 3 nets, and 5790 connections (98.42% coverage)



Timing summary (Setup and Hold):
---------------

Timing errors: 0 (setup), 0 (hold)
Score: 0 (setup), 0 (hold)
Cumulative negative slack: 0 (0+0)
--------------------------------------------------------------------------------

--------------------------------------------------------------------------------

