
synthesis -f "AICAM_impl1_lattice.synproj"
synthesis:  version Diamond (64-bit) 3.14.0.75.2

Copyright (c) 1991-1994 by NeoCAD Inc. All rights reserved.
Copyright (c) 1995 AT&T Corp.   All rights reserved.
Copyright (c) 1995-2001 Lucent Technologies Inc.  All rights reserved.
Copyright (c) 2001 Agere Systems   All rights reserved.
Copyright (c) 2002-2024 Lattice Semiconductor Corporation,  All rights reserved.
Mon Apr 13 19:46:30 2026


Command Line:  synthesis -f AICAM_impl1_lattice.synproj -gui -msgset C:/Users/kunsh/Desktop/AiCamera/Lattice Diamond/promote.xml 

    <postMsg mid="35002000" type="Info"    dynamic="0" navigation="0"  />
Synthesis options:
The -a option is ECP5U.
The -s option is 6.
The -t option is CABGA256.
The -d option is LFE5U-25F.
Using package CABGA256.
Using performance grade 6.
                                                          

##########################################################

### Lattice Family : ECP5U

### Device  : LFE5U-25F

### Package : CABGA256

### Speed   : 6

##########################################################

                                                          

    <postMsg mid="35001781" type="Info"    dynamic="0" navigation="0"  />
Optimization goal = Timing
Top-level module name = fpga_top.
Target frequency = 200.000000 MHz.
Maximum fanout = 1000.
Timing path count = 3
BRAM utilization = 100.000000 %
DSP usage = true
DSP utilization = 100.000000 %
fsm_encoding_style = auto
resolve_mixed_drivers = 0
fix_gated_clocks = 1

Mux style = Auto
Use Carry Chain = true
carry_chain_length = 0
Loop Limit = 1950.
Use IO Insertion = TRUE
Use IO Reg = AUTO

Resource Sharing = TRUE
Propagate Constants = TRUE
Remove Duplicate Registers = TRUE
force_gsr = auto
ROM style = auto
RAM style = auto
The -comp option is FALSE.
The -syn option is FALSE.
-p C:/Users/kunsh/Desktop/AiCamera/Lattice Diamond (searchpath added)
-p C:/lscc/diamond/3.14/ispfpga/sa5p00/data (searchpath added)
-p C:/Users/kunsh/Desktop/AiCamera/Lattice Diamond/impl1 (searchpath added)
-p C:/Users/kunsh/Desktop/AiCamera/Lattice Diamond (searchpath added)
Verilog design file = C:/Users/kunsh/Desktop/AiCamera/Lattice Diamond/fpga_top.v
Verilog design file = C:/Users/kunsh/Desktop/AiCamera/Lattice Diamond/sd_spi_writer.v
Verilog design file = C:/Users/kunsh/Desktop/AiCamera/Lattice Diamond/frame_packer.v
Verilog design file = C:/Users/kunsh/Desktop/AiCamera/Lattice Diamond/sdram_ctrl_simple.v
Verilog design file = C:/Users/kunsh/Desktop/AiCamera/Lattice Diamond/saturn_core.v
Verilog design file = C:/Users/kunsh/Desktop/AiCamera/Lattice Diamond/ov5640_sccb.v
Verilog design file = C:/Users/kunsh/Desktop/AiCamera/Lattice Diamond/reset_sync.v
Verilog design file = C:/Users/kunsh/Desktop/AiCamera/Lattice Diamond/PLL/PLL.v
Verilog design file = C:/Users/kunsh/Desktop/AiCamera/Lattice Diamond/proposal_gen.v
Verilog design file = C:/Users/kunsh/Desktop/AiCamera/Lattice Diamond/cropper_128_to_64.v
Verilog design file = C:/Users/kunsh/Desktop/AiCamera/Lattice Diamond/cnn_scheduler.v
Verilog design file = C:/Users/kunsh/Desktop/AiCamera/Lattice Diamond/cnn_int8_core.v
Verilog design file = C:/Users/kunsh/Desktop/AiCamera/Lattice Diamond/track_count.v
Verilog design file = C:/Users/kunsh/Desktop/AiCamera/Lattice Diamond/candidate_bus.v
Verilog design file = C:/Users/kunsh/Desktop/AiCamera/Lattice Diamond/esp32_ctrl_spi.v
Verilog design file = C:/Users/kunsh/Desktop/AiCamera/Lattice Diamond/motion_block_frontend.v
Verilog design file = C:/Users/kunsh/Desktop/AiCamera/Lattice Diamond/uart_rx.v
Verilog design file = C:/Users/kunsh/Desktop/AiCamera/Lattice Diamond/uart_tx.v
Verilog design file = C:/Users/kunsh/Desktop/AiCamera/Lattice Diamond/raw_frame_capture.v
Verilog design file = C:/Users/kunsh/Desktop/AiCamera/Lattice Diamond/uart_loopback.v
Verilog design file = C:/Users/kunsh/Desktop/AiCamera/Lattice Diamond/fpga_control_regs.v
Verilog design file = C:/Users/kunsh/Desktop/AiCamera/Lattice Diamond/fpga_detection_packetizer.v
Verilog design file = C:/Users/kunsh/Desktop/AiCamera/Lattice Diamond/fpga_uart_cmd_parser.v
Verilog design file = C:/Users/kunsh/Desktop/AiCamera/Lattice Diamond/esp32_ctrl_uart_min_bridge.v
Verilog design file = C:/Users/kunsh/Desktop/AiCamera/Lattice Diamond/fpga_ack_packetizer.v
Verilog design file = C:/Users/kunsh/Desktop/AiCamera/Lattice Diamond/fpga_debug_heartbeat_uart.v
Verilog design file = C:/Users/kunsh/Desktop/AiCamera/Lattice Diamond/fpga_debug_uart_probe_tx.v
Verilog design file = C:/Users/kunsh/Desktop/AiCamera/Lattice Diamond/fpga_debug_status_uart_v2.v
NGD file = AICAM_impl1.ngd
-sdc option: SDC file input not used.
-lpf option: Output file option is ON.
Hardtimer checking is enabled (default). The -dt option is not used.
The -r option is OFF. [ Remove LOC Properties is OFF. ]
Technology check ok...

Analyzing Verilog file C:/lscc/diamond/3.14/ispfpga/userware/NT/SYNTHESIS_HEADERS/ecp5u.v. VERI-1482
Compile design.
Compile Design Begin
Analyzing Verilog file c:/users/kunsh/desktop/aicamera/lattice diamond/fpga_top.v. VERI-1482
Analyzing Verilog file c:/users/kunsh/desktop/aicamera/lattice diamond/sd_spi_writer.v. VERI-1482
Analyzing Verilog file c:/users/kunsh/desktop/aicamera/lattice diamond/frame_packer.v. VERI-1482
Analyzing Verilog file c:/users/kunsh/desktop/aicamera/lattice diamond/sdram_ctrl_simple.v. VERI-1482
Analyzing Verilog file c:/users/kunsh/desktop/aicamera/lattice diamond/saturn_core.v. VERI-1482
Analyzing Verilog file c:/users/kunsh/desktop/aicamera/lattice diamond/ov5640_sccb.v. VERI-1482
Analyzing Verilog file c:/users/kunsh/desktop/aicamera/lattice diamond/reset_sync.v. VERI-1482
Analyzing Verilog file c:/users/kunsh/desktop/aicamera/lattice diamond/pll/pll.v. VERI-1482
Analyzing Verilog file c:/users/kunsh/desktop/aicamera/lattice diamond/proposal_gen.v. VERI-1482
Analyzing Verilog file c:/users/kunsh/desktop/aicamera/lattice diamond/cropper_128_to_64.v. VERI-1482
Analyzing Verilog file c:/users/kunsh/desktop/aicamera/lattice diamond/cnn_scheduler.v. VERI-1482
Analyzing Verilog file c:/users/kunsh/desktop/aicamera/lattice diamond/cnn_int8_core.v. VERI-1482
Analyzing Verilog file c:/users/kunsh/desktop/aicamera/lattice diamond/track_count.v. VERI-1482
Analyzing Verilog file c:/users/kunsh/desktop/aicamera/lattice diamond/candidate_bus.v. VERI-1482
Analyzing Verilog file c:/users/kunsh/desktop/aicamera/lattice diamond/esp32_ctrl_spi.v. VERI-1482
Analyzing Verilog file c:/users/kunsh/desktop/aicamera/lattice diamond/motion_block_frontend.v. VERI-1482
Analyzing Verilog file c:/users/kunsh/desktop/aicamera/lattice diamond/uart_rx.v. VERI-1482
Analyzing Verilog file c:/users/kunsh/desktop/aicamera/lattice diamond/uart_tx.v. VERI-1482
Analyzing Verilog file c:/users/kunsh/desktop/aicamera/lattice diamond/raw_frame_capture.v. VERI-1482
Analyzing Verilog file c:/users/kunsh/desktop/aicamera/lattice diamond/uart_loopback.v. VERI-1482
Analyzing Verilog file c:/users/kunsh/desktop/aicamera/lattice diamond/fpga_control_regs.v. VERI-1482
Analyzing Verilog file c:/users/kunsh/desktop/aicamera/lattice diamond/fpga_detection_packetizer.v. VERI-1482
Analyzing Verilog file c:/users/kunsh/desktop/aicamera/lattice diamond/fpga_uart_cmd_parser.v. VERI-1482
Analyzing Verilog file c:/users/kunsh/desktop/aicamera/lattice diamond/esp32_ctrl_uart_min_bridge.v. VERI-1482
Analyzing Verilog file c:/users/kunsh/desktop/aicamera/lattice diamond/fpga_ack_packetizer.v. VERI-1482
Analyzing Verilog file c:/users/kunsh/desktop/aicamera/lattice diamond/fpga_debug_heartbeat_uart.v. VERI-1482
Analyzing Verilog file c:/users/kunsh/desktop/aicamera/lattice diamond/fpga_debug_uart_probe_tx.v. VERI-1482
Analyzing Verilog file c:/users/kunsh/desktop/aicamera/lattice diamond/fpga_debug_status_uart_v2.v. VERI-1482
Analyzing Verilog file C:/lscc/diamond/3.14/ispfpga/userware/NT/SYNTHESIS_HEADERS/ecp5u.v. VERI-1482
Top module name (Verilog): fpga_top
    <postMsg mid="35901018" type="Info"    dynamic="2" navigation="2" arg0="c:/users/kunsh/desktop/aicamera/lattice diamond/fpga_top.v(3): " arg1="fpga_top" arg2="c:/users/kunsh/desktop/aicamera/lattice diamond/fpga_top.v" arg3="3"  />
    <postMsg mid="35901018" type="Info"    dynamic="2" navigation="2" arg0="c:/users/kunsh/desktop/aicamera/lattice diamond/pll/pll.v(8): " arg1="PLL" arg2="c:/users/kunsh/desktop/aicamera/lattice diamond/pll/pll.v" arg3="8"  />
    <postMsg mid="35901018" type="Info"    dynamic="2" navigation="2" arg0="C:/lscc/diamond/3.14/ispfpga/userware/NT/SYNTHESIS_HEADERS/ecp5u.v(757): " arg1="VHI" arg2="C:/lscc/diamond/3.14/ispfpga/userware/NT/SYNTHESIS_HEADERS/ecp5u.v" arg3="757"  />
    <postMsg mid="35901018" type="Info"    dynamic="2" navigation="2" arg0="C:/lscc/diamond/3.14/ispfpga/userware/NT/SYNTHESIS_HEADERS/ecp5u.v(761): " arg1="VLO" arg2="C:/lscc/diamond/3.14/ispfpga/userware/NT/SYNTHESIS_HEADERS/ecp5u.v" arg3="761"  />
    <postMsg mid="35901018" type="Info"    dynamic="2" navigation="2" arg0="C:/lscc/diamond/3.14/ispfpga/userware/NT/SYNTHESIS_HEADERS/ecp5u.v(1696): " arg1="EHXPLLL(CLKFB_DIV=2,CLKOP_DIV=12,CLKOS_DIV=24,CLKOS2_DIV=1,CLKOS3_DIV=1,CLKOS_ENABLE=&quot;ENABLED&quot;,CLKOP_CPHASE=11,CLKOS_CPHASE=23,CLKOP_TRIM_POL=&quot;FALLING&quot;,CLKOS_TRIM_POL=&quot;FALLING&quot;)" arg2="C:/lscc/diamond/3.14/ispfpga/userware/NT/SYNTHESIS_HEADERS/ecp5u.v" arg3="1696"  />
    <postMsg mid="35901018" type="Info"    dynamic="2" navigation="2" arg0="c:/users/kunsh/desktop/aicamera/lattice diamond/reset_sync.v(8): " arg1="reset_sync" arg2="c:/users/kunsh/desktop/aicamera/lattice diamond/reset_sync.v" arg3="8"  />
    <postMsg mid="35901018" type="Info"    dynamic="2" navigation="2" arg0="c:/users/kunsh/desktop/aicamera/lattice diamond/ov5640_sccb.v(13): " arg1="ov5640_sccb" arg2="c:/users/kunsh/desktop/aicamera/lattice diamond/ov5640_sccb.v" arg3="13"  />
    <postMsg mid="35901018" type="Info"    dynamic="2" navigation="2" arg0="c:/users/kunsh/desktop/aicamera/lattice diamond/ov5640_sccb.v(336): " arg1="ov5640_init_rom" arg2="c:/users/kunsh/desktop/aicamera/lattice diamond/ov5640_sccb.v" arg3="336"  />
    <postMsg mid="35931002" type="Warning" dynamic="2" navigation="2" arg0="c:/users/kunsh/desktop/aicamera/lattice diamond/ov5640_sccb.v(342): " arg1="mem" arg2="c:/users/kunsh/desktop/aicamera/lattice diamond/ov5640_sccb.v" arg3="342"  />
    <postMsg mid="35901018" type="Info"    dynamic="2" navigation="2" arg0="c:/users/kunsh/desktop/aicamera/lattice diamond/esp32_ctrl_uart_min_bridge.v(3): " arg1="esp32_ctrl_uart_min_bridge" arg2="c:/users/kunsh/desktop/aicamera/lattice diamond/esp32_ctrl_uart_min_bridge.v" arg3="3"  />
    <postMsg mid="35901018" type="Info"    dynamic="2" navigation="2" arg0="c:/users/kunsh/desktop/aicamera/lattice diamond/uart_rx.v(3): " arg1="uart_rx" arg2="c:/users/kunsh/desktop/aicamera/lattice diamond/uart_rx.v" arg3="3"  />
    <postMsg mid="35901018" type="Info"    dynamic="2" navigation="2" arg0="c:/users/kunsh/desktop/aicamera/lattice diamond/fpga_uart_cmd_parser.v(3): " arg1="fpga_uart_cmd_parser" arg2="c:/users/kunsh/desktop/aicamera/lattice diamond/fpga_uart_cmd_parser.v" arg3="3"  />
    <postMsg mid="35901018" type="Info"    dynamic="2" navigation="2" arg0="c:/users/kunsh/desktop/aicamera/lattice diamond/fpga_control_regs.v(3): " arg1="fpga_control_regs" arg2="c:/users/kunsh/desktop/aicamera/lattice diamond/fpga_control_regs.v" arg3="3"  />
    <postMsg mid="35901018" type="Info"    dynamic="2" navigation="2" arg0="c:/users/kunsh/desktop/aicamera/lattice diamond/fpga_ack_packetizer.v(3): " arg1="fpga_ack_packetizer" arg2="c:/users/kunsh/desktop/aicamera/lattice diamond/fpga_ack_packetizer.v" arg3="3"  />
    <postMsg mid="35901018" type="Info"    dynamic="2" navigation="2" arg0="c:/users/kunsh/desktop/aicamera/lattice diamond/uart_tx.v(3): " arg1="uart_tx" arg2="c:/users/kunsh/desktop/aicamera/lattice diamond/uart_tx.v" arg3="3"  />
    <postMsg mid="35901018" type="Info"    dynamic="2" navigation="2" arg0="c:/users/kunsh/desktop/aicamera/lattice diamond/raw_frame_capture.v(3): " arg1="raw_frame_capture" arg2="c:/users/kunsh/desktop/aicamera/lattice diamond/raw_frame_capture.v" arg3="3"  />
    <postMsg mid="35901018" type="Info"    dynamic="2" navigation="2" arg0="c:/users/kunsh/desktop/aicamera/lattice diamond/sdram_ctrl_simple.v(21): " arg1="sdram_ctrl_simple" arg2="c:/users/kunsh/desktop/aicamera/lattice diamond/sdram_ctrl_simple.v" arg3="21"  />
    <postMsg mid="35901018" type="Info"    dynamic="2" navigation="2" arg0="c:/users/kunsh/desktop/aicamera/lattice diamond/motion_block_frontend.v(3): " arg1="motion_block_frontend" arg2="c:/users/kunsh/desktop/aicamera/lattice diamond/motion_block_frontend.v" arg3="3"  />
    <postMsg mid="35901209" type="Warning" dynamic="3" navigation="2" arg0="c:/users/kunsh/desktop/aicamera/lattice diamond/motion_block_frontend.v(54): " arg1="32" arg2="16" arg3="c:/users/kunsh/desktop/aicamera/lattice diamond/motion_block_frontend.v" arg4="54"  />
    <postMsg mid="35901209" type="Warning" dynamic="3" navigation="2" arg0="c:/users/kunsh/desktop/aicamera/lattice diamond/motion_block_frontend.v(111): " arg1="9" arg2="8" arg3="c:/users/kunsh/desktop/aicamera/lattice diamond/motion_block_frontend.v" arg4="111"  />
    <postMsg mid="35901018" type="Info"    dynamic="2" navigation="2" arg0="c:/users/kunsh/desktop/aicamera/lattice diamond/proposal_gen.v(3): " arg1="proposal_gen" arg2="c:/users/kunsh/desktop/aicamera/lattice diamond/proposal_gen.v" arg3="3"  />
    <postMsg mid="35901018" type="Info"    dynamic="2" navigation="2" arg0="c:/users/kunsh/desktop/aicamera/lattice diamond/cropper_128_to_64.v(4): " arg1="cropper_128_to_64(FRAME_W=16&apos;b01010000000,FRAME_H=16&apos;b0111100000,N=16,K=4)" arg2="c:/users/kunsh/desktop/aicamera/lattice diamond/cropper_128_to_64.v" arg3="4"  />
    <postMsg mid="35901018" type="Info"    dynamic="2" navigation="2" arg0="c:/users/kunsh/desktop/aicamera/lattice diamond/cnn_scheduler.v(3): " arg1="cnn_scheduler" arg2="c:/users/kunsh/desktop/aicamera/lattice diamond/cnn_scheduler.v" arg3="3"  />
    <postMsg mid="35901018" type="Info"    dynamic="2" navigation="2" arg0="c:/users/kunsh/desktop/aicamera/lattice diamond/cnn_int8_core.v(3): " arg1="cnn_int8_core" arg2="c:/users/kunsh/desktop/aicamera/lattice diamond/cnn_int8_core.v" arg3="3"  />
    <postMsg mid="35901220" type="Warning" dynamic="2" navigation="2" arg0="c:/users/kunsh/desktop/aicamera/lattice diamond/cnn_int8_core.v(56): " arg1="fcb_mem" arg2="c:/users/kunsh/desktop/aicamera/lattice diamond/cnn_int8_core.v" arg3="56"  />
    <postMsg mid="35901209" type="Warning" dynamic="3" navigation="2" arg0="c:/users/kunsh/desktop/aicamera/lattice diamond/cnn_int8_core.v(117): " arg1="32" arg2="7" arg3="c:/users/kunsh/desktop/aicamera/lattice diamond/cnn_int8_core.v" arg4="117"  />
    <postMsg mid="35901209" type="Warning" dynamic="3" navigation="2" arg0="c:/users/kunsh/desktop/aicamera/lattice diamond/cnn_int8_core.v(118): " arg1="32" arg2="7" arg3="c:/users/kunsh/desktop/aicamera/lattice diamond/cnn_int8_core.v" arg4="118"  />
    <postMsg mid="35901209" type="Warning" dynamic="3" navigation="2" arg0="c:/users/kunsh/desktop/aicamera/lattice diamond/cnn_int8_core.v(119): " arg1="32" arg2="7" arg3="c:/users/kunsh/desktop/aicamera/lattice diamond/cnn_int8_core.v" arg4="119"  />
    <postMsg mid="35901209" type="Warning" dynamic="3" navigation="2" arg0="c:/users/kunsh/desktop/aicamera/lattice diamond/cnn_int8_core.v(120): " arg1="32" arg2="7" arg3="c:/users/kunsh/desktop/aicamera/lattice diamond/cnn_int8_core.v" arg4="120"  />
    <postMsg mid="35901209" type="Warning" dynamic="3" navigation="2" arg0="c:/users/kunsh/desktop/aicamera/lattice diamond/cnn_int8_core.v(121): " arg1="32" arg2="7" arg3="c:/users/kunsh/desktop/aicamera/lattice diamond/cnn_int8_core.v" arg4="121"  />
    <postMsg mid="35901209" type="Warning" dynamic="3" navigation="2" arg0="c:/users/kunsh/desktop/aicamera/lattice diamond/cnn_int8_core.v(122): " arg1="32" arg2="7" arg3="c:/users/kunsh/desktop/aicamera/lattice diamond/cnn_int8_core.v" arg4="122"  />
    <postMsg mid="35931002" type="Warning" dynamic="2" navigation="2" arg0="c:/users/kunsh/desktop/aicamera/lattice diamond/cnn_int8_core.v(46): " arg1="w1" arg2="c:/users/kunsh/desktop/aicamera/lattice diamond/cnn_int8_core.v" arg3="46"  />
    <postMsg mid="35931002" type="Warning" dynamic="2" navigation="2" arg0="c:/users/kunsh/desktop/aicamera/lattice diamond/cnn_int8_core.v(47): " arg1="b1" arg2="c:/users/kunsh/desktop/aicamera/lattice diamond/cnn_int8_core.v" arg3="47"  />
    <postMsg mid="35931002" type="Warning" dynamic="2" navigation="2" arg0="c:/users/kunsh/desktop/aicamera/lattice diamond/cnn_int8_core.v(48): " arg1="fcw" arg2="c:/users/kunsh/desktop/aicamera/lattice diamond/cnn_int8_core.v" arg3="48"  />
    <postMsg mid="35901018" type="Info"    dynamic="2" navigation="2" arg0="c:/users/kunsh/desktop/aicamera/lattice diamond/candidate_bus.v(2): " arg1="candidate_bus(K=4,FRAME_W=16&apos;b01010000000,FRAME_H=16&apos;b0111100000,MAX_T=8,X_LINE=16&apos;b0101000000,YA0=16&apos;b011001000,YA1=16&apos;b0110101110,YB0=16&apos;b01010000,YB1=16&apos;b010110100,GATE_R=16&apos;b0111100)" arg2="c:/users/kunsh/desktop/aicamera/lattice diamond/candidate_bus.v" arg3="2"  />
    <postMsg mid="35901018" type="Info"    dynamic="2" navigation="2" arg0="c:/users/kunsh/desktop/aicamera/lattice diamond/track_count.v(18): " arg1="track_count(MAX_T=8,X_LINE=16&apos;b0101000000,YA0=16&apos;b011001000,YA1=16&apos;b0110101110,YB0=16&apos;b01010000,YB1=16&apos;b010110100,GATE_R=16&apos;b0111100)" arg2="c:/users/kunsh/desktop/aicamera/lattice diamond/track_count.v" arg3="18"  />
    <postMsg mid="35901018" type="Info"    dynamic="2" navigation="2" arg0="c:/users/kunsh/desktop/aicamera/lattice diamond/sd_spi_writer.v(3): " arg1="sd_spi_writer" arg2="c:/users/kunsh/desktop/aicamera/lattice diamond/sd_spi_writer.v" arg3="3"  />
    <postMsg mid="35901018" type="Info"    dynamic="2" navigation="2" arg0="c:/users/kunsh/desktop/aicamera/lattice diamond/frame_packer.v(3): " arg1="frame_packer" arg2="c:/users/kunsh/desktop/aicamera/lattice diamond/frame_packer.v" arg3="3"  />
    <postMsg mid="35901018" type="Info"    dynamic="2" navigation="2" arg0="c:/users/kunsh/desktop/aicamera/lattice diamond/fpga_debug_status_uart_v2.v(3): " arg1="fpga_debug_status_uart_v2" arg2="c:/users/kunsh/desktop/aicamera/lattice diamond/fpga_debug_status_uart_v2.v" arg3="3"  />
    <postMsg mid="35935013" type="Warning" dynamic="2" navigation="2" arg0="c:/users/kunsh/desktop/aicamera/lattice diamond/fpga_top.v(167): " arg1="det_en_p1_135" arg2="c:/users/kunsh/desktop/aicamera/lattice diamond/fpga_top.v" arg3="167"  />
    <postMsg mid="35935013" type="Warning" dynamic="2" navigation="2" arg0="c:/users/kunsh/desktop/aicamera/lattice diamond/fpga_top.v(337): " arg1="detect_meta_ready_145" arg2="c:/users/kunsh/desktop/aicamera/lattice diamond/fpga_top.v" arg3="337"  />
    <postMsg mid="35931002" type="Warning" dynamic="2" navigation="2" arg0="c:/users/kunsh/desktop/aicamera/lattice diamond/fpga_top.v(388): " arg1="ev_frame_tick_seen" arg2="c:/users/kunsh/desktop/aicamera/lattice diamond/fpga_top.v" arg3="388"  />
    <postMsg mid="35931002" type="Warning" dynamic="2" navigation="2" arg0="c:/users/kunsh/desktop/aicamera/lattice diamond/fpga_top.v(388): " arg1="ev_wr_valid_seen" arg2="c:/users/kunsh/desktop/aicamera/lattice diamond/fpga_top.v" arg3="388"  />
    <postMsg mid="35931013" type="Warning" dynamic="2" navigation="2" arg0="c:/users/kunsh/desktop/aicamera/lattice diamond/fpga_top.v(101): " arg1="status_flags[31]" arg2="c:/users/kunsh/desktop/aicamera/lattice diamond/fpga_top.v" arg3="101"  />
Last elaborated design is fpga_top()
Loading NGL library 'C:/lscc/diamond/3.14/ispfpga/sa5p00/data/sa5plib.ngl'...
Loading NGL library 'C:/lscc/diamond/3.14/ispfpga/xo2c00/data/xo2clib.ngl'...
Loading NGL library 'C:/lscc/diamond/3.14/ispfpga/mg5g00/data/mg5glib.ngl'...
Loading NGL library 'C:/lscc/diamond/3.14/ispfpga/or5g00/data/orc5glib.ngl'...
Loading device for application map from file 'sa5p25.nph' in environment: C:/lscc/diamond/3.14/ispfpga.
Package Status:                     Final          Version 1.44.
Top-level module name = fpga_top.
    <postMsg mid="35931038" type="Warning" dynamic="2" navigation="2" arg0="c:/users/kunsh/desktop/aicamera/lattice diamond/ov5640_sccb.v(342): " arg1="mem_original_ramnet" arg2="c:/users/kunsh/desktop/aicamera/lattice diamond/ov5640_sccb.v" arg3="342"  />
    <postMsg mid="35931038" type="Warning" dynamic="2" navigation="2" arg0="c:/users/kunsh/desktop/aicamera/lattice diamond/cnn_int8_core.v(46): " arg1="w1_original_ramnet" arg2="c:/users/kunsh/desktop/aicamera/lattice diamond/cnn_int8_core.v" arg3="46"  />
    <postMsg mid="35931038" type="Warning" dynamic="2" navigation="2" arg0="c:/users/kunsh/desktop/aicamera/lattice diamond/cnn_int8_core.v(47): " arg1="b1_original_ramnet" arg2="c:/users/kunsh/desktop/aicamera/lattice diamond/cnn_int8_core.v" arg3="47"  />
    <postMsg mid="35931038" type="Warning" dynamic="2" navigation="2" arg0="c:/users/kunsh/desktop/aicamera/lattice diamond/cnn_int8_core.v(48): " arg1="fcw_original_ramnet" arg2="c:/users/kunsh/desktop/aicamera/lattice diamond/cnn_int8_core.v" arg3="48"  />
    <postMsg mid="35002005" type="Warning" dynamic="1" navigation="0" arg0="DIN"  />
    <postMsg mid="35002005" type="Warning" dynamic="1" navigation="0" arg0="CCLK"  />
    <postMsg mid="35002005" type="Warning" dynamic="1" navigation="0" arg0="SSPI_CS_n"  />
######## Converting I/O port ESP_D[7] to output.
######## Converting I/O port ESP_D[6] to output.
######## Converting I/O port ESP_D[5] to output.
######## Converting I/O port ESP_D[4] to output.
######## Converting I/O port ESP_D[3] to output.
######## Converting I/O port ESP_D[2] to output.
######## Converting I/O port ESP_D[1] to output.
######## Converting I/O port ESP_D[0] to output.
######## Converting I/O port M_CMD to output.
######## Converting I/O port M_D0 to input.
######## Converting I/O port M_D1 to output.
######## Converting I/O port M_D2 to output.
######## Converting I/O port M_D3 to output.
    <postMsg mid="35931002" type="Warning" dynamic="2" navigation="2" arg0="c:/users/kunsh/desktop/aicamera/lattice diamond/esp32_ctrl_uart_min_bridge.v(8): " arg1="\u_ctrl/status_flags[31]" arg2="c:/users/kunsh/desktop/aicamera/lattice diamond/esp32_ctrl_uart_min_bridge.v" arg3="8"  />
######## Missing driver on net ev_frame_tick_seen. Patching with GND.
######## Missing driver on net ev_wr_valid_seen. Patching with GND.
######## Missing driver on net \u_ctrl/status_flags[31]. Patching with GND.
######## Missing driver on net \u_ctrl/status_flags[30]. Patching with GND.
######## Missing driver on net \u_ctrl/status_flags[29]. Patching with GND.
######## Missing driver on net \u_ctrl/status_flags[28]. Patching with GND.
######## Missing driver on net \u_ctrl/status_flags[27]. Patching with GND.
######## Missing driver on net \u_ctrl/status_flags[26]. Patching with GND.
######## Missing driver on net \u_ctrl/status_flags[25]. Patching with GND.
######## Missing driver on net \u_ctrl/status_flags[24]. Patching with GND.
######## Missing driver on net \u_ctrl/status_flags[23]. Patching with GND.
######## Missing driver on net \u_ctrl/status_flags[22]. Patching with GND.
######## Missing driver on net \u_ctrl/status_flags[21]. Patching with GND.
######## Missing driver on net \u_ctrl/status_flags[20]. Patching with GND.
######## Missing driver on net \u_ctrl/status_flags[19]. Patching with GND.
######## Missing driver on net \u_ctrl/status_flags[18]. Patching with GND.
######## Missing driver on net \u_ctrl/status_flags[17]. Patching with GND.
######## Missing driver on net \u_ctrl/status_flags[16]. Patching with GND.
######## Missing driver on net \u_ctrl/status_flags[15]. Patching with GND.
######## Missing driver on net \u_ctrl/status_flags[14]. Patching with GND.
######## Missing driver on net \u_ctrl/status_flags[13]. Patching with GND.
######## Missing driver on net \u_ctrl/status_flags[12]. Patching with GND.
######## Missing driver on net \u_ctrl/status_flags[11]. Patching with GND.
######## Missing driver on net \u_ctrl/status_flags[10]. Patching with GND.
######## Missing driver on net \u_ctrl/status_flags[9]. Patching with GND.
######## Missing driver on net \u_ctrl/status_flags[8]. Patching with GND.
######## Missing driver on net \u_ctrl/status_flags[7]. Patching with GND.
######## Missing driver on net \u_ctrl/status_flags[6]. Patching with GND.
######## Missing driver on net \u_ctrl/status_flags[5]. Patching with GND.
######## Missing driver on net \u_ctrl/status_flags[4]. Patching with GND.
######## Missing driver on net \u_ctrl/status_flags[3]. Patching with GND.
######## Missing driver on net \u_ctrl/status_flags[2]. Patching with GND.
######## Missing driver on net \u_ctrl/status_flags[1]. Patching with GND.
######## Missing driver on net \u_ctrl/status_flags[0]. Patching with GND.
    <postMsg mid="35001748" type="Warning" dynamic="2" navigation="0" arg0="0" arg1="\u_rst_sys/sync"  />
    <postMsg mid="35001748" type="Warning" dynamic="2" navigation="0" arg0="0" arg1="\u_rst_pclk/sync"  />
    <postMsg mid="35001748" type="Warning" dynamic="2" navigation="0" arg0="0" arg1="\u_raw_cap/stride_p1"  />
    <postMsg mid="35001747" type="Warning" dynamic="2" navigation="0" arg0="31" arg1="detect_meta_frame_id"  />
    <postMsg mid="35001747" type="Warning" dynamic="2" navigation="0" arg0="30" arg1="detect_meta_frame_id"  />
    <postMsg mid="35001747" type="Warning" dynamic="2" navigation="0" arg0="29" arg1="detect_meta_frame_id"  />
    <postMsg mid="35001747" type="Warning" dynamic="2" navigation="0" arg0="28" arg1="detect_meta_frame_id"  />
    <postMsg mid="35001747" type="Warning" dynamic="2" navigation="0" arg0="27" arg1="detect_meta_frame_id"  />
    <postMsg mid="35001747" type="Warning" dynamic="2" navigation="0" arg0="26" arg1="detect_meta_frame_id"  />
    <postMsg mid="35001747" type="Warning" dynamic="2" navigation="0" arg0="25" arg1="detect_meta_frame_id"  />
    <postMsg mid="35001747" type="Warning" dynamic="2" navigation="0" arg0="24" arg1="detect_meta_frame_id"  />
    <postMsg mid="35001747" type="Warning" dynamic="2" navigation="0" arg0="23" arg1="detect_meta_frame_id"  />
    <postMsg mid="35001747" type="Warning" dynamic="2" navigation="0" arg0="22" arg1="detect_meta_frame_id"  />
    <postMsg mid="35001747" type="Warning" dynamic="2" navigation="0" arg0="21" arg1="detect_meta_frame_id"  />
    <postMsg mid="35001747" type="Warning" dynamic="2" navigation="0" arg0="20" arg1="detect_meta_frame_id"  />
    <postMsg mid="35001747" type="Warning" dynamic="2" navigation="0" arg0="19" arg1="detect_meta_frame_id"  />
    <postMsg mid="35001747" type="Warning" dynamic="2" navigation="0" arg0="18" arg1="detect_meta_frame_id"  />
    <postMsg mid="35001747" type="Warning" dynamic="2" navigation="0" arg0="17" arg1="detect_meta_frame_id"  />
    <postMsg mid="35001747" type="Warning" dynamic="2" navigation="0" arg0="16" arg1="detect_meta_frame_id"  />
    <postMsg mid="35001747" type="Warning" dynamic="2" navigation="0" arg0="15" arg1="detect_meta_frame_id"  />
    <postMsg mid="35001747" type="Warning" dynamic="2" navigation="0" arg0="14" arg1="detect_meta_frame_id"  />
    <postMsg mid="35001747" type="Warning" dynamic="2" navigation="0" arg0="13" arg1="detect_meta_frame_id"  />
    <postMsg mid="35001747" type="Warning" dynamic="2" navigation="0" arg0="12" arg1="detect_meta_frame_id"  />
    <postMsg mid="35001747" type="Warning" dynamic="2" navigation="0" arg0="11" arg1="detect_meta_frame_id"  />
    <postMsg mid="35001747" type="Warning" dynamic="2" navigation="0" arg0="10" arg1="detect_meta_frame_id"  />
    <postMsg mid="35001747" type="Warning" dynamic="2" navigation="0" arg0="9" arg1="detect_meta_frame_id"  />
    <postMsg mid="35001747" type="Warning" dynamic="2" navigation="0" arg0="8" arg1="detect_meta_frame_id"  />
    <postMsg mid="35001747" type="Warning" dynamic="2" navigation="0" arg0="7" arg1="detect_meta_frame_id"  />
    <postMsg mid="35001747" type="Warning" dynamic="2" navigation="0" arg0="6" arg1="detect_meta_frame_id"  />
    <postMsg mid="35001747" type="Warning" dynamic="2" navigation="0" arg0="5" arg1="detect_meta_frame_id"  />
    <postMsg mid="35001747" type="Warning" dynamic="2" navigation="0" arg0="4" arg1="detect_meta_frame_id"  />
    <postMsg mid="35001747" type="Warning" dynamic="2" navigation="0" arg0="3" arg1="detect_meta_frame_id"  />
    <postMsg mid="35001747" type="Warning" dynamic="2" navigation="0" arg0="2" arg1="detect_meta_frame_id"  />
    <postMsg mid="35001747" type="Warning" dynamic="2" navigation="0" arg0="1" arg1="detect_meta_frame_id"  />
    <postMsg mid="35001747" type="Warning" dynamic="2" navigation="0" arg0="0" arg1="detect_meta_frame_id"  />
    <postMsg mid="35001748" type="Warning" dynamic="2" navigation="0" arg0="0" arg1="\u_rst_sys/sync"  />
    <postMsg mid="35001748" type="Warning" dynamic="2" navigation="0" arg0="0" arg1="\u_rst_pclk/sync"  />
    <postMsg mid="35935014" type="Warning" dynamic="2" navigation="2" arg0="c:/users/kunsh/desktop/aicamera/lattice diamond/raw_frame_capture.v(69): " arg1="\u_raw_cap/cap_en_p1_217" arg2="c:/users/kunsh/desktop/aicamera/lattice diamond/raw_frame_capture.v" arg3="69"  />
    <postMsg mid="35001747" type="Warning" dynamic="2" navigation="0" arg0="7" arg1="\u_raw_cap/stride_p1"  />
    <postMsg mid="35001747" type="Warning" dynamic="2" navigation="0" arg0="6" arg1="\u_raw_cap/stride_p1"  />
    <postMsg mid="35001747" type="Warning" dynamic="2" navigation="0" arg0="5" arg1="\u_raw_cap/stride_p1"  />
    <postMsg mid="35001747" type="Warning" dynamic="2" navigation="0" arg0="4" arg1="\u_raw_cap/stride_p1"  />
    <postMsg mid="35001747" type="Warning" dynamic="2" navigation="0" arg0="3" arg1="\u_raw_cap/stride_p1"  />
    <postMsg mid="35001747" type="Warning" dynamic="2" navigation="0" arg0="2" arg1="\u_raw_cap/stride_p1"  />
    <postMsg mid="35001747" type="Warning" dynamic="2" navigation="0" arg0="1" arg1="\u_raw_cap/stride_p1"  />
    <postMsg mid="35935014" type="Warning" dynamic="2" navigation="2" arg0="c:/users/kunsh/desktop/aicamera/lattice diamond/fpga_top.v(377): " arg1="ev_vsync_seen_154" arg2="c:/users/kunsh/desktop/aicamera/lattice diamond/fpga_top.v" arg3="377"  />
    <postMsg mid="35935013" type="Warning" dynamic="2" navigation="2" arg0="c:/users/kunsh/desktop/aicamera/lattice diamond/motion_block_frontend.v(116): " arg1="\u_motion_frontend/blk_valid_201" arg2="c:/users/kunsh/desktop/aicamera/lattice diamond/motion_block_frontend.v" arg3="116"  />
Constant propagated thru Write Port :\u_motion_frontend/pclk_I_0.

Constant propagated thru Read Port :\u_motion_frontend/read_port_110.

    <postMsg mid="35001774" type="Info"    dynamic="2" navigation="0" arg0="\u_sdram/st" arg1="one-hot"  />
original encoding -> new encoding (one-hot encoding)

 00000 -> 000000000000000001

 00001 -> 000000000000000010

 00010 -> 000000000000000100

 00011 -> 000000000000001000

 00100 -> 000000000000010000

 00101 -> 000000000000100000

 00110 -> 000000000001000000

 00111 -> 000000000010000000

 01000 -> 000000000100000000

 01001 -> 000000001000000000

 01010 -> 000000010000000000

 01011 -> 000000100000000000

 01100 -> 000001000000000000

 10000 -> 000010000000000000

 10001 -> 000100000000000000

 10010 -> 001000000000000000

 10011 -> 010000000000000000

 10100 -> 100000000000000000

    <postMsg mid="35935013" type="Warning" dynamic="2" navigation="2" arg0="c:/users/kunsh/desktop/aicamera/lattice diamond/sdram_ctrl_simple.v(596): " arg1="\u_sdram/dq_oe_204" arg2="c:/users/kunsh/desktop/aicamera/lattice diamond/sdram_ctrl_simple.v" arg3="596"  />
    <postMsg mid="35001774" type="Info"    dynamic="2" navigation="0" arg0="\u_sched/st" arg1="one-hot"  />
original encoding -> new encoding (one-hot encoding)

 00 -> 0001

 01 -> 0010

 10 -> 0100

 11 -> 1000

    <postMsg mid="35001774" type="Info"    dynamic="2" navigation="0" arg0="\u_pack/st" arg1="gray"  />
original encoding -> new encoding (gray encoding)

 00 -> 00

 10 -> 11

 11 -> 10

    <postMsg mid="35001774" type="Info"    dynamic="2" navigation="0" arg0="\u_ctrl/u_rx/st" arg1="one-hot"  />
original encoding -> new encoding (one-hot encoding)

 00 -> 0001

 01 -> 0010

 10 -> 0100

 11 -> 1000

    <postMsg mid="35001774" type="Info"    dynamic="2" navigation="0" arg0="\u_ctrl/u_cmd/idx" arg1="one-hot"  />
original encoding -> new encoding (one-hot encoding)

 000 -> 00000001

 001 -> 00000010

 010 -> 00000100

 011 -> 00001000

 100 -> 00010000

 101 -> 00100000

 110 -> 01000000

 111 -> 10000000

    <postMsg mid="35001774" type="Info"    dynamic="2" navigation="0" arg0="\u_ctrl/u_tx/st" arg1="one-hot"  />
original encoding -> new encoding (one-hot encoding)

 00 -> 0001

 01 -> 0010

 10 -> 0100

 11 -> 1000

    <postMsg mid="35001774" type="Info"    dynamic="2" navigation="0" arg0="\u_candidate_bus/u_track_count/state" arg1="gray"  />
original encoding -> new encoding (gray encoding)

 00 -> 00

 01 -> 01

 10 -> 11




    <postMsg mid="35001747" type="Warning" dynamic="2" navigation="0" arg0="31" arg1="\u_raw_cap/payload_bytes"  />
    <postMsg mid="35001747" type="Warning" dynamic="2" navigation="0" arg0="30" arg1="\u_raw_cap/payload_bytes"  />
    <postMsg mid="35001747" type="Warning" dynamic="2" navigation="0" arg0="29" arg1="\u_raw_cap/payload_bytes"  />
    <postMsg mid="35001747" type="Warning" dynamic="2" navigation="0" arg0="28" arg1="\u_raw_cap/payload_bytes"  />
    <postMsg mid="35001747" type="Warning" dynamic="2" navigation="0" arg0="27" arg1="\u_raw_cap/payload_bytes"  />
    <postMsg mid="35001747" type="Warning" dynamic="2" navigation="0" arg0="26" arg1="\u_raw_cap/payload_bytes"  />
    <postMsg mid="35001747" type="Warning" dynamic="2" navigation="0" arg0="25" arg1="\u_raw_cap/payload_bytes"  />
    <postMsg mid="35001747" type="Warning" dynamic="2" navigation="0" arg0="24" arg1="\u_raw_cap/payload_bytes"  />
    <postMsg mid="35001747" type="Warning" dynamic="2" navigation="0" arg0="23" arg1="\u_raw_cap/payload_bytes"  />
    <postMsg mid="35001747" type="Warning" dynamic="2" navigation="0" arg0="22" arg1="\u_raw_cap/payload_bytes"  />
    <postMsg mid="35001747" type="Warning" dynamic="2" navigation="0" arg0="21" arg1="\u_raw_cap/payload_bytes"  />
    <postMsg mid="35001747" type="Warning" dynamic="2" navigation="0" arg0="20" arg1="\u_raw_cap/payload_bytes"  />
    <postMsg mid="35001747" type="Warning" dynamic="2" navigation="0" arg0="19" arg1="\u_raw_cap/payload_bytes"  />
    <postMsg mid="35001748" type="Warning" dynamic="2" navigation="0" arg0="18" arg1="\u_raw_cap/payload_bytes"  />
    <postMsg mid="35001747" type="Warning" dynamic="2" navigation="0" arg0="17" arg1="\u_raw_cap/payload_bytes"  />
    <postMsg mid="35001747" type="Warning" dynamic="2" navigation="0" arg0="16" arg1="\u_raw_cap/payload_bytes"  />
    <postMsg mid="35001748" type="Warning" dynamic="2" navigation="0" arg0="15" arg1="\u_raw_cap/payload_bytes"  />
    <postMsg mid="35001747" type="Warning" dynamic="2" navigation="0" arg0="14" arg1="\u_raw_cap/payload_bytes"  />
    <postMsg mid="35001748" type="Warning" dynamic="2" navigation="0" arg0="13" arg1="\u_raw_cap/payload_bytes"  />
    <postMsg mid="35001748" type="Warning" dynamic="2" navigation="0" arg0="12" arg1="\u_raw_cap/payload_bytes"  />
    <postMsg mid="35001747" type="Warning" dynamic="2" navigation="0" arg0="11" arg1="\u_raw_cap/payload_bytes"  />
    <postMsg mid="35001747" type="Warning" dynamic="2" navigation="0" arg0="10" arg1="\u_raw_cap/payload_bytes"  />
    <postMsg mid="35001747" type="Warning" dynamic="2" navigation="0" arg0="9" arg1="\u_raw_cap/payload_bytes"  />
    <postMsg mid="35001747" type="Warning" dynamic="2" navigation="0" arg0="8" arg1="\u_raw_cap/payload_bytes"  />
    <postMsg mid="35001747" type="Warning" dynamic="2" navigation="0" arg0="7" arg1="\u_raw_cap/payload_bytes"  />
    <postMsg mid="35001747" type="Warning" dynamic="2" navigation="0" arg0="6" arg1="\u_raw_cap/payload_bytes"  />
    <postMsg mid="35001747" type="Warning" dynamic="2" navigation="0" arg0="5" arg1="\u_raw_cap/payload_bytes"  />
    <postMsg mid="35001747" type="Warning" dynamic="2" navigation="0" arg0="4" arg1="\u_raw_cap/payload_bytes"  />
    <postMsg mid="35001747" type="Warning" dynamic="2" navigation="0" arg0="3" arg1="\u_raw_cap/payload_bytes"  />
    <postMsg mid="35001747" type="Warning" dynamic="2" navigation="0" arg0="2" arg1="\u_raw_cap/payload_bytes"  />
    <postMsg mid="35001747" type="Warning" dynamic="2" navigation="0" arg0="1" arg1="\u_raw_cap/payload_bytes"  />
    <postMsg mid="35001747" type="Warning" dynamic="2" navigation="0" arg0="0" arg1="\u_raw_cap/payload_bytes"  />
    <postMsg mid="35001747" type="Warning" dynamic="2" navigation="0" arg0="7" arg1="\u_raw_cap/stream_kind"  />
    <postMsg mid="35001747" type="Warning" dynamic="2" navigation="0" arg0="6" arg1="\u_raw_cap/stream_kind"  />
    <postMsg mid="35001747" type="Warning" dynamic="2" navigation="0" arg0="5" arg1="\u_raw_cap/stream_kind"  />
    <postMsg mid="35001747" type="Warning" dynamic="2" navigation="0" arg0="4" arg1="\u_raw_cap/stream_kind"  />
    <postMsg mid="35001747" type="Warning" dynamic="2" navigation="0" arg0="3" arg1="\u_raw_cap/stream_kind"  />
    <postMsg mid="35001747" type="Warning" dynamic="2" navigation="0" arg0="2" arg1="\u_raw_cap/stream_kind"  />
    <postMsg mid="35001748" type="Warning" dynamic="2" navigation="0" arg0="1" arg1="\u_raw_cap/stream_kind"  />
    <postMsg mid="35001747" type="Warning" dynamic="2" navigation="0" arg0="0" arg1="\u_raw_cap/stream_kind"  />
    <postMsg mid="35001748" type="Warning" dynamic="2" navigation="0" arg0="7" arg1="\u_ctrl/u_ack/pkt[7]"  />
    <postMsg mid="35001747" type="Warning" dynamic="2" navigation="0" arg0="6" arg1="\u_ctrl/u_ack/pkt[7]"  />
    <postMsg mid="35001748" type="Warning" dynamic="2" navigation="0" arg0="5" arg1="\u_ctrl/u_ack/pkt[7]"  />
    <postMsg mid="35001747" type="Warning" dynamic="2" navigation="0" arg0="4" arg1="\u_ctrl/u_ack/pkt[7]"  />
    <postMsg mid="35001747" type="Warning" dynamic="2" navigation="0" arg0="3" arg1="\u_ctrl/u_ack/pkt[7]"  />
    <postMsg mid="35001748" type="Warning" dynamic="2" navigation="0" arg0="2" arg1="\u_ctrl/u_ack/pkt[7]"  />
    <postMsg mid="35001748" type="Warning" dynamic="2" navigation="0" arg0="1" arg1="\u_ctrl/u_ack/pkt[7]"  />
    <postMsg mid="35001747" type="Warning" dynamic="2" navigation="0" arg0="0" arg1="\u_ctrl/u_ack/pkt[7]"  />
    <postMsg mid="35001747" type="Warning" dynamic="2" navigation="0" arg0="7" arg1="\u_raw_cap/stride_p2"  />
    <postMsg mid="35001747" type="Warning" dynamic="2" navigation="0" arg0="6" arg1="\u_raw_cap/stride_p2"  />
    <postMsg mid="35001747" type="Warning" dynamic="2" navigation="0" arg0="5" arg1="\u_raw_cap/stride_p2"  />
    <postMsg mid="35001747" type="Warning" dynamic="2" navigation="0" arg0="4" arg1="\u_raw_cap/stride_p2"  />
    <postMsg mid="35001747" type="Warning" dynamic="2" navigation="0" arg0="3" arg1="\u_raw_cap/stride_p2"  />
    <postMsg mid="35001747" type="Warning" dynamic="2" navigation="0" arg0="2" arg1="\u_raw_cap/stride_p2"  />
    <postMsg mid="35001747" type="Warning" dynamic="2" navigation="0" arg0="1" arg1="\u_raw_cap/stride_p2"  />
    <postMsg mid="35001748" type="Warning" dynamic="2" navigation="0" arg0="0" arg1="\u_raw_cap/stride_p2"  />
    <postMsg mid="35001747" type="Warning" dynamic="2" navigation="0" arg0="31" arg1="\u_sdram/level_words"  />
    <postMsg mid="35001747" type="Warning" dynamic="2" navigation="0" arg0="30" arg1="\u_sdram/level_words"  />
    <postMsg mid="35001747" type="Warning" dynamic="2" navigation="0" arg0="29" arg1="\u_sdram/level_words"  />
    <postMsg mid="35001747" type="Warning" dynamic="2" navigation="0" arg0="28" arg1="\u_sdram/level_words"  />
    <postMsg mid="35001747" type="Warning" dynamic="2" navigation="0" arg0="27" arg1="\u_sdram/level_words"  />
    <postMsg mid="35001747" type="Warning" dynamic="2" navigation="0" arg0="26" arg1="\u_sdram/level_words"  />
    <postMsg mid="35001747" type="Warning" dynamic="2" navigation="0" arg0="25" arg1="\u_sdram/level_words"  />
    <postMsg mid="35001747" type="Warning" dynamic="2" navigation="0" arg0="24" arg1="\u_sdram/level_words"  />
    <postMsg mid="35001747" type="Warning" dynamic="2" navigation="0" arg0="23" arg1="\u_sdram/level_words"  />
    <postMsg mid="35001747" type="Warning" dynamic="2" navigation="0" arg0="15" arg1="\u_motion_frontend/sum_bx[39]"  />
    <postMsg mid="35001747" type="Warning" dynamic="2" navigation="0" arg0="14" arg1="\u_motion_frontend/sum_bx[39]"  />
    <postMsg mid="35001747" type="Warning" dynamic="2" navigation="0" arg0="13" arg1="\u_motion_frontend/sum_bx[39]"  />
    <postMsg mid="35001747" type="Warning" dynamic="2" navigation="0" arg0="12" arg1="\u_motion_frontend/sum_bx[39]"  />
    <postMsg mid="35001747" type="Warning" dynamic="2" navigation="0" arg0="11" arg1="\u_motion_frontend/sum_bx[39]"  />
    <postMsg mid="35001747" type="Warning" dynamic="2" navigation="0" arg0="10" arg1="\u_motion_frontend/sum_bx[39]"  />
    <postMsg mid="35001747" type="Warning" dynamic="2" navigation="0" arg0="9" arg1="\u_motion_frontend/sum_bx[39]"  />
    <postMsg mid="35001747" type="Warning" dynamic="2" navigation="0" arg0="8" arg1="\u_motion_frontend/sum_bx[39]"  />
    <postMsg mid="35001747" type="Warning" dynamic="2" navigation="0" arg0="7" arg1="\u_motion_frontend/sum_bx[39]"  />
    <postMsg mid="35001747" type="Warning" dynamic="2" navigation="0" arg0="6" arg1="\u_motion_frontend/sum_bx[39]"  />
    <postMsg mid="35001747" type="Warning" dynamic="2" navigation="0" arg0="5" arg1="\u_motion_frontend/sum_bx[39]"  />
    <postMsg mid="35001747" type="Warning" dynamic="2" navigation="0" arg0="4" arg1="\u_motion_frontend/sum_bx[39]"  />
    <postMsg mid="35001747" type="Warning" dynamic="2" navigation="0" arg0="3" arg1="\u_motion_frontend/sum_bx[39]"  />
    <postMsg mid="35001747" type="Warning" dynamic="2" navigation="0" arg0="2" arg1="\u_motion_frontend/sum_bx[39]"  />
    <postMsg mid="35001747" type="Warning" dynamic="2" navigation="0" arg0="1" arg1="\u_motion_frontend/sum_bx[39]"  />
    <postMsg mid="35001747" type="Warning" dynamic="2" navigation="0" arg0="0" arg1="\u_motion_frontend/sum_bx[39]"  />
    <postMsg mid="35001747" type="Warning" dynamic="2" navigation="0" arg0="15" arg1="\u_motion_frontend/sum_bx[39]"  />
    <postMsg mid="35001747" type="Warning" dynamic="2" navigation="0" arg0="14" arg1="\u_motion_frontend/sum_bx[39]"  />
    <postMsg mid="35001747" type="Warning" dynamic="2" navigation="0" arg0="13" arg1="\u_motion_frontend/sum_bx[39]"  />
    <postMsg mid="35001747" type="Warning" dynamic="2" navigation="0" arg0="12" arg1="\u_motion_frontend/sum_bx[39]"  />
    <postMsg mid="35001747" type="Warning" dynamic="2" navigation="0" arg0="11" arg1="\u_motion_frontend/sum_bx[39]"  />
    <postMsg mid="35001747" type="Warning" dynamic="2" navigation="0" arg0="10" arg1="\u_motion_frontend/sum_bx[39]"  />
    <postMsg mid="35001747" type="Warning" dynamic="2" navigation="0" arg0="9" arg1="\u_motion_frontend/sum_bx[39]"  />
    <postMsg mid="35001747" type="Warning" dynamic="2" navigation="0" arg0="8" arg1="\u_motion_frontend/sum_bx[39]"  />
    <postMsg mid="35001747" type="Warning" dynamic="2" navigation="0" arg0="7" arg1="\u_motion_frontend/sum_bx[39]"  />
    <postMsg mid="35001747" type="Warning" dynamic="2" navigation="0" arg0="6" arg1="\u_motion_frontend/sum_bx[39]"  />
    <postMsg mid="35001747" type="Warning" dynamic="2" navigation="0" arg0="5" arg1="\u_motion_frontend/sum_bx[39]"  />
    <postMsg mid="35001747" type="Warning" dynamic="2" navigation="0" arg0="4" arg1="\u_motion_frontend/sum_bx[39]"  />
    <postMsg mid="35001747" type="Warning" dynamic="2" navigation="0" arg0="3" arg1="\u_motion_frontend/sum_bx[39]"  />
    <postMsg mid="35001747" type="Warning" dynamic="2" navigation="0" arg0="2" arg1="\u_motion_frontend/sum_bx[39]"  />
    <postMsg mid="35001747" type="Warning" dynamic="2" navigation="0" arg0="1" arg1="\u_motion_frontend/sum_bx[39]"  />
    <postMsg mid="35001747" type="Warning" dynamic="2" navigation="0" arg0="0" arg1="\u_motion_frontend/sum_bx[39]"  />
    <postMsg mid="35001747" type="Warning" dynamic="2" navigation="0" arg0="15" arg1="\u_motion_frontend/sum_bx[39]"  />
    <postMsg mid="35001747" type="Warning" dynamic="2" navigation="0" arg0="14" arg1="\u_motion_frontend/sum_bx[39]"  />
    <postMsg mid="35001747" type="Warning" dynamic="2" navigation="0" arg0="13" arg1="\u_motion_frontend/sum_bx[39]"  />
    <postMsg mid="35001747" type="Warning" dynamic="2" navigation="0" arg0="12" arg1="\u_motion_frontend/sum_bx[39]"  />
    <postMsg mid="35001747" type="Warning" dynamic="2" navigation="0" arg0="11" arg1="\u_motion_frontend/sum_bx[39]"  />
    <postMsg mid="35001747" type="Warning" dynamic="2" navigation="0" arg0="10" arg1="\u_motion_frontend/sum_bx[39]"  />
    <postMsg mid="35001747" type="Warning" dynamic="2" navigation="0" arg0="9" arg1="\u_motion_frontend/sum_bx[39]"  />
    <postMsg mid="35001747" type="Warning" dynamic="2" navigation="0" arg0="8" arg1="\u_motion_frontend/sum_bx[39]"  />
    <postMsg mid="35001747" type="Warning" dynamic="2" navigation="0" arg0="7" arg1="\u_motion_frontend/sum_bx[39]"  />
    <postMsg mid="35001747" type="Warning" dynamic="2" navigation="0" arg0="6" arg1="\u_motion_frontend/sum_bx[39]"  />
    <postMsg mid="35001747" type="Warning" dynamic="2" navigation="0" arg0="5" arg1="\u_motion_frontend/sum_bx[39]"  />
    <postMsg mid="35001747" type="Warning" dynamic="2" navigation="0" arg0="4" arg1="\u_motion_frontend/sum_bx[39]"  />
    <postMsg mid="35001747" type="Warning" dynamic="2" navigation="0" arg0="3" arg1="\u_motion_frontend/sum_bx[39]"  />
    <postMsg mid="35001747" type="Warning" dynamic="2" navigation="0" arg0="2" arg1="\u_motion_frontend/sum_bx[39]"  />
    <postMsg mid="35001747" type="Warning" dynamic="2" navigation="0" arg0="1" arg1="\u_motion_frontend/sum_bx[39]"  />
    <postMsg mid="35001747" type="Warning" dynamic="2" navigation="0" arg0="0" arg1="\u_motion_frontend/sum_bx[39]"  />
    <postMsg mid="35001747" type="Warning" dynamic="2" navigation="0" arg0="15" arg1="\u_motion_frontend/sum_bx[39]"  />
    <postMsg mid="35001747" type="Warning" dynamic="2" navigation="0" arg0="14" arg1="\u_motion_frontend/sum_bx[39]"  />
    <postMsg mid="35001747" type="Warning" dynamic="2" navigation="0" arg0="13" arg1="\u_motion_frontend/sum_bx[39]"  />
    <postMsg mid="35001747" type="Warning" dynamic="2" navigation="0" arg0="12" arg1="\u_motion_frontend/sum_bx[39]"  />
    <postMsg mid="35001747" type="Warning" dynamic="2" navigation="0" arg0="11" arg1="\u_motion_frontend/sum_bx[39]"  />
    <postMsg mid="35001747" type="Warning" dynamic="2" navigation="0" arg0="10" arg1="\u_motion_frontend/sum_bx[39]"  />
    <postMsg mid="35001747" type="Warning" dynamic="2" navigation="0" arg0="9" arg1="\u_motion_frontend/sum_bx[39]"  />
    <postMsg mid="35001747" type="Warning" dynamic="2" navigation="0" arg0="8" arg1="\u_motion_frontend/sum_bx[39]"  />
    <postMsg mid="35001747" type="Warning" dynamic="2" navigation="0" arg0="7" arg1="\u_motion_frontend/sum_bx[39]"  />
    <postMsg mid="35001747" type="Warning" dynamic="2" navigation="0" arg0="6" arg1="\u_motion_frontend/sum_bx[39]"  />
    <postMsg mid="35001747" type="Warning" dynamic="2" navigation="0" arg0="5" arg1="\u_motion_frontend/sum_bx[39]"  />
    <postMsg mid="35001747" type="Warning" dynamic="2" navigation="0" arg0="4" arg1="\u_motion_frontend/sum_bx[39]"  />
    <postMsg mid="35001747" type="Warning" dynamic="2" navigation="0" arg0="3" arg1="\u_motion_frontend/sum_bx[39]"  />
    <postMsg mid="35001747" type="Warning" dynamic="2" navigation="0" arg0="2" arg1="\u_motion_frontend/sum_bx[39]"  />
    <postMsg mid="35001747" type="Warning" dynamic="2" navigation="0" arg0="1" arg1="\u_motion_frontend/sum_bx[39]"  />
    <postMsg mid="35001747" type="Warning" dynamic="2" navigation="0" arg0="0" arg1="\u_motion_frontend/sum_bx[39]"  />
    <postMsg mid="35001747" type="Warning" dynamic="2" navigation="0" arg0="15" arg1="\u_motion_frontend/sum_bx[39]"  />
    <postMsg mid="35001747" type="Warning" dynamic="2" navigation="0" arg0="14" arg1="\u_motion_frontend/sum_bx[39]"  />
    <postMsg mid="35001747" type="Warning" dynamic="2" navigation="0" arg0="13" arg1="\u_motion_frontend/sum_bx[39]"  />
    <postMsg mid="35001747" type="Warning" dynamic="2" navigation="0" arg0="12" arg1="\u_motion_frontend/sum_bx[39]"  />
    <postMsg mid="35001747" type="Warning" dynamic="2" navigation="0" arg0="11" arg1="\u_motion_frontend/sum_bx[39]"  />
    <postMsg mid="35001747" type="Warning" dynamic="2" navigation="0" arg0="10" arg1="\u_motion_frontend/sum_bx[39]"  />
    <postMsg mid="35001747" type="Warning" dynamic="2" navigation="0" arg0="9" arg1="\u_motion_frontend/sum_bx[39]"  />
    <postMsg mid="35001747" type="Warning" dynamic="2" navigation="0" arg0="8" arg1="\u_motion_frontend/sum_bx[39]"  />
    <postMsg mid="35001747" type="Warning" dynamic="2" navigation="0" arg0="7" arg1="\u_motion_frontend/sum_bx[39]"  />
    <postMsg mid="35001747" type="Warning" dynamic="2" navigation="0" arg0="6" arg1="\u_motion_frontend/sum_bx[39]"  />
    <postMsg mid="35001747" type="Warning" dynamic="2" navigation="0" arg0="5" arg1="\u_motion_frontend/sum_bx[39]"  />
    <postMsg mid="35001747" type="Warning" dynamic="2" navigation="0" arg0="4" arg1="\u_motion_frontend/sum_bx[39]"  />
    <postMsg mid="35001747" type="Warning" dynamic="2" navigation="0" arg0="3" arg1="\u_motion_frontend/sum_bx[39]"  />
    <postMsg mid="35001747" type="Warning" dynamic="2" navigation="0" arg0="2" arg1="\u_motion_frontend/sum_bx[39]"  />
    <postMsg mid="35001747" type="Warning" dynamic="2" navigation="0" arg0="1" arg1="\u_motion_frontend/sum_bx[39]"  />
    <postMsg mid="35001747" type="Warning" dynamic="2" navigation="0" arg0="0" arg1="\u_motion_frontend/sum_bx[39]"  />
    <postMsg mid="35001747" type="Warning" dynamic="2" navigation="0" arg0="15" arg1="\u_motion_frontend/sum_bx[39]"  />
    <postMsg mid="35001747" type="Warning" dynamic="2" navigation="0" arg0="14" arg1="\u_motion_frontend/sum_bx[39]"  />
    <postMsg mid="35001747" type="Warning" dynamic="2" navigation="0" arg0="13" arg1="\u_motion_frontend/sum_bx[39]"  />
    <postMsg mid="35001747" type="Warning" dynamic="2" navigation="0" arg0="12" arg1="\u_motion_frontend/sum_bx[39]"  />
    <postMsg mid="35001747" type="Warning" dynamic="2" navigation="0" arg0="11" arg1="\u_motion_frontend/sum_bx[39]"  />
    <postMsg mid="35001747" type="Warning" dynamic="2" navigation="0" arg0="10" arg1="\u_motion_frontend/sum_bx[39]"  />
    <postMsg mid="35001747" type="Warning" dynamic="2" navigation="0" arg0="9" arg1="\u_motion_frontend/sum_bx[39]"  />
    <postMsg mid="35001747" type="Warning" dynamic="2" navigation="0" arg0="8" arg1="\u_motion_frontend/sum_bx[39]"  />
    <postMsg mid="35001747" type="Warning" dynamic="2" navigation="0" arg0="7" arg1="\u_motion_frontend/sum_bx[39]"  />
    <postMsg mid="35001747" type="Warning" dynamic="2" navigation="0" arg0="6" arg1="\u_motion_frontend/sum_bx[39]"  />
    <postMsg mid="35001747" type="Warning" dynamic="2" navigation="0" arg0="5" arg1="\u_motion_frontend/sum_bx[39]"  />
    <postMsg mid="35001747" type="Warning" dynamic="2" navigation="0" arg0="4" arg1="\u_motion_frontend/sum_bx[39]"  />
    <postMsg mid="35001747" type="Warning" dynamic="2" navigation="0" arg0="3" arg1="\u_motion_frontend/sum_bx[39]"  />
    <postMsg mid="35001747" type="Warning" dynamic="2" navigation="0" arg0="2" arg1="\u_motion_frontend/sum_bx[39]"  />
    <postMsg mid="35001747" type="Warning" dynamic="2" navigation="0" arg0="1" arg1="\u_motion_frontend/sum_bx[39]"  />
    <postMsg mid="35001747" type="Warning" dynamic="2" navigation="0" arg0="0" arg1="\u_motion_frontend/sum_bx[39]"  />
    <postMsg mid="35001747" type="Warning" dynamic="2" navigation="0" arg0="15" arg1="\u_motion_frontend/sum_bx[39]"  />
    <postMsg mid="35001747" type="Warning" dynamic="2" navigation="0" arg0="14" arg1="\u_motion_frontend/sum_bx[39]"  />
    <postMsg mid="35001747" type="Warning" dynamic="2" navigation="0" arg0="13" arg1="\u_motion_frontend/sum_bx[39]"  />
    <postMsg mid="35001747" type="Warning" dynamic="2" navigation="0" arg0="12" arg1="\u_motion_frontend/sum_bx[39]"  />
    <postMsg mid="35001747" type="Warning" dynamic="2" navigation="0" arg0="11" arg1="\u_motion_frontend/sum_bx[39]"  />
    <postMsg mid="35001747" type="Warning" dynamic="2" navigation="0" arg0="10" arg1="\u_motion_frontend/sum_bx[39]"  />
    <postMsg mid="35001747" type="Warning" dynamic="2" navigation="0" arg0="9" arg1="\u_motion_frontend/sum_bx[39]"  />
    <postMsg mid="35001747" type="Warning" dynamic="2" navigation="0" arg0="8" arg1="\u_motion_frontend/sum_bx[39]"  />
    <postMsg mid="35001747" type="Warning" dynamic="2" navigation="0" arg0="7" arg1="\u_motion_frontend/sum_bx[39]"  />
    <postMsg mid="35001747" type="Warning" dynamic="2" navigation="0" arg0="6" arg1="\u_motion_frontend/sum_bx[39]"  />
    <postMsg mid="35001747" type="Warning" dynamic="2" navigation="0" arg0="5" arg1="\u_motion_frontend/sum_bx[39]"  />
    <postMsg mid="35001747" type="Warning" dynamic="2" navigation="0" arg0="4" arg1="\u_motion_frontend/sum_bx[39]"  />
    <postMsg mid="35001747" type="Warning" dynamic="2" navigation="0" arg0="3" arg1="\u_motion_frontend/sum_bx[39]"  />
    <postMsg mid="35001747" type="Warning" dynamic="2" navigation="0" arg0="2" arg1="\u_motion_frontend/sum_bx[39]"  />
    <postMsg mid="35001747" type="Warning" dynamic="2" navigation="0" arg0="1" arg1="\u_motion_frontend/sum_bx[39]"  />
    <postMsg mid="35001747" type="Warning" dynamic="2" navigation="0" arg0="0" arg1="\u_motion_frontend/sum_bx[39]"  />
    <postMsg mid="35001747" type="Warning" dynamic="2" navigation="0" arg0="15" arg1="\u_motion_frontend/sum_bx[39]"  />
    <postMsg mid="35001747" type="Warning" dynamic="2" navigation="0" arg0="14" arg1="\u_motion_frontend/sum_bx[39]"  />
    <postMsg mid="35001747" type="Warning" dynamic="2" navigation="0" arg0="13" arg1="\u_motion_frontend/sum_bx[39]"  />
    <postMsg mid="35001747" type="Warning" dynamic="2" navigation="0" arg0="12" arg1="\u_motion_frontend/sum_bx[39]"  />
    <postMsg mid="35001747" type="Warning" dynamic="2" navigation="0" arg0="11" arg1="\u_motion_frontend/sum_bx[39]"  />
    <postMsg mid="35001747" type="Warning" dynamic="2" navigation="0" arg0="10" arg1="\u_motion_frontend/sum_bx[39]"  />
    <postMsg mid="35001747" type="Warning" dynamic="2" navigation="0" arg0="9" arg1="\u_motion_frontend/sum_bx[39]"  />
    <postMsg mid="35001747" type="Warning" dynamic="2" navigation="0" arg0="8" arg1="\u_motion_frontend/sum_bx[39]"  />
    <postMsg mid="35001747" type="Warning" dynamic="2" navigation="0" arg0="7" arg1="\u_motion_frontend/sum_bx[39]"  />
    <postMsg mid="35001747" type="Warning" dynamic="2" navigation="0" arg0="6" arg1="\u_motion_frontend/sum_bx[39]"  />
    <postMsg mid="35001747" type="Warning" dynamic="2" navigation="0" arg0="5" arg1="\u_motion_frontend/sum_bx[39]"  />
    <postMsg mid="35001747" type="Warning" dynamic="2" navigation="0" arg0="4" arg1="\u_motion_frontend/sum_bx[39]"  />
    <postMsg mid="35001747" type="Warning" dynamic="2" navigation="0" arg0="3" arg1="\u_motion_frontend/sum_bx[39]"  />
    <postMsg mid="35001747" type="Warning" dynamic="2" navigation="0" arg0="2" arg1="\u_motion_frontend/sum_bx[39]"  />
    <postMsg mid="35001747" type="Warning" dynamic="2" navigation="0" arg0="1" arg1="\u_motion_frontend/sum_bx[39]"  />
    <postMsg mid="35001747" type="Warning" dynamic="2" navigation="0" arg0="0" arg1="\u_motion_frontend/sum_bx[39]"  />
    <postMsg mid="35001747" type="Warning" dynamic="2" navigation="0" arg0="15" arg1="\u_motion_frontend/sum_bx[39]"  />
    <postMsg mid="35001747" type="Warning" dynamic="2" navigation="0" arg0="14" arg1="\u_motion_frontend/sum_bx[39]"  />
    <postMsg mid="35001747" type="Warning" dynamic="2" navigation="0" arg0="13" arg1="\u_motion_frontend/sum_bx[39]"  />
    <postMsg mid="35001747" type="Warning" dynamic="2" navigation="0" arg0="12" arg1="\u_motion_frontend/sum_bx[39]"  />
    <postMsg mid="35001747" type="Warning" dynamic="2" navigation="0" arg0="11" arg1="\u_motion_frontend/sum_bx[39]"  />
    <postMsg mid="35001747" type="Warning" dynamic="2" navigation="0" arg0="10" arg1="\u_motion_frontend/sum_bx[39]"  />
    <postMsg mid="35001747" type="Warning" dynamic="2" navigation="0" arg0="9" arg1="\u_motion_frontend/sum_bx[39]"  />
    <postMsg mid="35001747" type="Warning" dynamic="2" navigation="0" arg0="8" arg1="\u_motion_frontend/sum_bx[39]"  />
    <postMsg mid="35001747" type="Warning" dynamic="2" navigation="0" arg0="7" arg1="\u_motion_frontend/sum_bx[39]"  />
    <postMsg mid="35001747" type="Warning" dynamic="2" navigation="0" arg0="6" arg1="\u_motion_frontend/sum_bx[39]"  />
    <postMsg mid="35001747" type="Warning" dynamic="2" navigation="0" arg0="5" arg1="\u_motion_frontend/sum_bx[39]"  />
    <postMsg mid="35001747" type="Warning" dynamic="2" navigation="0" arg0="4" arg1="\u_motion_frontend/sum_bx[39]"  />
    <postMsg mid="35001747" type="Warning" dynamic="2" navigation="0" arg0="3" arg1="\u_motion_frontend/sum_bx[39]"  />
    <postMsg mid="35001747" type="Warning" dynamic="2" navigation="0" arg0="2" arg1="\u_motion_frontend/sum_bx[39]"  />
    <postMsg mid="35001747" type="Warning" dynamic="2" navigation="0" arg0="1" arg1="\u_motion_frontend/sum_bx[39]"  />
    <postMsg mid="35001747" type="Warning" dynamic="2" navigation="0" arg0="0" arg1="\u_motion_frontend/sum_bx[39]"  />
    <postMsg mid="35001747" type="Warning" dynamic="2" navigation="0" arg0="15" arg1="\u_motion_frontend/sum_bx[39]"  />
    <postMsg mid="35001747" type="Warning" dynamic="2" navigation="0" arg0="14" arg1="\u_motion_frontend/sum_bx[39]"  />
    <postMsg mid="35001747" type="Warning" dynamic="2" navigation="0" arg0="13" arg1="\u_motion_frontend/sum_bx[39]"  />
    <postMsg mid="35001747" type="Warning" dynamic="2" navigation="0" arg0="12" arg1="\u_motion_frontend/sum_bx[39]"  />
    <postMsg mid="35001747" type="Warning" dynamic="2" navigation="0" arg0="11" arg1="\u_motion_frontend/sum_bx[39]"  />
    <postMsg mid="35001747" type="Warning" dynamic="2" navigation="0" arg0="10" arg1="\u_motion_frontend/sum_bx[39]"  />
    <postMsg mid="35001747" type="Warning" dynamic="2" navigation="0" arg0="9" arg1="\u_motion_frontend/sum_bx[39]"  />
    <postMsg mid="35001747" type="Warning" dynamic="2" navigation="0" arg0="8" arg1="\u_motion_frontend/sum_bx[39]"  />
    <postMsg mid="35001747" type="Warning" dynamic="2" navigation="0" arg0="7" arg1="\u_motion_frontend/sum_bx[39]"  />
    <postMsg mid="35001747" type="Warning" dynamic="2" navigation="0" arg0="6" arg1="\u_motion_frontend/sum_bx[39]"  />
    <postMsg mid="35001747" type="Warning" dynamic="2" navigation="0" arg0="5" arg1="\u_motion_frontend/sum_bx[39]"  />
    <postMsg mid="35001747" type="Warning" dynamic="2" navigation="0" arg0="4" arg1="\u_motion_frontend/sum_bx[39]"  />
    <postMsg mid="35001747" type="Warning" dynamic="2" navigation="0" arg0="3" arg1="\u_motion_frontend/sum_bx[39]"  />
    <postMsg mid="35001747" type="Warning" dynamic="2" navigation="0" arg0="2" arg1="\u_motion_frontend/sum_bx[39]"  />
    <postMsg mid="35001747" type="Warning" dynamic="2" navigation="0" arg0="1" arg1="\u_motion_frontend/sum_bx[39]"  />
    <postMsg mid="35001747" type="Warning" dynamic="2" navigation="0" arg0="0" arg1="\u_motion_frontend/sum_bx[39]"  />
    <postMsg mid="35001747" type="Warning" dynamic="2" navigation="0" arg0="15" arg1="\u_motion_frontend/sum_bx[39]"  />
    <postMsg mid="35001747" type="Warning" dynamic="2" navigation="0" arg0="14" arg1="\u_motion_frontend/sum_bx[39]"  />
    <postMsg mid="35001747" type="Warning" dynamic="2" navigation="0" arg0="13" arg1="\u_motion_frontend/sum_bx[39]"  />
    <postMsg mid="35001747" type="Warning" dynamic="2" navigation="0" arg0="12" arg1="\u_motion_frontend/sum_bx[39]"  />
    <postMsg mid="35001747" type="Warning" dynamic="2" navigation="0" arg0="11" arg1="\u_motion_frontend/sum_bx[39]"  />
    <postMsg mid="35001747" type="Warning" dynamic="2" navigation="0" arg0="10" arg1="\u_motion_frontend/sum_bx[39]"  />
    <postMsg mid="35001747" type="Warning" dynamic="2" navigation="0" arg0="9" arg1="\u_motion_frontend/sum_bx[39]"  />
    <postMsg mid="35001747" type="Warning" dynamic="2" navigation="0" arg0="8" arg1="\u_motion_frontend/sum_bx[39]"  />
    <postMsg mid="35001747" type="Warning" dynamic="2" navigation="0" arg0="7" arg1="\u_motion_frontend/sum_bx[39]"  />
    <postMsg mid="35001747" type="Warning" dynamic="2" navigation="0" arg0="6" arg1="\u_motion_frontend/sum_bx[39]"  />
    <postMsg mid="35001747" type="Warning" dynamic="2" navigation="0" arg0="5" arg1="\u_motion_frontend/sum_bx[39]"  />
    <postMsg mid="35001747" type="Warning" dynamic="2" navigation="0" arg0="4" arg1="\u_motion_frontend/sum_bx[39]"  />
    <postMsg mid="35001747" type="Warning" dynamic="2" navigation="0" arg0="3" arg1="\u_motion_frontend/sum_bx[39]"  />
    <postMsg mid="35001747" type="Warning" dynamic="2" navigation="0" arg0="2" arg1="\u_motion_frontend/sum_bx[39]"  />
    <postMsg mid="35001747" type="Warning" dynamic="2" navigation="0" arg0="1" arg1="\u_motion_frontend/sum_bx[39]"  />
    <postMsg mid="35001747" type="Warning" dynamic="2" navigation="0" arg0="0" arg1="\u_motion_frontend/sum_bx[39]"  />
    <postMsg mid="35001747" type="Warning" dynamic="2" navigation="0" arg0="15" arg1="\u_motion_frontend/sum_bx[39]"  />
    <postMsg mid="35001747" type="Warning" dynamic="2" navigation="0" arg0="14" arg1="\u_motion_frontend/sum_bx[39]"  />
    <postMsg mid="35001747" type="Warning" dynamic="2" navigation="0" arg0="13" arg1="\u_motion_frontend/sum_bx[39]"  />
    <postMsg mid="35001747" type="Warning" dynamic="2" navigation="0" arg0="12" arg1="\u_motion_frontend/sum_bx[39]"  />
    <postMsg mid="35001747" type="Warning" dynamic="2" navigation="0" arg0="11" arg1="\u_motion_frontend/sum_bx[39]"  />
    <postMsg mid="35001747" type="Warning" dynamic="2" navigation="0" arg0="10" arg1="\u_motion_frontend/sum_bx[39]"  />
    <postMsg mid="35001747" type="Warning" dynamic="2" navigation="0" arg0="9" arg1="\u_motion_frontend/sum_bx[39]"  />
    <postMsg mid="35001747" type="Warning" dynamic="2" navigation="0" arg0="8" arg1="\u_motion_frontend/sum_bx[39]"  />
    <postMsg mid="35001747" type="Warning" dynamic="2" navigation="0" arg0="7" arg1="\u_motion_frontend/sum_bx[39]"  />
    <postMsg mid="35001747" type="Warning" dynamic="2" navigation="0" arg0="6" arg1="\u_motion_frontend/sum_bx[39]"  />
    <postMsg mid="35001747" type="Warning" dynamic="2" navigation="0" arg0="5" arg1="\u_motion_frontend/sum_bx[39]"  />
    <postMsg mid="35001747" type="Warning" dynamic="2" navigation="0" arg0="4" arg1="\u_motion_frontend/sum_bx[39]"  />
    <postMsg mid="35001747" type="Warning" dynamic="2" navigation="0" arg0="3" arg1="\u_motion_frontend/sum_bx[39]"  />
    <postMsg mid="35001747" type="Warning" dynamic="2" navigation="0" arg0="2" arg1="\u_motion_frontend/sum_bx[39]"  />
    <postMsg mid="35001747" type="Warning" dynamic="2" navigation="0" arg0="1" arg1="\u_motion_frontend/sum_bx[39]"  />
    <postMsg mid="35001747" type="Warning" dynamic="2" navigation="0" arg0="0" arg1="\u_motion_frontend/sum_bx[39]"  />
    <postMsg mid="35001747" type="Warning" dynamic="2" navigation="0" arg0="15" arg1="\u_motion_frontend/sum_bx[39]"  />
    <postMsg mid="35001747" type="Warning" dynamic="2" navigation="0" arg0="14" arg1="\u_motion_frontend/sum_bx[39]"  />
    <postMsg mid="35001747" type="Warning" dynamic="2" navigation="0" arg0="13" arg1="\u_motion_frontend/sum_bx[39]"  />
    <postMsg mid="35001747" type="Warning" dynamic="2" navigation="0" arg0="12" arg1="\u_motion_frontend/sum_bx[39]"  />
    <postMsg mid="35001747" type="Warning" dynamic="2" navigation="0" arg0="11" arg1="\u_motion_frontend/sum_bx[39]"  />
    <postMsg mid="35001747" type="Warning" dynamic="2" navigation="0" arg0="10" arg1="\u_motion_frontend/sum_bx[39]"  />
    <postMsg mid="35001747" type="Warning" dynamic="2" navigation="0" arg0="9" arg1="\u_motion_frontend/sum_bx[39]"  />
    <postMsg mid="35001747" type="Warning" dynamic="2" navigation="0" arg0="8" arg1="\u_motion_frontend/sum_bx[39]"  />
    <postMsg mid="35001747" type="Warning" dynamic="2" navigation="0" arg0="7" arg1="\u_motion_frontend/sum_bx[39]"  />
    <postMsg mid="35001747" type="Warning" dynamic="2" navigation="0" arg0="6" arg1="\u_motion_frontend/sum_bx[39]"  />
    <postMsg mid="35001747" type="Warning" dynamic="2" navigation="0" arg0="5" arg1="\u_motion_frontend/sum_bx[39]"  />
    <postMsg mid="35001747" type="Warning" dynamic="2" navigation="0" arg0="4" arg1="\u_motion_frontend/sum_bx[39]"  />
    <postMsg mid="35001747" type="Warning" dynamic="2" navigation="0" arg0="3" arg1="\u_motion_frontend/sum_bx[39]"  />
    <postMsg mid="35001747" type="Warning" dynamic="2" navigation="0" arg0="2" arg1="\u_motion_frontend/sum_bx[39]"  />
    <postMsg mid="35001747" type="Warning" dynamic="2" navigation="0" arg0="1" arg1="\u_motion_frontend/sum_bx[39]"  />
    <postMsg mid="35001747" type="Warning" dynamic="2" navigation="0" arg0="0" arg1="\u_motion_frontend/sum_bx[39]"  />
    <postMsg mid="35001747" type="Warning" dynamic="2" navigation="0" arg0="15" arg1="\u_motion_frontend/sum_bx[39]"  />
    <postMsg mid="35001747" type="Warning" dynamic="2" navigation="0" arg0="14" arg1="\u_motion_frontend/sum_bx[39]"  />
    <postMsg mid="35001747" type="Warning" dynamic="2" navigation="0" arg0="13" arg1="\u_motion_frontend/sum_bx[39]"  />
    <postMsg mid="35001747" type="Warning" dynamic="2" navigation="0" arg0="12" arg1="\u_motion_frontend/sum_bx[39]"  />
    <postMsg mid="35001747" type="Warning" dynamic="2" navigation="0" arg0="11" arg1="\u_motion_frontend/sum_bx[39]"  />
    <postMsg mid="35001747" type="Warning" dynamic="2" navigation="0" arg0="10" arg1="\u_motion_frontend/sum_bx[39]"  />
    <postMsg mid="35001747" type="Warning" dynamic="2" navigation="0" arg0="9" arg1="\u_motion_frontend/sum_bx[39]"  />
    <postMsg mid="35001747" type="Warning" dynamic="2" navigation="0" arg0="8" arg1="\u_motion_frontend/sum_bx[39]"  />
    <postMsg mid="35001747" type="Warning" dynamic="2" navigation="0" arg0="7" arg1="\u_motion_frontend/sum_bx[39]"  />
    <postMsg mid="35001747" type="Warning" dynamic="2" navigation="0" arg0="6" arg1="\u_motion_frontend/sum_bx[39]"  />
    <postMsg mid="35001747" type="Warning" dynamic="2" navigation="0" arg0="5" arg1="\u_motion_frontend/sum_bx[39]"  />
    <postMsg mid="35001747" type="Warning" dynamic="2" navigation="0" arg0="4" arg1="\u_motion_frontend/sum_bx[39]"  />
    <postMsg mid="35001747" type="Warning" dynamic="2" navigation="0" arg0="3" arg1="\u_motion_frontend/sum_bx[39]"  />
    <postMsg mid="35001747" type="Warning" dynamic="2" navigation="0" arg0="2" arg1="\u_motion_frontend/sum_bx[39]"  />
    <postMsg mid="35001747" type="Warning" dynamic="2" navigation="0" arg0="1" arg1="\u_motion_frontend/sum_bx[39]"  />
    <postMsg mid="35001747" type="Warning" dynamic="2" navigation="0" arg0="0" arg1="\u_motion_frontend/sum_bx[39]"  />
    <postMsg mid="35001747" type="Warning" dynamic="2" navigation="0" arg0="15" arg1="\u_motion_frontend/sum_bx[39]"  />
    <postMsg mid="35001747" type="Warning" dynamic="2" navigation="0" arg0="14" arg1="\u_motion_frontend/sum_bx[39]"  />
    <postMsg mid="35001747" type="Warning" dynamic="2" navigation="0" arg0="13" arg1="\u_motion_frontend/sum_bx[39]"  />
    <postMsg mid="35001747" type="Warning" dynamic="2" navigation="0" arg0="12" arg1="\u_motion_frontend/sum_bx[39]"  />
    <postMsg mid="35001747" type="Warning" dynamic="2" navigation="0" arg0="11" arg1="\u_motion_frontend/sum_bx[39]"  />
    <postMsg mid="35001747" type="Warning" dynamic="2" navigation="0" arg0="10" arg1="\u_motion_frontend/sum_bx[39]"  />
    <postMsg mid="35001747" type="Warning" dynamic="2" navigation="0" arg0="9" arg1="\u_motion_frontend/sum_bx[39]"  />
    <postMsg mid="35001747" type="Warning" dynamic="2" navigation="0" arg0="8" arg1="\u_motion_frontend/sum_bx[39]"  />
    <postMsg mid="35001747" type="Warning" dynamic="2" navigation="0" arg0="7" arg1="\u_motion_frontend/sum_bx[39]"  />
    <postMsg mid="35001747" type="Warning" dynamic="2" navigation="0" arg0="6" arg1="\u_motion_frontend/sum_bx[39]"  />
    <postMsg mid="35001747" type="Warning" dynamic="2" navigation="0" arg0="5" arg1="\u_motion_frontend/sum_bx[39]"  />
    <postMsg mid="35001747" type="Warning" dynamic="2" navigation="0" arg0="4" arg1="\u_motion_frontend/sum_bx[39]"  />
    <postMsg mid="35001747" type="Warning" dynamic="2" navigation="0" arg0="3" arg1="\u_motion_frontend/sum_bx[39]"  />
    <postMsg mid="35001747" type="Warning" dynamic="2" navigation="0" arg0="2" arg1="\u_motion_frontend/sum_bx[39]"  />
    <postMsg mid="35001747" type="Warning" dynamic="2" navigation="0" arg0="1" arg1="\u_motion_frontend/sum_bx[39]"  />
    <postMsg mid="35001747" type="Warning" dynamic="2" navigation="0" arg0="0" arg1="\u_motion_frontend/sum_bx[39]"  />
    <postMsg mid="35001747" type="Warning" dynamic="2" navigation="0" arg0="15" arg1="\u_motion_frontend/sum_bx[39]"  />
    <postMsg mid="35001747" type="Warning" dynamic="2" navigation="0" arg0="14" arg1="\u_motion_frontend/sum_bx[39]"  />
    <postMsg mid="35001747" type="Warning" dynamic="2" navigation="0" arg0="13" arg1="\u_motion_frontend/sum_bx[39]"  />
    <postMsg mid="35001747" type="Warning" dynamic="2" navigation="0" arg0="12" arg1="\u_motion_frontend/sum_bx[39]"  />
    <postMsg mid="35001747" type="Warning" dynamic="2" navigation="0" arg0="11" arg1="\u_motion_frontend/sum_bx[39]"  />
    <postMsg mid="35001747" type="Warning" dynamic="2" navigation="0" arg0="10" arg1="\u_motion_frontend/sum_bx[39]"  />
    <postMsg mid="35001747" type="Warning" dynamic="2" navigation="0" arg0="9" arg1="\u_motion_frontend/sum_bx[39]"  />
    <postMsg mid="35001747" type="Warning" dynamic="2" navigation="0" arg0="8" arg1="\u_motion_frontend/sum_bx[39]"  />
    <postMsg mid="35001747" type="Warning" dynamic="2" navigation="0" arg0="7" arg1="\u_motion_frontend/sum_bx[39]"  />
    <postMsg mid="35001747" type="Warning" dynamic="2" navigation="0" arg0="6" arg1="\u_motion_frontend/sum_bx[39]"  />
    <postMsg mid="35001747" type="Warning" dynamic="2" navigation="0" arg0="5" arg1="\u_motion_frontend/sum_bx[39]"  />
    <postMsg mid="35001747" type="Warning" dynamic="2" navigation="0" arg0="4" arg1="\u_motion_frontend/sum_bx[39]"  />
    <postMsg mid="35001747" type="Warning" dynamic="2" navigation="0" arg0="3" arg1="\u_motion_frontend/sum_bx[39]"  />
    <postMsg mid="35001747" type="Warning" dynamic="2" navigation="0" arg0="2" arg1="\u_motion_frontend/sum_bx[39]"  />
    <postMsg mid="35001747" type="Warning" dynamic="2" navigation="0" arg0="1" arg1="\u_motion_frontend/sum_bx[39]"  />
    <postMsg mid="35001747" type="Warning" dynamic="2" navigation="0" arg0="0" arg1="\u_motion_frontend/sum_bx[39]"  />
    <postMsg mid="35001747" type="Warning" dynamic="2" navigation="0" arg0="15" arg1="\u_motion_frontend/sum_bx[39]"  />
    <postMsg mid="35001747" type="Warning" dynamic="2" navigation="0" arg0="14" arg1="\u_motion_frontend/sum_bx[39]"  />
    <postMsg mid="35001747" type="Warning" dynamic="2" navigation="0" arg0="13" arg1="\u_motion_frontend/sum_bx[39]"  />
    <postMsg mid="35001747" type="Warning" dynamic="2" navigation="0" arg0="12" arg1="\u_motion_frontend/sum_bx[39]"  />
    <postMsg mid="35001747" type="Warning" dynamic="2" navigation="0" arg0="11" arg1="\u_motion_frontend/sum_bx[39]"  />
    <postMsg mid="35001747" type="Warning" dynamic="2" navigation="0" arg0="10" arg1="\u_motion_frontend/sum_bx[39]"  />
    <postMsg mid="35001747" type="Warning" dynamic="2" navigation="0" arg0="9" arg1="\u_motion_frontend/sum_bx[39]"  />
    <postMsg mid="35001747" type="Warning" dynamic="2" navigation="0" arg0="8" arg1="\u_motion_frontend/sum_bx[39]"  />
    <postMsg mid="35001747" type="Warning" dynamic="2" navigation="0" arg0="7" arg1="\u_motion_frontend/sum_bx[39]"  />
    <postMsg mid="35001747" type="Warning" dynamic="2" navigation="0" arg0="6" arg1="\u_motion_frontend/sum_bx[39]"  />
    <postMsg mid="35001747" type="Warning" dynamic="2" navigation="0" arg0="5" arg1="\u_motion_frontend/sum_bx[39]"  />
    <postMsg mid="35001747" type="Warning" dynamic="2" navigation="0" arg0="4" arg1="\u_motion_frontend/sum_bx[39]"  />
    <postMsg mid="35001747" type="Warning" dynamic="2" navigation="0" arg0="3" arg1="\u_motion_frontend/sum_bx[39]"  />
    <postMsg mid="35001747" type="Warning" dynamic="2" navigation="0" arg0="2" arg1="\u_motion_frontend/sum_bx[39]"  />
    <postMsg mid="35001747" type="Warning" dynamic="2" navigation="0" arg0="1" arg1="\u_motion_frontend/sum_bx[39]"  />
    <postMsg mid="35001747" type="Warning" dynamic="2" navigation="0" arg0="0" arg1="\u_motion_frontend/sum_bx[39]"  />
    <postMsg mid="35001747" type="Warning" dynamic="2" navigation="0" arg0="15" arg1="\u_motion_frontend/sum_bx[39]"  />
    <postMsg mid="35001747" type="Warning" dynamic="2" navigation="0" arg0="14" arg1="\u_motion_frontend/sum_bx[39]"  />
    <postMsg mid="35001747" type="Warning" dynamic="2" navigation="0" arg0="13" arg1="\u_motion_frontend/sum_bx[39]"  />
    <postMsg mid="35001747" type="Warning" dynamic="2" navigation="0" arg0="12" arg1="\u_motion_frontend/sum_bx[39]"  />
    <postMsg mid="35001747" type="Warning" dynamic="2" navigation="0" arg0="11" arg1="\u_motion_frontend/sum_bx[39]"  />
    <postMsg mid="35001747" type="Warning" dynamic="2" navigation="0" arg0="10" arg1="\u_motion_frontend/sum_bx[39]"  />
    <postMsg mid="35001747" type="Warning" dynamic="2" navigation="0" arg0="9" arg1="\u_motion_frontend/sum_bx[39]"  />
    <postMsg mid="35001747" type="Warning" dynamic="2" navigation="0" arg0="8" arg1="\u_motion_frontend/sum_bx[39]"  />
    <postMsg mid="35001747" type="Warning" dynamic="2" navigation="0" arg0="7" arg1="\u_motion_frontend/sum_bx[39]"  />
    <postMsg mid="35001747" type="Warning" dynamic="2" navigation="0" arg0="6" arg1="\u_motion_frontend/sum_bx[39]"  />
    <postMsg mid="35001747" type="Warning" dynamic="2" navigation="0" arg0="5" arg1="\u_motion_frontend/sum_bx[39]"  />
    <postMsg mid="35001747" type="Warning" dynamic="2" navigation="0" arg0="4" arg1="\u_motion_frontend/sum_bx[39]"  />
    <postMsg mid="35001747" type="Warning" dynamic="2" navigation="0" arg0="3" arg1="\u_motion_frontend/sum_bx[39]"  />
    <postMsg mid="35001747" type="Warning" dynamic="2" navigation="0" arg0="2" arg1="\u_motion_frontend/sum_bx[39]"  />
    <postMsg mid="35001747" type="Warning" dynamic="2" navigation="0" arg0="1" arg1="\u_motion_frontend/sum_bx[39]"  />
    <postMsg mid="35001747" type="Warning" dynamic="2" navigation="0" arg0="0" arg1="\u_motion_frontend/sum_bx[39]"  />
    <postMsg mid="35001747" type="Warning" dynamic="2" navigation="0" arg0="15" arg1="\u_motion_frontend/sum_bx[39]"  />
    <postMsg mid="35001747" type="Warning" dynamic="2" navigation="0" arg0="14" arg1="\u_motion_frontend/sum_bx[39]"  />
    <postMsg mid="35001747" type="Warning" dynamic="2" navigation="0" arg0="13" arg1="\u_motion_frontend/sum_bx[39]"  />
    <postMsg mid="35001747" type="Warning" dynamic="2" navigation="0" arg0="12" arg1="\u_motion_frontend/sum_bx[39]"  />
    <postMsg mid="35001747" type="Warning" dynamic="2" navigation="0" arg0="11" arg1="\u_motion_frontend/sum_bx[39]"  />
    <postMsg mid="35001747" type="Warning" dynamic="2" navigation="0" arg0="10" arg1="\u_motion_frontend/sum_bx[39]"  />
    <postMsg mid="35001747" type="Warning" dynamic="2" navigation="0" arg0="9" arg1="\u_motion_frontend/sum_bx[39]"  />
    <postMsg mid="35001747" type="Warning" dynamic="2" navigation="0" arg0="8" arg1="\u_motion_frontend/sum_bx[39]"  />
    <postMsg mid="35001747" type="Warning" dynamic="2" navigation="0" arg0="7" arg1="\u_motion_frontend/sum_bx[39]"  />
    <postMsg mid="35001747" type="Warning" dynamic="2" navigation="0" arg0="6" arg1="\u_motion_frontend/sum_bx[39]"  />
    <postMsg mid="35001747" type="Warning" dynamic="2" navigation="0" arg0="5" arg1="\u_motion_frontend/sum_bx[39]"  />
    <postMsg mid="35001747" type="Warning" dynamic="2" navigation="0" arg0="4" arg1="\u_motion_frontend/sum_bx[39]"  />
    <postMsg mid="35001747" type="Warning" dynamic="2" navigation="0" arg0="3" arg1="\u_motion_frontend/sum_bx[39]"  />
    <postMsg mid="35001747" type="Warning" dynamic="2" navigation="0" arg0="2" arg1="\u_motion_frontend/sum_bx[39]"  />
    <postMsg mid="35001747" type="Warning" dynamic="2" navigation="0" arg0="1" arg1="\u_motion_frontend/sum_bx[39]"  />
    <postMsg mid="35001747" type="Warning" dynamic="2" navigation="0" arg0="0" arg1="\u_motion_frontend/sum_bx[39]"  />
    <postMsg mid="35001747" type="Warning" dynamic="2" navigation="0" arg0="15" arg1="\u_motion_frontend/sum_bx[39]"  />
    <postMsg mid="35001747" type="Warning" dynamic="2" navigation="0" arg0="14" arg1="\u_motion_frontend/sum_bx[39]"  />
    <postMsg mid="35001747" type="Warning" dynamic="2" navigation="0" arg0="13" arg1="\u_motion_frontend/sum_bx[39]"  />
    <postMsg mid="35001747" type="Warning" dynamic="2" navigation="0" arg0="12" arg1="\u_motion_frontend/sum_bx[39]"  />
    <postMsg mid="35001747" type="Warning" dynamic="2" navigation="0" arg0="11" arg1="\u_motion_frontend/sum_bx[39]"  />
    <postMsg mid="35001747" type="Warning" dynamic="2" navigation="0" arg0="10" arg1="\u_motion_frontend/sum_bx[39]"  />
    <postMsg mid="35001747" type="Warning" dynamic="2" navigation="0" arg0="9" arg1="\u_motion_frontend/sum_bx[39]"  />
    <postMsg mid="35001747" type="Warning" dynamic="2" navigation="0" arg0="8" arg1="\u_motion_frontend/sum_bx[39]"  />
    <postMsg mid="35001747" type="Warning" dynamic="2" navigation="0" arg0="7" arg1="\u_motion_frontend/sum_bx[39]"  />
    <postMsg mid="35001747" type="Warning" dynamic="2" navigation="0" arg0="6" arg1="\u_motion_frontend/sum_bx[39]"  />
    <postMsg mid="35001747" type="Warning" dynamic="2" navigation="0" arg0="5" arg1="\u_motion_frontend/sum_bx[39]"  />
    <postMsg mid="35001747" type="Warning" dynamic="2" navigation="0" arg0="4" arg1="\u_motion_frontend/sum_bx[39]"  />
    <postMsg mid="35001747" type="Warning" dynamic="2" navigation="0" arg0="3" arg1="\u_motion_frontend/sum_bx[39]"  />
    <postMsg mid="35001747" type="Warning" dynamic="2" navigation="0" arg0="2" arg1="\u_motion_frontend/sum_bx[39]"  />
    <postMsg mid="35001747" type="Warning" dynamic="2" navigation="0" arg0="1" arg1="\u_motion_frontend/sum_bx[39]"  />
    <postMsg mid="35001747" type="Warning" dynamic="2" navigation="0" arg0="0" arg1="\u_motion_frontend/sum_bx[39]"  />
    <postMsg mid="35001747" type="Warning" dynamic="2" navigation="0" arg0="15" arg1="\u_motion_frontend/sum_bx[39]"  />
    <postMsg mid="35001747" type="Warning" dynamic="2" navigation="0" arg0="14" arg1="\u_motion_frontend/sum_bx[39]"  />
    <postMsg mid="35001747" type="Warning" dynamic="2" navigation="0" arg0="13" arg1="\u_motion_frontend/sum_bx[39]"  />
    <postMsg mid="35001747" type="Warning" dynamic="2" navigation="0" arg0="12" arg1="\u_motion_frontend/sum_bx[39]"  />
    <postMsg mid="35001747" type="Warning" dynamic="2" navigation="0" arg0="11" arg1="\u_motion_frontend/sum_bx[39]"  />
    <postMsg mid="35001747" type="Warning" dynamic="2" navigation="0" arg0="10" arg1="\u_motion_frontend/sum_bx[39]"  />
    <postMsg mid="35001747" type="Warning" dynamic="2" navigation="0" arg0="9" arg1="\u_motion_frontend/sum_bx[39]"  />
    <postMsg mid="35001747" type="Warning" dynamic="2" navigation="0" arg0="8" arg1="\u_motion_frontend/sum_bx[39]"  />
    <postMsg mid="35001747" type="Warning" dynamic="2" navigation="0" arg0="7" arg1="\u_motion_frontend/sum_bx[39]"  />
    <postMsg mid="35001747" type="Warning" dynamic="2" navigation="0" arg0="6" arg1="\u_motion_frontend/sum_bx[39]"  />
    <postMsg mid="35001747" type="Warning" dynamic="2" navigation="0" arg0="5" arg1="\u_motion_frontend/sum_bx[39]"  />
    <postMsg mid="35001747" type="Warning" dynamic="2" navigation="0" arg0="4" arg1="\u_motion_frontend/sum_bx[39]"  />
    <postMsg mid="35001747" type="Warning" dynamic="2" navigation="0" arg0="3" arg1="\u_motion_frontend/sum_bx[39]"  />
    <postMsg mid="35001747" type="Warning" dynamic="2" navigation="0" arg0="2" arg1="\u_motion_frontend/sum_bx[39]"  />
    <postMsg mid="35001747" type="Warning" dynamic="2" navigation="0" arg0="1" arg1="\u_motion_frontend/sum_bx[39]"  />
    <postMsg mid="35001747" type="Warning" dynamic="2" navigation="0" arg0="0" arg1="\u_motion_frontend/sum_bx[39]"  />
    <postMsg mid="35001747" type="Warning" dynamic="2" navigation="0" arg0="15" arg1="\u_motion_frontend/sum_bx[39]"  />
    <postMsg mid="35001747" type="Warning" dynamic="2" navigation="0" arg0="14" arg1="\u_motion_frontend/sum_bx[39]"  />
    <postMsg mid="35001747" type="Warning" dynamic="2" navigation="0" arg0="13" arg1="\u_motion_frontend/sum_bx[39]"  />
    <postMsg mid="35001747" type="Warning" dynamic="2" navigation="0" arg0="12" arg1="\u_motion_frontend/sum_bx[39]"  />
    <postMsg mid="35001747" type="Warning" dynamic="2" navigation="0" arg0="11" arg1="\u_motion_frontend/sum_bx[39]"  />
    <postMsg mid="35001747" type="Warning" dynamic="2" navigation="0" arg0="10" arg1="\u_motion_frontend/sum_bx[39]"  />
    <postMsg mid="35001747" type="Warning" dynamic="2" navigation="0" arg0="9" arg1="\u_motion_frontend/sum_bx[39]"  />
    <postMsg mid="35001747" type="Warning" dynamic="2" navigation="0" arg0="8" arg1="\u_motion_frontend/sum_bx[39]"  />
    <postMsg mid="35001747" type="Warning" dynamic="2" navigation="0" arg0="7" arg1="\u_motion_frontend/sum_bx[39]"  />
    <postMsg mid="35001747" type="Warning" dynamic="2" navigation="0" arg0="6" arg1="\u_motion_frontend/sum_bx[39]"  />
    <postMsg mid="35001747" type="Warning" dynamic="2" navigation="0" arg0="5" arg1="\u_motion_frontend/sum_bx[39]"  />
    <postMsg mid="35001747" type="Warning" dynamic="2" navigation="0" arg0="4" arg1="\u_motion_frontend/sum_bx[39]"  />
    <postMsg mid="35001747" type="Warning" dynamic="2" navigation="0" arg0="3" arg1="\u_motion_frontend/sum_bx[39]"  />
    <postMsg mid="35001747" type="Warning" dynamic="2" navigation="0" arg0="2" arg1="\u_motion_frontend/sum_bx[39]"  />
    <postMsg mid="35001747" type="Warning" dynamic="2" navigation="0" arg0="1" arg1="\u_motion_frontend/sum_bx[39]"  />
    <postMsg mid="35001747" type="Warning" dynamic="2" navigation="0" arg0="0" arg1="\u_motion_frontend/sum_bx[39]"  />
    <postMsg mid="35001747" type="Warning" dynamic="2" navigation="0" arg0="15" arg1="\u_motion_frontend/sum_bx[39]"  />
    <postMsg mid="35001747" type="Warning" dynamic="2" navigation="0" arg0="14" arg1="\u_motion_frontend/sum_bx[39]"  />
    <postMsg mid="35001747" type="Warning" dynamic="2" navigation="0" arg0="13" arg1="\u_motion_frontend/sum_bx[39]"  />
    <postMsg mid="35001747" type="Warning" dynamic="2" navigation="0" arg0="12" arg1="\u_motion_frontend/sum_bx[39]"  />
    <postMsg mid="35001747" type="Warning" dynamic="2" navigation="0" arg0="11" arg1="\u_motion_frontend/sum_bx[39]"  />
    <postMsg mid="35001747" type="Warning" dynamic="2" navigation="0" arg0="10" arg1="\u_motion_frontend/sum_bx[39]"  />
    <postMsg mid="35001747" type="Warning" dynamic="2" navigation="0" arg0="9" arg1="\u_motion_frontend/sum_bx[39]"  />
    <postMsg mid="35001747" type="Warning" dynamic="2" navigation="0" arg0="8" arg1="\u_motion_frontend/sum_bx[39]"  />
    <postMsg mid="35001747" type="Warning" dynamic="2" navigation="0" arg0="7" arg1="\u_motion_frontend/sum_bx[39]"  />
    <postMsg mid="35001747" type="Warning" dynamic="2" navigation="0" arg0="6" arg1="\u_motion_frontend/sum_bx[39]"  />
    <postMsg mid="35001747" type="Warning" dynamic="2" navigation="0" arg0="5" arg1="\u_motion_frontend/sum_bx[39]"  />
    <postMsg mid="35001747" type="Warning" dynamic="2" navigation="0" arg0="4" arg1="\u_motion_frontend/sum_bx[39]"  />
    <postMsg mid="35001747" type="Warning" dynamic="2" navigation="0" arg0="3" arg1="\u_motion_frontend/sum_bx[39]"  />
    <postMsg mid="35001747" type="Warning" dynamic="2" navigation="0" arg0="2" arg1="\u_motion_frontend/sum_bx[39]"  />
    <postMsg mid="35001747" type="Warning" dynamic="2" navigation="0" arg0="1" arg1="\u_motion_frontend/sum_bx[39]"  />
    <postMsg mid="35001747" type="Warning" dynamic="2" navigation="0" arg0="0" arg1="\u_motion_frontend/sum_bx[39]"  />
    <postMsg mid="35001747" type="Warning" dynamic="2" navigation="0" arg0="15" arg1="\u_motion_frontend/sum_bx[39]"  />
    <postMsg mid="35001747" type="Warning" dynamic="2" navigation="0" arg0="14" arg1="\u_motion_frontend/sum_bx[39]"  />
    <postMsg mid="35001747" type="Warning" dynamic="2" navigation="0" arg0="13" arg1="\u_motion_frontend/sum_bx[39]"  />
    <postMsg mid="35001747" type="Warning" dynamic="2" navigation="0" arg0="12" arg1="\u_motion_frontend/sum_bx[39]"  />
    <postMsg mid="35001747" type="Warning" dynamic="2" navigation="0" arg0="11" arg1="\u_motion_frontend/sum_bx[39]"  />
    <postMsg mid="35001747" type="Warning" dynamic="2" navigation="0" arg0="10" arg1="\u_motion_frontend/sum_bx[39]"  />
    <postMsg mid="35001747" type="Warning" dynamic="2" navigation="0" arg0="9" arg1="\u_motion_frontend/sum_bx[39]"  />
    <postMsg mid="35001747" type="Warning" dynamic="2" navigation="0" arg0="8" arg1="\u_motion_frontend/sum_bx[39]"  />
    <postMsg mid="35001747" type="Warning" dynamic="2" navigation="0" arg0="7" arg1="\u_motion_frontend/sum_bx[39]"  />
    <postMsg mid="35001747" type="Warning" dynamic="2" navigation="0" arg0="6" arg1="\u_motion_frontend/sum_bx[39]"  />
    <postMsg mid="35001747" type="Warning" dynamic="2" navigation="0" arg0="5" arg1="\u_motion_frontend/sum_bx[39]"  />
    <postMsg mid="35001747" type="Warning" dynamic="2" navigation="0" arg0="4" arg1="\u_motion_frontend/sum_bx[39]"  />
    <postMsg mid="35001747" type="Warning" dynamic="2" navigation="0" arg0="3" arg1="\u_motion_frontend/sum_bx[39]"  />
    <postMsg mid="35001747" type="Warning" dynamic="2" navigation="0" arg0="2" arg1="\u_motion_frontend/sum_bx[39]"  />
    <postMsg mid="35001747" type="Warning" dynamic="2" navigation="0" arg0="1" arg1="\u_motion_frontend/sum_bx[39]"  />
    <postMsg mid="35001747" type="Warning" dynamic="2" navigation="0" arg0="0" arg1="\u_motion_frontend/sum_bx[39]"  />
    <postMsg mid="35001747" type="Warning" dynamic="2" navigation="0" arg0="15" arg1="\u_motion_frontend/sum_bx[39]"  />
    <postMsg mid="35001747" type="Warning" dynamic="2" navigation="0" arg0="14" arg1="\u_motion_frontend/sum_bx[39]"  />
    <postMsg mid="35001747" type="Warning" dynamic="2" navigation="0" arg0="13" arg1="\u_motion_frontend/sum_bx[39]"  />
    <postMsg mid="35001747" type="Warning" dynamic="2" navigation="0" arg0="12" arg1="\u_motion_frontend/sum_bx[39]"  />
    <postMsg mid="35001747" type="Warning" dynamic="2" navigation="0" arg0="11" arg1="\u_motion_frontend/sum_bx[39]"  />
    <postMsg mid="35001747" type="Warning" dynamic="2" navigation="0" arg0="10" arg1="\u_motion_frontend/sum_bx[39]"  />
    <postMsg mid="35001747" type="Warning" dynamic="2" navigation="0" arg0="9" arg1="\u_motion_frontend/sum_bx[39]"  />
    <postMsg mid="35001747" type="Warning" dynamic="2" navigation="0" arg0="8" arg1="\u_motion_frontend/sum_bx[39]"  />
    <postMsg mid="35001747" type="Warning" dynamic="2" navigation="0" arg0="7" arg1="\u_motion_frontend/sum_bx[39]"  />
    <postMsg mid="35001747" type="Warning" dynamic="2" navigation="0" arg0="6" arg1="\u_motion_frontend/sum_bx[39]"  />
    <postMsg mid="35001747" type="Warning" dynamic="2" navigation="0" arg0="5" arg1="\u_motion_frontend/sum_bx[39]"  />
    <postMsg mid="35001747" type="Warning" dynamic="2" navigation="0" arg0="4" arg1="\u_motion_frontend/sum_bx[39]"  />
    <postMsg mid="35001747" type="Warning" dynamic="2" navigation="0" arg0="3" arg1="\u_motion_frontend/sum_bx[39]"  />
    <postMsg mid="35001747" type="Warning" dynamic="2" navigation="0" arg0="2" arg1="\u_motion_frontend/sum_bx[39]"  />
    <postMsg mid="35001747" type="Warning" dynamic="2" navigation="0" arg0="1" arg1="\u_motion_frontend/sum_bx[39]"  />
    <postMsg mid="35001747" type="Warning" dynamic="2" navigation="0" arg0="0" arg1="\u_motion_frontend/sum_bx[39]"  />
    <postMsg mid="35001747" type="Warning" dynamic="2" navigation="0" arg0="15" arg1="\u_motion_frontend/sum_bx[39]"  />
    <postMsg mid="35001747" type="Warning" dynamic="2" navigation="0" arg0="14" arg1="\u_motion_frontend/sum_bx[39]"  />
    <postMsg mid="35001747" type="Warning" dynamic="2" navigation="0" arg0="13" arg1="\u_motion_frontend/sum_bx[39]"  />
    <postMsg mid="35001747" type="Warning" dynamic="2" navigation="0" arg0="12" arg1="\u_motion_frontend/sum_bx[39]"  />
    <postMsg mid="35001747" type="Warning" dynamic="2" navigation="0" arg0="11" arg1="\u_motion_frontend/sum_bx[39]"  />
    <postMsg mid="35001747" type="Warning" dynamic="2" navigation="0" arg0="10" arg1="\u_motion_frontend/sum_bx[39]"  />
    <postMsg mid="35001747" type="Warning" dynamic="2" navigation="0" arg0="9" arg1="\u_motion_frontend/sum_bx[39]"  />
    <postMsg mid="35001747" type="Warning" dynamic="2" navigation="0" arg0="8" arg1="\u_motion_frontend/sum_bx[39]"  />
    <postMsg mid="35001747" type="Warning" dynamic="2" navigation="0" arg0="7" arg1="\u_motion_frontend/sum_bx[39]"  />
    <postMsg mid="35001747" type="Warning" dynamic="2" navigation="0" arg0="6" arg1="\u_motion_frontend/sum_bx[39]"  />
    <postMsg mid="35001747" type="Warning" dynamic="2" navigation="0" arg0="5" arg1="\u_motion_frontend/sum_bx[39]"  />
    <postMsg mid="35001747" type="Warning" dynamic="2" navigation="0" arg0="4" arg1="\u_motion_frontend/sum_bx[39]"  />
    <postMsg mid="35001747" type="Warning" dynamic="2" navigation="0" arg0="3" arg1="\u_motion_frontend/sum_bx[39]"  />
    <postMsg mid="35001747" type="Warning" dynamic="2" navigation="0" arg0="2" arg1="\u_motion_frontend/sum_bx[39]"  />
    <postMsg mid="35001747" type="Warning" dynamic="2" navigation="0" arg0="1" arg1="\u_motion_frontend/sum_bx[39]"  />
    <postMsg mid="35001747" type="Warning" dynamic="2" navigation="0" arg0="0" arg1="\u_motion_frontend/sum_bx[39]"  />
    <postMsg mid="35001747" type="Warning" dynamic="2" navigation="0" arg0="15" arg1="\u_motion_frontend/sum_bx[39]"  />
    <postMsg mid="35001747" type="Warning" dynamic="2" navigation="0" arg0="14" arg1="\u_motion_frontend/sum_bx[39]"  />
    <postMsg mid="35001747" type="Warning" dynamic="2" navigation="0" arg0="13" arg1="\u_motion_frontend/sum_bx[39]"  />
    <postMsg mid="35001747" type="Warning" dynamic="2" navigation="0" arg0="12" arg1="\u_motion_frontend/sum_bx[39]"  />
    <postMsg mid="35001747" type="Warning" dynamic="2" navigation="0" arg0="11" arg1="\u_motion_frontend/sum_bx[39]"  />
    <postMsg mid="35001747" type="Warning" dynamic="2" navigation="0" arg0="10" arg1="\u_motion_frontend/sum_bx[39]"  />
    <postMsg mid="35001747" type="Warning" dynamic="2" navigation="0" arg0="9" arg1="\u_motion_frontend/sum_bx[39]"  />
    <postMsg mid="35001747" type="Warning" dynamic="2" navigation="0" arg0="8" arg1="\u_motion_frontend/sum_bx[39]"  />
    <postMsg mid="35001747" type="Warning" dynamic="2" navigation="0" arg0="7" arg1="\u_motion_frontend/sum_bx[39]"  />
    <postMsg mid="35001747" type="Warning" dynamic="2" navigation="0" arg0="6" arg1="\u_motion_frontend/sum_bx[39]"  />
    <postMsg mid="35001747" type="Warning" dynamic="2" navigation="0" arg0="5" arg1="\u_motion_frontend/sum_bx[39]"  />
    <postMsg mid="35001747" type="Warning" dynamic="2" navigation="0" arg0="4" arg1="\u_motion_frontend/sum_bx[39]"  />
    <postMsg mid="35001747" type="Warning" dynamic="2" navigation="0" arg0="3" arg1="\u_motion_frontend/sum_bx[39]"  />
    <postMsg mid="35001747" type="Warning" dynamic="2" navigation="0" arg0="2" arg1="\u_motion_frontend/sum_bx[39]"  />
    <postMsg mid="35001747" type="Warning" dynamic="2" navigation="0" arg0="1" arg1="\u_motion_frontend/sum_bx[39]"  />
    <postMsg mid="35001747" type="Warning" dynamic="2" navigation="0" arg0="0" arg1="\u_motion_frontend/sum_bx[39]"  />
    <postMsg mid="35001747" type="Warning" dynamic="2" navigation="0" arg0="15" arg1="\u_motion_frontend/sum_bx[39]"  />
    <postMsg mid="35001747" type="Warning" dynamic="2" navigation="0" arg0="14" arg1="\u_motion_frontend/sum_bx[39]"  />
    <postMsg mid="35001747" type="Warning" dynamic="2" navigation="0" arg0="13" arg1="\u_motion_frontend/sum_bx[39]"  />
    <postMsg mid="35001747" type="Warning" dynamic="2" navigation="0" arg0="12" arg1="\u_motion_frontend/sum_bx[39]"  />
    <postMsg mid="35001747" type="Warning" dynamic="2" navigation="0" arg0="11" arg1="\u_motion_frontend/sum_bx[39]"  />
    <postMsg mid="35001747" type="Warning" dynamic="2" navigation="0" arg0="10" arg1="\u_motion_frontend/sum_bx[39]"  />
    <postMsg mid="35001747" type="Warning" dynamic="2" navigation="0" arg0="9" arg1="\u_motion_frontend/sum_bx[39]"  />
    <postMsg mid="35001747" type="Warning" dynamic="2" navigation="0" arg0="8" arg1="\u_motion_frontend/sum_bx[39]"  />
    <postMsg mid="35001747" type="Warning" dynamic="2" navigation="0" arg0="7" arg1="\u_motion_frontend/sum_bx[39]"  />
    <postMsg mid="35001747" type="Warning" dynamic="2" navigation="0" arg0="6" arg1="\u_motion_frontend/sum_bx[39]"  />
    <postMsg mid="35001747" type="Warning" dynamic="2" navigation="0" arg0="5" arg1="\u_motion_frontend/sum_bx[39]"  />
    <postMsg mid="35001747" type="Warning" dynamic="2" navigation="0" arg0="4" arg1="\u_motion_frontend/sum_bx[39]"  />
    <postMsg mid="35001747" type="Warning" dynamic="2" navigation="0" arg0="3" arg1="\u_motion_frontend/sum_bx[39]"  />
    <postMsg mid="35001747" type="Warning" dynamic="2" navigation="0" arg0="2" arg1="\u_motion_frontend/sum_bx[39]"  />
    <postMsg mid="35001747" type="Warning" dynamic="2" navigation="0" arg0="1" arg1="\u_motion_frontend/sum_bx[39]"  />
    <postMsg mid="35001747" type="Warning" dynamic="2" navigation="0" arg0="0" arg1="\u_motion_frontend/sum_bx[39]"  />
    <postMsg mid="35001747" type="Warning" dynamic="2" navigation="0" arg0="15" arg1="\u_motion_frontend/sum_bx[39]"  />
    <postMsg mid="35001747" type="Warning" dynamic="2" navigation="0" arg0="14" arg1="\u_motion_frontend/sum_bx[39]"  />
    <postMsg mid="35001747" type="Warning" dynamic="2" navigation="0" arg0="13" arg1="\u_motion_frontend/sum_bx[39]"  />
    <postMsg mid="35001747" type="Warning" dynamic="2" navigation="0" arg0="12" arg1="\u_motion_frontend/sum_bx[39]"  />
    <postMsg mid="35001747" type="Warning" dynamic="2" navigation="0" arg0="11" arg1="\u_motion_frontend/sum_bx[39]"  />
    <postMsg mid="35001747" type="Warning" dynamic="2" navigation="0" arg0="10" arg1="\u_motion_frontend/sum_bx[39]"  />
    <postMsg mid="35001747" type="Warning" dynamic="2" navigation="0" arg0="9" arg1="\u_motion_frontend/sum_bx[39]"  />
    <postMsg mid="35001747" type="Warning" dynamic="2" navigation="0" arg0="8" arg1="\u_motion_frontend/sum_bx[39]"  />
    <postMsg mid="35001747" type="Warning" dynamic="2" navigation="0" arg0="7" arg1="\u_motion_frontend/sum_bx[39]"  />
    <postMsg mid="35001747" type="Warning" dynamic="2" navigation="0" arg0="6" arg1="\u_motion_frontend/sum_bx[39]"  />
    <postMsg mid="35001747" type="Warning" dynamic="2" navigation="0" arg0="5" arg1="\u_motion_frontend/sum_bx[39]"  />
    <postMsg mid="35001747" type="Warning" dynamic="2" navigation="0" arg0="4" arg1="\u_motion_frontend/sum_bx[39]"  />
    <postMsg mid="35001747" type="Warning" dynamic="2" navigation="0" arg0="3" arg1="\u_motion_frontend/sum_bx[39]"  />
    <postMsg mid="35001747" type="Warning" dynamic="2" navigation="0" arg0="2" arg1="\u_motion_frontend/sum_bx[39]"  />
    <postMsg mid="35001747" type="Warning" dynamic="2" navigation="0" arg0="1" arg1="\u_motion_frontend/sum_bx[39]"  />
    <postMsg mid="35001747" type="Warning" dynamic="2" navigation="0" arg0="0" arg1="\u_motion_frontend/sum_bx[39]"  />
    <postMsg mid="35001747" type="Warning" dynamic="2" navigation="0" arg0="15" arg1="\u_motion_frontend/sum_bx[39]"  />
    <postMsg mid="35001747" type="Warning" dynamic="2" navigation="0" arg0="14" arg1="\u_motion_frontend/sum_bx[39]"  />
    <postMsg mid="35001747" type="Warning" dynamic="2" navigation="0" arg0="13" arg1="\u_motion_frontend/sum_bx[39]"  />
    <postMsg mid="35001747" type="Warning" dynamic="2" navigation="0" arg0="12" arg1="\u_motion_frontend/sum_bx[39]"  />
    <postMsg mid="35001747" type="Warning" dynamic="2" navigation="0" arg0="11" arg1="\u_motion_frontend/sum_bx[39]"  />
    <postMsg mid="35001747" type="Warning" dynamic="2" navigation="0" arg0="10" arg1="\u_motion_frontend/sum_bx[39]"  />
    <postMsg mid="35001747" type="Warning" dynamic="2" navigation="0" arg0="9" arg1="\u_motion_frontend/sum_bx[39]"  />
    <postMsg mid="35001747" type="Warning" dynamic="2" navigation="0" arg0="8" arg1="\u_motion_frontend/sum_bx[39]"  />
    <postMsg mid="35001747" type="Warning" dynamic="2" navigation="0" arg0="7" arg1="\u_motion_frontend/sum_bx[39]"  />
    <postMsg mid="35001747" type="Warning" dynamic="2" navigation="0" arg0="6" arg1="\u_motion_frontend/sum_bx[39]"  />
    <postMsg mid="35001747" type="Warning" dynamic="2" navigation="0" arg0="5" arg1="\u_motion_frontend/sum_bx[39]"  />
    <postMsg mid="35001747" type="Warning" dynamic="2" navigation="0" arg0="4" arg1="\u_motion_frontend/sum_bx[39]"  />
    <postMsg mid="35001747" type="Warning" dynamic="2" navigation="0" arg0="3" arg1="\u_motion_frontend/sum_bx[39]"  />
    <postMsg mid="35001747" type="Warning" dynamic="2" navigation="0" arg0="2" arg1="\u_motion_frontend/sum_bx[39]"  />
    <postMsg mid="35001747" type="Warning" dynamic="2" navigation="0" arg0="1" arg1="\u_motion_frontend/sum_bx[39]"  />
    <postMsg mid="35001747" type="Warning" dynamic="2" navigation="0" arg0="0" arg1="\u_motion_frontend/sum_bx[39]"  />
    <postMsg mid="35001747" type="Warning" dynamic="2" navigation="0" arg0="15" arg1="\u_motion_frontend/sum_bx[39]"  />
    <postMsg mid="35001747" type="Warning" dynamic="2" navigation="0" arg0="14" arg1="\u_motion_frontend/sum_bx[39]"  />
    <postMsg mid="35001747" type="Warning" dynamic="2" navigation="0" arg0="13" arg1="\u_motion_frontend/sum_bx[39]"  />
    <postMsg mid="35001747" type="Warning" dynamic="2" navigation="0" arg0="12" arg1="\u_motion_frontend/sum_bx[39]"  />
    <postMsg mid="35001747" type="Warning" dynamic="2" navigation="0" arg0="11" arg1="\u_motion_frontend/sum_bx[39]"  />
    <postMsg mid="35001747" type="Warning" dynamic="2" navigation="0" arg0="10" arg1="\u_motion_frontend/sum_bx[39]"  />
    <postMsg mid="35001747" type="Warning" dynamic="2" navigation="0" arg0="9" arg1="\u_motion_frontend/sum_bx[39]"  />
    <postMsg mid="35001747" type="Warning" dynamic="2" navigation="0" arg0="8" arg1="\u_motion_frontend/sum_bx[39]"  />
    <postMsg mid="35001747" type="Warning" dynamic="2" navigation="0" arg0="7" arg1="\u_motion_frontend/sum_bx[39]"  />
    <postMsg mid="35001747" type="Warning" dynamic="2" navigation="0" arg0="6" arg1="\u_motion_frontend/sum_bx[39]"  />
    <postMsg mid="35001747" type="Warning" dynamic="2" navigation="0" arg0="5" arg1="\u_motion_frontend/sum_bx[39]"  />
    <postMsg mid="35001747" type="Warning" dynamic="2" navigation="0" arg0="4" arg1="\u_motion_frontend/sum_bx[39]"  />
    <postMsg mid="35001747" type="Warning" dynamic="2" navigation="0" arg0="3" arg1="\u_motion_frontend/sum_bx[39]"  />
    <postMsg mid="35001747" type="Warning" dynamic="2" navigation="0" arg0="2" arg1="\u_motion_frontend/sum_bx[39]"  />
    <postMsg mid="35001747" type="Warning" dynamic="2" navigation="0" arg0="1" arg1="\u_motion_frontend/sum_bx[39]"  />
    <postMsg mid="35001747" type="Warning" dynamic="2" navigation="0" arg0="0" arg1="\u_motion_frontend/sum_bx[39]"  />
    <postMsg mid="35001747" type="Warning" dynamic="2" navigation="0" arg0="15" arg1="\u_motion_frontend/sum_bx[39]"  />
    <postMsg mid="35001747" type="Warning" dynamic="2" navigation="0" arg0="14" arg1="\u_motion_frontend/sum_bx[39]"  />
    <postMsg mid="35001747" type="Warning" dynamic="2" navigation="0" arg0="13" arg1="\u_motion_frontend/sum_bx[39]"  />
    <postMsg mid="35001747" type="Warning" dynamic="2" navigation="0" arg0="12" arg1="\u_motion_frontend/sum_bx[39]"  />
    <postMsg mid="35001747" type="Warning" dynamic="2" navigation="0" arg0="11" arg1="\u_motion_frontend/sum_bx[39]"  />
    <postMsg mid="35001747" type="Warning" dynamic="2" navigation="0" arg0="10" arg1="\u_motion_frontend/sum_bx[39]"  />
    <postMsg mid="35001747" type="Warning" dynamic="2" navigation="0" arg0="9" arg1="\u_motion_frontend/sum_bx[39]"  />
    <postMsg mid="35001747" type="Warning" dynamic="2" navigation="0" arg0="8" arg1="\u_motion_frontend/sum_bx[39]"  />
    <postMsg mid="35001747" type="Warning" dynamic="2" navigation="0" arg0="7" arg1="\u_motion_frontend/sum_bx[39]"  />
    <postMsg mid="35001747" type="Warning" dynamic="2" navigation="0" arg0="6" arg1="\u_motion_frontend/sum_bx[39]"  />
    <postMsg mid="35001747" type="Warning" dynamic="2" navigation="0" arg0="5" arg1="\u_motion_frontend/sum_bx[39]"  />
    <postMsg mid="35001747" type="Warning" dynamic="2" navigation="0" arg0="4" arg1="\u_motion_frontend/sum_bx[39]"  />
    <postMsg mid="35001747" type="Warning" dynamic="2" navigation="0" arg0="3" arg1="\u_motion_frontend/sum_bx[39]"  />
    <postMsg mid="35001747" type="Warning" dynamic="2" navigation="0" arg0="2" arg1="\u_motion_frontend/sum_bx[39]"  />
    <postMsg mid="35001747" type="Warning" dynamic="2" navigation="0" arg0="1" arg1="\u_motion_frontend/sum_bx[39]"  />
    <postMsg mid="35001747" type="Warning" dynamic="2" navigation="0" arg0="0" arg1="\u_motion_frontend/sum_bx[39]"  />
    <postMsg mid="35001747" type="Warning" dynamic="2" navigation="0" arg0="15" arg1="\u_motion_frontend/sum_bx[39]"  />
    <postMsg mid="35001747" type="Warning" dynamic="2" navigation="0" arg0="14" arg1="\u_motion_frontend/sum_bx[39]"  />
    <postMsg mid="35001747" type="Warning" dynamic="2" navigation="0" arg0="13" arg1="\u_motion_frontend/sum_bx[39]"  />
    <postMsg mid="35001747" type="Warning" dynamic="2" navigation="0" arg0="12" arg1="\u_motion_frontend/sum_bx[39]"  />
    <postMsg mid="35001747" type="Warning" dynamic="2" navigation="0" arg0="11" arg1="\u_motion_frontend/sum_bx[39]"  />
    <postMsg mid="35001747" type="Warning" dynamic="2" navigation="0" arg0="10" arg1="\u_motion_frontend/sum_bx[39]"  />
    <postMsg mid="35001747" type="Warning" dynamic="2" navigation="0" arg0="9" arg1="\u_motion_frontend/sum_bx[39]"  />
    <postMsg mid="35001747" type="Warning" dynamic="2" navigation="0" arg0="8" arg1="\u_motion_frontend/sum_bx[39]"  />
    <postMsg mid="35001747" type="Warning" dynamic="2" navigation="0" arg0="7" arg1="\u_motion_frontend/sum_bx[39]"  />
    <postMsg mid="35001747" type="Warning" dynamic="2" navigation="0" arg0="6" arg1="\u_motion_frontend/sum_bx[39]"  />
    <postMsg mid="35001747" type="Warning" dynamic="2" navigation="0" arg0="5" arg1="\u_motion_frontend/sum_bx[39]"  />
    <postMsg mid="35001747" type="Warning" dynamic="2" navigation="0" arg0="4" arg1="\u_motion_frontend/sum_bx[39]"  />
    <postMsg mid="35001747" type="Warning" dynamic="2" navigation="0" arg0="3" arg1="\u_motion_frontend/sum_bx[39]"  />
    <postMsg mid="35001747" type="Warning" dynamic="2" navigation="0" arg0="2" arg1="\u_motion_frontend/sum_bx[39]"  />
    <postMsg mid="35001747" type="Warning" dynamic="2" navigation="0" arg0="1" arg1="\u_motion_frontend/sum_bx[39]"  />
    <postMsg mid="35001747" type="Warning" dynamic="2" navigation="0" arg0="0" arg1="\u_motion_frontend/sum_bx[39]"  />
    <postMsg mid="35001747" type="Warning" dynamic="2" navigation="0" arg0="15" arg1="\u_motion_frontend/sum_bx[39]"  />
    <postMsg mid="35001747" type="Warning" dynamic="2" navigation="0" arg0="14" arg1="\u_motion_frontend/sum_bx[39]"  />
    <postMsg mid="35001747" type="Warning" dynamic="2" navigation="0" arg0="13" arg1="\u_motion_frontend/sum_bx[39]"  />
    <postMsg mid="35001747" type="Warning" dynamic="2" navigation="0" arg0="12" arg1="\u_motion_frontend/sum_bx[39]"  />
    <postMsg mid="35001747" type="Warning" dynamic="2" navigation="0" arg0="11" arg1="\u_motion_frontend/sum_bx[39]"  />
    <postMsg mid="35001747" type="Warning" dynamic="2" navigation="0" arg0="10" arg1="\u_motion_frontend/sum_bx[39]"  />
    <postMsg mid="35001747" type="Warning" dynamic="2" navigation="0" arg0="9" arg1="\u_motion_frontend/sum_bx[39]"  />
    <postMsg mid="35001747" type="Warning" dynamic="2" navigation="0" arg0="8" arg1="\u_motion_frontend/sum_bx[39]"  />
    <postMsg mid="35001747" type="Warning" dynamic="2" navigation="0" arg0="7" arg1="\u_motion_frontend/sum_bx[39]"  />
    <postMsg mid="35001747" type="Warning" dynamic="2" navigation="0" arg0="6" arg1="\u_motion_frontend/sum_bx[39]"  />
    <postMsg mid="35001747" type="Warning" dynamic="2" navigation="0" arg0="5" arg1="\u_motion_frontend/sum_bx[39]"  />
    <postMsg mid="35001747" type="Warning" dynamic="2" navigation="0" arg0="4" arg1="\u_motion_frontend/sum_bx[39]"  />
    <postMsg mid="35001747" type="Warning" dynamic="2" navigation="0" arg0="3" arg1="\u_motion_frontend/sum_bx[39]"  />
    <postMsg mid="35001747" type="Warning" dynamic="2" navigation="0" arg0="2" arg1="\u_motion_frontend/sum_bx[39]"  />
    <postMsg mid="35001747" type="Warning" dynamic="2" navigation="0" arg0="1" arg1="\u_motion_frontend/sum_bx[39]"  />
    <postMsg mid="35001747" type="Warning" dynamic="2" navigation="0" arg0="0" arg1="\u_motion_frontend/sum_bx[39]"  />
    <postMsg mid="35001747" type="Warning" dynamic="2" navigation="0" arg0="15" arg1="\u_motion_frontend/sum_bx[39]"  />
    <postMsg mid="35001747" type="Warning" dynamic="2" navigation="0" arg0="14" arg1="\u_motion_frontend/sum_bx[39]"  />
    <postMsg mid="35001747" type="Warning" dynamic="2" navigation="0" arg0="13" arg1="\u_motion_frontend/sum_bx[39]"  />
    <postMsg mid="35001747" type="Warning" dynamic="2" navigation="0" arg0="12" arg1="\u_motion_frontend/sum_bx[39]"  />
    <postMsg mid="35001747" type="Warning" dynamic="2" navigation="0" arg0="11" arg1="\u_motion_frontend/sum_bx[39]"  />
    <postMsg mid="35001747" type="Warning" dynamic="2" navigation="0" arg0="10" arg1="\u_motion_frontend/sum_bx[39]"  />
    <postMsg mid="35001747" type="Warning" dynamic="2" navigation="0" arg0="9" arg1="\u_motion_frontend/sum_bx[39]"  />
    <postMsg mid="35001747" type="Warning" dynamic="2" navigation="0" arg0="8" arg1="\u_motion_frontend/sum_bx[39]"  />
    <postMsg mid="35001747" type="Warning" dynamic="2" navigation="0" arg0="7" arg1="\u_motion_frontend/sum_bx[39]"  />
    <postMsg mid="35001747" type="Warning" dynamic="2" navigation="0" arg0="6" arg1="\u_motion_frontend/sum_bx[39]"  />
    <postMsg mid="35001747" type="Warning" dynamic="2" navigation="0" arg0="5" arg1="\u_motion_frontend/sum_bx[39]"  />
    <postMsg mid="35001747" type="Warning" dynamic="2" navigation="0" arg0="4" arg1="\u_motion_frontend/sum_bx[39]"  />
    <postMsg mid="35001747" type="Warning" dynamic="2" navigation="0" arg0="3" arg1="\u_motion_frontend/sum_bx[39]"  />
    <postMsg mid="35001747" type="Warning" dynamic="2" navigation="0" arg0="2" arg1="\u_motion_frontend/sum_bx[39]"  />
    <postMsg mid="35001747" type="Warning" dynamic="2" navigation="0" arg0="1" arg1="\u_motion_frontend/sum_bx[39]"  />
    <postMsg mid="35001747" type="Warning" dynamic="2" navigation="0" arg0="0" arg1="\u_motion_frontend/sum_bx[39]"  />
    <postMsg mid="35001747" type="Warning" dynamic="2" navigation="0" arg0="15" arg1="\u_motion_frontend/sum_bx[39]"  />
    <postMsg mid="35001747" type="Warning" dynamic="2" navigation="0" arg0="14" arg1="\u_motion_frontend/sum_bx[39]"  />
    <postMsg mid="35001747" type="Warning" dynamic="2" navigation="0" arg0="13" arg1="\u_motion_frontend/sum_bx[39]"  />
    <postMsg mid="35001747" type="Warning" dynamic="2" navigation="0" arg0="12" arg1="\u_motion_frontend/sum_bx[39]"  />
    <postMsg mid="35001747" type="Warning" dynamic="2" navigation="0" arg0="11" arg1="\u_motion_frontend/sum_bx[39]"  />
    <postMsg mid="35001747" type="Warning" dynamic="2" navigation="0" arg0="10" arg1="\u_motion_frontend/sum_bx[39]"  />
    <postMsg mid="35001747" type="Warning" dynamic="2" navigation="0" arg0="9" arg1="\u_motion_frontend/sum_bx[39]"  />
    <postMsg mid="35001747" type="Warning" dynamic="2" navigation="0" arg0="8" arg1="\u_motion_frontend/sum_bx[39]"  />
    <postMsg mid="35001747" type="Warning" dynamic="2" navigation="0" arg0="7" arg1="\u_motion_frontend/sum_bx[39]"  />
    <postMsg mid="35001747" type="Warning" dynamic="2" navigation="0" arg0="6" arg1="\u_motion_frontend/sum_bx[39]"  />
    <postMsg mid="35001747" type="Warning" dynamic="2" navigation="0" arg0="5" arg1="\u_motion_frontend/sum_bx[39]"  />
    <postMsg mid="35001747" type="Warning" dynamic="2" navigation="0" arg0="4" arg1="\u_motion_frontend/sum_bx[39]"  />
    <postMsg mid="35001747" type="Warning" dynamic="2" navigation="0" arg0="3" arg1="\u_motion_frontend/sum_bx[39]"  />
    <postMsg mid="35001747" type="Warning" dynamic="2" navigation="0" arg0="2" arg1="\u_motion_frontend/sum_bx[39]"  />
    <postMsg mid="35001747" type="Warning" dynamic="2" navigation="0" arg0="1" arg1="\u_motion_frontend/sum_bx[39]"  />
    <postMsg mid="35001747" type="Warning" dynamic="2" navigation="0" arg0="0" arg1="\u_motion_frontend/sum_bx[39]"  />
    <postMsg mid="35001747" type="Warning" dynamic="2" navigation="0" arg0="15" arg1="\u_motion_frontend/sum_bx[39]"  />
    <postMsg mid="35001747" type="Warning" dynamic="2" navigation="0" arg0="14" arg1="\u_motion_frontend/sum_bx[39]"  />
    <postMsg mid="35001747" type="Warning" dynamic="2" navigation="0" arg0="13" arg1="\u_motion_frontend/sum_bx[39]"  />
    <postMsg mid="35001747" type="Warning" dynamic="2" navigation="0" arg0="12" arg1="\u_motion_frontend/sum_bx[39]"  />
    <postMsg mid="35001747" type="Warning" dynamic="2" navigation="0" arg0="11" arg1="\u_motion_frontend/sum_bx[39]"  />
    <postMsg mid="35001747" type="Warning" dynamic="2" navigation="0" arg0="10" arg1="\u_motion_frontend/sum_bx[39]"  />
    <postMsg mid="35001747" type="Warning" dynamic="2" navigation="0" arg0="9" arg1="\u_motion_frontend/sum_bx[39]"  />
    <postMsg mid="35001747" type="Warning" dynamic="2" navigation="0" arg0="8" arg1="\u_motion_frontend/sum_bx[39]"  />
    <postMsg mid="35001747" type="Warning" dynamic="2" navigation="0" arg0="7" arg1="\u_motion_frontend/sum_bx[39]"  />
    <postMsg mid="35001747" type="Warning" dynamic="2" navigation="0" arg0="6" arg1="\u_motion_frontend/sum_bx[39]"  />
    <postMsg mid="35001747" type="Warning" dynamic="2" navigation="0" arg0="5" arg1="\u_motion_frontend/sum_bx[39]"  />
    <postMsg mid="35001747" type="Warning" dynamic="2" navigation="0" arg0="4" arg1="\u_motion_frontend/sum_bx[39]"  />
    <postMsg mid="35001747" type="Warning" dynamic="2" navigation="0" arg0="3" arg1="\u_motion_frontend/sum_bx[39]"  />
    <postMsg mid="35001747" type="Warning" dynamic="2" navigation="0" arg0="2" arg1="\u_motion_frontend/sum_bx[39]"  />
    <postMsg mid="35001747" type="Warning" dynamic="2" navigation="0" arg0="1" arg1="\u_motion_frontend/sum_bx[39]"  />
    <postMsg mid="35001747" type="Warning" dynamic="2" navigation="0" arg0="0" arg1="\u_motion_frontend/sum_bx[39]"  />
    <postMsg mid="35001747" type="Warning" dynamic="2" navigation="0" arg0="15" arg1="\u_motion_frontend/sum_bx[39]"  />
    <postMsg mid="35001747" type="Warning" dynamic="2" navigation="0" arg0="14" arg1="\u_motion_frontend/sum_bx[39]"  />
    <postMsg mid="35001747" type="Warning" dynamic="2" navigation="0" arg0="13" arg1="\u_motion_frontend/sum_bx[39]"  />
    <postMsg mid="35001747" type="Warning" dynamic="2" navigation="0" arg0="12" arg1="\u_motion_frontend/sum_bx[39]"  />
    <postMsg mid="35001747" type="Warning" dynamic="2" navigation="0" arg0="11" arg1="\u_motion_frontend/sum_bx[39]"  />
    <postMsg mid="35001747" type="Warning" dynamic="2" navigation="0" arg0="10" arg1="\u_motion_frontend/sum_bx[39]"  />
    <postMsg mid="35001747" type="Warning" dynamic="2" navigation="0" arg0="9" arg1="\u_motion_frontend/sum_bx[39]"  />
    <postMsg mid="35001747" type="Warning" dynamic="2" navigation="0" arg0="8" arg1="\u_motion_frontend/sum_bx[39]"  />
    <postMsg mid="35001747" type="Warning" dynamic="2" navigation="0" arg0="7" arg1="\u_motion_frontend/sum_bx[39]"  />
    <postMsg mid="35001747" type="Warning" dynamic="2" navigation="0" arg0="6" arg1="\u_motion_frontend/sum_bx[39]"  />
    <postMsg mid="35001747" type="Warning" dynamic="2" navigation="0" arg0="5" arg1="\u_motion_frontend/sum_bx[39]"  />
    <postMsg mid="35001747" type="Warning" dynamic="2" navigation="0" arg0="4" arg1="\u_motion_frontend/sum_bx[39]"  />
    <postMsg mid="35001747" type="Warning" dynamic="2" navigation="0" arg0="3" arg1="\u_motion_frontend/sum_bx[39]"  />
    <postMsg mid="35001747" type="Warning" dynamic="2" navigation="0" arg0="2" arg1="\u_motion_frontend/sum_bx[39]"  />
    <postMsg mid="35001747" type="Warning" dynamic="2" navigation="0" arg0="1" arg1="\u_motion_frontend/sum_bx[39]"  />
    <postMsg mid="35001747" type="Warning" dynamic="2" navigation="0" arg0="0" arg1="\u_motion_frontend/sum_bx[39]"  />
    <postMsg mid="35001747" type="Warning" dynamic="2" navigation="0" arg0="15" arg1="\u_motion_frontend/sum_bx[39]"  />
    <postMsg mid="35001747" type="Warning" dynamic="2" navigation="0" arg0="14" arg1="\u_motion_frontend/sum_bx[39]"  />
    <postMsg mid="35001747" type="Warning" dynamic="2" navigation="0" arg0="13" arg1="\u_motion_frontend/sum_bx[39]"  />
    <postMsg mid="35001747" type="Warning" dynamic="2" navigation="0" arg0="12" arg1="\u_motion_frontend/sum_bx[39]"  />
    <postMsg mid="35001747" type="Warning" dynamic="2" navigation="0" arg0="11" arg1="\u_motion_frontend/sum_bx[39]"  />
    <postMsg mid="35001747" type="Warning" dynamic="2" navigation="0" arg0="10" arg1="\u_motion_frontend/sum_bx[39]"  />
    <postMsg mid="35001747" type="Warning" dynamic="2" navigation="0" arg0="9" arg1="\u_motion_frontend/sum_bx[39]"  />
    <postMsg mid="35001747" type="Warning" dynamic="2" navigation="0" arg0="8" arg1="\u_motion_frontend/sum_bx[39]"  />
    <postMsg mid="35001747" type="Warning" dynamic="2" navigation="0" arg0="7" arg1="\u_motion_frontend/sum_bx[39]"  />
    <postMsg mid="35001747" type="Warning" dynamic="2" navigation="0" arg0="6" arg1="\u_motion_frontend/sum_bx[39]"  />
    <postMsg mid="35001747" type="Warning" dynamic="2" navigation="0" arg0="5" arg1="\u_motion_frontend/sum_bx[39]"  />
    <postMsg mid="35001747" type="Warning" dynamic="2" navigation="0" arg0="4" arg1="\u_motion_frontend/sum_bx[39]"  />
    <postMsg mid="35001747" type="Warning" dynamic="2" navigation="0" arg0="3" arg1="\u_motion_frontend/sum_bx[39]"  />
    <postMsg mid="35001747" type="Warning" dynamic="2" navigation="0" arg0="2" arg1="\u_motion_frontend/sum_bx[39]"  />
    <postMsg mid="35001747" type="Warning" dynamic="2" navigation="0" arg0="1" arg1="\u_motion_frontend/sum_bx[39]"  />
    <postMsg mid="35001747" type="Warning" dynamic="2" navigation="0" arg0="0" arg1="\u_motion_frontend/sum_bx[39]"  />
    <postMsg mid="35001747" type="Warning" dynamic="2" navigation="0" arg0="15" arg1="\u_motion_frontend/sum_bx[39]"  />
    <postMsg mid="35001747" type="Warning" dynamic="2" navigation="0" arg0="14" arg1="\u_motion_frontend/sum_bx[39]"  />
    <postMsg mid="35001747" type="Warning" dynamic="2" navigation="0" arg0="13" arg1="\u_motion_frontend/sum_bx[39]"  />
    <postMsg mid="35001747" type="Warning" dynamic="2" navigation="0" arg0="12" arg1="\u_motion_frontend/sum_bx[39]"  />
    <postMsg mid="35001747" type="Warning" dynamic="2" navigation="0" arg0="11" arg1="\u_motion_frontend/sum_bx[39]"  />
    <postMsg mid="35001747" type="Warning" dynamic="2" navigation="0" arg0="10" arg1="\u_motion_frontend/sum_bx[39]"  />
    <postMsg mid="35001747" type="Warning" dynamic="2" navigation="0" arg0="9" arg1="\u_motion_frontend/sum_bx[39]"  />
    <postMsg mid="35001747" type="Warning" dynamic="2" navigation="0" arg0="8" arg1="\u_motion_frontend/sum_bx[39]"  />
    <postMsg mid="35001747" type="Warning" dynamic="2" navigation="0" arg0="7" arg1="\u_motion_frontend/sum_bx[39]"  />
    <postMsg mid="35001747" type="Warning" dynamic="2" navigation="0" arg0="6" arg1="\u_motion_frontend/sum_bx[39]"  />
    <postMsg mid="35001747" type="Warning" dynamic="2" navigation="0" arg0="5" arg1="\u_motion_frontend/sum_bx[39]"  />
    <postMsg mid="35001747" type="Warning" dynamic="2" navigation="0" arg0="4" arg1="\u_motion_frontend/sum_bx[39]"  />
    <postMsg mid="35001747" type="Warning" dynamic="2" navigation="0" arg0="3" arg1="\u_motion_frontend/sum_bx[39]"  />
    <postMsg mid="35001747" type="Warning" dynamic="2" navigation="0" arg0="2" arg1="\u_motion_frontend/sum_bx[39]"  />
    <postMsg mid="35001747" type="Warning" dynamic="2" navigation="0" arg0="1" arg1="\u_motion_frontend/sum_bx[39]"  />
    <postMsg mid="35001747" type="Warning" dynamic="2" navigation="0" arg0="0" arg1="\u_motion_frontend/sum_bx[39]"  />
    <postMsg mid="35001747" type="Warning" dynamic="2" navigation="0" arg0="7" arg1="\u_props/score_w[15]"  />
    <postMsg mid="35001747" type="Warning" dynamic="2" navigation="0" arg0="6" arg1="\u_props/score_w[15]"  />
    <postMsg mid="35001747" type="Warning" dynamic="2" navigation="0" arg0="5" arg1="\u_props/score_w[15]"  />
    <postMsg mid="35001747" type="Warning" dynamic="2" navigation="0" arg0="4" arg1="\u_props/score_w[15]"  />
    <postMsg mid="35001747" type="Warning" dynamic="2" navigation="0" arg0="3" arg1="\u_props/score_w[15]"  />
    <postMsg mid="35001747" type="Warning" dynamic="2" navigation="0" arg0="2" arg1="\u_props/score_w[15]"  />
    <postMsg mid="35001747" type="Warning" dynamic="2" navigation="0" arg0="1" arg1="\u_props/score_w[15]"  />
    <postMsg mid="35001747" type="Warning" dynamic="2" navigation="0" arg0="0" arg1="\u_props/score_w[15]"  />
    <postMsg mid="35001747" type="Warning" dynamic="2" navigation="0" arg0="15" arg1="\u_props/score_w[15]"  />
    <postMsg mid="35001747" type="Warning" dynamic="2" navigation="0" arg0="14" arg1="\u_props/score_w[15]"  />
    <postMsg mid="35001747" type="Warning" dynamic="2" navigation="0" arg0="13" arg1="\u_props/score_w[15]"  />
    <postMsg mid="35001747" type="Warning" dynamic="2" navigation="0" arg0="12" arg1="\u_props/score_w[15]"  />
    <postMsg mid="35001747" type="Warning" dynamic="2" navigation="0" arg0="11" arg1="\u_props/score_w[15]"  />
    <postMsg mid="35001747" type="Warning" dynamic="2" navigation="0" arg0="10" arg1="\u_props/score_w[15]"  />
    <postMsg mid="35001747" type="Warning" dynamic="2" navigation="0" arg0="9" arg1="\u_props/score_w[15]"  />
    <postMsg mid="35001747" type="Warning" dynamic="2" navigation="0" arg0="8" arg1="\u_props/score_w[15]"  />
    <postMsg mid="35001747" type="Warning" dynamic="2" navigation="0" arg0="23" arg1="\u_props/score_w[15]"  />
    <postMsg mid="35001747" type="Warning" dynamic="2" navigation="0" arg0="22" arg1="\u_props/score_w[15]"  />
    <postMsg mid="35001747" type="Warning" dynamic="2" navigation="0" arg0="21" arg1="\u_props/score_w[15]"  />
    <postMsg mid="35001747" type="Warning" dynamic="2" navigation="0" arg0="20" arg1="\u_props/score_w[15]"  />
    <postMsg mid="35001747" type="Warning" dynamic="2" navigation="0" arg0="19" arg1="\u_props/score_w[15]"  />
    <postMsg mid="35001747" type="Warning" dynamic="2" navigation="0" arg0="18" arg1="\u_props/score_w[15]"  />
    <postMsg mid="35001747" type="Warning" dynamic="2" navigation="0" arg0="17" arg1="\u_props/score_w[15]"  />
    <postMsg mid="35001747" type="Warning" dynamic="2" navigation="0" arg0="16" arg1="\u_props/score_w[15]"  />
    <postMsg mid="35001747" type="Warning" dynamic="2" navigation="0" arg0="31" arg1="\u_props/score_w[15]"  />
    <postMsg mid="35001747" type="Warning" dynamic="2" navigation="0" arg0="30" arg1="\u_props/score_w[15]"  />
    <postMsg mid="35001747" type="Warning" dynamic="2" navigation="0" arg0="29" arg1="\u_props/score_w[15]"  />
    <postMsg mid="35001747" type="Warning" dynamic="2" navigation="0" arg0="28" arg1="\u_props/score_w[15]"  />
    <postMsg mid="35001747" type="Warning" dynamic="2" navigation="0" arg0="27" arg1="\u_props/score_w[15]"  />
    <postMsg mid="35001747" type="Warning" dynamic="2" navigation="0" arg0="26" arg1="\u_props/score_w[15]"  />
    <postMsg mid="35001747" type="Warning" dynamic="2" navigation="0" arg0="25" arg1="\u_props/score_w[15]"  />
    <postMsg mid="35001747" type="Warning" dynamic="2" navigation="0" arg0="24" arg1="\u_props/score_w[15]"  />
    <postMsg mid="35001747" type="Warning" dynamic="2" navigation="0" arg0="39" arg1="\u_props/score_w[15]"  />
    <postMsg mid="35001747" type="Warning" dynamic="2" navigation="0" arg0="38" arg1="\u_props/score_w[15]"  />
    <postMsg mid="35001747" type="Warning" dynamic="2" navigation="0" arg0="37" arg1="\u_props/score_w[15]"  />
    <postMsg mid="35001747" type="Warning" dynamic="2" navigation="0" arg0="36" arg1="\u_props/score_w[15]"  />
    <postMsg mid="35001747" type="Warning" dynamic="2" navigation="0" arg0="35" arg1="\u_props/score_w[15]"  />
    <postMsg mid="35001747" type="Warning" dynamic="2" navigation="0" arg0="34" arg1="\u_props/score_w[15]"  />
    <postMsg mid="35001747" type="Warning" dynamic="2" navigation="0" arg0="33" arg1="\u_props/score_w[15]"  />
    <postMsg mid="35001747" type="Warning" dynamic="2" navigation="0" arg0="32" arg1="\u_props/score_w[15]"  />
    <postMsg mid="35001747" type="Warning" dynamic="2" navigation="0" arg0="47" arg1="\u_props/score_w[15]"  />
    <postMsg mid="35001747" type="Warning" dynamic="2" navigation="0" arg0="46" arg1="\u_props/score_w[15]"  />
    <postMsg mid="35001747" type="Warning" dynamic="2" navigation="0" arg0="45" arg1="\u_props/score_w[15]"  />
    <postMsg mid="35001747" type="Warning" dynamic="2" navigation="0" arg0="44" arg1="\u_props/score_w[15]"  />
    <postMsg mid="35001747" type="Warning" dynamic="2" navigation="0" arg0="43" arg1="\u_props/score_w[15]"  />
    <postMsg mid="35001747" type="Warning" dynamic="2" navigation="0" arg0="42" arg1="\u_props/score_w[15]"  />
    <postMsg mid="35001747" type="Warning" dynamic="2" navigation="0" arg0="41" arg1="\u_props/score_w[15]"  />
    <postMsg mid="35001747" type="Warning" dynamic="2" navigation="0" arg0="40" arg1="\u_props/score_w[15]"  />
    <postMsg mid="35001747" type="Warning" dynamic="2" navigation="0" arg0="55" arg1="\u_props/score_w[15]"  />
    <postMsg mid="35001747" type="Warning" dynamic="2" navigation="0" arg0="54" arg1="\u_props/score_w[15]"  />
    <postMsg mid="35001747" type="Warning" dynamic="2" navigation="0" arg0="53" arg1="\u_props/score_w[15]"  />
    <postMsg mid="35001747" type="Warning" dynamic="2" navigation="0" arg0="52" arg1="\u_props/score_w[15]"  />
    <postMsg mid="35001747" type="Warning" dynamic="2" navigation="0" arg0="51" arg1="\u_props/score_w[15]"  />
    <postMsg mid="35001747" type="Warning" dynamic="2" navigation="0" arg0="50" arg1="\u_props/score_w[15]"  />
    <postMsg mid="35001747" type="Warning" dynamic="2" navigation="0" arg0="49" arg1="\u_props/score_w[15]"  />
    <postMsg mid="35001747" type="Warning" dynamic="2" navigation="0" arg0="48" arg1="\u_props/score_w[15]"  />
    <postMsg mid="35001747" type="Warning" dynamic="2" navigation="0" arg0="63" arg1="\u_props/score_w[15]"  />
    <postMsg mid="35001747" type="Warning" dynamic="2" navigation="0" arg0="62" arg1="\u_props/score_w[15]"  />
    <postMsg mid="35001747" type="Warning" dynamic="2" navigation="0" arg0="61" arg1="\u_props/score_w[15]"  />
    <postMsg mid="35001747" type="Warning" dynamic="2" navigation="0" arg0="60" arg1="\u_props/score_w[15]"  />
    <postMsg mid="35001747" type="Warning" dynamic="2" navigation="0" arg0="59" arg1="\u_props/score_w[15]"  />
    <postMsg mid="35001747" type="Warning" dynamic="2" navigation="0" arg0="58" arg1="\u_props/score_w[15]"  />
    <postMsg mid="35001747" type="Warning" dynamic="2" navigation="0" arg0="57" arg1="\u_props/score_w[15]"  />
    <postMsg mid="35001747" type="Warning" dynamic="2" navigation="0" arg0="56" arg1="\u_props/score_w[15]"  />
    <postMsg mid="35001747" type="Warning" dynamic="2" navigation="0" arg0="71" arg1="\u_props/score_w[15]"  />
    <postMsg mid="35001747" type="Warning" dynamic="2" navigation="0" arg0="70" arg1="\u_props/score_w[15]"  />
    <postMsg mid="35001747" type="Warning" dynamic="2" navigation="0" arg0="69" arg1="\u_props/score_w[15]"  />
    <postMsg mid="35001747" type="Warning" dynamic="2" navigation="0" arg0="68" arg1="\u_props/score_w[15]"  />
    <postMsg mid="35001747" type="Warning" dynamic="2" navigation="0" arg0="67" arg1="\u_props/score_w[15]"  />
    <postMsg mid="35001747" type="Warning" dynamic="2" navigation="0" arg0="66" arg1="\u_props/score_w[15]"  />
    <postMsg mid="35001747" type="Warning" dynamic="2" navigation="0" arg0="65" arg1="\u_props/score_w[15]"  />
    <postMsg mid="35001747" type="Warning" dynamic="2" navigation="0" arg0="64" arg1="\u_props/score_w[15]"  />
    <postMsg mid="35001747" type="Warning" dynamic="2" navigation="0" arg0="79" arg1="\u_props/score_w[15]"  />
    <postMsg mid="35001747" type="Warning" dynamic="2" navigation="0" arg0="78" arg1="\u_props/score_w[15]"  />
    <postMsg mid="35001747" type="Warning" dynamic="2" navigation="0" arg0="77" arg1="\u_props/score_w[15]"  />
    <postMsg mid="35001747" type="Warning" dynamic="2" navigation="0" arg0="76" arg1="\u_props/score_w[15]"  />
    <postMsg mid="35001747" type="Warning" dynamic="2" navigation="0" arg0="75" arg1="\u_props/score_w[15]"  />
    <postMsg mid="35001747" type="Warning" dynamic="2" navigation="0" arg0="74" arg1="\u_props/score_w[15]"  />
    <postMsg mid="35001747" type="Warning" dynamic="2" navigation="0" arg0="73" arg1="\u_props/score_w[15]"  />
    <postMsg mid="35001747" type="Warning" dynamic="2" navigation="0" arg0="72" arg1="\u_props/score_w[15]"  />
    <postMsg mid="35001747" type="Warning" dynamic="2" navigation="0" arg0="87" arg1="\u_props/score_w[15]"  />
    <postMsg mid="35001747" type="Warning" dynamic="2" navigation="0" arg0="86" arg1="\u_props/score_w[15]"  />
    <postMsg mid="35001747" type="Warning" dynamic="2" navigation="0" arg0="85" arg1="\u_props/score_w[15]"  />
    <postMsg mid="35001747" type="Warning" dynamic="2" navigation="0" arg0="84" arg1="\u_props/score_w[15]"  />
    <postMsg mid="35001747" type="Warning" dynamic="2" navigation="0" arg0="83" arg1="\u_props/score_w[15]"  />
    <postMsg mid="35001747" type="Warning" dynamic="2" navigation="0" arg0="82" arg1="\u_props/score_w[15]"  />
    <postMsg mid="35001747" type="Warning" dynamic="2" navigation="0" arg0="81" arg1="\u_props/score_w[15]"  />
    <postMsg mid="35001747" type="Warning" dynamic="2" navigation="0" arg0="80" arg1="\u_props/score_w[15]"  />
    <postMsg mid="35001747" type="Warning" dynamic="2" navigation="0" arg0="95" arg1="\u_props/score_w[15]"  />
    <postMsg mid="35001747" type="Warning" dynamic="2" navigation="0" arg0="94" arg1="\u_props/score_w[15]"  />
    <postMsg mid="35001747" type="Warning" dynamic="2" navigation="0" arg0="93" arg1="\u_props/score_w[15]"  />
    <postMsg mid="35001747" type="Warning" dynamic="2" navigation="0" arg0="92" arg1="\u_props/score_w[15]"  />
    <postMsg mid="35001747" type="Warning" dynamic="2" navigation="0" arg0="91" arg1="\u_props/score_w[15]"  />
    <postMsg mid="35001747" type="Warning" dynamic="2" navigation="0" arg0="90" arg1="\u_props/score_w[15]"  />
    <postMsg mid="35001747" type="Warning" dynamic="2" navigation="0" arg0="89" arg1="\u_props/score_w[15]"  />
    <postMsg mid="35001747" type="Warning" dynamic="2" navigation="0" arg0="88" arg1="\u_props/score_w[15]"  />
    <postMsg mid="35001747" type="Warning" dynamic="2" navigation="0" arg0="103" arg1="\u_props/score_w[15]"  />
    <postMsg mid="35001747" type="Warning" dynamic="2" navigation="0" arg0="102" arg1="\u_props/score_w[15]"  />
    <postMsg mid="35001747" type="Warning" dynamic="2" navigation="0" arg0="101" arg1="\u_props/score_w[15]"  />
    <postMsg mid="35001747" type="Warning" dynamic="2" navigation="0" arg0="100" arg1="\u_props/score_w[15]"  />
    <postMsg mid="35001747" type="Warning" dynamic="2" navigation="0" arg0="99" arg1="\u_props/score_w[15]"  />
    <postMsg mid="35001747" type="Warning" dynamic="2" navigation="0" arg0="98" arg1="\u_props/score_w[15]"  />
    <postMsg mid="35001747" type="Warning" dynamic="2" navigation="0" arg0="97" arg1="\u_props/score_w[15]"  />
    <postMsg mid="35001747" type="Warning" dynamic="2" navigation="0" arg0="96" arg1="\u_props/score_w[15]"  />
    <postMsg mid="35001747" type="Warning" dynamic="2" navigation="0" arg0="111" arg1="\u_props/score_w[15]"  />
    <postMsg mid="35001747" type="Warning" dynamic="2" navigation="0" arg0="110" arg1="\u_props/score_w[15]"  />
    <postMsg mid="35001747" type="Warning" dynamic="2" navigation="0" arg0="109" arg1="\u_props/score_w[15]"  />
    <postMsg mid="35001747" type="Warning" dynamic="2" navigation="0" arg0="108" arg1="\u_props/score_w[15]"  />
    <postMsg mid="35001747" type="Warning" dynamic="2" navigation="0" arg0="107" arg1="\u_props/score_w[15]"  />
    <postMsg mid="35001747" type="Warning" dynamic="2" navigation="0" arg0="106" arg1="\u_props/score_w[15]"  />
    <postMsg mid="35001747" type="Warning" dynamic="2" navigation="0" arg0="105" arg1="\u_props/score_w[15]"  />
    <postMsg mid="35001747" type="Warning" dynamic="2" navigation="0" arg0="104" arg1="\u_props/score_w[15]"  />
    <postMsg mid="35001747" type="Warning" dynamic="2" navigation="0" arg0="119" arg1="\u_props/score_w[15]"  />
    <postMsg mid="35001747" type="Warning" dynamic="2" navigation="0" arg0="118" arg1="\u_props/score_w[15]"  />
    <postMsg mid="35001747" type="Warning" dynamic="2" navigation="0" arg0="117" arg1="\u_props/score_w[15]"  />
    <postMsg mid="35001747" type="Warning" dynamic="2" navigation="0" arg0="116" arg1="\u_props/score_w[15]"  />
    <postMsg mid="35001747" type="Warning" dynamic="2" navigation="0" arg0="115" arg1="\u_props/score_w[15]"  />
    <postMsg mid="35001747" type="Warning" dynamic="2" navigation="0" arg0="114" arg1="\u_props/score_w[15]"  />
    <postMsg mid="35001747" type="Warning" dynamic="2" navigation="0" arg0="113" arg1="\u_props/score_w[15]"  />
    <postMsg mid="35001747" type="Warning" dynamic="2" navigation="0" arg0="112" arg1="\u_props/score_w[15]"  />
    <postMsg mid="35001747" type="Warning" dynamic="2" navigation="0" arg0="127" arg1="\u_props/score_w[15]"  />
    <postMsg mid="35001747" type="Warning" dynamic="2" navigation="0" arg0="126" arg1="\u_props/score_w[15]"  />
    <postMsg mid="35001747" type="Warning" dynamic="2" navigation="0" arg0="125" arg1="\u_props/score_w[15]"  />
    <postMsg mid="35001747" type="Warning" dynamic="2" navigation="0" arg0="124" arg1="\u_props/score_w[15]"  />
    <postMsg mid="35001747" type="Warning" dynamic="2" navigation="0" arg0="123" arg1="\u_props/score_w[15]"  />
    <postMsg mid="35001747" type="Warning" dynamic="2" navigation="0" arg0="122" arg1="\u_props/score_w[15]"  />
    <postMsg mid="35001747" type="Warning" dynamic="2" navigation="0" arg0="121" arg1="\u_props/score_w[15]"  />
    <postMsg mid="35001747" type="Warning" dynamic="2" navigation="0" arg0="120" arg1="\u_props/score_w[15]"  />
    <postMsg mid="35001747" type="Warning" dynamic="2" navigation="0" arg0="7" arg1="\u_props/bx_w[15]"  />
    <postMsg mid="35001747" type="Warning" dynamic="2" navigation="0" arg0="6" arg1="\u_props/bx_w[15]"  />
    <postMsg mid="35001747" type="Warning" dynamic="2" navigation="0" arg0="5" arg1="\u_props/bx_w[15]"  />
    <postMsg mid="35001747" type="Warning" dynamic="2" navigation="0" arg0="4" arg1="\u_props/bx_w[15]"  />
    <postMsg mid="35001747" type="Warning" dynamic="2" navigation="0" arg0="3" arg1="\u_props/bx_w[15]"  />
    <postMsg mid="35001747" type="Warning" dynamic="2" navigation="0" arg0="2" arg1="\u_props/bx_w[15]"  />
    <postMsg mid="35001747" type="Warning" dynamic="2" navigation="0" arg0="1" arg1="\u_props/bx_w[15]"  />
    <postMsg mid="35001747" type="Warning" dynamic="2" navigation="0" arg0="0" arg1="\u_props/bx_w[15]"  />
    <postMsg mid="35001747" type="Warning" dynamic="2" navigation="0" arg0="7" arg1="\u_props/bx_w[15]"  />
    <postMsg mid="35001747" type="Warning" dynamic="2" navigation="0" arg0="6" arg1="\u_props/bx_w[15]"  />
    <postMsg mid="35001747" type="Warning" dynamic="2" navigation="0" arg0="5" arg1="\u_props/bx_w[15]"  />
    <postMsg mid="35001747" type="Warning" dynamic="2" navigation="0" arg0="4" arg1="\u_props/bx_w[15]"  />
    <postMsg mid="35001747" type="Warning" dynamic="2" navigation="0" arg0="3" arg1="\u_props/bx_w[15]"  />
    <postMsg mid="35001747" type="Warning" dynamic="2" navigation="0" arg0="2" arg1="\u_props/bx_w[15]"  />
    <postMsg mid="35001747" type="Warning" dynamic="2" navigation="0" arg0="1" arg1="\u_props/bx_w[15]"  />
    <postMsg mid="35001747" type="Warning" dynamic="2" navigation="0" arg0="0" arg1="\u_props/bx_w[15]"  />
    <postMsg mid="35001747" type="Warning" dynamic="2" navigation="0" arg0="7" arg1="\u_props/bx_w[15]"  />
    <postMsg mid="35001747" type="Warning" dynamic="2" navigation="0" arg0="6" arg1="\u_props/bx_w[15]"  />
    <postMsg mid="35001747" type="Warning" dynamic="2" navigation="0" arg0="5" arg1="\u_props/bx_w[15]"  />
    <postMsg mid="35001747" type="Warning" dynamic="2" navigation="0" arg0="4" arg1="\u_props/bx_w[15]"  />
    <postMsg mid="35001747" type="Warning" dynamic="2" navigation="0" arg0="3" arg1="\u_props/bx_w[15]"  />
    <postMsg mid="35001747" type="Warning" dynamic="2" navigation="0" arg0="2" arg1="\u_props/bx_w[15]"  />
    <postMsg mid="35001747" type="Warning" dynamic="2" navigation="0" arg0="1" arg1="\u_props/bx_w[15]"  />
    <postMsg mid="35001747" type="Warning" dynamic="2" navigation="0" arg0="0" arg1="\u_props/bx_w[15]"  />
    <postMsg mid="35001747" type="Warning" dynamic="2" navigation="0" arg0="7" arg1="\u_props/bx_w[15]"  />
    <postMsg mid="35001747" type="Warning" dynamic="2" navigation="0" arg0="6" arg1="\u_props/bx_w[15]"  />
    <postMsg mid="35001747" type="Warning" dynamic="2" navigation="0" arg0="5" arg1="\u_props/bx_w[15]"  />
    <postMsg mid="35001747" type="Warning" dynamic="2" navigation="0" arg0="4" arg1="\u_props/bx_w[15]"  />
    <postMsg mid="35001747" type="Warning" dynamic="2" navigation="0" arg0="3" arg1="\u_props/bx_w[15]"  />
    <postMsg mid="35001747" type="Warning" dynamic="2" navigation="0" arg0="2" arg1="\u_props/bx_w[15]"  />
    <postMsg mid="35001747" type="Warning" dynamic="2" navigation="0" arg0="1" arg1="\u_props/bx_w[15]"  />
    <postMsg mid="35001747" type="Warning" dynamic="2" navigation="0" arg0="0" arg1="\u_props/bx_w[15]"  />
    <postMsg mid="35001747" type="Warning" dynamic="2" navigation="0" arg0="7" arg1="\u_props/bx_w[15]"  />
    <postMsg mid="35001747" type="Warning" dynamic="2" navigation="0" arg0="6" arg1="\u_props/bx_w[15]"  />
    <postMsg mid="35001747" type="Warning" dynamic="2" navigation="0" arg0="5" arg1="\u_props/bx_w[15]"  />
    <postMsg mid="35001747" type="Warning" dynamic="2" navigation="0" arg0="4" arg1="\u_props/bx_w[15]"  />
    <postMsg mid="35001747" type="Warning" dynamic="2" navigation="0" arg0="3" arg1="\u_props/bx_w[15]"  />
    <postMsg mid="35001747" type="Warning" dynamic="2" navigation="0" arg0="2" arg1="\u_props/bx_w[15]"  />
    <postMsg mid="35001747" type="Warning" dynamic="2" navigation="0" arg0="1" arg1="\u_props/bx_w[15]"  />
    <postMsg mid="35001747" type="Warning" dynamic="2" navigation="0" arg0="0" arg1="\u_props/bx_w[15]"  />
    <postMsg mid="35001747" type="Warning" dynamic="2" navigation="0" arg0="7" arg1="\u_props/bx_w[15]"  />
    <postMsg mid="35001747" type="Warning" dynamic="2" navigation="0" arg0="6" arg1="\u_props/bx_w[15]"  />
    <postMsg mid="35001747" type="Warning" dynamic="2" navigation="0" arg0="5" arg1="\u_props/bx_w[15]"  />
    <postMsg mid="35001747" type="Warning" dynamic="2" navigation="0" arg0="4" arg1="\u_props/bx_w[15]"  />
    <postMsg mid="35001747" type="Warning" dynamic="2" navigation="0" arg0="3" arg1="\u_props/bx_w[15]"  />
    <postMsg mid="35001747" type="Warning" dynamic="2" navigation="0" arg0="2" arg1="\u_props/bx_w[15]"  />
    <postMsg mid="35001747" type="Warning" dynamic="2" navigation="0" arg0="1" arg1="\u_props/bx_w[15]"  />
    <postMsg mid="35001747" type="Warning" dynamic="2" navigation="0" arg0="0" arg1="\u_props/bx_w[15]"  />
    <postMsg mid="35001747" type="Warning" dynamic="2" navigation="0" arg0="7" arg1="\u_props/bx_w[15]"  />
    <postMsg mid="35001747" type="Warning" dynamic="2" navigation="0" arg0="6" arg1="\u_props/bx_w[15]"  />
    <postMsg mid="35001747" type="Warning" dynamic="2" navigation="0" arg0="5" arg1="\u_props/bx_w[15]"  />
    <postMsg mid="35001747" type="Warning" dynamic="2" navigation="0" arg0="4" arg1="\u_props/bx_w[15]"  />
    <postMsg mid="35001747" type="Warning" dynamic="2" navigation="0" arg0="3" arg1="\u_props/bx_w[15]"  />
    <postMsg mid="35001747" type="Warning" dynamic="2" navigation="0" arg0="2" arg1="\u_props/bx_w[15]"  />
    <postMsg mid="35001747" type="Warning" dynamic="2" navigation="0" arg0="1" arg1="\u_props/bx_w[15]"  />
    <postMsg mid="35001747" type="Warning" dynamic="2" navigation="0" arg0="0" arg1="\u_props/bx_w[15]"  />
    <postMsg mid="35001747" type="Warning" dynamic="2" navigation="0" arg0="7" arg1="\u_props/bx_w[15]"  />
    <postMsg mid="35001747" type="Warning" dynamic="2" navigation="0" arg0="6" arg1="\u_props/bx_w[15]"  />
    <postMsg mid="35001747" type="Warning" dynamic="2" navigation="0" arg0="5" arg1="\u_props/bx_w[15]"  />
    <postMsg mid="35001747" type="Warning" dynamic="2" navigation="0" arg0="4" arg1="\u_props/bx_w[15]"  />
    <postMsg mid="35001747" type="Warning" dynamic="2" navigation="0" arg0="3" arg1="\u_props/bx_w[15]"  />
    <postMsg mid="35001747" type="Warning" dynamic="2" navigation="0" arg0="2" arg1="\u_props/bx_w[15]"  />
    <postMsg mid="35001747" type="Warning" dynamic="2" navigation="0" arg0="1" arg1="\u_props/bx_w[15]"  />
    <postMsg mid="35001747" type="Warning" dynamic="2" navigation="0" arg0="0" arg1="\u_props/bx_w[15]"  />
    <postMsg mid="35001747" type="Warning" dynamic="2" navigation="0" arg0="7" arg1="\u_props/bx_w[15]"  />
    <postMsg mid="35001747" type="Warning" dynamic="2" navigation="0" arg0="6" arg1="\u_props/bx_w[15]"  />
    <postMsg mid="35001747" type="Warning" dynamic="2" navigation="0" arg0="5" arg1="\u_props/bx_w[15]"  />
    <postMsg mid="35001747" type="Warning" dynamic="2" navigation="0" arg0="4" arg1="\u_props/bx_w[15]"  />
    <postMsg mid="35001747" type="Warning" dynamic="2" navigation="0" arg0="3" arg1="\u_props/bx_w[15]"  />
    <postMsg mid="35001747" type="Warning" dynamic="2" navigation="0" arg0="2" arg1="\u_props/bx_w[15]"  />
    <postMsg mid="35001747" type="Warning" dynamic="2" navigation="0" arg0="1" arg1="\u_props/bx_w[15]"  />
    <postMsg mid="35001747" type="Warning" dynamic="2" navigation="0" arg0="0" arg1="\u_props/bx_w[15]"  />
    <postMsg mid="35001747" type="Warning" dynamic="2" navigation="0" arg0="7" arg1="\u_props/bx_w[15]"  />
    <postMsg mid="35001747" type="Warning" dynamic="2" navigation="0" arg0="6" arg1="\u_props/bx_w[15]"  />
    <postMsg mid="35001747" type="Warning" dynamic="2" navigation="0" arg0="5" arg1="\u_props/bx_w[15]"  />
    <postMsg mid="35001747" type="Warning" dynamic="2" navigation="0" arg0="4" arg1="\u_props/bx_w[15]"  />
    <postMsg mid="35001747" type="Warning" dynamic="2" navigation="0" arg0="3" arg1="\u_props/bx_w[15]"  />
    <postMsg mid="35001747" type="Warning" dynamic="2" navigation="0" arg0="2" arg1="\u_props/bx_w[15]"  />
    <postMsg mid="35001747" type="Warning" dynamic="2" navigation="0" arg0="1" arg1="\u_props/bx_w[15]"  />
    <postMsg mid="35001747" type="Warning" dynamic="2" navigation="0" arg0="0" arg1="\u_props/bx_w[15]"  />
    <postMsg mid="35001747" type="Warning" dynamic="2" navigation="0" arg0="7" arg1="\u_props/bx_w[15]"  />
    <postMsg mid="35001747" type="Warning" dynamic="2" navigation="0" arg0="6" arg1="\u_props/bx_w[15]"  />
    <postMsg mid="35001747" type="Warning" dynamic="2" navigation="0" arg0="5" arg1="\u_props/bx_w[15]"  />
    <postMsg mid="35001747" type="Warning" dynamic="2" navigation="0" arg0="4" arg1="\u_props/bx_w[15]"  />
    <postMsg mid="35001747" type="Warning" dynamic="2" navigation="0" arg0="3" arg1="\u_props/bx_w[15]"  />
    <postMsg mid="35001747" type="Warning" dynamic="2" navigation="0" arg0="2" arg1="\u_props/bx_w[15]"  />
    <postMsg mid="35001747" type="Warning" dynamic="2" navigation="0" arg0="1" arg1="\u_props/bx_w[15]"  />
    <postMsg mid="35001747" type="Warning" dynamic="2" navigation="0" arg0="0" arg1="\u_props/bx_w[15]"  />
    <postMsg mid="35001747" type="Warning" dynamic="2" navigation="0" arg0="7" arg1="\u_props/bx_w[15]"  />
    <postMsg mid="35001747" type="Warning" dynamic="2" navigation="0" arg0="6" arg1="\u_props/bx_w[15]"  />
    <postMsg mid="35001747" type="Warning" dynamic="2" navigation="0" arg0="5" arg1="\u_props/bx_w[15]"  />
    <postMsg mid="35001747" type="Warning" dynamic="2" navigation="0" arg0="4" arg1="\u_props/bx_w[15]"  />
    <postMsg mid="35001747" type="Warning" dynamic="2" navigation="0" arg0="3" arg1="\u_props/bx_w[15]"  />
    <postMsg mid="35001747" type="Warning" dynamic="2" navigation="0" arg0="2" arg1="\u_props/bx_w[15]"  />
    <postMsg mid="35001747" type="Warning" dynamic="2" navigation="0" arg0="1" arg1="\u_props/bx_w[15]"  />
    <postMsg mid="35001747" type="Warning" dynamic="2" navigation="0" arg0="0" arg1="\u_props/bx_w[15]"  />
    <postMsg mid="35001747" type="Warning" dynamic="2" navigation="0" arg0="7" arg1="\u_props/bx_w[15]"  />
    <postMsg mid="35001747" type="Warning" dynamic="2" navigation="0" arg0="6" arg1="\u_props/bx_w[15]"  />
    <postMsg mid="35001747" type="Warning" dynamic="2" navigation="0" arg0="5" arg1="\u_props/bx_w[15]"  />
    <postMsg mid="35001747" type="Warning" dynamic="2" navigation="0" arg0="4" arg1="\u_props/bx_w[15]"  />
    <postMsg mid="35001747" type="Warning" dynamic="2" navigation="0" arg0="3" arg1="\u_props/bx_w[15]"  />
    <postMsg mid="35001747" type="Warning" dynamic="2" navigation="0" arg0="2" arg1="\u_props/bx_w[15]"  />
    <postMsg mid="35001747" type="Warning" dynamic="2" navigation="0" arg0="1" arg1="\u_props/bx_w[15]"  />
    <postMsg mid="35001747" type="Warning" dynamic="2" navigation="0" arg0="0" arg1="\u_props/bx_w[15]"  />
    <postMsg mid="35001747" type="Warning" dynamic="2" navigation="0" arg0="7" arg1="\u_props/bx_w[15]"  />
    <postMsg mid="35001747" type="Warning" dynamic="2" navigation="0" arg0="6" arg1="\u_props/bx_w[15]"  />
    <postMsg mid="35001747" type="Warning" dynamic="2" navigation="0" arg0="5" arg1="\u_props/bx_w[15]"  />
    <postMsg mid="35001747" type="Warning" dynamic="2" navigation="0" arg0="4" arg1="\u_props/bx_w[15]"  />
    <postMsg mid="35001747" type="Warning" dynamic="2" navigation="0" arg0="3" arg1="\u_props/bx_w[15]"  />
    <postMsg mid="35001747" type="Warning" dynamic="2" navigation="0" arg0="2" arg1="\u_props/bx_w[15]"  />
    <postMsg mid="35001747" type="Warning" dynamic="2" navigation="0" arg0="1" arg1="\u_props/bx_w[15]"  />
    <postMsg mid="35001747" type="Warning" dynamic="2" navigation="0" arg0="0" arg1="\u_props/bx_w[15]"  />
    <postMsg mid="35001747" type="Warning" dynamic="2" navigation="0" arg0="7" arg1="\u_props/bx_w[15]"  />
    <postMsg mid="35001747" type="Warning" dynamic="2" navigation="0" arg0="6" arg1="\u_props/bx_w[15]"  />
    <postMsg mid="35001747" type="Warning" dynamic="2" navigation="0" arg0="5" arg1="\u_props/bx_w[15]"  />
    <postMsg mid="35001747" type="Warning" dynamic="2" navigation="0" arg0="4" arg1="\u_props/bx_w[15]"  />
    <postMsg mid="35001747" type="Warning" dynamic="2" navigation="0" arg0="3" arg1="\u_props/bx_w[15]"  />
    <postMsg mid="35001747" type="Warning" dynamic="2" navigation="0" arg0="2" arg1="\u_props/bx_w[15]"  />
    <postMsg mid="35001747" type="Warning" dynamic="2" navigation="0" arg0="1" arg1="\u_props/bx_w[15]"  />
    <postMsg mid="35001747" type="Warning" dynamic="2" navigation="0" arg0="0" arg1="\u_props/bx_w[15]"  />
    <postMsg mid="35001747" type="Warning" dynamic="2" navigation="0" arg0="7" arg1="\u_props/bx_w[15]"  />
    <postMsg mid="35001747" type="Warning" dynamic="2" navigation="0" arg0="6" arg1="\u_props/bx_w[15]"  />
    <postMsg mid="35001747" type="Warning" dynamic="2" navigation="0" arg0="5" arg1="\u_props/bx_w[15]"  />
    <postMsg mid="35001747" type="Warning" dynamic="2" navigation="0" arg0="4" arg1="\u_props/bx_w[15]"  />
    <postMsg mid="35001747" type="Warning" dynamic="2" navigation="0" arg0="3" arg1="\u_props/bx_w[15]"  />
    <postMsg mid="35001747" type="Warning" dynamic="2" navigation="0" arg0="2" arg1="\u_props/bx_w[15]"  />
    <postMsg mid="35001747" type="Warning" dynamic="2" navigation="0" arg0="1" arg1="\u_props/bx_w[15]"  />
    <postMsg mid="35001747" type="Warning" dynamic="2" navigation="0" arg0="0" arg1="\u_props/bx_w[15]"  />
    <postMsg mid="35001747" type="Warning" dynamic="2" navigation="0" arg0="7" arg1="\u_props/by_w[15]"  />
    <postMsg mid="35001747" type="Warning" dynamic="2" navigation="0" arg0="6" arg1="\u_props/by_w[15]"  />
    <postMsg mid="35001747" type="Warning" dynamic="2" navigation="0" arg0="5" arg1="\u_props/by_w[15]"  />
    <postMsg mid="35001747" type="Warning" dynamic="2" navigation="0" arg0="4" arg1="\u_props/by_w[15]"  />
    <postMsg mid="35001747" type="Warning" dynamic="2" navigation="0" arg0="3" arg1="\u_props/by_w[15]"  />
    <postMsg mid="35001747" type="Warning" dynamic="2" navigation="0" arg0="2" arg1="\u_props/by_w[15]"  />
    <postMsg mid="35001747" type="Warning" dynamic="2" navigation="0" arg0="1" arg1="\u_props/by_w[15]"  />
    <postMsg mid="35001747" type="Warning" dynamic="2" navigation="0" arg0="0" arg1="\u_props/by_w[15]"  />
    <postMsg mid="35001747" type="Warning" dynamic="2" navigation="0" arg0="7" arg1="\u_props/by_w[15]"  />
    <postMsg mid="35001747" type="Warning" dynamic="2" navigation="0" arg0="6" arg1="\u_props/by_w[15]"  />
    <postMsg mid="35001747" type="Warning" dynamic="2" navigation="0" arg0="5" arg1="\u_props/by_w[15]"  />
    <postMsg mid="35001747" type="Warning" dynamic="2" navigation="0" arg0="4" arg1="\u_props/by_w[15]"  />
    <postMsg mid="35001747" type="Warning" dynamic="2" navigation="0" arg0="3" arg1="\u_props/by_w[15]"  />
    <postMsg mid="35001747" type="Warning" dynamic="2" navigation="0" arg0="2" arg1="\u_props/by_w[15]"  />
    <postMsg mid="35001747" type="Warning" dynamic="2" navigation="0" arg0="1" arg1="\u_props/by_w[15]"  />
    <postMsg mid="35001747" type="Warning" dynamic="2" navigation="0" arg0="0" arg1="\u_props/by_w[15]"  />
    <postMsg mid="35001747" type="Warning" dynamic="2" navigation="0" arg0="7" arg1="\u_props/by_w[15]"  />
    <postMsg mid="35001747" type="Warning" dynamic="2" navigation="0" arg0="6" arg1="\u_props/by_w[15]"  />
    <postMsg mid="35001747" type="Warning" dynamic="2" navigation="0" arg0="5" arg1="\u_props/by_w[15]"  />
    <postMsg mid="35001747" type="Warning" dynamic="2" navigation="0" arg0="4" arg1="\u_props/by_w[15]"  />
    <postMsg mid="35001747" type="Warning" dynamic="2" navigation="0" arg0="3" arg1="\u_props/by_w[15]"  />
    <postMsg mid="35001747" type="Warning" dynamic="2" navigation="0" arg0="2" arg1="\u_props/by_w[15]"  />
    <postMsg mid="35001747" type="Warning" dynamic="2" navigation="0" arg0="1" arg1="\u_props/by_w[15]"  />
    <postMsg mid="35001747" type="Warning" dynamic="2" navigation="0" arg0="0" arg1="\u_props/by_w[15]"  />
    <postMsg mid="35001747" type="Warning" dynamic="2" navigation="0" arg0="7" arg1="\u_props/by_w[15]"  />
    <postMsg mid="35001747" type="Warning" dynamic="2" navigation="0" arg0="6" arg1="\u_props/by_w[15]"  />
    <postMsg mid="35001747" type="Warning" dynamic="2" navigation="0" arg0="5" arg1="\u_props/by_w[15]"  />
    <postMsg mid="35001747" type="Warning" dynamic="2" navigation="0" arg0="4" arg1="\u_props/by_w[15]"  />
    <postMsg mid="35001747" type="Warning" dynamic="2" navigation="0" arg0="3" arg1="\u_props/by_w[15]"  />
    <postMsg mid="35001747" type="Warning" dynamic="2" navigation="0" arg0="2" arg1="\u_props/by_w[15]"  />
    <postMsg mid="35001747" type="Warning" dynamic="2" navigation="0" arg0="1" arg1="\u_props/by_w[15]"  />
    <postMsg mid="35001747" type="Warning" dynamic="2" navigation="0" arg0="0" arg1="\u_props/by_w[15]"  />
    <postMsg mid="35001747" type="Warning" dynamic="2" navigation="0" arg0="7" arg1="\u_props/by_w[15]"  />
    <postMsg mid="35001747" type="Warning" dynamic="2" navigation="0" arg0="6" arg1="\u_props/by_w[15]"  />
    <postMsg mid="35001747" type="Warning" dynamic="2" navigation="0" arg0="5" arg1="\u_props/by_w[15]"  />
    <postMsg mid="35001747" type="Warning" dynamic="2" navigation="0" arg0="4" arg1="\u_props/by_w[15]"  />
    <postMsg mid="35001747" type="Warning" dynamic="2" navigation="0" arg0="3" arg1="\u_props/by_w[15]"  />
    <postMsg mid="35001747" type="Warning" dynamic="2" navigation="0" arg0="2" arg1="\u_props/by_w[15]"  />
    <postMsg mid="35001747" type="Warning" dynamic="2" navigation="0" arg0="1" arg1="\u_props/by_w[15]"  />
    <postMsg mid="35001747" type="Warning" dynamic="2" navigation="0" arg0="0" arg1="\u_props/by_w[15]"  />
    <postMsg mid="35001747" type="Warning" dynamic="2" navigation="0" arg0="7" arg1="\u_props/by_w[15]"  />
    <postMsg mid="35001747" type="Warning" dynamic="2" navigation="0" arg0="6" arg1="\u_props/by_w[15]"  />
    <postMsg mid="35001747" type="Warning" dynamic="2" navigation="0" arg0="5" arg1="\u_props/by_w[15]"  />
    <postMsg mid="35001747" type="Warning" dynamic="2" navigation="0" arg0="4" arg1="\u_props/by_w[15]"  />
    <postMsg mid="35001747" type="Warning" dynamic="2" navigation="0" arg0="3" arg1="\u_props/by_w[15]"  />
    <postMsg mid="35001747" type="Warning" dynamic="2" navigation="0" arg0="2" arg1="\u_props/by_w[15]"  />
    <postMsg mid="35001747" type="Warning" dynamic="2" navigation="0" arg0="1" arg1="\u_props/by_w[15]"  />
    <postMsg mid="35001747" type="Warning" dynamic="2" navigation="0" arg0="0" arg1="\u_props/by_w[15]"  />
    <postMsg mid="35001747" type="Warning" dynamic="2" navigation="0" arg0="7" arg1="\u_props/by_w[15]"  />
    <postMsg mid="35001747" type="Warning" dynamic="2" navigation="0" arg0="6" arg1="\u_props/by_w[15]"  />
    <postMsg mid="35001747" type="Warning" dynamic="2" navigation="0" arg0="5" arg1="\u_props/by_w[15]"  />
    <postMsg mid="35001747" type="Warning" dynamic="2" navigation="0" arg0="4" arg1="\u_props/by_w[15]"  />
    <postMsg mid="35001747" type="Warning" dynamic="2" navigation="0" arg0="3" arg1="\u_props/by_w[15]"  />
    <postMsg mid="35001747" type="Warning" dynamic="2" navigation="0" arg0="2" arg1="\u_props/by_w[15]"  />
    <postMsg mid="35001747" type="Warning" dynamic="2" navigation="0" arg0="1" arg1="\u_props/by_w[15]"  />
    <postMsg mid="35001747" type="Warning" dynamic="2" navigation="0" arg0="0" arg1="\u_props/by_w[15]"  />
    <postMsg mid="35001747" type="Warning" dynamic="2" navigation="0" arg0="7" arg1="\u_props/by_w[15]"  />
    <postMsg mid="35001747" type="Warning" dynamic="2" navigation="0" arg0="6" arg1="\u_props/by_w[15]"  />
    <postMsg mid="35001747" type="Warning" dynamic="2" navigation="0" arg0="5" arg1="\u_props/by_w[15]"  />
    <postMsg mid="35001747" type="Warning" dynamic="2" navigation="0" arg0="4" arg1="\u_props/by_w[15]"  />
    <postMsg mid="35001747" type="Warning" dynamic="2" navigation="0" arg0="3" arg1="\u_props/by_w[15]"  />
    <postMsg mid="35001747" type="Warning" dynamic="2" navigation="0" arg0="2" arg1="\u_props/by_w[15]"  />
    <postMsg mid="35001747" type="Warning" dynamic="2" navigation="0" arg0="1" arg1="\u_props/by_w[15]"  />
    <postMsg mid="35001747" type="Warning" dynamic="2" navigation="0" arg0="0" arg1="\u_props/by_w[15]"  />
    <postMsg mid="35001747" type="Warning" dynamic="2" navigation="0" arg0="7" arg1="\u_props/by_w[15]"  />
    <postMsg mid="35001747" type="Warning" dynamic="2" navigation="0" arg0="6" arg1="\u_props/by_w[15]"  />
    <postMsg mid="35001747" type="Warning" dynamic="2" navigation="0" arg0="5" arg1="\u_props/by_w[15]"  />
    <postMsg mid="35001747" type="Warning" dynamic="2" navigation="0" arg0="4" arg1="\u_props/by_w[15]"  />
    <postMsg mid="35001747" type="Warning" dynamic="2" navigation="0" arg0="3" arg1="\u_props/by_w[15]"  />
    <postMsg mid="35001747" type="Warning" dynamic="2" navigation="0" arg0="2" arg1="\u_props/by_w[15]"  />
    <postMsg mid="35001747" type="Warning" dynamic="2" navigation="0" arg0="1" arg1="\u_props/by_w[15]"  />
    <postMsg mid="35001747" type="Warning" dynamic="2" navigation="0" arg0="0" arg1="\u_props/by_w[15]"  />
    <postMsg mid="35001747" type="Warning" dynamic="2" navigation="0" arg0="7" arg1="\u_props/by_w[15]"  />
    <postMsg mid="35001747" type="Warning" dynamic="2" navigation="0" arg0="6" arg1="\u_props/by_w[15]"  />
    <postMsg mid="35001747" type="Warning" dynamic="2" navigation="0" arg0="5" arg1="\u_props/by_w[15]"  />
    <postMsg mid="35001747" type="Warning" dynamic="2" navigation="0" arg0="4" arg1="\u_props/by_w[15]"  />
    <postMsg mid="35001747" type="Warning" dynamic="2" navigation="0" arg0="3" arg1="\u_props/by_w[15]"  />
    <postMsg mid="35001747" type="Warning" dynamic="2" navigation="0" arg0="2" arg1="\u_props/by_w[15]"  />
    <postMsg mid="35001747" type="Warning" dynamic="2" navigation="0" arg0="1" arg1="\u_props/by_w[15]"  />
    <postMsg mid="35001747" type="Warning" dynamic="2" navigation="0" arg0="0" arg1="\u_props/by_w[15]"  />
    <postMsg mid="35001747" type="Warning" dynamic="2" navigation="0" arg0="7" arg1="\u_props/by_w[15]"  />
    <postMsg mid="35001747" type="Warning" dynamic="2" navigation="0" arg0="6" arg1="\u_props/by_w[15]"  />
    <postMsg mid="35001747" type="Warning" dynamic="2" navigation="0" arg0="5" arg1="\u_props/by_w[15]"  />
    <postMsg mid="35001747" type="Warning" dynamic="2" navigation="0" arg0="4" arg1="\u_props/by_w[15]"  />
    <postMsg mid="35001747" type="Warning" dynamic="2" navigation="0" arg0="3" arg1="\u_props/by_w[15]"  />
    <postMsg mid="35001747" type="Warning" dynamic="2" navigation="0" arg0="2" arg1="\u_props/by_w[15]"  />
    <postMsg mid="35001747" type="Warning" dynamic="2" navigation="0" arg0="1" arg1="\u_props/by_w[15]"  />
    <postMsg mid="35001747" type="Warning" dynamic="2" navigation="0" arg0="0" arg1="\u_props/by_w[15]"  />
    <postMsg mid="35001747" type="Warning" dynamic="2" navigation="0" arg0="7" arg1="\u_props/by_w[15]"  />
    <postMsg mid="35001747" type="Warning" dynamic="2" navigation="0" arg0="6" arg1="\u_props/by_w[15]"  />
    <postMsg mid="35001747" type="Warning" dynamic="2" navigation="0" arg0="5" arg1="\u_props/by_w[15]"  />
    <postMsg mid="35001747" type="Warning" dynamic="2" navigation="0" arg0="4" arg1="\u_props/by_w[15]"  />
    <postMsg mid="35001747" type="Warning" dynamic="2" navigation="0" arg0="3" arg1="\u_props/by_w[15]"  />
    <postMsg mid="35001747" type="Warning" dynamic="2" navigation="0" arg0="2" arg1="\u_props/by_w[15]"  />
    <postMsg mid="35001747" type="Warning" dynamic="2" navigation="0" arg0="1" arg1="\u_props/by_w[15]"  />
    <postMsg mid="35001747" type="Warning" dynamic="2" navigation="0" arg0="0" arg1="\u_props/by_w[15]"  />
    <postMsg mid="35001747" type="Warning" dynamic="2" navigation="0" arg0="7" arg1="\u_props/by_w[15]"  />
    <postMsg mid="35001747" type="Warning" dynamic="2" navigation="0" arg0="6" arg1="\u_props/by_w[15]"  />
    <postMsg mid="35001747" type="Warning" dynamic="2" navigation="0" arg0="5" arg1="\u_props/by_w[15]"  />
    <postMsg mid="35001747" type="Warning" dynamic="2" navigation="0" arg0="4" arg1="\u_props/by_w[15]"  />
    <postMsg mid="35001747" type="Warning" dynamic="2" navigation="0" arg0="3" arg1="\u_props/by_w[15]"  />
    <postMsg mid="35001747" type="Warning" dynamic="2" navigation="0" arg0="2" arg1="\u_props/by_w[15]"  />
    <postMsg mid="35001747" type="Warning" dynamic="2" navigation="0" arg0="1" arg1="\u_props/by_w[15]"  />
    <postMsg mid="35001747" type="Warning" dynamic="2" navigation="0" arg0="0" arg1="\u_props/by_w[15]"  />
    <postMsg mid="35001747" type="Warning" dynamic="2" navigation="0" arg0="7" arg1="\u_props/by_w[15]"  />
    <postMsg mid="35001747" type="Warning" dynamic="2" navigation="0" arg0="6" arg1="\u_props/by_w[15]"  />
    <postMsg mid="35001747" type="Warning" dynamic="2" navigation="0" arg0="5" arg1="\u_props/by_w[15]"  />
    <postMsg mid="35001747" type="Warning" dynamic="2" navigation="0" arg0="4" arg1="\u_props/by_w[15]"  />
    <postMsg mid="35001747" type="Warning" dynamic="2" navigation="0" arg0="3" arg1="\u_props/by_w[15]"  />
    <postMsg mid="35001747" type="Warning" dynamic="2" navigation="0" arg0="2" arg1="\u_props/by_w[15]"  />
    <postMsg mid="35001747" type="Warning" dynamic="2" navigation="0" arg0="1" arg1="\u_props/by_w[15]"  />
    <postMsg mid="35001747" type="Warning" dynamic="2" navigation="0" arg0="0" arg1="\u_props/by_w[15]"  />
    <postMsg mid="35001747" type="Warning" dynamic="2" navigation="0" arg0="7" arg1="\u_props/by_w[15]"  />
    <postMsg mid="35001747" type="Warning" dynamic="2" navigation="0" arg0="6" arg1="\u_props/by_w[15]"  />
    <postMsg mid="35001747" type="Warning" dynamic="2" navigation="0" arg0="5" arg1="\u_props/by_w[15]"  />
    <postMsg mid="35001747" type="Warning" dynamic="2" navigation="0" arg0="4" arg1="\u_props/by_w[15]"  />
    <postMsg mid="35001747" type="Warning" dynamic="2" navigation="0" arg0="3" arg1="\u_props/by_w[15]"  />
    <postMsg mid="35001747" type="Warning" dynamic="2" navigation="0" arg0="2" arg1="\u_props/by_w[15]"  />
    <postMsg mid="35001747" type="Warning" dynamic="2" navigation="0" arg0="1" arg1="\u_props/by_w[15]"  />
    <postMsg mid="35001747" type="Warning" dynamic="2" navigation="0" arg0="0" arg1="\u_props/by_w[15]"  />
    <postMsg mid="35001747" type="Warning" dynamic="2" navigation="0" arg0="7" arg1="\u_props/by_w[15]"  />
    <postMsg mid="35001747" type="Warning" dynamic="2" navigation="0" arg0="6" arg1="\u_props/by_w[15]"  />
    <postMsg mid="35001747" type="Warning" dynamic="2" navigation="0" arg0="5" arg1="\u_props/by_w[15]"  />
    <postMsg mid="35001747" type="Warning" dynamic="2" navigation="0" arg0="4" arg1="\u_props/by_w[15]"  />
    <postMsg mid="35001747" type="Warning" dynamic="2" navigation="0" arg0="3" arg1="\u_props/by_w[15]"  />
    <postMsg mid="35001747" type="Warning" dynamic="2" navigation="0" arg0="2" arg1="\u_props/by_w[15]"  />
    <postMsg mid="35001747" type="Warning" dynamic="2" navigation="0" arg0="1" arg1="\u_props/by_w[15]"  />
    <postMsg mid="35001747" type="Warning" dynamic="2" navigation="0" arg0="0" arg1="\u_props/by_w[15]"  />
    <postMsg mid="35001747" type="Warning" dynamic="2" navigation="0" arg0="7" arg1="\u_cropper/sel_sc_out[3]"  />
    <postMsg mid="35001747" type="Warning" dynamic="2" navigation="0" arg0="6" arg1="\u_cropper/sel_sc_out[3]"  />
    <postMsg mid="35001747" type="Warning" dynamic="2" navigation="0" arg0="5" arg1="\u_cropper/sel_sc_out[3]"  />
    <postMsg mid="35001747" type="Warning" dynamic="2" navigation="0" arg0="4" arg1="\u_cropper/sel_sc_out[3]"  />
    <postMsg mid="35001747" type="Warning" dynamic="2" navigation="0" arg0="3" arg1="\u_cropper/sel_sc_out[3]"  />
    <postMsg mid="35001747" type="Warning" dynamic="2" navigation="0" arg0="2" arg1="\u_cropper/sel_sc_out[3]"  />
    <postMsg mid="35001747" type="Warning" dynamic="2" navigation="0" arg0="1" arg1="\u_cropper/sel_sc_out[3]"  />
    <postMsg mid="35001747" type="Warning" dynamic="2" navigation="0" arg0="0" arg1="\u_cropper/sel_sc_out[3]"  />
    <postMsg mid="35001747" type="Warning" dynamic="2" navigation="0" arg0="15" arg1="\u_cropper/sel_sc_out[3]"  />
    <postMsg mid="35001747" type="Warning" dynamic="2" navigation="0" arg0="14" arg1="\u_cropper/sel_sc_out[3]"  />
    <postMsg mid="35001747" type="Warning" dynamic="2" navigation="0" arg0="13" arg1="\u_cropper/sel_sc_out[3]"  />
    <postMsg mid="35001747" type="Warning" dynamic="2" navigation="0" arg0="12" arg1="\u_cropper/sel_sc_out[3]"  />
    <postMsg mid="35001747" type="Warning" dynamic="2" navigation="0" arg0="11" arg1="\u_cropper/sel_sc_out[3]"  />
    <postMsg mid="35001747" type="Warning" dynamic="2" navigation="0" arg0="10" arg1="\u_cropper/sel_sc_out[3]"  />
    <postMsg mid="35001747" type="Warning" dynamic="2" navigation="0" arg0="9" arg1="\u_cropper/sel_sc_out[3]"  />
    <postMsg mid="35001747" type="Warning" dynamic="2" navigation="0" arg0="8" arg1="\u_cropper/sel_sc_out[3]"  />
    <postMsg mid="35001747" type="Warning" dynamic="2" navigation="0" arg0="23" arg1="\u_cropper/sel_sc_out[3]"  />
    <postMsg mid="35001747" type="Warning" dynamic="2" navigation="0" arg0="22" arg1="\u_cropper/sel_sc_out[3]"  />
    <postMsg mid="35001747" type="Warning" dynamic="2" navigation="0" arg0="21" arg1="\u_cropper/sel_sc_out[3]"  />
    <postMsg mid="35001747" type="Warning" dynamic="2" navigation="0" arg0="20" arg1="\u_cropper/sel_sc_out[3]"  />
    <postMsg mid="35001747" type="Warning" dynamic="2" navigation="0" arg0="19" arg1="\u_cropper/sel_sc_out[3]"  />
    <postMsg mid="35001747" type="Warning" dynamic="2" navigation="0" arg0="18" arg1="\u_cropper/sel_sc_out[3]"  />
    <postMsg mid="35001747" type="Warning" dynamic="2" navigation="0" arg0="17" arg1="\u_cropper/sel_sc_out[3]"  />
    <postMsg mid="35001747" type="Warning" dynamic="2" navigation="0" arg0="16" arg1="\u_cropper/sel_sc_out[3]"  />
    <postMsg mid="35001747" type="Warning" dynamic="2" navigation="0" arg0="31" arg1="\u_cropper/sel_sc_out[3]"  />
    <postMsg mid="35001747" type="Warning" dynamic="2" navigation="0" arg0="30" arg1="\u_cropper/sel_sc_out[3]"  />
    <postMsg mid="35001747" type="Warning" dynamic="2" navigation="0" arg0="29" arg1="\u_cropper/sel_sc_out[3]"  />
    <postMsg mid="35001747" type="Warning" dynamic="2" navigation="0" arg0="28" arg1="\u_cropper/sel_sc_out[3]"  />
    <postMsg mid="35001747" type="Warning" dynamic="2" navigation="0" arg0="27" arg1="\u_cropper/sel_sc_out[3]"  />
    <postMsg mid="35001747" type="Warning" dynamic="2" navigation="0" arg0="26" arg1="\u_cropper/sel_sc_out[3]"  />
    <postMsg mid="35001747" type="Warning" dynamic="2" navigation="0" arg0="25" arg1="\u_cropper/sel_sc_out[3]"  />
    <postMsg mid="35001747" type="Warning" dynamic="2" navigation="0" arg0="24" arg1="\u_cropper/sel_sc_out[3]"  />
    <postMsg mid="35001747" type="Warning" dynamic="2" navigation="0" arg0="15" arg1="\u_cropper/sel_cx_out[3]"  />
    <postMsg mid="35001747" type="Warning" dynamic="2" navigation="0" arg0="14" arg1="\u_cropper/sel_cx_out[3]"  />
    <postMsg mid="35001747" type="Warning" dynamic="2" navigation="0" arg0="13" arg1="\u_cropper/sel_cx_out[3]"  />
    <postMsg mid="35001747" type="Warning" dynamic="2" navigation="0" arg0="12" arg1="\u_cropper/sel_cx_out[3]"  />
    <postMsg mid="35001747" type="Warning" dynamic="2" navigation="0" arg0="11" arg1="\u_cropper/sel_cx_out[3]"  />
    <postMsg mid="35001747" type="Warning" dynamic="2" navigation="0" arg0="10" arg1="\u_cropper/sel_cx_out[3]"  />
    <postMsg mid="35001747" type="Warning" dynamic="2" navigation="0" arg0="9" arg1="\u_cropper/sel_cx_out[3]"  />
    <postMsg mid="35001747" type="Warning" dynamic="2" navigation="0" arg0="8" arg1="\u_cropper/sel_cx_out[3]"  />
    <postMsg mid="35001747" type="Warning" dynamic="2" navigation="0" arg0="7" arg1="\u_cropper/sel_cx_out[3]"  />
    <postMsg mid="35001747" type="Warning" dynamic="2" navigation="0" arg0="6" arg1="\u_cropper/sel_cx_out[3]"  />
    <postMsg mid="35001747" type="Warning" dynamic="2" navigation="0" arg0="5" arg1="\u_cropper/sel_cx_out[3]"  />
    <postMsg mid="35001747" type="Warning" dynamic="2" navigation="0" arg0="4" arg1="\u_cropper/sel_cx_out[3]"  />
    <postMsg mid="35001747" type="Warning" dynamic="2" navigation="0" arg0="2" arg1="\u_cropper/sel_cx_out[3]"  />
    <postMsg mid="35001747" type="Warning" dynamic="2" navigation="0" arg0="1" arg1="\u_cropper/sel_cx_out[3]"  />
    <postMsg mid="35001747" type="Warning" dynamic="2" navigation="0" arg0="0" arg1="\u_cropper/sel_cx_out[3]"  />
    <postMsg mid="35001747" type="Warning" dynamic="2" navigation="0" arg0="31" arg1="\u_cropper/sel_cx_out[3]"  />
    <postMsg mid="35001747" type="Warning" dynamic="2" navigation="0" arg0="30" arg1="\u_cropper/sel_cx_out[3]"  />
    <postMsg mid="35001747" type="Warning" dynamic="2" navigation="0" arg0="29" arg1="\u_cropper/sel_cx_out[3]"  />
    <postMsg mid="35001747" type="Warning" dynamic="2" navigation="0" arg0="28" arg1="\u_cropper/sel_cx_out[3]"  />
    <postMsg mid="35001747" type="Warning" dynamic="2" navigation="0" arg0="27" arg1="\u_cropper/sel_cx_out[3]"  />
    <postMsg mid="35001747" type="Warning" dynamic="2" navigation="0" arg0="26" arg1="\u_cropper/sel_cx_out[3]"  />
    <postMsg mid="35001747" type="Warning" dynamic="2" navigation="0" arg0="25" arg1="\u_cropper/sel_cx_out[3]"  />
    <postMsg mid="35001747" type="Warning" dynamic="2" navigation="0" arg0="24" arg1="\u_cropper/sel_cx_out[3]"  />
    <postMsg mid="35001747" type="Warning" dynamic="2" navigation="0" arg0="23" arg1="\u_cropper/sel_cx_out[3]"  />
    <postMsg mid="35001747" type="Warning" dynamic="2" navigation="0" arg0="22" arg1="\u_cropper/sel_cx_out[3]"  />
    <postMsg mid="35001747" type="Warning" dynamic="2" navigation="0" arg0="21" arg1="\u_cropper/sel_cx_out[3]"  />
    <postMsg mid="35001747" type="Warning" dynamic="2" navigation="0" arg0="20" arg1="\u_cropper/sel_cx_out[3]"  />
    <postMsg mid="35001747" type="Warning" dynamic="2" navigation="0" arg0="18" arg1="\u_cropper/sel_cx_out[3]"  />
    <postMsg mid="35001747" type="Warning" dynamic="2" navigation="0" arg0="17" arg1="\u_cropper/sel_cx_out[3]"  />
    <postMsg mid="35001747" type="Warning" dynamic="2" navigation="0" arg0="16" arg1="\u_cropper/sel_cx_out[3]"  />
    <postMsg mid="35001747" type="Warning" dynamic="2" navigation="0" arg0="47" arg1="\u_cropper/sel_cx_out[3]"  />
    <postMsg mid="35001747" type="Warning" dynamic="2" navigation="0" arg0="46" arg1="\u_cropper/sel_cx_out[3]"  />
    <postMsg mid="35001747" type="Warning" dynamic="2" navigation="0" arg0="45" arg1="\u_cropper/sel_cx_out[3]"  />
    <postMsg mid="35001747" type="Warning" dynamic="2" navigation="0" arg0="44" arg1="\u_cropper/sel_cx_out[3]"  />
    <postMsg mid="35001747" type="Warning" dynamic="2" navigation="0" arg0="43" arg1="\u_cropper/sel_cx_out[3]"  />
    <postMsg mid="35001747" type="Warning" dynamic="2" navigation="0" arg0="42" arg1="\u_cropper/sel_cx_out[3]"  />
    <postMsg mid="35001747" type="Warning" dynamic="2" navigation="0" arg0="41" arg1="\u_cropper/sel_cx_out[3]"  />
    <postMsg mid="35001747" type="Warning" dynamic="2" navigation="0" arg0="40" arg1="\u_cropper/sel_cx_out[3]"  />
    <postMsg mid="35001747" type="Warning" dynamic="2" navigation="0" arg0="39" arg1="\u_cropper/sel_cx_out[3]"  />
    <postMsg mid="35001747" type="Warning" dynamic="2" navigation="0" arg0="38" arg1="\u_cropper/sel_cx_out[3]"  />
    <postMsg mid="35001747" type="Warning" dynamic="2" navigation="0" arg0="37" arg1="\u_cropper/sel_cx_out[3]"  />
    <postMsg mid="35001747" type="Warning" dynamic="2" navigation="0" arg0="36" arg1="\u_cropper/sel_cx_out[3]"  />
    <postMsg mid="35001747" type="Warning" dynamic="2" navigation="0" arg0="34" arg1="\u_cropper/sel_cx_out[3]"  />
    <postMsg mid="35001747" type="Warning" dynamic="2" navigation="0" arg0="33" arg1="\u_cropper/sel_cx_out[3]"  />
    <postMsg mid="35001747" type="Warning" dynamic="2" navigation="0" arg0="32" arg1="\u_cropper/sel_cx_out[3]"  />
    <postMsg mid="35001747" type="Warning" dynamic="2" navigation="0" arg0="63" arg1="\u_cropper/sel_cx_out[3]"  />
    <postMsg mid="35001747" type="Warning" dynamic="2" navigation="0" arg0="62" arg1="\u_cropper/sel_cx_out[3]"  />
    <postMsg mid="35001747" type="Warning" dynamic="2" navigation="0" arg0="61" arg1="\u_cropper/sel_cx_out[3]"  />
    <postMsg mid="35001747" type="Warning" dynamic="2" navigation="0" arg0="60" arg1="\u_cropper/sel_cx_out[3]"  />
    <postMsg mid="35001747" type="Warning" dynamic="2" navigation="0" arg0="59" arg1="\u_cropper/sel_cx_out[3]"  />
    <postMsg mid="35001747" type="Warning" dynamic="2" navigation="0" arg0="58" arg1="\u_cropper/sel_cx_out[3]"  />
    <postMsg mid="35001747" type="Warning" dynamic="2" navigation="0" arg0="57" arg1="\u_cropper/sel_cx_out[3]"  />
    <postMsg mid="35001747" type="Warning" dynamic="2" navigation="0" arg0="56" arg1="\u_cropper/sel_cx_out[3]"  />
    <postMsg mid="35001747" type="Warning" dynamic="2" navigation="0" arg0="55" arg1="\u_cropper/sel_cx_out[3]"  />
    <postMsg mid="35001747" type="Warning" dynamic="2" navigation="0" arg0="54" arg1="\u_cropper/sel_cx_out[3]"  />
    <postMsg mid="35001747" type="Warning" dynamic="2" navigation="0" arg0="53" arg1="\u_cropper/sel_cx_out[3]"  />
    <postMsg mid="35001747" type="Warning" dynamic="2" navigation="0" arg0="52" arg1="\u_cropper/sel_cx_out[3]"  />
    <postMsg mid="35001747" type="Warning" dynamic="2" navigation="0" arg0="50" arg1="\u_cropper/sel_cx_out[3]"  />
    <postMsg mid="35001747" type="Warning" dynamic="2" navigation="0" arg0="49" arg1="\u_cropper/sel_cx_out[3]"  />
    <postMsg mid="35001747" type="Warning" dynamic="2" navigation="0" arg0="48" arg1="\u_cropper/sel_cx_out[3]"  />
    <postMsg mid="35001747" type="Warning" dynamic="2" navigation="0" arg0="15" arg1="\u_cropper/sel_cy_out[3]"  />
    <postMsg mid="35001747" type="Warning" dynamic="2" navigation="0" arg0="14" arg1="\u_cropper/sel_cy_out[3]"  />
    <postMsg mid="35001747" type="Warning" dynamic="2" navigation="0" arg0="13" arg1="\u_cropper/sel_cy_out[3]"  />
    <postMsg mid="35001747" type="Warning" dynamic="2" navigation="0" arg0="12" arg1="\u_cropper/sel_cy_out[3]"  />
    <postMsg mid="35001747" type="Warning" dynamic="2" navigation="0" arg0="11" arg1="\u_cropper/sel_cy_out[3]"  />
    <postMsg mid="35001747" type="Warning" dynamic="2" navigation="0" arg0="10" arg1="\u_cropper/sel_cy_out[3]"  />
    <postMsg mid="35001747" type="Warning" dynamic="2" navigation="0" arg0="9" arg1="\u_cropper/sel_cy_out[3]"  />
    <postMsg mid="35001747" type="Warning" dynamic="2" navigation="0" arg0="8" arg1="\u_cropper/sel_cy_out[3]"  />
    <postMsg mid="35001747" type="Warning" dynamic="2" navigation="0" arg0="7" arg1="\u_cropper/sel_cy_out[3]"  />
    <postMsg mid="35001747" type="Warning" dynamic="2" navigation="0" arg0="6" arg1="\u_cropper/sel_cy_out[3]"  />
    <postMsg mid="35001747" type="Warning" dynamic="2" navigation="0" arg0="5" arg1="\u_cropper/sel_cy_out[3]"  />
    <postMsg mid="35001747" type="Warning" dynamic="2" navigation="0" arg0="4" arg1="\u_cropper/sel_cy_out[3]"  />
    <postMsg mid="35001747" type="Warning" dynamic="2" navigation="0" arg0="2" arg1="\u_cropper/sel_cy_out[3]"  />
    <postMsg mid="35001747" type="Warning" dynamic="2" navigation="0" arg0="1" arg1="\u_cropper/sel_cy_out[3]"  />
    <postMsg mid="35001747" type="Warning" dynamic="2" navigation="0" arg0="0" arg1="\u_cropper/sel_cy_out[3]"  />
    <postMsg mid="35001747" type="Warning" dynamic="2" navigation="0" arg0="31" arg1="\u_cropper/sel_cy_out[3]"  />
    <postMsg mid="35001747" type="Warning" dynamic="2" navigation="0" arg0="30" arg1="\u_cropper/sel_cy_out[3]"  />
    <postMsg mid="35001747" type="Warning" dynamic="2" navigation="0" arg0="29" arg1="\u_cropper/sel_cy_out[3]"  />
    <postMsg mid="35001747" type="Warning" dynamic="2" navigation="0" arg0="28" arg1="\u_cropper/sel_cy_out[3]"  />
    <postMsg mid="35001747" type="Warning" dynamic="2" navigation="0" arg0="27" arg1="\u_cropper/sel_cy_out[3]"  />
    <postMsg mid="35001747" type="Warning" dynamic="2" navigation="0" arg0="26" arg1="\u_cropper/sel_cy_out[3]"  />
    <postMsg mid="35001747" type="Warning" dynamic="2" navigation="0" arg0="25" arg1="\u_cropper/sel_cy_out[3]"  />
    <postMsg mid="35001747" type="Warning" dynamic="2" navigation="0" arg0="24" arg1="\u_cropper/sel_cy_out[3]"  />
    <postMsg mid="35001747" type="Warning" dynamic="2" navigation="0" arg0="23" arg1="\u_cropper/sel_cy_out[3]"  />
    <postMsg mid="35001747" type="Warning" dynamic="2" navigation="0" arg0="22" arg1="\u_cropper/sel_cy_out[3]"  />
    <postMsg mid="35001747" type="Warning" dynamic="2" navigation="0" arg0="21" arg1="\u_cropper/sel_cy_out[3]"  />
    <postMsg mid="35001747" type="Warning" dynamic="2" navigation="0" arg0="20" arg1="\u_cropper/sel_cy_out[3]"  />
    <postMsg mid="35001747" type="Warning" dynamic="2" navigation="0" arg0="18" arg1="\u_cropper/sel_cy_out[3]"  />
    <postMsg mid="35001747" type="Warning" dynamic="2" navigation="0" arg0="17" arg1="\u_cropper/sel_cy_out[3]"  />
    <postMsg mid="35001747" type="Warning" dynamic="2" navigation="0" arg0="16" arg1="\u_cropper/sel_cy_out[3]"  />
    <postMsg mid="35001747" type="Warning" dynamic="2" navigation="0" arg0="47" arg1="\u_cropper/sel_cy_out[3]"  />
    <postMsg mid="35001747" type="Warning" dynamic="2" navigation="0" arg0="46" arg1="\u_cropper/sel_cy_out[3]"  />
    <postMsg mid="35001747" type="Warning" dynamic="2" navigation="0" arg0="45" arg1="\u_cropper/sel_cy_out[3]"  />
    <postMsg mid="35001747" type="Warning" dynamic="2" navigation="0" arg0="44" arg1="\u_cropper/sel_cy_out[3]"  />
    <postMsg mid="35001747" type="Warning" dynamic="2" navigation="0" arg0="43" arg1="\u_cropper/sel_cy_out[3]"  />
    <postMsg mid="35001747" type="Warning" dynamic="2" navigation="0" arg0="42" arg1="\u_cropper/sel_cy_out[3]"  />
    <postMsg mid="35001747" type="Warning" dynamic="2" navigation="0" arg0="41" arg1="\u_cropper/sel_cy_out[3]"  />
    <postMsg mid="35001747" type="Warning" dynamic="2" navigation="0" arg0="40" arg1="\u_cropper/sel_cy_out[3]"  />
    <postMsg mid="35001747" type="Warning" dynamic="2" navigation="0" arg0="39" arg1="\u_cropper/sel_cy_out[3]"  />
    <postMsg mid="35001747" type="Warning" dynamic="2" navigation="0" arg0="38" arg1="\u_cropper/sel_cy_out[3]"  />
    <postMsg mid="35001747" type="Warning" dynamic="2" navigation="0" arg0="37" arg1="\u_cropper/sel_cy_out[3]"  />
    <postMsg mid="35001747" type="Warning" dynamic="2" navigation="0" arg0="36" arg1="\u_cropper/sel_cy_out[3]"  />
    <postMsg mid="35001747" type="Warning" dynamic="2" navigation="0" arg0="34" arg1="\u_cropper/sel_cy_out[3]"  />
    <postMsg mid="35001747" type="Warning" dynamic="2" navigation="0" arg0="33" arg1="\u_cropper/sel_cy_out[3]"  />
    <postMsg mid="35001747" type="Warning" dynamic="2" navigation="0" arg0="32" arg1="\u_cropper/sel_cy_out[3]"  />
    <postMsg mid="35001747" type="Warning" dynamic="2" navigation="0" arg0="63" arg1="\u_cropper/sel_cy_out[3]"  />
    <postMsg mid="35001747" type="Warning" dynamic="2" navigation="0" arg0="62" arg1="\u_cropper/sel_cy_out[3]"  />
    <postMsg mid="35001747" type="Warning" dynamic="2" navigation="0" arg0="61" arg1="\u_cropper/sel_cy_out[3]"  />
    <postMsg mid="35001747" type="Warning" dynamic="2" navigation="0" arg0="60" arg1="\u_cropper/sel_cy_out[3]"  />
    <postMsg mid="35001747" type="Warning" dynamic="2" navigation="0" arg0="59" arg1="\u_cropper/sel_cy_out[3]"  />
    <postMsg mid="35001747" type="Warning" dynamic="2" navigation="0" arg0="58" arg1="\u_cropper/sel_cy_out[3]"  />
    <postMsg mid="35001747" type="Warning" dynamic="2" navigation="0" arg0="57" arg1="\u_cropper/sel_cy_out[3]"  />
    <postMsg mid="35001747" type="Warning" dynamic="2" navigation="0" arg0="56" arg1="\u_cropper/sel_cy_out[3]"  />
    <postMsg mid="35001747" type="Warning" dynamic="2" navigation="0" arg0="55" arg1="\u_cropper/sel_cy_out[3]"  />
    <postMsg mid="35001747" type="Warning" dynamic="2" navigation="0" arg0="54" arg1="\u_cropper/sel_cy_out[3]"  />
    <postMsg mid="35001747" type="Warning" dynamic="2" navigation="0" arg0="53" arg1="\u_cropper/sel_cy_out[3]"  />
    <postMsg mid="35001747" type="Warning" dynamic="2" navigation="0" arg0="52" arg1="\u_cropper/sel_cy_out[3]"  />
    <postMsg mid="35001747" type="Warning" dynamic="2" navigation="0" arg0="50" arg1="\u_cropper/sel_cy_out[3]"  />
    <postMsg mid="35001747" type="Warning" dynamic="2" navigation="0" arg0="49" arg1="\u_cropper/sel_cy_out[3]"  />
    <postMsg mid="35001747" type="Warning" dynamic="2" navigation="0" arg0="48" arg1="\u_cropper/sel_cy_out[3]"  />
    <postMsg mid="35001747" type="Warning" dynamic="2" navigation="0" arg0="7" arg1="\u_cropper/sel_sc_p[3]"  />
    <postMsg mid="35001747" type="Warning" dynamic="2" navigation="0" arg0="6" arg1="\u_cropper/sel_sc_p[3]"  />
    <postMsg mid="35001747" type="Warning" dynamic="2" navigation="0" arg0="5" arg1="\u_cropper/sel_sc_p[3]"  />
    <postMsg mid="35001747" type="Warning" dynamic="2" navigation="0" arg0="4" arg1="\u_cropper/sel_sc_p[3]"  />
    <postMsg mid="35001747" type="Warning" dynamic="2" navigation="0" arg0="3" arg1="\u_cropper/sel_sc_p[3]"  />
    <postMsg mid="35001747" type="Warning" dynamic="2" navigation="0" arg0="2" arg1="\u_cropper/sel_sc_p[3]"  />
    <postMsg mid="35001747" type="Warning" dynamic="2" navigation="0" arg0="1" arg1="\u_cropper/sel_sc_p[3]"  />
    <postMsg mid="35001747" type="Warning" dynamic="2" navigation="0" arg0="0" arg1="\u_cropper/sel_sc_p[3]"  />
    <postMsg mid="35001747" type="Warning" dynamic="2" navigation="0" arg0="7" arg1="\u_cropper/sel_sc_p[3]"  />
    <postMsg mid="35001747" type="Warning" dynamic="2" navigation="0" arg0="6" arg1="\u_cropper/sel_sc_p[3]"  />
    <postMsg mid="35001747" type="Warning" dynamic="2" navigation="0" arg0="5" arg1="\u_cropper/sel_sc_p[3]"  />
    <postMsg mid="35001747" type="Warning" dynamic="2" navigation="0" arg0="4" arg1="\u_cropper/sel_sc_p[3]"  />
    <postMsg mid="35001747" type="Warning" dynamic="2" navigation="0" arg0="3" arg1="\u_cropper/sel_sc_p[3]"  />
    <postMsg mid="35001747" type="Warning" dynamic="2" navigation="0" arg0="2" arg1="\u_cropper/sel_sc_p[3]"  />
    <postMsg mid="35001747" type="Warning" dynamic="2" navigation="0" arg0="1" arg1="\u_cropper/sel_sc_p[3]"  />
    <postMsg mid="35001747" type="Warning" dynamic="2" navigation="0" arg0="0" arg1="\u_cropper/sel_sc_p[3]"  />
    <postMsg mid="35001747" type="Warning" dynamic="2" navigation="0" arg0="7" arg1="\u_cropper/sel_sc_p[3]"  />
    <postMsg mid="35001747" type="Warning" dynamic="2" navigation="0" arg0="6" arg1="\u_cropper/sel_sc_p[3]"  />
    <postMsg mid="35001747" type="Warning" dynamic="2" navigation="0" arg0="5" arg1="\u_cropper/sel_sc_p[3]"  />
    <postMsg mid="35001747" type="Warning" dynamic="2" navigation="0" arg0="4" arg1="\u_cropper/sel_sc_p[3]"  />
    <postMsg mid="35001747" type="Warning" dynamic="2" navigation="0" arg0="3" arg1="\u_cropper/sel_sc_p[3]"  />
    <postMsg mid="35001747" type="Warning" dynamic="2" navigation="0" arg0="2" arg1="\u_cropper/sel_sc_p[3]"  />
    <postMsg mid="35001747" type="Warning" dynamic="2" navigation="0" arg0="1" arg1="\u_cropper/sel_sc_p[3]"  />
    <postMsg mid="35001747" type="Warning" dynamic="2" navigation="0" arg0="0" arg1="\u_cropper/sel_sc_p[3]"  />
    <postMsg mid="35001747" type="Warning" dynamic="2" navigation="0" arg0="7" arg1="\u_cropper/sel_sc_p[3]"  />
    <postMsg mid="35001747" type="Warning" dynamic="2" navigation="0" arg0="6" arg1="\u_cropper/sel_sc_p[3]"  />
    <postMsg mid="35001747" type="Warning" dynamic="2" navigation="0" arg0="5" arg1="\u_cropper/sel_sc_p[3]"  />
    <postMsg mid="35001747" type="Warning" dynamic="2" navigation="0" arg0="4" arg1="\u_cropper/sel_sc_p[3]"  />
    <postMsg mid="35001747" type="Warning" dynamic="2" navigation="0" arg0="3" arg1="\u_cropper/sel_sc_p[3]"  />
    <postMsg mid="35001747" type="Warning" dynamic="2" navigation="0" arg0="2" arg1="\u_cropper/sel_sc_p[3]"  />
    <postMsg mid="35001747" type="Warning" dynamic="2" navigation="0" arg0="1" arg1="\u_cropper/sel_sc_p[3]"  />
    <postMsg mid="35001747" type="Warning" dynamic="2" navigation="0" arg0="0" arg1="\u_cropper/sel_sc_p[3]"  />
    <postMsg mid="35001747" type="Warning" dynamic="2" navigation="0" arg0="15" arg1="\u_cropper/sel_cx_p[3]"  />
    <postMsg mid="35001747" type="Warning" dynamic="2" navigation="0" arg0="14" arg1="\u_cropper/sel_cx_p[3]"  />
    <postMsg mid="35001747" type="Warning" dynamic="2" navigation="0" arg0="13" arg1="\u_cropper/sel_cx_p[3]"  />
    <postMsg mid="35001747" type="Warning" dynamic="2" navigation="0" arg0="12" arg1="\u_cropper/sel_cx_p[3]"  />
    <postMsg mid="35001747" type="Warning" dynamic="2" navigation="0" arg0="11" arg1="\u_cropper/sel_cx_p[3]"  />
    <postMsg mid="35001747" type="Warning" dynamic="2" navigation="0" arg0="10" arg1="\u_cropper/sel_cx_p[3]"  />
    <postMsg mid="35001747" type="Warning" dynamic="2" navigation="0" arg0="9" arg1="\u_cropper/sel_cx_p[3]"  />
    <postMsg mid="35001747" type="Warning" dynamic="2" navigation="0" arg0="8" arg1="\u_cropper/sel_cx_p[3]"  />
    <postMsg mid="35001747" type="Warning" dynamic="2" navigation="0" arg0="7" arg1="\u_cropper/sel_cx_p[3]"  />
    <postMsg mid="35001747" type="Warning" dynamic="2" navigation="0" arg0="6" arg1="\u_cropper/sel_cx_p[3]"  />
    <postMsg mid="35001747" type="Warning" dynamic="2" navigation="0" arg0="5" arg1="\u_cropper/sel_cx_p[3]"  />
    <postMsg mid="35001747" type="Warning" dynamic="2" navigation="0" arg0="4" arg1="\u_cropper/sel_cx_p[3]"  />
    <postMsg mid="35001747" type="Warning" dynamic="2" navigation="0" arg0="2" arg1="\u_cropper/sel_cx_p[3]"  />
    <postMsg mid="35001747" type="Warning" dynamic="2" navigation="0" arg0="1" arg1="\u_cropper/sel_cx_p[3]"  />
    <postMsg mid="35001747" type="Warning" dynamic="2" navigation="0" arg0="0" arg1="\u_cropper/sel_cx_p[3]"  />
    <postMsg mid="35001747" type="Warning" dynamic="2" navigation="0" arg0="15" arg1="\u_cropper/sel_cx_p[3]"  />
    <postMsg mid="35001747" type="Warning" dynamic="2" navigation="0" arg0="14" arg1="\u_cropper/sel_cx_p[3]"  />
    <postMsg mid="35001747" type="Warning" dynamic="2" navigation="0" arg0="13" arg1="\u_cropper/sel_cx_p[3]"  />
    <postMsg mid="35001747" type="Warning" dynamic="2" navigation="0" arg0="12" arg1="\u_cropper/sel_cx_p[3]"  />
    <postMsg mid="35001747" type="Warning" dynamic="2" navigation="0" arg0="11" arg1="\u_cropper/sel_cx_p[3]"  />
    <postMsg mid="35001747" type="Warning" dynamic="2" navigation="0" arg0="10" arg1="\u_cropper/sel_cx_p[3]"  />
    <postMsg mid="35001747" type="Warning" dynamic="2" navigation="0" arg0="9" arg1="\u_cropper/sel_cx_p[3]"  />
    <postMsg mid="35001747" type="Warning" dynamic="2" navigation="0" arg0="8" arg1="\u_cropper/sel_cx_p[3]"  />
    <postMsg mid="35001747" type="Warning" dynamic="2" navigation="0" arg0="7" arg1="\u_cropper/sel_cx_p[3]"  />
    <postMsg mid="35001747" type="Warning" dynamic="2" navigation="0" arg0="6" arg1="\u_cropper/sel_cx_p[3]"  />
    <postMsg mid="35001747" type="Warning" dynamic="2" navigation="0" arg0="5" arg1="\u_cropper/sel_cx_p[3]"  />
    <postMsg mid="35001747" type="Warning" dynamic="2" navigation="0" arg0="4" arg1="\u_cropper/sel_cx_p[3]"  />
    <postMsg mid="35001747" type="Warning" dynamic="2" navigation="0" arg0="2" arg1="\u_cropper/sel_cx_p[3]"  />
    <postMsg mid="35001747" type="Warning" dynamic="2" navigation="0" arg0="1" arg1="\u_cropper/sel_cx_p[3]"  />
    <postMsg mid="35001747" type="Warning" dynamic="2" navigation="0" arg0="0" arg1="\u_cropper/sel_cx_p[3]"  />
    <postMsg mid="35001747" type="Warning" dynamic="2" navigation="0" arg0="15" arg1="\u_cropper/sel_cx_p[3]"  />
    <postMsg mid="35001747" type="Warning" dynamic="2" navigation="0" arg0="14" arg1="\u_cropper/sel_cx_p[3]"  />
    <postMsg mid="35001747" type="Warning" dynamic="2" navigation="0" arg0="13" arg1="\u_cropper/sel_cx_p[3]"  />
    <postMsg mid="35001747" type="Warning" dynamic="2" navigation="0" arg0="12" arg1="\u_cropper/sel_cx_p[3]"  />
    <postMsg mid="35001747" type="Warning" dynamic="2" navigation="0" arg0="11" arg1="\u_cropper/sel_cx_p[3]"  />
    <postMsg mid="35001747" type="Warning" dynamic="2" navigation="0" arg0="10" arg1="\u_cropper/sel_cx_p[3]"  />
    <postMsg mid="35001747" type="Warning" dynamic="2" navigation="0" arg0="9" arg1="\u_cropper/sel_cx_p[3]"  />
    <postMsg mid="35001747" type="Warning" dynamic="2" navigation="0" arg0="8" arg1="\u_cropper/sel_cx_p[3]"  />
    <postMsg mid="35001747" type="Warning" dynamic="2" navigation="0" arg0="7" arg1="\u_cropper/sel_cx_p[3]"  />
    <postMsg mid="35001747" type="Warning" dynamic="2" navigation="0" arg0="6" arg1="\u_cropper/sel_cx_p[3]"  />
    <postMsg mid="35001747" type="Warning" dynamic="2" navigation="0" arg0="5" arg1="\u_cropper/sel_cx_p[3]"  />
    <postMsg mid="35001747" type="Warning" dynamic="2" navigation="0" arg0="4" arg1="\u_cropper/sel_cx_p[3]"  />
    <postMsg mid="35001747" type="Warning" dynamic="2" navigation="0" arg0="2" arg1="\u_cropper/sel_cx_p[3]"  />
    <postMsg mid="35001747" type="Warning" dynamic="2" navigation="0" arg0="1" arg1="\u_cropper/sel_cx_p[3]"  />
    <postMsg mid="35001747" type="Warning" dynamic="2" navigation="0" arg0="0" arg1="\u_cropper/sel_cx_p[3]"  />
    <postMsg mid="35001747" type="Warning" dynamic="2" navigation="0" arg0="15" arg1="\u_cropper/sel_cx_p[3]"  />
    <postMsg mid="35001747" type="Warning" dynamic="2" navigation="0" arg0="14" arg1="\u_cropper/sel_cx_p[3]"  />
    <postMsg mid="35001747" type="Warning" dynamic="2" navigation="0" arg0="13" arg1="\u_cropper/sel_cx_p[3]"  />
    <postMsg mid="35001747" type="Warning" dynamic="2" navigation="0" arg0="12" arg1="\u_cropper/sel_cx_p[3]"  />
    <postMsg mid="35001747" type="Warning" dynamic="2" navigation="0" arg0="11" arg1="\u_cropper/sel_cx_p[3]"  />
    <postMsg mid="35001747" type="Warning" dynamic="2" navigation="0" arg0="10" arg1="\u_cropper/sel_cx_p[3]"  />
    <postMsg mid="35001747" type="Warning" dynamic="2" navigation="0" arg0="9" arg1="\u_cropper/sel_cx_p[3]"  />
    <postMsg mid="35001747" type="Warning" dynamic="2" navigation="0" arg0="8" arg1="\u_cropper/sel_cx_p[3]"  />
    <postMsg mid="35001747" type="Warning" dynamic="2" navigation="0" arg0="7" arg1="\u_cropper/sel_cx_p[3]"  />
    <postMsg mid="35001747" type="Warning" dynamic="2" navigation="0" arg0="6" arg1="\u_cropper/sel_cx_p[3]"  />
    <postMsg mid="35001747" type="Warning" dynamic="2" navigation="0" arg0="5" arg1="\u_cropper/sel_cx_p[3]"  />
    <postMsg mid="35001747" type="Warning" dynamic="2" navigation="0" arg0="4" arg1="\u_cropper/sel_cx_p[3]"  />
    <postMsg mid="35001747" type="Warning" dynamic="2" navigation="0" arg0="2" arg1="\u_cropper/sel_cx_p[3]"  />
    <postMsg mid="35001747" type="Warning" dynamic="2" navigation="0" arg0="1" arg1="\u_cropper/sel_cx_p[3]"  />
    <postMsg mid="35001747" type="Warning" dynamic="2" navigation="0" arg0="0" arg1="\u_cropper/sel_cx_p[3]"  />
    <postMsg mid="35001747" type="Warning" dynamic="2" navigation="0" arg0="15" arg1="\u_cropper/sel_cy_p[3]"  />
    <postMsg mid="35001747" type="Warning" dynamic="2" navigation="0" arg0="14" arg1="\u_cropper/sel_cy_p[3]"  />
    <postMsg mid="35001747" type="Warning" dynamic="2" navigation="0" arg0="13" arg1="\u_cropper/sel_cy_p[3]"  />
    <postMsg mid="35001747" type="Warning" dynamic="2" navigation="0" arg0="12" arg1="\u_cropper/sel_cy_p[3]"  />
    <postMsg mid="35001747" type="Warning" dynamic="2" navigation="0" arg0="11" arg1="\u_cropper/sel_cy_p[3]"  />
    <postMsg mid="35001747" type="Warning" dynamic="2" navigation="0" arg0="10" arg1="\u_cropper/sel_cy_p[3]"  />
    <postMsg mid="35001747" type="Warning" dynamic="2" navigation="0" arg0="9" arg1="\u_cropper/sel_cy_p[3]"  />
    <postMsg mid="35001747" type="Warning" dynamic="2" navigation="0" arg0="8" arg1="\u_cropper/sel_cy_p[3]"  />
    <postMsg mid="35001747" type="Warning" dynamic="2" navigation="0" arg0="7" arg1="\u_cropper/sel_cy_p[3]"  />
    <postMsg mid="35001747" type="Warning" dynamic="2" navigation="0" arg0="6" arg1="\u_cropper/sel_cy_p[3]"  />
    <postMsg mid="35001747" type="Warning" dynamic="2" navigation="0" arg0="5" arg1="\u_cropper/sel_cy_p[3]"  />
    <postMsg mid="35001747" type="Warning" dynamic="2" navigation="0" arg0="4" arg1="\u_cropper/sel_cy_p[3]"  />
    <postMsg mid="35001747" type="Warning" dynamic="2" navigation="0" arg0="2" arg1="\u_cropper/sel_cy_p[3]"  />
    <postMsg mid="35001747" type="Warning" dynamic="2" navigation="0" arg0="1" arg1="\u_cropper/sel_cy_p[3]"  />
    <postMsg mid="35001747" type="Warning" dynamic="2" navigation="0" arg0="0" arg1="\u_cropper/sel_cy_p[3]"  />
    <postMsg mid="35001747" type="Warning" dynamic="2" navigation="0" arg0="15" arg1="\u_cropper/sel_cy_p[3]"  />
    <postMsg mid="35001747" type="Warning" dynamic="2" navigation="0" arg0="14" arg1="\u_cropper/sel_cy_p[3]"  />
    <postMsg mid="35001747" type="Warning" dynamic="2" navigation="0" arg0="13" arg1="\u_cropper/sel_cy_p[3]"  />
    <postMsg mid="35001747" type="Warning" dynamic="2" navigation="0" arg0="12" arg1="\u_cropper/sel_cy_p[3]"  />
    <postMsg mid="35001747" type="Warning" dynamic="2" navigation="0" arg0="11" arg1="\u_cropper/sel_cy_p[3]"  />
    <postMsg mid="35001747" type="Warning" dynamic="2" navigation="0" arg0="10" arg1="\u_cropper/sel_cy_p[3]"  />
    <postMsg mid="35001747" type="Warning" dynamic="2" navigation="0" arg0="9" arg1="\u_cropper/sel_cy_p[3]"  />
    <postMsg mid="35001747" type="Warning" dynamic="2" navigation="0" arg0="8" arg1="\u_cropper/sel_cy_p[3]"  />
    <postMsg mid="35001747" type="Warning" dynamic="2" navigation="0" arg0="7" arg1="\u_cropper/sel_cy_p[3]"  />
    <postMsg mid="35001747" type="Warning" dynamic="2" navigation="0" arg0="6" arg1="\u_cropper/sel_cy_p[3]"  />
    <postMsg mid="35001747" type="Warning" dynamic="2" navigation="0" arg0="5" arg1="\u_cropper/sel_cy_p[3]"  />
    <postMsg mid="35001747" type="Warning" dynamic="2" navigation="0" arg0="4" arg1="\u_cropper/sel_cy_p[3]"  />
    <postMsg mid="35001747" type="Warning" dynamic="2" navigation="0" arg0="2" arg1="\u_cropper/sel_cy_p[3]"  />
    <postMsg mid="35001747" type="Warning" dynamic="2" navigation="0" arg0="1" arg1="\u_cropper/sel_cy_p[3]"  />
    <postMsg mid="35001747" type="Warning" dynamic="2" navigation="0" arg0="0" arg1="\u_cropper/sel_cy_p[3]"  />
    <postMsg mid="35001747" type="Warning" dynamic="2" navigation="0" arg0="15" arg1="\u_cropper/sel_cy_p[3]"  />
    <postMsg mid="35001747" type="Warning" dynamic="2" navigation="0" arg0="14" arg1="\u_cropper/sel_cy_p[3]"  />
    <postMsg mid="35001747" type="Warning" dynamic="2" navigation="0" arg0="13" arg1="\u_cropper/sel_cy_p[3]"  />
    <postMsg mid="35001747" type="Warning" dynamic="2" navigation="0" arg0="12" arg1="\u_cropper/sel_cy_p[3]"  />
    <postMsg mid="35001747" type="Warning" dynamic="2" navigation="0" arg0="11" arg1="\u_cropper/sel_cy_p[3]"  />
    <postMsg mid="35001747" type="Warning" dynamic="2" navigation="0" arg0="10" arg1="\u_cropper/sel_cy_p[3]"  />
    <postMsg mid="35001747" type="Warning" dynamic="2" navigation="0" arg0="9" arg1="\u_cropper/sel_cy_p[3]"  />
    <postMsg mid="35001747" type="Warning" dynamic="2" navigation="0" arg0="8" arg1="\u_cropper/sel_cy_p[3]"  />
    <postMsg mid="35001747" type="Warning" dynamic="2" navigation="0" arg0="7" arg1="\u_cropper/sel_cy_p[3]"  />
    <postMsg mid="35001747" type="Warning" dynamic="2" navigation="0" arg0="6" arg1="\u_cropper/sel_cy_p[3]"  />
    <postMsg mid="35001747" type="Warning" dynamic="2" navigation="0" arg0="5" arg1="\u_cropper/sel_cy_p[3]"  />
    <postMsg mid="35001747" type="Warning" dynamic="2" navigation="0" arg0="4" arg1="\u_cropper/sel_cy_p[3]"  />
    <postMsg mid="35001747" type="Warning" dynamic="2" navigation="0" arg0="2" arg1="\u_cropper/sel_cy_p[3]"  />
    <postMsg mid="35001747" type="Warning" dynamic="2" navigation="0" arg0="1" arg1="\u_cropper/sel_cy_p[3]"  />
    <postMsg mid="35001747" type="Warning" dynamic="2" navigation="0" arg0="0" arg1="\u_cropper/sel_cy_p[3]"  />
    <postMsg mid="35001747" type="Warning" dynamic="2" navigation="0" arg0="15" arg1="\u_cropper/sel_cy_p[3]"  />
    <postMsg mid="35001747" type="Warning" dynamic="2" navigation="0" arg0="14" arg1="\u_cropper/sel_cy_p[3]"  />
    <postMsg mid="35001747" type="Warning" dynamic="2" navigation="0" arg0="13" arg1="\u_cropper/sel_cy_p[3]"  />
    <postMsg mid="35001747" type="Warning" dynamic="2" navigation="0" arg0="12" arg1="\u_cropper/sel_cy_p[3]"  />
    <postMsg mid="35001747" type="Warning" dynamic="2" navigation="0" arg0="11" arg1="\u_cropper/sel_cy_p[3]"  />
    <postMsg mid="35001747" type="Warning" dynamic="2" navigation="0" arg0="10" arg1="\u_cropper/sel_cy_p[3]"  />
    <postMsg mid="35001747" type="Warning" dynamic="2" navigation="0" arg0="9" arg1="\u_cropper/sel_cy_p[3]"  />
    <postMsg mid="35001747" type="Warning" dynamic="2" navigation="0" arg0="8" arg1="\u_cropper/sel_cy_p[3]"  />
    <postMsg mid="35001747" type="Warning" dynamic="2" navigation="0" arg0="7" arg1="\u_cropper/sel_cy_p[3]"  />
    <postMsg mid="35001747" type="Warning" dynamic="2" navigation="0" arg0="6" arg1="\u_cropper/sel_cy_p[3]"  />
    <postMsg mid="35001747" type="Warning" dynamic="2" navigation="0" arg0="5" arg1="\u_cropper/sel_cy_p[3]"  />
    <postMsg mid="35001747" type="Warning" dynamic="2" navigation="0" arg0="4" arg1="\u_cropper/sel_cy_p[3]"  />
    <postMsg mid="35001747" type="Warning" dynamic="2" navigation="0" arg0="2" arg1="\u_cropper/sel_cy_p[3]"  />
    <postMsg mid="35001747" type="Warning" dynamic="2" navigation="0" arg0="1" arg1="\u_cropper/sel_cy_p[3]"  />
    <postMsg mid="35001747" type="Warning" dynamic="2" navigation="0" arg0="0" arg1="\u_cropper/sel_cy_p[3]"  />
    <postMsg mid="35001747" type="Warning" dynamic="2" navigation="0" arg0="5" arg1="\u_candidate_bus/cand_x0[3]"  />
    <postMsg mid="35001747" type="Warning" dynamic="2" navigation="0" arg0="4" arg1="\u_candidate_bus/cand_x0[3]"  />
    <postMsg mid="35001747" type="Warning" dynamic="2" navigation="0" arg0="2" arg1="\u_candidate_bus/cand_x0[3]"  />
    <postMsg mid="35001747" type="Warning" dynamic="2" navigation="0" arg0="1" arg1="\u_candidate_bus/cand_x0[3]"  />
    <postMsg mid="35001747" type="Warning" dynamic="2" navigation="0" arg0="0" arg1="\u_candidate_bus/cand_x0[3]"  />
    <postMsg mid="35001747" type="Warning" dynamic="2" navigation="0" arg0="21" arg1="\u_candidate_bus/cand_x0[3]"  />
    <postMsg mid="35001747" type="Warning" dynamic="2" navigation="0" arg0="20" arg1="\u_candidate_bus/cand_x0[3]"  />
    <postMsg mid="35001747" type="Warning" dynamic="2" navigation="0" arg0="18" arg1="\u_candidate_bus/cand_x0[3]"  />
    <postMsg mid="35001747" type="Warning" dynamic="2" navigation="0" arg0="17" arg1="\u_candidate_bus/cand_x0[3]"  />
    <postMsg mid="35001747" type="Warning" dynamic="2" navigation="0" arg0="16" arg1="\u_candidate_bus/cand_x0[3]"  />
    <postMsg mid="35001747" type="Warning" dynamic="2" navigation="0" arg0="37" arg1="\u_candidate_bus/cand_x0[3]"  />
    <postMsg mid="35001747" type="Warning" dynamic="2" navigation="0" arg0="36" arg1="\u_candidate_bus/cand_x0[3]"  />
    <postMsg mid="35001747" type="Warning" dynamic="2" navigation="0" arg0="34" arg1="\u_candidate_bus/cand_x0[3]"  />
    <postMsg mid="35001747" type="Warning" dynamic="2" navigation="0" arg0="33" arg1="\u_candidate_bus/cand_x0[3]"  />
    <postMsg mid="35001747" type="Warning" dynamic="2" navigation="0" arg0="32" arg1="\u_candidate_bus/cand_x0[3]"  />
    <postMsg mid="35001747" type="Warning" dynamic="2" navigation="0" arg0="53" arg1="\u_candidate_bus/cand_x0[3]"  />
    <postMsg mid="35001747" type="Warning" dynamic="2" navigation="0" arg0="52" arg1="\u_candidate_bus/cand_x0[3]"  />
    <postMsg mid="35001747" type="Warning" dynamic="2" navigation="0" arg0="50" arg1="\u_candidate_bus/cand_x0[3]"  />
    <postMsg mid="35001747" type="Warning" dynamic="2" navigation="0" arg0="49" arg1="\u_candidate_bus/cand_x0[3]"  />
    <postMsg mid="35001747" type="Warning" dynamic="2" navigation="0" arg0="48" arg1="\u_candidate_bus/cand_x0[3]"  />
    <postMsg mid="35001747" type="Warning" dynamic="2" navigation="0" arg0="5" arg1="\u_candidate_bus/cand_y0[3]"  />
    <postMsg mid="35001747" type="Warning" dynamic="2" navigation="0" arg0="4" arg1="\u_candidate_bus/cand_y0[3]"  />
    <postMsg mid="35001747" type="Warning" dynamic="2" navigation="0" arg0="2" arg1="\u_candidate_bus/cand_y0[3]"  />
    <postMsg mid="35001747" type="Warning" dynamic="2" navigation="0" arg0="1" arg1="\u_candidate_bus/cand_y0[3]"  />
    <postMsg mid="35001747" type="Warning" dynamic="2" navigation="0" arg0="0" arg1="\u_candidate_bus/cand_y0[3]"  />
    <postMsg mid="35001747" type="Warning" dynamic="2" navigation="0" arg0="21" arg1="\u_candidate_bus/cand_y0[3]"  />
    <postMsg mid="35001747" type="Warning" dynamic="2" navigation="0" arg0="20" arg1="\u_candidate_bus/cand_y0[3]"  />
    <postMsg mid="35001747" type="Warning" dynamic="2" navigation="0" arg0="18" arg1="\u_candidate_bus/cand_y0[3]"  />
    <postMsg mid="35001747" type="Warning" dynamic="2" navigation="0" arg0="17" arg1="\u_candidate_bus/cand_y0[3]"  />
    <postMsg mid="35001747" type="Warning" dynamic="2" navigation="0" arg0="16" arg1="\u_candidate_bus/cand_y0[3]"  />
    <postMsg mid="35001747" type="Warning" dynamic="2" navigation="0" arg0="37" arg1="\u_candidate_bus/cand_y0[3]"  />
    <postMsg mid="35001747" type="Warning" dynamic="2" navigation="0" arg0="36" arg1="\u_candidate_bus/cand_y0[3]"  />
    <postMsg mid="35001747" type="Warning" dynamic="2" navigation="0" arg0="34" arg1="\u_candidate_bus/cand_y0[3]"  />
    <postMsg mid="35001747" type="Warning" dynamic="2" navigation="0" arg0="33" arg1="\u_candidate_bus/cand_y0[3]"  />
    <postMsg mid="35001747" type="Warning" dynamic="2" navigation="0" arg0="32" arg1="\u_candidate_bus/cand_y0[3]"  />
    <postMsg mid="35001747" type="Warning" dynamic="2" navigation="0" arg0="53" arg1="\u_candidate_bus/cand_y0[3]"  />
    <postMsg mid="35001747" type="Warning" dynamic="2" navigation="0" arg0="52" arg1="\u_candidate_bus/cand_y0[3]"  />
    <postMsg mid="35001747" type="Warning" dynamic="2" navigation="0" arg0="50" arg1="\u_candidate_bus/cand_y0[3]"  />
    <postMsg mid="35001747" type="Warning" dynamic="2" navigation="0" arg0="49" arg1="\u_candidate_bus/cand_y0[3]"  />
    <postMsg mid="35001747" type="Warning" dynamic="2" navigation="0" arg0="48" arg1="\u_candidate_bus/cand_y0[3]"  />
    <postMsg mid="35001747" type="Warning" dynamic="2" navigation="0" arg0="15" arg1="\u_candidate_bus/cand_x1[3]"  />
    <postMsg mid="35001747" type="Warning" dynamic="2" navigation="0" arg0="14" arg1="\u_candidate_bus/cand_x1[3]"  />
    <postMsg mid="35001747" type="Warning" dynamic="2" navigation="0" arg0="13" arg1="\u_candidate_bus/cand_x1[3]"  />
    <postMsg mid="35001747" type="Warning" dynamic="2" navigation="0" arg0="12" arg1="\u_candidate_bus/cand_x1[3]"  />
    <postMsg mid="35001747" type="Warning" dynamic="2" navigation="0" arg0="11" arg1="\u_candidate_bus/cand_x1[3]"  />
    <postMsg mid="35001747" type="Warning" dynamic="2" navigation="0" arg0="10" arg1="\u_candidate_bus/cand_x1[3]"  />
    <postMsg mid="35001747" type="Warning" dynamic="2" navigation="0" arg0="8" arg1="\u_candidate_bus/cand_x1[3]"  />
    <postMsg mid="35001747" type="Warning" dynamic="2" navigation="0" arg0="7" arg1="\u_candidate_bus/cand_x1[3]"  />
    <postMsg mid="35001748" type="Warning" dynamic="2" navigation="0" arg0="2" arg1="\u_candidate_bus/cand_x1[3]"  />
    <postMsg mid="35001748" type="Warning" dynamic="2" navigation="0" arg0="1" arg1="\u_candidate_bus/cand_x1[3]"  />
    <postMsg mid="35001748" type="Warning" dynamic="2" navigation="0" arg0="0" arg1="\u_candidate_bus/cand_x1[3]"  />
    <postMsg mid="35001747" type="Warning" dynamic="2" navigation="0" arg0="31" arg1="\u_candidate_bus/cand_x1[3]"  />
    <postMsg mid="35001747" type="Warning" dynamic="2" navigation="0" arg0="30" arg1="\u_candidate_bus/cand_x1[3]"  />
    <postMsg mid="35001747" type="Warning" dynamic="2" navigation="0" arg0="29" arg1="\u_candidate_bus/cand_x1[3]"  />
    <postMsg mid="35001747" type="Warning" dynamic="2" navigation="0" arg0="28" arg1="\u_candidate_bus/cand_x1[3]"  />
    <postMsg mid="35001747" type="Warning" dynamic="2" navigation="0" arg0="27" arg1="\u_candidate_bus/cand_x1[3]"  />
    <postMsg mid="35001747" type="Warning" dynamic="2" navigation="0" arg0="26" arg1="\u_candidate_bus/cand_x1[3]"  />
    <postMsg mid="35001747" type="Warning" dynamic="2" navigation="0" arg0="24" arg1="\u_candidate_bus/cand_x1[3]"  />
    <postMsg mid="35001747" type="Warning" dynamic="2" navigation="0" arg0="23" arg1="\u_candidate_bus/cand_x1[3]"  />
    <postMsg mid="35001748" type="Warning" dynamic="2" navigation="0" arg0="18" arg1="\u_candidate_bus/cand_x1[3]"  />
    <postMsg mid="35001748" type="Warning" dynamic="2" navigation="0" arg0="17" arg1="\u_candidate_bus/cand_x1[3]"  />
    <postMsg mid="35001748" type="Warning" dynamic="2" navigation="0" arg0="16" arg1="\u_candidate_bus/cand_x1[3]"  />
    <postMsg mid="35001747" type="Warning" dynamic="2" navigation="0" arg0="47" arg1="\u_candidate_bus/cand_x1[3]"  />
    <postMsg mid="35001747" type="Warning" dynamic="2" navigation="0" arg0="46" arg1="\u_candidate_bus/cand_x1[3]"  />
    <postMsg mid="35001747" type="Warning" dynamic="2" navigation="0" arg0="45" arg1="\u_candidate_bus/cand_x1[3]"  />
    <postMsg mid="35001747" type="Warning" dynamic="2" navigation="0" arg0="44" arg1="\u_candidate_bus/cand_x1[3]"  />
    <postMsg mid="35001747" type="Warning" dynamic="2" navigation="0" arg0="43" arg1="\u_candidate_bus/cand_x1[3]"  />
    <postMsg mid="35001747" type="Warning" dynamic="2" navigation="0" arg0="42" arg1="\u_candidate_bus/cand_x1[3]"  />
    <postMsg mid="35001747" type="Warning" dynamic="2" navigation="0" arg0="40" arg1="\u_candidate_bus/cand_x1[3]"  />
    <postMsg mid="35001747" type="Warning" dynamic="2" navigation="0" arg0="39" arg1="\u_candidate_bus/cand_x1[3]"  />
    <postMsg mid="35001748" type="Warning" dynamic="2" navigation="0" arg0="34" arg1="\u_candidate_bus/cand_x1[3]"  />
    <postMsg mid="35001748" type="Warning" dynamic="2" navigation="0" arg0="33" arg1="\u_candidate_bus/cand_x1[3]"  />
    <postMsg mid="35001748" type="Warning" dynamic="2" navigation="0" arg0="32" arg1="\u_candidate_bus/cand_x1[3]"  />
    <postMsg mid="35001747" type="Warning" dynamic="2" navigation="0" arg0="63" arg1="\u_candidate_bus/cand_x1[3]"  />
    <postMsg mid="35001747" type="Warning" dynamic="2" navigation="0" arg0="62" arg1="\u_candidate_bus/cand_x1[3]"  />
    <postMsg mid="35001747" type="Warning" dynamic="2" navigation="0" arg0="61" arg1="\u_candidate_bus/cand_x1[3]"  />
    <postMsg mid="35001747" type="Warning" dynamic="2" navigation="0" arg0="60" arg1="\u_candidate_bus/cand_x1[3]"  />
    <postMsg mid="35001747" type="Warning" dynamic="2" navigation="0" arg0="59" arg1="\u_candidate_bus/cand_x1[3]"  />
    <postMsg mid="35001747" type="Warning" dynamic="2" navigation="0" arg0="58" arg1="\u_candidate_bus/cand_x1[3]"  />
    <postMsg mid="35001747" type="Warning" dynamic="2" navigation="0" arg0="56" arg1="\u_candidate_bus/cand_x1[3]"  />
    <postMsg mid="35001747" type="Warning" dynamic="2" navigation="0" arg0="55" arg1="\u_candidate_bus/cand_x1[3]"  />
    <postMsg mid="35001748" type="Warning" dynamic="2" navigation="0" arg0="50" arg1="\u_candidate_bus/cand_x1[3]"  />
    <postMsg mid="35001748" type="Warning" dynamic="2" navigation="0" arg0="49" arg1="\u_candidate_bus/cand_x1[3]"  />
    <postMsg mid="35001748" type="Warning" dynamic="2" navigation="0" arg0="48" arg1="\u_candidate_bus/cand_x1[3]"  />
    <postMsg mid="35001747" type="Warning" dynamic="2" navigation="0" arg0="15" arg1="\u_candidate_bus/cand_y1[3]"  />
    <postMsg mid="35001747" type="Warning" dynamic="2" navigation="0" arg0="14" arg1="\u_candidate_bus/cand_y1[3]"  />
    <postMsg mid="35001747" type="Warning" dynamic="2" navigation="0" arg0="13" arg1="\u_candidate_bus/cand_y1[3]"  />
    <postMsg mid="35001747" type="Warning" dynamic="2" navigation="0" arg0="12" arg1="\u_candidate_bus/cand_y1[3]"  />
    <postMsg mid="35001747" type="Warning" dynamic="2" navigation="0" arg0="11" arg1="\u_candidate_bus/cand_y1[3]"  />
    <postMsg mid="35001747" type="Warning" dynamic="2" navigation="0" arg0="10" arg1="\u_candidate_bus/cand_y1[3]"  />
    <postMsg mid="35001747" type="Warning" dynamic="2" navigation="0" arg0="9" arg1="\u_candidate_bus/cand_y1[3]"  />
    <postMsg mid="35001748" type="Warning" dynamic="2" navigation="0" arg0="2" arg1="\u_candidate_bus/cand_y1[3]"  />
    <postMsg mid="35001748" type="Warning" dynamic="2" navigation="0" arg0="1" arg1="\u_candidate_bus/cand_y1[3]"  />
    <postMsg mid="35001748" type="Warning" dynamic="2" navigation="0" arg0="0" arg1="\u_candidate_bus/cand_y1[3]"  />
    <postMsg mid="35001747" type="Warning" dynamic="2" navigation="0" arg0="31" arg1="\u_candidate_bus/cand_y1[3]"  />
    <postMsg mid="35001747" type="Warning" dynamic="2" navigation="0" arg0="30" arg1="\u_candidate_bus/cand_y1[3]"  />
    <postMsg mid="35001747" type="Warning" dynamic="2" navigation="0" arg0="29" arg1="\u_candidate_bus/cand_y1[3]"  />
    <postMsg mid="35001747" type="Warning" dynamic="2" navigation="0" arg0="28" arg1="\u_candidate_bus/cand_y1[3]"  />
    <postMsg mid="35001747" type="Warning" dynamic="2" navigation="0" arg0="27" arg1="\u_candidate_bus/cand_y1[3]"  />
    <postMsg mid="35001747" type="Warning" dynamic="2" navigation="0" arg0="26" arg1="\u_candidate_bus/cand_y1[3]"  />
    <postMsg mid="35001747" type="Warning" dynamic="2" navigation="0" arg0="25" arg1="\u_candidate_bus/cand_y1[3]"  />
    <postMsg mid="35001748" type="Warning" dynamic="2" navigation="0" arg0="18" arg1="\u_candidate_bus/cand_y1[3]"  />
    <postMsg mid="35001748" type="Warning" dynamic="2" navigation="0" arg0="17" arg1="\u_candidate_bus/cand_y1[3]"  />
    <postMsg mid="35001748" type="Warning" dynamic="2" navigation="0" arg0="16" arg1="\u_candidate_bus/cand_y1[3]"  />
    <postMsg mid="35001747" type="Warning" dynamic="2" navigation="0" arg0="47" arg1="\u_candidate_bus/cand_y1[3]"  />
    <postMsg mid="35001747" type="Warning" dynamic="2" navigation="0" arg0="46" arg1="\u_candidate_bus/cand_y1[3]"  />
    <postMsg mid="35001747" type="Warning" dynamic="2" navigation="0" arg0="45" arg1="\u_candidate_bus/cand_y1[3]"  />
    <postMsg mid="35001747" type="Warning" dynamic="2" navigation="0" arg0="44" arg1="\u_candidate_bus/cand_y1[3]"  />
    <postMsg mid="35001747" type="Warning" dynamic="2" navigation="0" arg0="43" arg1="\u_candidate_bus/cand_y1[3]"  />
    <postMsg mid="35001747" type="Warning" dynamic="2" navigation="0" arg0="42" arg1="\u_candidate_bus/cand_y1[3]"  />
    <postMsg mid="35001747" type="Warning" dynamic="2" navigation="0" arg0="41" arg1="\u_candidate_bus/cand_y1[3]"  />
    <postMsg mid="35001748" type="Warning" dynamic="2" navigation="0" arg0="34" arg1="\u_candidate_bus/cand_y1[3]"  />
    <postMsg mid="35001748" type="Warning" dynamic="2" navigation="0" arg0="33" arg1="\u_candidate_bus/cand_y1[3]"  />
    <postMsg mid="35001748" type="Warning" dynamic="2" navigation="0" arg0="32" arg1="\u_candidate_bus/cand_y1[3]"  />
    <postMsg mid="35001747" type="Warning" dynamic="2" navigation="0" arg0="63" arg1="\u_candidate_bus/cand_y1[3]"  />
    <postMsg mid="35001747" type="Warning" dynamic="2" navigation="0" arg0="62" arg1="\u_candidate_bus/cand_y1[3]"  />
    <postMsg mid="35001747" type="Warning" dynamic="2" navigation="0" arg0="61" arg1="\u_candidate_bus/cand_y1[3]"  />
    <postMsg mid="35001747" type="Warning" dynamic="2" navigation="0" arg0="60" arg1="\u_candidate_bus/cand_y1[3]"  />
    <postMsg mid="35001747" type="Warning" dynamic="2" navigation="0" arg0="59" arg1="\u_candidate_bus/cand_y1[3]"  />
    <postMsg mid="35001747" type="Warning" dynamic="2" navigation="0" arg0="58" arg1="\u_candidate_bus/cand_y1[3]"  />
    <postMsg mid="35001747" type="Warning" dynamic="2" navigation="0" arg0="57" arg1="\u_candidate_bus/cand_y1[3]"  />
    <postMsg mid="35001748" type="Warning" dynamic="2" navigation="0" arg0="50" arg1="\u_candidate_bus/cand_y1[3]"  />
    <postMsg mid="35001748" type="Warning" dynamic="2" navigation="0" arg0="49" arg1="\u_candidate_bus/cand_y1[3]"  />
    <postMsg mid="35001748" type="Warning" dynamic="2" navigation="0" arg0="48" arg1="\u_candidate_bus/cand_y1[3]"  />
    <postMsg mid="35001747" type="Warning" dynamic="2" navigation="0" arg0="7" arg1="\u_candidate_bus/cand_score_motion[3]"  />
    <postMsg mid="35001747" type="Warning" dynamic="2" navigation="0" arg0="6" arg1="\u_candidate_bus/cand_score_motion[3]"  />
    <postMsg mid="35001747" type="Warning" dynamic="2" navigation="0" arg0="5" arg1="\u_candidate_bus/cand_score_motion[3]"  />
    <postMsg mid="35001747" type="Warning" dynamic="2" navigation="0" arg0="4" arg1="\u_candidate_bus/cand_score_motion[3]"  />
    <postMsg mid="35001747" type="Warning" dynamic="2" navigation="0" arg0="3" arg1="\u_candidate_bus/cand_score_motion[3]"  />
    <postMsg mid="35001747" type="Warning" dynamic="2" navigation="0" arg0="2" arg1="\u_candidate_bus/cand_score_motion[3]"  />
    <postMsg mid="35001747" type="Warning" dynamic="2" navigation="0" arg0="1" arg1="\u_candidate_bus/cand_score_motion[3]"  />
    <postMsg mid="35001747" type="Warning" dynamic="2" navigation="0" arg0="0" arg1="\u_candidate_bus/cand_score_motion[3]"  />
    <postMsg mid="35001747" type="Warning" dynamic="2" navigation="0" arg0="15" arg1="\u_candidate_bus/cand_score_motion[3]"  />
    <postMsg mid="35001747" type="Warning" dynamic="2" navigation="0" arg0="14" arg1="\u_candidate_bus/cand_score_motion[3]"  />
    <postMsg mid="35001747" type="Warning" dynamic="2" navigation="0" arg0="13" arg1="\u_candidate_bus/cand_score_motion[3]"  />
    <postMsg mid="35001747" type="Warning" dynamic="2" navigation="0" arg0="12" arg1="\u_candidate_bus/cand_score_motion[3]"  />
    <postMsg mid="35001747" type="Warning" dynamic="2" navigation="0" arg0="11" arg1="\u_candidate_bus/cand_score_motion[3]"  />
    <postMsg mid="35001747" type="Warning" dynamic="2" navigation="0" arg0="10" arg1="\u_candidate_bus/cand_score_motion[3]"  />
    <postMsg mid="35001747" type="Warning" dynamic="2" navigation="0" arg0="9" arg1="\u_candidate_bus/cand_score_motion[3]"  />
    <postMsg mid="35001747" type="Warning" dynamic="2" navigation="0" arg0="8" arg1="\u_candidate_bus/cand_score_motion[3]"  />
    <postMsg mid="35001747" type="Warning" dynamic="2" navigation="0" arg0="23" arg1="\u_candidate_bus/cand_score_motion[3]"  />
    <postMsg mid="35001747" type="Warning" dynamic="2" navigation="0" arg0="22" arg1="\u_candidate_bus/cand_score_motion[3]"  />
    <postMsg mid="35001747" type="Warning" dynamic="2" navigation="0" arg0="21" arg1="\u_candidate_bus/cand_score_motion[3]"  />
    <postMsg mid="35001747" type="Warning" dynamic="2" navigation="0" arg0="20" arg1="\u_candidate_bus/cand_score_motion[3]"  />
    <postMsg mid="35001747" type="Warning" dynamic="2" navigation="0" arg0="19" arg1="\u_candidate_bus/cand_score_motion[3]"  />
    <postMsg mid="35001747" type="Warning" dynamic="2" navigation="0" arg0="18" arg1="\u_candidate_bus/cand_score_motion[3]"  />
    <postMsg mid="35001747" type="Warning" dynamic="2" navigation="0" arg0="17" arg1="\u_candidate_bus/cand_score_motion[3]"  />
    <postMsg mid="35001747" type="Warning" dynamic="2" navigation="0" arg0="16" arg1="\u_candidate_bus/cand_score_motion[3]"  />
    <postMsg mid="35001747" type="Warning" dynamic="2" navigation="0" arg0="31" arg1="\u_candidate_bus/cand_score_motion[3]"  />
    <postMsg mid="35001747" type="Warning" dynamic="2" navigation="0" arg0="30" arg1="\u_candidate_bus/cand_score_motion[3]"  />
    <postMsg mid="35001747" type="Warning" dynamic="2" navigation="0" arg0="29" arg1="\u_candidate_bus/cand_score_motion[3]"  />
    <postMsg mid="35001747" type="Warning" dynamic="2" navigation="0" arg0="28" arg1="\u_candidate_bus/cand_score_motion[3]"  />
    <postMsg mid="35001747" type="Warning" dynamic="2" navigation="0" arg0="27" arg1="\u_candidate_bus/cand_score_motion[3]"  />
    <postMsg mid="35001747" type="Warning" dynamic="2" navigation="0" arg0="26" arg1="\u_candidate_bus/cand_score_motion[3]"  />
    <postMsg mid="35001747" type="Warning" dynamic="2" navigation="0" arg0="25" arg1="\u_candidate_bus/cand_score_motion[3]"  />
    <postMsg mid="35001747" type="Warning" dynamic="2" navigation="0" arg0="24" arg1="\u_candidate_bus/cand_score_motion[3]"  />
    <postMsg mid="35001747" type="Warning" dynamic="2" navigation="0" arg0="7" arg1="\u_candidate_bus/cand_flags[3]"  />
    <postMsg mid="35001747" type="Warning" dynamic="2" navigation="0" arg0="6" arg1="\u_candidate_bus/cand_flags[3]"  />
    <postMsg mid="35001747" type="Warning" dynamic="2" navigation="0" arg0="15" arg1="\u_candidate_bus/cand_flags[3]"  />
    <postMsg mid="35001747" type="Warning" dynamic="2" navigation="0" arg0="14" arg1="\u_candidate_bus/cand_flags[3]"  />
    <postMsg mid="35001747" type="Warning" dynamic="2" navigation="0" arg0="23" arg1="\u_candidate_bus/cand_flags[3]"  />
    <postMsg mid="35001747" type="Warning" dynamic="2" navigation="0" arg0="22" arg1="\u_candidate_bus/cand_flags[3]"  />
    <postMsg mid="35001747" type="Warning" dynamic="2" navigation="0" arg0="31" arg1="\u_candidate_bus/cand_flags[3]"  />
    <postMsg mid="35001747" type="Warning" dynamic="2" navigation="0" arg0="30" arg1="\u_candidate_bus/cand_flags[3]"  />
    <postMsg mid="35001747" type="Warning" dynamic="2" navigation="0" arg0="15" arg1="\u_candidate_bus/u_track_count/pending_cx"  />
    <postMsg mid="35001747" type="Warning" dynamic="2" navigation="0" arg0="14" arg1="\u_candidate_bus/u_track_count/pending_cx"  />
    <postMsg mid="35001747" type="Warning" dynamic="2" navigation="0" arg0="13" arg1="\u_candidate_bus/u_track_count/pending_cx"  />
    <postMsg mid="35001747" type="Warning" dynamic="2" navigation="0" arg0="12" arg1="\u_candidate_bus/u_track_count/pending_cx"  />
    <postMsg mid="35001747" type="Warning" dynamic="2" navigation="0" arg0="11" arg1="\u_candidate_bus/u_track_count/pending_cx"  />
    <postMsg mid="35001747" type="Warning" dynamic="2" navigation="0" arg0="10" arg1="\u_candidate_bus/u_track_count/pending_cx"  />
    <postMsg mid="35001747" type="Warning" dynamic="2" navigation="0" arg0="9" arg1="\u_candidate_bus/u_track_count/pending_cx"  />
    <postMsg mid="35001747" type="Warning" dynamic="2" navigation="0" arg0="8" arg1="\u_candidate_bus/u_track_count/pending_cx"  />
    <postMsg mid="35001747" type="Warning" dynamic="2" navigation="0" arg0="7" arg1="\u_candidate_bus/u_track_count/pending_cx"  />
    <postMsg mid="35001747" type="Warning" dynamic="2" navigation="0" arg0="6" arg1="\u_candidate_bus/u_track_count/pending_cx"  />
    <postMsg mid="35001747" type="Warning" dynamic="2" navigation="0" arg0="5" arg1="\u_candidate_bus/u_track_count/pending_cx"  />
    <postMsg mid="35001747" type="Warning" dynamic="2" navigation="0" arg0="4" arg1="\u_candidate_bus/u_track_count/pending_cx"  />
    <postMsg mid="35001747" type="Warning" dynamic="2" navigation="0" arg0="2" arg1="\u_candidate_bus/u_track_count/pending_cx"  />
    <postMsg mid="35001747" type="Warning" dynamic="2" navigation="0" arg0="1" arg1="\u_candidate_bus/u_track_count/pending_cx"  />
    <postMsg mid="35001747" type="Warning" dynamic="2" navigation="0" arg0="0" arg1="\u_candidate_bus/u_track_count/pending_cx"  />
    <postMsg mid="35001747" type="Warning" dynamic="2" navigation="0" arg0="15" arg1="\u_candidate_bus/u_track_count/pending_cy"  />
    <postMsg mid="35001747" type="Warning" dynamic="2" navigation="0" arg0="14" arg1="\u_candidate_bus/u_track_count/pending_cy"  />
    <postMsg mid="35001747" type="Warning" dynamic="2" navigation="0" arg0="13" arg1="\u_candidate_bus/u_track_count/pending_cy"  />
    <postMsg mid="35001747" type="Warning" dynamic="2" navigation="0" arg0="12" arg1="\u_candidate_bus/u_track_count/pending_cy"  />
    <postMsg mid="35001747" type="Warning" dynamic="2" navigation="0" arg0="11" arg1="\u_candidate_bus/u_track_count/pending_cy"  />
    <postMsg mid="35001747" type="Warning" dynamic="2" navigation="0" arg0="10" arg1="\u_candidate_bus/u_track_count/pending_cy"  />
    <postMsg mid="35001747" type="Warning" dynamic="2" navigation="0" arg0="9" arg1="\u_candidate_bus/u_track_count/pending_cy"  />
    <postMsg mid="35001747" type="Warning" dynamic="2" navigation="0" arg0="8" arg1="\u_candidate_bus/u_track_count/pending_cy"  />
    <postMsg mid="35001747" type="Warning" dynamic="2" navigation="0" arg0="7" arg1="\u_candidate_bus/u_track_count/pending_cy"  />
    <postMsg mid="35001747" type="Warning" dynamic="2" navigation="0" arg0="6" arg1="\u_candidate_bus/u_track_count/pending_cy"  />
    <postMsg mid="35001747" type="Warning" dynamic="2" navigation="0" arg0="5" arg1="\u_candidate_bus/u_track_count/pending_cy"  />
    <postMsg mid="35001747" type="Warning" dynamic="2" navigation="0" arg0="4" arg1="\u_candidate_bus/u_track_count/pending_cy"  />
    <postMsg mid="35001747" type="Warning" dynamic="2" navigation="0" arg0="2" arg1="\u_candidate_bus/u_track_count/pending_cy"  />
    <postMsg mid="35001747" type="Warning" dynamic="2" navigation="0" arg0="1" arg1="\u_candidate_bus/u_track_count/pending_cy"  />
    <postMsg mid="35001747" type="Warning" dynamic="2" navigation="0" arg0="0" arg1="\u_candidate_bus/u_track_count/pending_cy"  />
    <postMsg mid="35935014" type="Warning" dynamic="2" navigation="2" arg0="c:/users/kunsh/desktop/aicamera/lattice diamond/sdram_ctrl_simple.v(596): " arg1="\u_sdram/pend_wr_214" arg2="c:/users/kunsh/desktop/aicamera/lattice diamond/sdram_ctrl_simple.v" arg3="596"  />
    <postMsg mid="35001747" type="Warning" dynamic="2" navigation="0" arg0="0" arg1="\u_candidate_bus/cand_flags[3]"  />
    <postMsg mid="35001748" type="Warning" dynamic="2" navigation="0" arg0="7" arg1="\u_ctrl/u_regs/ack_type"  />
    <postMsg mid="35001747" type="Warning" dynamic="2" navigation="0" arg0="6" arg1="\u_ctrl/u_regs/ack_type"  />
    <postMsg mid="35001747" type="Warning" dynamic="2" navigation="0" arg0="5" arg1="\u_ctrl/u_regs/ack_type"  />
    <postMsg mid="35001747" type="Warning" dynamic="2" navigation="0" arg0="4" arg1="\u_ctrl/u_regs/ack_type"  />
    <postMsg mid="35001747" type="Warning" dynamic="2" navigation="0" arg0="3" arg1="\u_ctrl/u_regs/ack_type"  />
    <postMsg mid="35001747" type="Warning" dynamic="2" navigation="0" arg0="2" arg1="\u_ctrl/u_regs/ack_type"  />
    <postMsg mid="35001748" type="Warning" dynamic="2" navigation="0" arg0="7" arg1="\u_ctrl/u_ack/pkt[7]"  />
    <postMsg mid="35001747" type="Warning" dynamic="2" navigation="0" arg0="6" arg1="\u_ctrl/u_ack/pkt[7]"  />
    <postMsg mid="35001747" type="Warning" dynamic="2" navigation="0" arg0="5" arg1="\u_ctrl/u_ack/pkt[7]"  />
    <postMsg mid="35001747" type="Warning" dynamic="2" navigation="0" arg0="4" arg1="\u_ctrl/u_ack/pkt[7]"  />
    <postMsg mid="35001747" type="Warning" dynamic="2" navigation="0" arg0="3" arg1="\u_ctrl/u_ack/pkt[7]"  />
    <postMsg mid="35001747" type="Warning" dynamic="2" navigation="0" arg0="12" arg1="\u_sdram/a_r"  />
    <postMsg mid="35001747" type="Warning" dynamic="2" navigation="0" arg0="3" arg1="\u_cropper/sel_cx_out[3]"  />
    <postMsg mid="35001747" type="Warning" dynamic="2" navigation="0" arg0="19" arg1="\u_cropper/sel_cx_out[3]"  />
    <postMsg mid="35001747" type="Warning" dynamic="2" navigation="0" arg0="35" arg1="\u_cropper/sel_cx_out[3]"  />
    <postMsg mid="35001747" type="Warning" dynamic="2" navigation="0" arg0="51" arg1="\u_cropper/sel_cx_out[3]"  />
    <postMsg mid="35001747" type="Warning" dynamic="2" navigation="0" arg0="3" arg1="\u_cropper/sel_cy_out[3]"  />
    <postMsg mid="35001747" type="Warning" dynamic="2" navigation="0" arg0="19" arg1="\u_cropper/sel_cy_out[3]"  />
    <postMsg mid="35001747" type="Warning" dynamic="2" navigation="0" arg0="35" arg1="\u_cropper/sel_cy_out[3]"  />
    <postMsg mid="35001747" type="Warning" dynamic="2" navigation="0" arg0="51" arg1="\u_cropper/sel_cy_out[3]"  />
    <postMsg mid="35001747" type="Warning" dynamic="2" navigation="0" arg0="3" arg1="\u_cropper/sel_cx_p[3]"  />
    <postMsg mid="35001747" type="Warning" dynamic="2" navigation="0" arg0="3" arg1="\u_cropper/sel_cx_p[3]"  />
    <postMsg mid="35001747" type="Warning" dynamic="2" navigation="0" arg0="3" arg1="\u_cropper/sel_cx_p[3]"  />
    <postMsg mid="35001747" type="Warning" dynamic="2" navigation="0" arg0="3" arg1="\u_cropper/sel_cx_p[3]"  />
    <postMsg mid="35001747" type="Warning" dynamic="2" navigation="0" arg0="3" arg1="\u_cropper/sel_cy_p[3]"  />
    <postMsg mid="35001747" type="Warning" dynamic="2" navigation="0" arg0="3" arg1="\u_cropper/sel_cy_p[3]"  />
    <postMsg mid="35001747" type="Warning" dynamic="2" navigation="0" arg0="3" arg1="\u_cropper/sel_cy_p[3]"  />
    <postMsg mid="35001747" type="Warning" dynamic="2" navigation="0" arg0="3" arg1="\u_cropper/sel_cy_p[3]"  />
    <postMsg mid="35001747" type="Warning" dynamic="2" navigation="0" arg0="3" arg1="\u_candidate_bus/cand_x0[3]"  />
    <postMsg mid="35001747" type="Warning" dynamic="2" navigation="0" arg0="19" arg1="\u_candidate_bus/cand_x0[3]"  />
    <postMsg mid="35001747" type="Warning" dynamic="2" navigation="0" arg0="35" arg1="\u_candidate_bus/cand_x0[3]"  />
    <postMsg mid="35001747" type="Warning" dynamic="2" navigation="0" arg0="51" arg1="\u_candidate_bus/cand_x0[3]"  />
    <postMsg mid="35001747" type="Warning" dynamic="2" navigation="0" arg0="3" arg1="\u_candidate_bus/cand_y0[3]"  />
    <postMsg mid="35001747" type="Warning" dynamic="2" navigation="0" arg0="19" arg1="\u_candidate_bus/cand_y0[3]"  />
    <postMsg mid="35001747" type="Warning" dynamic="2" navigation="0" arg0="35" arg1="\u_candidate_bus/cand_y0[3]"  />
    <postMsg mid="35001747" type="Warning" dynamic="2" navigation="0" arg0="51" arg1="\u_candidate_bus/cand_y0[3]"  />
    <postMsg mid="35001748" type="Warning" dynamic="2" navigation="0" arg0="5" arg1="\u_candidate_bus/cand_x1[3]"  />
    <postMsg mid="35001748" type="Warning" dynamic="2" navigation="0" arg0="4" arg1="\u_candidate_bus/cand_x1[3]"  />
    <postMsg mid="35001748" type="Warning" dynamic="2" navigation="0" arg0="3" arg1="\u_candidate_bus/cand_x1[3]"  />
    <postMsg mid="35001748" type="Warning" dynamic="2" navigation="0" arg0="21" arg1="\u_candidate_bus/cand_x1[3]"  />
    <postMsg mid="35001748" type="Warning" dynamic="2" navigation="0" arg0="20" arg1="\u_candidate_bus/cand_x1[3]"  />
    <postMsg mid="35001748" type="Warning" dynamic="2" navigation="0" arg0="19" arg1="\u_candidate_bus/cand_x1[3]"  />
    <postMsg mid="35001748" type="Warning" dynamic="2" navigation="0" arg0="37" arg1="\u_candidate_bus/cand_x1[3]"  />
    <postMsg mid="35001748" type="Warning" dynamic="2" navigation="0" arg0="36" arg1="\u_candidate_bus/cand_x1[3]"  />
    <postMsg mid="35001748" type="Warning" dynamic="2" navigation="0" arg0="35" arg1="\u_candidate_bus/cand_x1[3]"  />
    <postMsg mid="35001748" type="Warning" dynamic="2" navigation="0" arg0="53" arg1="\u_candidate_bus/cand_x1[3]"  />
    <postMsg mid="35001748" type="Warning" dynamic="2" navigation="0" arg0="52" arg1="\u_candidate_bus/cand_x1[3]"  />
    <postMsg mid="35001748" type="Warning" dynamic="2" navigation="0" arg0="51" arg1="\u_candidate_bus/cand_x1[3]"  />
    <postMsg mid="35001748" type="Warning" dynamic="2" navigation="0" arg0="4" arg1="\u_candidate_bus/cand_y1[3]"  />
    <postMsg mid="35001748" type="Warning" dynamic="2" navigation="0" arg0="3" arg1="\u_candidate_bus/cand_y1[3]"  />
    <postMsg mid="35001748" type="Warning" dynamic="2" navigation="0" arg0="20" arg1="\u_candidate_bus/cand_y1[3]"  />
    <postMsg mid="35001748" type="Warning" dynamic="2" navigation="0" arg0="19" arg1="\u_candidate_bus/cand_y1[3]"  />
    <postMsg mid="35001748" type="Warning" dynamic="2" navigation="0" arg0="36" arg1="\u_candidate_bus/cand_y1[3]"  />
    <postMsg mid="35001748" type="Warning" dynamic="2" navigation="0" arg0="35" arg1="\u_candidate_bus/cand_y1[3]"  />
    <postMsg mid="35001748" type="Warning" dynamic="2" navigation="0" arg0="52" arg1="\u_candidate_bus/cand_y1[3]"  />
    <postMsg mid="35001748" type="Warning" dynamic="2" navigation="0" arg0="51" arg1="\u_candidate_bus/cand_y1[3]"  />
    <postMsg mid="35001747" type="Warning" dynamic="2" navigation="0" arg0="8" arg1="\u_candidate_bus/cand_flags[3]"  />
    <postMsg mid="35001747" type="Warning" dynamic="2" navigation="0" arg0="16" arg1="\u_candidate_bus/cand_flags[3]"  />
    <postMsg mid="35001747" type="Warning" dynamic="2" navigation="0" arg0="24" arg1="\u_candidate_bus/cand_flags[3]"  />
    <postMsg mid="35001747" type="Warning" dynamic="2" navigation="0" arg0="3" arg1="\u_candidate_bus/u_track_count/pending_cx"  />
    <postMsg mid="35001747" type="Warning" dynamic="2" navigation="0" arg0="3" arg1="\u_candidate_bus/u_track_count/pending_cy"  />
Removed duplicate sequential element \u_cropper/cand_cy_p(16 bit), because it is equivalent to \u_cropper/cand_cx_p

    <postMsg mid="35001748" type="Warning" dynamic="2" navigation="0" arg0="9" arg1="\u_dbg_status/shreg"  />
    <postMsg mid="35935014" type="Warning" dynamic="2" navigation="2" arg0="c:/users/kunsh/desktop/aicamera/lattice diamond/raw_frame_capture.v(357): " arg1="\u_raw_cap/sdram_wr_valid_247" arg2="c:/users/kunsh/desktop/aicamera/lattice diamond/raw_frame_capture.v" arg3="357"  />
    <postMsg mid="35001747" type="Warning" dynamic="2" navigation="0" arg0="7" arg1="\u_dbg_status/start_data"  />
    <postMsg mid="35001747" type="Warning" dynamic="2" navigation="0" arg0="26" arg1="\u_ctrl/u_regs/ack_value"  />
    <postMsg mid="35001747" type="Warning" dynamic="2" navigation="0" arg0="24" arg1="\u_ctrl/u_regs/ack_value"  />
    <postMsg mid="35001747" type="Warning" dynamic="2" navigation="0" arg0="21" arg1="\u_ctrl/u_regs/ack_value"  />
    <postMsg mid="35001747" type="Warning" dynamic="2" navigation="0" arg0="17" arg1="\u_ctrl/u_regs/ack_value"  />
    <postMsg mid="35001747" type="Warning" dynamic="2" navigation="0" arg0="15" arg1="\u_ctrl/u_regs/ack_value"  />
    <postMsg mid="35001747" type="Warning" dynamic="2" navigation="0" arg0="13" arg1="\u_ctrl/u_regs/ack_value"  />
    <postMsg mid="35001747" type="Warning" dynamic="2" navigation="0" arg0="12" arg1="\u_ctrl/u_regs/ack_value"  />
    <postMsg mid="35001747" type="Warning" dynamic="2" navigation="0" arg0="15" arg1="\u_candidate_bus/cand_x0[3]"  />
    <postMsg mid="35001747" type="Warning" dynamic="2" navigation="0" arg0="15" arg1="\u_candidate_bus/cand_y0[3]"  />
    <postMsg mid="35001747" type="Warning" dynamic="2" navigation="0" arg0="9" arg1="\u_candidate_bus/cand_x1[3]"  />
    <postMsg mid="35001747" type="Warning" dynamic="2" navigation="0" arg0="8" arg1="\u_candidate_bus/cand_y1[3]"  />
    <postMsg mid="35001748" type="Warning" dynamic="2" navigation="0" arg0="5" arg1="\u_candidate_bus/cand_y1[3]"  />
    <postMsg mid="35001747" type="Warning" dynamic="2" navigation="0" arg0="3" arg1="\u_candidate_bus/cand_flags[3]"  />
    <postMsg mid="35001747" type="Warning" dynamic="2" navigation="0" arg0="2" arg1="\u_candidate_bus/cand_flags[3]"  />
    <postMsg mid="35001747" type="Warning" dynamic="2" navigation="0" arg0="7" arg1="\u_ctrl/u_ack/pkt[7]"  />
    <postMsg mid="35001747" type="Warning" dynamic="2" navigation="0" arg0="5" arg1="\u_ctrl/u_ack/pkt[7]"  />
    <postMsg mid="35001747" type="Warning" dynamic="2" navigation="0" arg0="4" arg1="\u_ctrl/u_ack/pkt[7]"  />
    <postMsg mid="35001747" type="Warning" dynamic="2" navigation="0" arg0="5" arg1="\u_ctrl/u_ack/pkt[7]"  />
    <postMsg mid="35001747" type="Warning" dynamic="2" navigation="0" arg0="1" arg1="\u_ctrl/u_ack/pkt[7]"  />
    <postMsg mid="35001747" type="Warning" dynamic="2" navigation="0" arg0="2" arg1="\u_ctrl/u_ack/pkt[7]"  />
    <postMsg mid="35001747" type="Warning" dynamic="2" navigation="0" arg0="0" arg1="\u_ctrl/u_ack/pkt[7]"  />
    <postMsg mid="35935013" type="Warning" dynamic="2" navigation="2" arg0="c:/users/kunsh/desktop/aicamera/lattice diamond/raw_frame_capture.v(357): " arg1="\u_raw_cap/fifo_rpop_243" arg2="c:/users/kunsh/desktop/aicamera/lattice diamond/raw_frame_capture.v" arg3="357"  />
    <postMsg mid="35001747" type="Warning" dynamic="2" navigation="0" arg0="11" arg1="\u_sdram/a_r"  />
    <postMsg mid="35001747" type="Warning" dynamic="2" navigation="0" arg0="8" arg1="\u_sdram/a_r"  />
    <postMsg mid="35001747" type="Warning" dynamic="2" navigation="0" arg0="11" arg1="\u_raw_cap/rptr_bin"  />
    <postMsg mid="35001747" type="Warning" dynamic="2" navigation="0" arg0="10" arg1="\u_raw_cap/rptr_bin"  />
    <postMsg mid="35001747" type="Warning" dynamic="2" navigation="0" arg0="9" arg1="\u_raw_cap/rptr_bin"  />
    <postMsg mid="35001747" type="Warning" dynamic="2" navigation="0" arg0="8" arg1="\u_raw_cap/rptr_bin"  />
    <postMsg mid="35001747" type="Warning" dynamic="2" navigation="0" arg0="7" arg1="\u_raw_cap/rptr_bin"  />
    <postMsg mid="35001747" type="Warning" dynamic="2" navigation="0" arg0="6" arg1="\u_raw_cap/rptr_bin"  />
    <postMsg mid="35001747" type="Warning" dynamic="2" navigation="0" arg0="5" arg1="\u_raw_cap/rptr_bin"  />
    <postMsg mid="35001747" type="Warning" dynamic="2" navigation="0" arg0="4" arg1="\u_raw_cap/rptr_bin"  />
    <postMsg mid="35001747" type="Warning" dynamic="2" navigation="0" arg0="3" arg1="\u_raw_cap/rptr_bin"  />
    <postMsg mid="35001747" type="Warning" dynamic="2" navigation="0" arg0="2" arg1="\u_raw_cap/rptr_bin"  />
    <postMsg mid="35001747" type="Warning" dynamic="2" navigation="0" arg0="1" arg1="\u_raw_cap/rptr_bin"  />
    <postMsg mid="35001747" type="Warning" dynamic="2" navigation="0" arg0="0" arg1="\u_raw_cap/rptr_bin"  />
    <postMsg mid="35001747" type="Warning" dynamic="2" navigation="0" arg0="11" arg1="\u_raw_cap/rptr_gray"  />
    <postMsg mid="35001747" type="Warning" dynamic="2" navigation="0" arg0="10" arg1="\u_raw_cap/rptr_gray"  />
    <postMsg mid="35001747" type="Warning" dynamic="2" navigation="0" arg0="9" arg1="\u_raw_cap/rptr_gray"  />
    <postMsg mid="35001747" type="Warning" dynamic="2" navigation="0" arg0="8" arg1="\u_raw_cap/rptr_gray"  />
    <postMsg mid="35001747" type="Warning" dynamic="2" navigation="0" arg0="7" arg1="\u_raw_cap/rptr_gray"  />
    <postMsg mid="35001747" type="Warning" dynamic="2" navigation="0" arg0="6" arg1="\u_raw_cap/rptr_gray"  />
    <postMsg mid="35001747" type="Warning" dynamic="2" navigation="0" arg0="5" arg1="\u_raw_cap/rptr_gray"  />
    <postMsg mid="35001747" type="Warning" dynamic="2" navigation="0" arg0="4" arg1="\u_raw_cap/rptr_gray"  />
    <postMsg mid="35001747" type="Warning" dynamic="2" navigation="0" arg0="3" arg1="\u_raw_cap/rptr_gray"  />
    <postMsg mid="35001747" type="Warning" dynamic="2" navigation="0" arg0="2" arg1="\u_raw_cap/rptr_gray"  />
    <postMsg mid="35001747" type="Warning" dynamic="2" navigation="0" arg0="1" arg1="\u_raw_cap/rptr_gray"  />
    <postMsg mid="35001747" type="Warning" dynamic="2" navigation="0" arg0="0" arg1="\u_raw_cap/rptr_gray"  />
Removed duplicate sequential element \u_cropper/cand_sc_p(1 bit), because it is equivalent to \u_cropper/cand_cx_p

######## Found 2 RTL RAMs in the design.
Unable to honor syn_srlstyle or syn_ramstyle attribute value of block_ram on net \u_sched/u_cnn/img_mem

######## Mapping RTL RAM \u_sched/u_cnn/img_mem to 512 Distributed blocks in PSEUDO_DUAL_PORT Mode

Unable to honor syn_srlstyle or syn_ramstyle attribute value of block_ram on net \u_sched/u_cnn/feat1_mem

######## Mapping RTL RAM \u_sched/u_cnn/feat1_mem to 512 Distributed blocks in PSEUDO_DUAL_PORT Mode

################### Mapped 96 registers to 8 RAM. ##################
    <postMsg mid="35935034" type="Warning" dynamic="2" navigation="0" arg0="" arg1="\u_raw_cap/raw_done_frame_id_s1_sft00010_11118"  />
    <postMsg mid="35935034" type="Warning" dynamic="2" navigation="0" arg0="" arg1="_11112"  />
    <postMsg mid="35935034" type="Warning" dynamic="2" navigation="0" arg0="" arg1="\u_raw_cap/raw_done_frame_id_s1_sft00008_11117"  />
    <postMsg mid="35935034" type="Warning" dynamic="2" navigation="0" arg0="" arg1="_11111"  />
    <postMsg mid="35935034" type="Warning" dynamic="2" navigation="0" arg0="" arg1="\u_raw_cap/raw_done_frame_id_s1_sft00006_11116"  />
    <postMsg mid="35935034" type="Warning" dynamic="2" navigation="0" arg0="" arg1="_11110"  />
    <postMsg mid="35935034" type="Warning" dynamic="2" navigation="0" arg0="" arg1="\u_raw_cap/raw_done_frame_id_s1_sft00004_11115"  />
    <postMsg mid="35935034" type="Warning" dynamic="2" navigation="0" arg0="" arg1="_11109"  />
    <postMsg mid="35935034" type="Warning" dynamic="2" navigation="0" arg0="" arg1="\u_raw_cap/raw_done_frame_id_s1_sft00002_11114"  />
    <postMsg mid="35935034" type="Warning" dynamic="2" navigation="0" arg0="" arg1="\u_raw_cap/raw_done_frame_id_s1_sft00013_11120"  />
    <postMsg mid="35935034" type="Warning" dynamic="2" navigation="0" arg0="" arg1=""  />
    <postMsg mid="35935034" type="Warning" dynamic="2" navigation="0" arg0="" arg1="\u_raw_cap/raw_done_frame_id_s1_sft00012_11119"  />
    <postMsg mid="35935034" type="Warning" dynamic="2" navigation="0" arg0="" arg1="_11108"  />
    <postMsg mid="35935034" type="Warning" dynamic="2" navigation="0" arg0="" arg1="\u_raw_cap/raw_done_frame_id_s1_sft00000_11113"  />
    <postMsg mid="35935034" type="Warning" dynamic="2" navigation="0" arg0="" arg1="_11107"  />


######### Begin FIR Info ########


Number of FIR filters recognized: 1



######### End FIR Info ########


    <postMsg mid="35935035" type="Warning" dynamic="2" navigation="2" arg0="c:/users/kunsh/desktop/aicamera/lattice diamond/cnn_int8_core.v(123): " arg1="_add_1_12620_i7" arg2="c:/users/kunsh/desktop/aicamera/lattice diamond/cnn_int8_core.v" arg3="123"  />
    <postMsg mid="35001747" type="Warning" dynamic="2" navigation="0" arg0="31" arg1="_add_1_12620_e3"  />
    <postMsg mid="35001747" type="Warning" dynamic="2" navigation="0" arg0="30" arg1="_add_1_12620_e3"  />
    <postMsg mid="35001747" type="Warning" dynamic="2" navigation="0" arg0="29" arg1="_add_1_12620_e3"  />
    <postMsg mid="35001747" type="Warning" dynamic="2" navigation="0" arg0="28" arg1="_add_1_12620_e3"  />
    <postMsg mid="35001747" type="Warning" dynamic="2" navigation="0" arg0="27" arg1="_add_1_12620_e3"  />
    <postMsg mid="35001747" type="Warning" dynamic="2" navigation="0" arg0="26" arg1="_add_1_12620_e3"  />
    <postMsg mid="35001747" type="Warning" dynamic="2" navigation="0" arg0="25" arg1="_add_1_12620_e3"  />
    <postMsg mid="35001747" type="Warning" dynamic="2" navigation="0" arg0="24" arg1="_add_1_12620_e3"  />
    <postMsg mid="35001747" type="Warning" dynamic="2" navigation="0" arg0="23" arg1="_add_1_12620_e3"  />
    <postMsg mid="35001747" type="Warning" dynamic="2" navigation="0" arg0="22" arg1="_add_1_12620_e3"  />
    <postMsg mid="35001747" type="Warning" dynamic="2" navigation="0" arg0="21" arg1="_add_1_12620_e3"  />
    <postMsg mid="35001747" type="Warning" dynamic="2" navigation="0" arg0="20" arg1="_add_1_12620_e3"  />
    <postMsg mid="35001747" type="Warning" dynamic="2" navigation="0" arg0="19" arg1="_add_1_12620_e3"  />
    <postMsg mid="35001747" type="Warning" dynamic="2" navigation="0" arg0="18" arg1="_add_1_12620_e3"  />
    <postMsg mid="35001747" type="Warning" dynamic="2" navigation="0" arg0="17" arg1="_add_1_12620_e3"  />
    <postMsg mid="35001747" type="Warning" dynamic="2" navigation="0" arg0="16" arg1="_add_1_12620_e3"  />
    <postMsg mid="35001747" type="Warning" dynamic="2" navigation="0" arg0="15" arg1="_add_1_12620_e3"  />
    <postMsg mid="35001747" type="Warning" dynamic="2" navigation="0" arg0="14" arg1="_add_1_12620_e3"  />
    <postMsg mid="35001747" type="Warning" dynamic="2" navigation="0" arg0="13" arg1="_add_1_12620_e3"  />
    <postMsg mid="35001747" type="Warning" dynamic="2" navigation="0" arg0="12" arg1="_add_1_12620_e3"  />
    <postMsg mid="35001747" type="Warning" dynamic="2" navigation="0" arg0="11" arg1="_add_1_12620_e3"  />
    <postMsg mid="35001747" type="Warning" dynamic="2" navigation="0" arg0="10" arg1="_add_1_12620_e3"  />
    <postMsg mid="35001747" type="Warning" dynamic="2" navigation="0" arg0="9" arg1="_add_1_12620_e3"  />
    <postMsg mid="35001747" type="Warning" dynamic="2" navigation="0" arg0="8" arg1="_add_1_12620_e3"  />
    <postMsg mid="35001747" type="Warning" dynamic="2" navigation="0" arg0="7" arg1="_add_1_12620_e3"  />
    <postMsg mid="35001747" type="Warning" dynamic="2" navigation="0" arg0="6" arg1="_add_1_12620_e3"  />
    <postMsg mid="35001747" type="Warning" dynamic="2" navigation="0" arg0="5" arg1="_add_1_12620_e3"  />
    <postMsg mid="35001747" type="Warning" dynamic="2" navigation="0" arg0="4" arg1="_add_1_12620_e3"  />
    <postMsg mid="35001747" type="Warning" dynamic="2" navigation="0" arg0="3" arg1="_add_1_12620_e3"  />
    <postMsg mid="35001747" type="Warning" dynamic="2" navigation="0" arg0="2" arg1="_add_1_12620_e3"  />
    <postMsg mid="35001747" type="Warning" dynamic="2" navigation="0" arg0="1" arg1="_add_1_12620_e3"  />
    <postMsg mid="35001747" type="Warning" dynamic="2" navigation="0" arg0="0" arg1="_add_1_12620_e3"  />
    <postMsg mid="35001747" type="Warning" dynamic="2" navigation="0" arg0="31" arg1="add_12612_e3"  />
    <postMsg mid="35001747" type="Warning" dynamic="2" navigation="0" arg0="30" arg1="add_12612_e3"  />
    <postMsg mid="35001747" type="Warning" dynamic="2" navigation="0" arg0="29" arg1="add_12612_e3"  />
    <postMsg mid="35001747" type="Warning" dynamic="2" navigation="0" arg0="28" arg1="add_12612_e3"  />
    <postMsg mid="35001747" type="Warning" dynamic="2" navigation="0" arg0="27" arg1="add_12612_e3"  />
    <postMsg mid="35001747" type="Warning" dynamic="2" navigation="0" arg0="26" arg1="add_12612_e3"  />
    <postMsg mid="35001747" type="Warning" dynamic="2" navigation="0" arg0="25" arg1="add_12612_e3"  />
    <postMsg mid="35001747" type="Warning" dynamic="2" navigation="0" arg0="24" arg1="add_12612_e3"  />
    <postMsg mid="35001747" type="Warning" dynamic="2" navigation="0" arg0="23" arg1="add_12612_e3"  />
    <postMsg mid="35001747" type="Warning" dynamic="2" navigation="0" arg0="22" arg1="add_12612_e3"  />
    <postMsg mid="35001747" type="Warning" dynamic="2" navigation="0" arg0="21" arg1="add_12612_e3"  />
    <postMsg mid="35001747" type="Warning" dynamic="2" navigation="0" arg0="20" arg1="add_12612_e3"  />
    <postMsg mid="35001747" type="Warning" dynamic="2" navigation="0" arg0="19" arg1="add_12612_e3"  />
    <postMsg mid="35001747" type="Warning" dynamic="2" navigation="0" arg0="18" arg1="add_12612_e3"  />
    <postMsg mid="35001747" type="Warning" dynamic="2" navigation="0" arg0="17" arg1="add_12612_e3"  />
    <postMsg mid="35001747" type="Warning" dynamic="2" navigation="0" arg0="16" arg1="add_12612_e3"  />
    <postMsg mid="35001747" type="Warning" dynamic="2" navigation="0" arg0="15" arg1="add_12612_e3"  />
    <postMsg mid="35001747" type="Warning" dynamic="2" navigation="0" arg0="14" arg1="add_12612_e3"  />
    <postMsg mid="35001747" type="Warning" dynamic="2" navigation="0" arg0="13" arg1="add_12612_e3"  />
    <postMsg mid="35001747" type="Warning" dynamic="2" navigation="0" arg0="12" arg1="add_12612_e3"  />
    <postMsg mid="35001747" type="Warning" dynamic="2" navigation="0" arg0="11" arg1="add_12612_e3"  />
    <postMsg mid="35001747" type="Warning" dynamic="2" navigation="0" arg0="10" arg1="add_12612_e3"  />
    <postMsg mid="35001747" type="Warning" dynamic="2" navigation="0" arg0="9" arg1="add_12612_e3"  />
    <postMsg mid="35001747" type="Warning" dynamic="2" navigation="0" arg0="8" arg1="add_12612_e3"  />
    <postMsg mid="35001747" type="Warning" dynamic="2" navigation="0" arg0="7" arg1="add_12612_e3"  />
    <postMsg mid="35001747" type="Warning" dynamic="2" navigation="0" arg0="6" arg1="add_12612_e3"  />
    <postMsg mid="35001747" type="Warning" dynamic="2" navigation="0" arg0="5" arg1="add_12612_e3"  />
    <postMsg mid="35001747" type="Warning" dynamic="2" navigation="0" arg0="4" arg1="add_12612_e3"  />
    <postMsg mid="35001747" type="Warning" dynamic="2" navigation="0" arg0="3" arg1="add_12612_e3"  />
    <postMsg mid="35001747" type="Warning" dynamic="2" navigation="0" arg0="2" arg1="add_12612_e3"  />
    <postMsg mid="35001747" type="Warning" dynamic="2" navigation="0" arg0="1" arg1="add_12612_e3"  />
    <postMsg mid="35001747" type="Warning" dynamic="2" navigation="0" arg0="0" arg1="add_12612_e3"  />
    <postMsg mid="35001747" type="Warning" dynamic="2" navigation="0" arg0="31" arg1="add_12612_e2"  />
    <postMsg mid="35001747" type="Warning" dynamic="2" navigation="0" arg0="30" arg1="add_12612_e2"  />
    <postMsg mid="35001747" type="Warning" dynamic="2" navigation="0" arg0="29" arg1="add_12612_e2"  />
    <postMsg mid="35001747" type="Warning" dynamic="2" navigation="0" arg0="28" arg1="add_12612_e2"  />
    <postMsg mid="35001747" type="Warning" dynamic="2" navigation="0" arg0="27" arg1="add_12612_e2"  />
    <postMsg mid="35001747" type="Warning" dynamic="2" navigation="0" arg0="26" arg1="add_12612_e2"  />
    <postMsg mid="35001747" type="Warning" dynamic="2" navigation="0" arg0="25" arg1="add_12612_e2"  />
    <postMsg mid="35001747" type="Warning" dynamic="2" navigation="0" arg0="24" arg1="add_12612_e2"  />
    <postMsg mid="35001747" type="Warning" dynamic="2" navigation="0" arg0="23" arg1="add_12612_e2"  />
    <postMsg mid="35001747" type="Warning" dynamic="2" navigation="0" arg0="22" arg1="add_12612_e2"  />
    <postMsg mid="35001747" type="Warning" dynamic="2" navigation="0" arg0="21" arg1="add_12612_e2"  />
    <postMsg mid="35001747" type="Warning" dynamic="2" navigation="0" arg0="20" arg1="add_12612_e2"  />
    <postMsg mid="35001747" type="Warning" dynamic="2" navigation="0" arg0="19" arg1="add_12612_e2"  />
    <postMsg mid="35001747" type="Warning" dynamic="2" navigation="0" arg0="18" arg1="add_12612_e2"  />
    <postMsg mid="35001747" type="Warning" dynamic="2" navigation="0" arg0="17" arg1="add_12612_e2"  />
    <postMsg mid="35001747" type="Warning" dynamic="2" navigation="0" arg0="16" arg1="add_12612_e2"  />
    <postMsg mid="35001747" type="Warning" dynamic="2" navigation="0" arg0="15" arg1="add_12612_e2"  />
    <postMsg mid="35001747" type="Warning" dynamic="2" navigation="0" arg0="14" arg1="add_12612_e2"  />
    <postMsg mid="35001747" type="Warning" dynamic="2" navigation="0" arg0="13" arg1="add_12612_e2"  />
    <postMsg mid="35001747" type="Warning" dynamic="2" navigation="0" arg0="12" arg1="add_12612_e2"  />
    <postMsg mid="35001747" type="Warning" dynamic="2" navigation="0" arg0="11" arg1="add_12612_e2"  />
    <postMsg mid="35001747" type="Warning" dynamic="2" navigation="0" arg0="10" arg1="add_12612_e2"  />
    <postMsg mid="35001747" type="Warning" dynamic="2" navigation="0" arg0="9" arg1="add_12612_e2"  />
    <postMsg mid="35001747" type="Warning" dynamic="2" navigation="0" arg0="8" arg1="add_12612_e2"  />
    <postMsg mid="35001747" type="Warning" dynamic="2" navigation="0" arg0="7" arg1="add_12612_e2"  />
    <postMsg mid="35001747" type="Warning" dynamic="2" navigation="0" arg0="6" arg1="add_12612_e2"  />
    <postMsg mid="35001747" type="Warning" dynamic="2" navigation="0" arg0="5" arg1="add_12612_e2"  />
    <postMsg mid="35001747" type="Warning" dynamic="2" navigation="0" arg0="4" arg1="add_12612_e2"  />
    <postMsg mid="35001747" type="Warning" dynamic="2" navigation="0" arg0="3" arg1="add_12612_e2"  />
    <postMsg mid="35001747" type="Warning" dynamic="2" navigation="0" arg0="2" arg1="add_12612_e2"  />
    <postMsg mid="35001747" type="Warning" dynamic="2" navigation="0" arg0="1" arg1="add_12612_e2"  />
    <postMsg mid="35001747" type="Warning" dynamic="2" navigation="0" arg0="0" arg1="add_12612_e2"  />
    <postMsg mid="35001747" type="Warning" dynamic="2" navigation="0" arg0="16" arg1="\u_sched/u_cnn/mult_54_e3"  />
    <postMsg mid="35001747" type="Warning" dynamic="2" navigation="0" arg0="15" arg1="\u_sched/u_cnn/mult_54_e3"  />
    <postMsg mid="35001747" type="Warning" dynamic="2" navigation="0" arg0="14" arg1="\u_sched/u_cnn/mult_54_e3"  />
    <postMsg mid="35001747" type="Warning" dynamic="2" navigation="0" arg0="13" arg1="\u_sched/u_cnn/mult_54_e3"  />
    <postMsg mid="35001747" type="Warning" dynamic="2" navigation="0" arg0="12" arg1="\u_sched/u_cnn/mult_54_e3"  />
    <postMsg mid="35001747" type="Warning" dynamic="2" navigation="0" arg0="11" arg1="\u_sched/u_cnn/mult_54_e3"  />
    <postMsg mid="35001747" type="Warning" dynamic="2" navigation="0" arg0="10" arg1="\u_sched/u_cnn/mult_54_e3"  />
    <postMsg mid="35001747" type="Warning" dynamic="2" navigation="0" arg0="9" arg1="\u_sched/u_cnn/mult_54_e3"  />
    <postMsg mid="35001747" type="Warning" dynamic="2" navigation="0" arg0="8" arg1="\u_sched/u_cnn/mult_54_e3"  />
    <postMsg mid="35001747" type="Warning" dynamic="2" navigation="0" arg0="7" arg1="\u_sched/u_cnn/mult_54_e3"  />
    <postMsg mid="35001747" type="Warning" dynamic="2" navigation="0" arg0="6" arg1="\u_sched/u_cnn/mult_54_e3"  />
    <postMsg mid="35001747" type="Warning" dynamic="2" navigation="0" arg0="5" arg1="\u_sched/u_cnn/mult_54_e3"  />
    <postMsg mid="35001747" type="Warning" dynamic="2" navigation="0" arg0="4" arg1="\u_sched/u_cnn/mult_54_e3"  />
    <postMsg mid="35001747" type="Warning" dynamic="2" navigation="0" arg0="3" arg1="\u_sched/u_cnn/mult_54_e3"  />
    <postMsg mid="35001747" type="Warning" dynamic="2" navigation="0" arg0="2" arg1="\u_sched/u_cnn/mult_54_e3"  />
    <postMsg mid="35001747" type="Warning" dynamic="2" navigation="0" arg0="1" arg1="\u_sched/u_cnn/mult_54_e3"  />
    <postMsg mid="35001747" type="Warning" dynamic="2" navigation="0" arg0="0" arg1="\u_sched/u_cnn/mult_54_e3"  />
    <postMsg mid="35001747" type="Warning" dynamic="2" navigation="0" arg0="7" arg1="\u_sched/u_cnn/mult_54_e2"  />
    <postMsg mid="35001747" type="Warning" dynamic="2" navigation="0" arg0="6" arg1="\u_sched/u_cnn/mult_54_e2"  />
    <postMsg mid="35001747" type="Warning" dynamic="2" navigation="0" arg0="5" arg1="\u_sched/u_cnn/mult_54_e2"  />
    <postMsg mid="35001747" type="Warning" dynamic="2" navigation="0" arg0="4" arg1="\u_sched/u_cnn/mult_54_e2"  />
    <postMsg mid="35001747" type="Warning" dynamic="2" navigation="0" arg0="3" arg1="\u_sched/u_cnn/mult_54_e2"  />
    <postMsg mid="35001747" type="Warning" dynamic="2" navigation="0" arg0="2" arg1="\u_sched/u_cnn/mult_54_e2"  />
    <postMsg mid="35001747" type="Warning" dynamic="2" navigation="0" arg0="1" arg1="\u_sched/u_cnn/mult_54_e2"  />
    <postMsg mid="35001747" type="Warning" dynamic="2" navigation="0" arg0="0" arg1="\u_sched/u_cnn/mult_54_e2"  />
    <postMsg mid="35001747" type="Warning" dynamic="2" navigation="0" arg0="8" arg1="\u_sched/u_cnn/mult_54_e1"  />
    <postMsg mid="35001747" type="Warning" dynamic="2" navigation="0" arg0="7" arg1="\u_sched/u_cnn/mult_54_e1"  />
    <postMsg mid="35001747" type="Warning" dynamic="2" navigation="0" arg0="6" arg1="\u_sched/u_cnn/mult_54_e1"  />
    <postMsg mid="35001747" type="Warning" dynamic="2" navigation="0" arg0="5" arg1="\u_sched/u_cnn/mult_54_e1"  />
    <postMsg mid="35001747" type="Warning" dynamic="2" navigation="0" arg0="4" arg1="\u_sched/u_cnn/mult_54_e1"  />
    <postMsg mid="35001747" type="Warning" dynamic="2" navigation="0" arg0="3" arg1="\u_sched/u_cnn/mult_54_e1"  />
    <postMsg mid="35001747" type="Warning" dynamic="2" navigation="0" arg0="2" arg1="\u_sched/u_cnn/mult_54_e1"  />
    <postMsg mid="35001747" type="Warning" dynamic="2" navigation="0" arg0="1" arg1="\u_sched/u_cnn/mult_54_e1"  />
    <postMsg mid="35001747" type="Warning" dynamic="2" navigation="0" arg0="0" arg1="\u_sched/u_cnn/mult_54_e1"  />
######## Converting I/O port cam_sda to output.
    <postMsg mid="35002005" type="Warning" dynamic="1" navigation="0" arg0="DIN"  />
    <postMsg mid="35002005" type="Warning" dynamic="1" navigation="0" arg0="CCLK"  />
    <postMsg mid="35002005" type="Warning" dynamic="1" navigation="0" arg0="SSPI_CS_n"  />
    <postMsg mid="35001747" type="Warning" dynamic="2" navigation="0" arg0="15" arg1="\u_cropper/cand_cx_p_"  />
    <postMsg mid="35935013" type="Warning" dynamic="2" navigation="2" arg0="c:/users/kunsh/desktop/aicamera/lattice diamond/cropper_128_to_64.v(214): " arg1="\u_cropper/start_tog_p_4507" arg2="c:/users/kunsh/desktop/aicamera/lattice diamond/cropper_128_to_64.v" arg3="214"  />
    <postMsg mid="35935013" type="Warning" dynamic="2" navigation="2" arg0="c:/users/kunsh/desktop/aicamera/lattice diamond/cropper_128_to_64.v(223): " arg1="\u_cropper/samp_t1_4510" arg2="c:/users/kunsh/desktop/aicamera/lattice diamond/cropper_128_to_64.v" arg3="223"  />
    <postMsg mid="35001747" type="Warning" dynamic="2" navigation="0" arg0="12" arg1="\u_cropper/samp_count_p_4350_"  />
    <postMsg mid="35001747" type="Warning" dynamic="2" navigation="0" arg0="11" arg1="\u_cropper/samp_count_p_4350_"  />
    <postMsg mid="35001747" type="Warning" dynamic="2" navigation="0" arg0="10" arg1="\u_cropper/samp_count_p_4350_"  />
    <postMsg mid="35001747" type="Warning" dynamic="2" navigation="0" arg0="9" arg1="\u_cropper/samp_count_p_4350_"  />
    <postMsg mid="35001747" type="Warning" dynamic="2" navigation="0" arg0="8" arg1="\u_cropper/samp_count_p_4350_"  />
    <postMsg mid="35001747" type="Warning" dynamic="2" navigation="0" arg0="7" arg1="\u_cropper/samp_count_p_4350_"  />
    <postMsg mid="35001747" type="Warning" dynamic="2" navigation="0" arg0="6" arg1="\u_cropper/samp_count_p_4350_"  />
    <postMsg mid="35001747" type="Warning" dynamic="2" navigation="0" arg0="5" arg1="\u_cropper/samp_count_p_4350_"  />
    <postMsg mid="35001747" type="Warning" dynamic="2" navigation="0" arg0="4" arg1="\u_cropper/samp_count_p_4350_"  />
    <postMsg mid="35001747" type="Warning" dynamic="2" navigation="0" arg0="3" arg1="\u_cropper/samp_count_p_4350_"  />
    <postMsg mid="35001747" type="Warning" dynamic="2" navigation="0" arg0="2" arg1="\u_cropper/samp_count_p_4350_"  />
    <postMsg mid="35001747" type="Warning" dynamic="2" navigation="0" arg0="1" arg1="\u_cropper/samp_count_p_4350_"  />
    <postMsg mid="35001747" type="Warning" dynamic="2" navigation="0" arg0="0" arg1="\u_cropper/samp_count_p_4350_"  />
    <postMsg mid="35935013" type="Warning" dynamic="2" navigation="2" arg0="c:/users/kunsh/desktop/aicamera/lattice diamond/cnn_scheduler.v(71): " arg1="\u_sched/cnn_start_44" arg2="c:/users/kunsh/desktop/aicamera/lattice diamond/cnn_scheduler.v" arg3="71"  />
######## Missing driver on net \u_sched/u_cnn/\i280/_Z. Patching with GND.
    <postMsg mid="35935013" type="Warning" dynamic="2" navigation="2" arg0="c:/users/kunsh/desktop/aicamera/lattice diamond/sdram_ctrl_simple.v(594): " arg1="\u_sdram/st_FSM_i1" arg2="c:/users/kunsh/desktop/aicamera/lattice diamond/sdram_ctrl_simple.v" arg3="594"  />
    <postMsg mid="35935014" type="Warning" dynamic="2" navigation="2" arg0="c:/users/kunsh/desktop/aicamera/lattice diamond/sd_spi_writer.v(575): " arg1="\u_sd/cmd_frame_i0" arg2="c:/users/kunsh/desktop/aicamera/lattice diamond/sd_spi_writer.v" arg3="575"  />
    <postMsg mid="35935014" type="Warning" dynamic="2" navigation="2" arg0="c:/users/kunsh/desktop/aicamera/lattice diamond/cnn_scheduler.v(69): " arg1="\u_sched/st_FSM_i0" arg2="c:/users/kunsh/desktop/aicamera/lattice diamond/cnn_scheduler.v" arg3="69"  />
    <postMsg mid="35935013" type="Warning" dynamic="2" navigation="2" arg0="c:/users/kunsh/desktop/aicamera/lattice diamond/sdram_ctrl_simple.v(393): " arg1="\u_sdram/init_wait_cnt_4342__i31" arg2="c:/users/kunsh/desktop/aicamera/lattice diamond/sdram_ctrl_simple.v" arg3="393"  />
    <postMsg mid="35935013" type="Warning" dynamic="2" navigation="2" arg0="c:/users/kunsh/desktop/aicamera/lattice diamond/cnn_scheduler.v(69): " arg1="\u_sched/st_FSM_i2" arg2="c:/users/kunsh/desktop/aicamera/lattice diamond/cnn_scheduler.v" arg3="69"  />
    <postMsg mid="35935013" type="Warning" dynamic="2" navigation="2" arg0="c:/users/kunsh/desktop/aicamera/lattice diamond/candidate_bus.v(149): " arg1="\u_candidate_bus/cand_score_person[3]_i0" arg2="c:/users/kunsh/desktop/aicamera/lattice diamond/candidate_bus.v" arg3="149"  />
    <postMsg mid="35935013" type="Warning" dynamic="2" navigation="2" arg0="c:/users/kunsh/desktop/aicamera/lattice diamond/sdram_ctrl_simple.v(587): " arg1="\u_sdram/rd_ptr_ext_4345__i1" arg2="c:/users/kunsh/desktop/aicamera/lattice diamond/sdram_ctrl_simple.v" arg3="587"  />
    <postMsg mid="35935013" type="Warning" dynamic="2" navigation="2" arg0="c:/users/kunsh/desktop/aicamera/lattice diamond/track_count.v(310): " arg1="\u_candidate_bus/u_track_count/pending_valid_752" arg2="c:/users/kunsh/desktop/aicamera/lattice diamond/track_count.v" arg3="310"  />
Distributed Ram \u_sched/u_cnn/img_mem136 input port DI0 is stuck 0, propagating ...,

Distributed Ram \u_sched/u_cnn/img_mem136 input port DI1 is stuck 0, propagating ...,

Distributed Ram \u_sched/u_cnn/img_mem136 input port DI2 is stuck 0, propagating ...,

Distributed Ram \u_sched/u_cnn/img_mem136 input port DI3 is stuck 0, propagating ...,

All inputs of Distributed Ram \u_sched/u_cnn/img_mem136  are constant

Distributed Ram \u_sched/u_cnn/img_mem60 input port DI0 is stuck 0, propagating ...,

Distributed Ram \u_sched/u_cnn/img_mem60 input port DI1 is stuck 0, propagating ...,

Distributed Ram \u_sched/u_cnn/img_mem60 input port DI2 is stuck 0, propagating ...,

Distributed Ram \u_sched/u_cnn/img_mem60 input port DI3 is stuck 0, propagating ...,

All inputs of Distributed Ram \u_sched/u_cnn/img_mem60  are constant

Distributed Ram \u_sched/u_cnn/img_mem15 input port DI0 is stuck 0, propagating ...,

Distributed Ram \u_sched/u_cnn/img_mem15 input port DI1 is stuck 0, propagating ...,

Distributed Ram \u_sched/u_cnn/img_mem15 input port DI2 is stuck 0, propagating ...,

Distributed Ram \u_sched/u_cnn/img_mem15 input port DI3 is stuck 0, propagating ...,

All inputs of Distributed Ram \u_sched/u_cnn/img_mem15  are constant

Distributed Ram \u_sched/u_cnn/img_mem61 input port DI0 is stuck 0, propagating ...,

Distributed Ram \u_sched/u_cnn/img_mem61 input port DI1 is stuck 0, propagating ...,

Distributed Ram \u_sched/u_cnn/img_mem61 input port DI2 is stuck 0, propagating ...,

Distributed Ram \u_sched/u_cnn/img_mem61 input port DI3 is stuck 0, propagating ...,

All inputs of Distributed Ram \u_sched/u_cnn/img_mem61  are constant

Distributed Ram \u_sched/u_cnn/img_mem393 input port DI0 is stuck 0, propagating ...,

Distributed Ram \u_sched/u_cnn/img_mem393 input port DI1 is stuck 0, propagating ...,

Distributed Ram \u_sched/u_cnn/img_mem393 input port DI2 is stuck 0, propagating ...,

Distributed Ram \u_sched/u_cnn/img_mem393 input port DI3 is stuck 0, propagating ...,

All inputs of Distributed Ram \u_sched/u_cnn/img_mem393  are constant

Distributed Ram \u_sched/u_cnn/img_mem318 input port DI0 is stuck 0, propagating ...,

Distributed Ram \u_sched/u_cnn/img_mem318 input port DI1 is stuck 0, propagating ...,

Distributed Ram \u_sched/u_cnn/img_mem318 input port DI2 is stuck 0, propagating ...,

Distributed Ram \u_sched/u_cnn/img_mem318 input port DI3 is stuck 0, propagating ...,

All inputs of Distributed Ram \u_sched/u_cnn/img_mem318  are constant

Distributed Ram \u_sched/u_cnn/img_mem317 input port DI0 is stuck 0, propagating ...,

Distributed Ram \u_sched/u_cnn/img_mem317 input port DI1 is stuck 0, propagating ...,

Distributed Ram \u_sched/u_cnn/img_mem317 input port DI2 is stuck 0, propagating ...,

Distributed Ram \u_sched/u_cnn/img_mem317 input port DI3 is stuck 0, propagating ...,

All inputs of Distributed Ram \u_sched/u_cnn/img_mem317  are constant

Distributed Ram \u_sched/u_cnn/img_mem277 input port DI0 is stuck 0, propagating ...,

Distributed Ram \u_sched/u_cnn/img_mem277 input port DI1 is stuck 0, propagating ...,

Distributed Ram \u_sched/u_cnn/img_mem277 input port DI2 is stuck 0, propagating ...,

Distributed Ram \u_sched/u_cnn/img_mem277 input port DI3 is stuck 0, propagating ...,

All inputs of Distributed Ram \u_sched/u_cnn/img_mem277  are constant

Distributed Ram \u_sched/u_cnn/img_mem272 input port DI0 is stuck 0, propagating ...,

Distributed Ram \u_sched/u_cnn/img_mem272 input port DI1 is stuck 0, propagating ...,

Distributed Ram \u_sched/u_cnn/img_mem272 input port DI2 is stuck 0, propagating ...,

Distributed Ram \u_sched/u_cnn/img_mem272 input port DI3 is stuck 0, propagating ...,

All inputs of Distributed Ram \u_sched/u_cnn/img_mem272  are constant

Distributed Ram \u_sched/u_cnn/img_mem258 input port DI0 is stuck 0, propagating ...,

Distributed Ram \u_sched/u_cnn/img_mem258 input port DI1 is stuck 0, propagating ...,

Distributed Ram \u_sched/u_cnn/img_mem258 input port DI2 is stuck 0, propagating ...,

Distributed Ram \u_sched/u_cnn/img_mem258 input port DI3 is stuck 0, propagating ...,

All inputs of Distributed Ram \u_sched/u_cnn/img_mem258  are constant

Distributed Ram \u_sched/u_cnn/img_mem134 input port DI0 is stuck 0, propagating ...,

Distributed Ram \u_sched/u_cnn/img_mem134 input port DI1 is stuck 0, propagating ...,

Distributed Ram \u_sched/u_cnn/img_mem134 input port DI2 is stuck 0, propagating ...,

Distributed Ram \u_sched/u_cnn/img_mem134 input port DI3 is stuck 0, propagating ...,

All inputs of Distributed Ram \u_sched/u_cnn/img_mem134  are constant

Distributed Ram \u_sched/u_cnn/img_mem69 input port DI0 is stuck 0, propagating ...,

Distributed Ram \u_sched/u_cnn/img_mem69 input port DI1 is stuck 0, propagating ...,

Distributed Ram \u_sched/u_cnn/img_mem69 input port DI2 is stuck 0, propagating ...,

Distributed Ram \u_sched/u_cnn/img_mem69 input port DI3 is stuck 0, propagating ...,

All inputs of Distributed Ram \u_sched/u_cnn/img_mem69  are constant

Distributed Ram \u_sched/u_cnn/img_mem145 input port DI0 is stuck 0, propagating ...,

Distributed Ram \u_sched/u_cnn/img_mem145 input port DI1 is stuck 0, propagating ...,

Distributed Ram \u_sched/u_cnn/img_mem145 input port DI2 is stuck 0, propagating ...,

Distributed Ram \u_sched/u_cnn/img_mem145 input port DI3 is stuck 0, propagating ...,

All inputs of Distributed Ram \u_sched/u_cnn/img_mem145  are constant

Distributed Ram \u_sched/u_cnn/img_mem66 input port DI0 is stuck 0, propagating ...,

Distributed Ram \u_sched/u_cnn/img_mem66 input port DI1 is stuck 0, propagating ...,

Distributed Ram \u_sched/u_cnn/img_mem66 input port DI2 is stuck 0, propagating ...,

Distributed Ram \u_sched/u_cnn/img_mem66 input port DI3 is stuck 0, propagating ...,

All inputs of Distributed Ram \u_sched/u_cnn/img_mem66  are constant

Distributed Ram \u_sched/u_cnn/img_mem144 input port DI0 is stuck 0, propagating ...,

Distributed Ram \u_sched/u_cnn/img_mem144 input port DI1 is stuck 0, propagating ...,

Distributed Ram \u_sched/u_cnn/img_mem144 input port DI2 is stuck 0, propagating ...,

Distributed Ram \u_sched/u_cnn/img_mem144 input port DI3 is stuck 0, propagating ...,

All inputs of Distributed Ram \u_sched/u_cnn/img_mem144  are constant

Distributed Ram \u_sched/u_cnn/img_mem211 input port DI0 is stuck 0, propagating ...,

Distributed Ram \u_sched/u_cnn/img_mem211 input port DI1 is stuck 0, propagating ...,

Distributed Ram \u_sched/u_cnn/img_mem211 input port DI2 is stuck 0, propagating ...,

Distributed Ram \u_sched/u_cnn/img_mem211 input port DI3 is stuck 0, propagating ...,

All inputs of Distributed Ram \u_sched/u_cnn/img_mem211  are constant

Distributed Ram \u_sched/u_cnn/img_mem135 input port DI0 is stuck 0, propagating ...,

Distributed Ram \u_sched/u_cnn/img_mem135 input port DI1 is stuck 0, propagating ...,

Distributed Ram \u_sched/u_cnn/img_mem135 input port DI2 is stuck 0, propagating ...,

Distributed Ram \u_sched/u_cnn/img_mem135 input port DI3 is stuck 0, propagating ...,

All inputs of Distributed Ram \u_sched/u_cnn/img_mem135  are constant

Distributed Ram \u_sched/u_cnn/img_mem59 input port DI0 is stuck 0, propagating ...,

Distributed Ram \u_sched/u_cnn/img_mem59 input port DI1 is stuck 0, propagating ...,

Distributed Ram \u_sched/u_cnn/img_mem59 input port DI2 is stuck 0, propagating ...,

Distributed Ram \u_sched/u_cnn/img_mem59 input port DI3 is stuck 0, propagating ...,

All inputs of Distributed Ram \u_sched/u_cnn/img_mem59  are constant

Distributed Ram \u_sched/u_cnn/img_mem206 input port DI0 is stuck 0, propagating ...,

Distributed Ram \u_sched/u_cnn/img_mem206 input port DI1 is stuck 0, propagating ...,

Distributed Ram \u_sched/u_cnn/img_mem206 input port DI2 is stuck 0, propagating ...,

Distributed Ram \u_sched/u_cnn/img_mem206 input port DI3 is stuck 0, propagating ...,

All inputs of Distributed Ram \u_sched/u_cnn/img_mem206  are constant

Distributed Ram \u_sched/u_cnn/img_mem146 input port DI0 is stuck 0, propagating ...,

Distributed Ram \u_sched/u_cnn/img_mem146 input port DI1 is stuck 0, propagating ...,

Distributed Ram \u_sched/u_cnn/img_mem146 input port DI2 is stuck 0, propagating ...,

Distributed Ram \u_sched/u_cnn/img_mem146 input port DI3 is stuck 0, propagating ...,

All inputs of Distributed Ram \u_sched/u_cnn/img_mem146  are constant

Distributed Ram \u_sched/u_cnn/img_mem20 input port DI0 is stuck 0, propagating ...,

Distributed Ram \u_sched/u_cnn/img_mem20 input port DI1 is stuck 0, propagating ...,

Distributed Ram \u_sched/u_cnn/img_mem20 input port DI2 is stuck 0, propagating ...,

Distributed Ram \u_sched/u_cnn/img_mem20 input port DI3 is stuck 0, propagating ...,

All inputs of Distributed Ram \u_sched/u_cnn/img_mem20  are constant

Distributed Ram \u_sched/u_cnn/img_mem1 input port DI0 is stuck 0, propagating ...,

Distributed Ram \u_sched/u_cnn/img_mem1 input port DI1 is stuck 0, propagating ...,

Distributed Ram \u_sched/u_cnn/img_mem1 input port DI2 is stuck 0, propagating ...,

Distributed Ram \u_sched/u_cnn/img_mem1 input port DI3 is stuck 0, propagating ...,

All inputs of Distributed Ram \u_sched/u_cnn/img_mem1  are constant

Distributed Ram \u_sched/u_cnn/img_mem143 input port DI0 is stuck 0, propagating ...,

Distributed Ram \u_sched/u_cnn/img_mem143 input port DI1 is stuck 0, propagating ...,

Distributed Ram \u_sched/u_cnn/img_mem143 input port DI2 is stuck 0, propagating ...,

Distributed Ram \u_sched/u_cnn/img_mem143 input port DI3 is stuck 0, propagating ...,

All inputs of Distributed Ram \u_sched/u_cnn/img_mem143  are constant

Distributed Ram \u_sched/u_cnn/img_mem71 input port DI0 is stuck 0, propagating ...,

Distributed Ram \u_sched/u_cnn/img_mem71 input port DI1 is stuck 0, propagating ...,

Distributed Ram \u_sched/u_cnn/img_mem71 input port DI2 is stuck 0, propagating ...,

Distributed Ram \u_sched/u_cnn/img_mem71 input port DI3 is stuck 0, propagating ...,

All inputs of Distributed Ram \u_sched/u_cnn/img_mem71  are constant

Distributed Ram \u_sched/u_cnn/img_mem68 input port DI0 is stuck 0, propagating ...,

Distributed Ram \u_sched/u_cnn/img_mem68 input port DI1 is stuck 0, propagating ...,

Distributed Ram \u_sched/u_cnn/img_mem68 input port DI2 is stuck 0, propagating ...,

Distributed Ram \u_sched/u_cnn/img_mem68 input port DI3 is stuck 0, propagating ...,

All inputs of Distributed Ram \u_sched/u_cnn/img_mem68  are constant

Distributed Ram \u_sched/u_cnn/img_mem19 input port DI0 is stuck 0, propagating ...,

Distributed Ram \u_sched/u_cnn/img_mem19 input port DI1 is stuck 0, propagating ...,

Distributed Ram \u_sched/u_cnn/img_mem19 input port DI2 is stuck 0, propagating ...,

Distributed Ram \u_sched/u_cnn/img_mem19 input port DI3 is stuck 0, propagating ...,

All inputs of Distributed Ram \u_sched/u_cnn/img_mem19  are constant

Distributed Ram \u_sched/u_cnn/img_mem67 input port DI0 is stuck 0, propagating ...,

Distributed Ram \u_sched/u_cnn/img_mem67 input port DI1 is stuck 0, propagating ...,

Distributed Ram \u_sched/u_cnn/img_mem67 input port DI2 is stuck 0, propagating ...,

Distributed Ram \u_sched/u_cnn/img_mem67 input port DI3 is stuck 0, propagating ...,

All inputs of Distributed Ram \u_sched/u_cnn/img_mem67  are constant

Distributed Ram \u_sched/u_cnn/img_mem17 input port DI0 is stuck 0, propagating ...,

Distributed Ram \u_sched/u_cnn/img_mem17 input port DI1 is stuck 0, propagating ...,

Distributed Ram \u_sched/u_cnn/img_mem17 input port DI2 is stuck 0, propagating ...,

Distributed Ram \u_sched/u_cnn/img_mem17 input port DI3 is stuck 0, propagating ...,

All inputs of Distributed Ram \u_sched/u_cnn/img_mem17  are constant

Distributed Ram \u_sched/u_cnn/img_mem468 input port DI0 is stuck 0, propagating ...,

Distributed Ram \u_sched/u_cnn/img_mem468 input port DI1 is stuck 0, propagating ...,

Distributed Ram \u_sched/u_cnn/img_mem468 input port DI2 is stuck 0, propagating ...,

Distributed Ram \u_sched/u_cnn/img_mem468 input port DI3 is stuck 0, propagating ...,

All inputs of Distributed Ram \u_sched/u_cnn/img_mem468  are constant

Distributed Ram \u_sched/u_cnn/img_mem463 input port DI0 is stuck 0, propagating ...,

Distributed Ram \u_sched/u_cnn/img_mem463 input port DI1 is stuck 0, propagating ...,

Distributed Ram \u_sched/u_cnn/img_mem463 input port DI2 is stuck 0, propagating ...,

Distributed Ram \u_sched/u_cnn/img_mem463 input port DI3 is stuck 0, propagating ...,

All inputs of Distributed Ram \u_sched/u_cnn/img_mem463  are constant

Distributed Ram \u_sched/u_cnn/img_mem403 input port DI0 is stuck 0, propagating ...,

Distributed Ram \u_sched/u_cnn/img_mem403 input port DI1 is stuck 0, propagating ...,

Distributed Ram \u_sched/u_cnn/img_mem403 input port DI2 is stuck 0, propagating ...,

Distributed Ram \u_sched/u_cnn/img_mem403 input port DI3 is stuck 0, propagating ...,

All inputs of Distributed Ram \u_sched/u_cnn/img_mem403  are constant

Distributed Ram \u_sched/u_cnn/img_mem402 input port DI0 is stuck 0, propagating ...,

Distributed Ram \u_sched/u_cnn/img_mem402 input port DI1 is stuck 0, propagating ...,

Distributed Ram \u_sched/u_cnn/img_mem402 input port DI2 is stuck 0, propagating ...,

Distributed Ram \u_sched/u_cnn/img_mem402 input port DI3 is stuck 0, propagating ...,

All inputs of Distributed Ram \u_sched/u_cnn/img_mem402  are constant

Distributed Ram \u_sched/u_cnn/img_mem401 input port DI0 is stuck 0, propagating ...,

Distributed Ram \u_sched/u_cnn/img_mem401 input port DI1 is stuck 0, propagating ...,

Distributed Ram \u_sched/u_cnn/img_mem401 input port DI2 is stuck 0, propagating ...,

Distributed Ram \u_sched/u_cnn/img_mem401 input port DI3 is stuck 0, propagating ...,

All inputs of Distributed Ram \u_sched/u_cnn/img_mem401  are constant

Distributed Ram \u_sched/u_cnn/img_mem400 input port DI0 is stuck 0, propagating ...,

Distributed Ram \u_sched/u_cnn/img_mem400 input port DI1 is stuck 0, propagating ...,

Distributed Ram \u_sched/u_cnn/img_mem400 input port DI2 is stuck 0, propagating ...,

Distributed Ram \u_sched/u_cnn/img_mem400 input port DI3 is stuck 0, propagating ...,

All inputs of Distributed Ram \u_sched/u_cnn/img_mem400  are constant

Distributed Ram \u_sched/u_cnn/img_mem392 input port DI0 is stuck 0, propagating ...,

Distributed Ram \u_sched/u_cnn/img_mem392 input port DI1 is stuck 0, propagating ...,

Distributed Ram \u_sched/u_cnn/img_mem392 input port DI2 is stuck 0, propagating ...,

Distributed Ram \u_sched/u_cnn/img_mem392 input port DI3 is stuck 0, propagating ...,

All inputs of Distributed Ram \u_sched/u_cnn/img_mem392  are constant

Distributed Ram \u_sched/u_cnn/img_mem391 input port DI0 is stuck 0, propagating ...,

Distributed Ram \u_sched/u_cnn/img_mem391 input port DI1 is stuck 0, propagating ...,

Distributed Ram \u_sched/u_cnn/img_mem391 input port DI2 is stuck 0, propagating ...,

Distributed Ram \u_sched/u_cnn/img_mem391 input port DI3 is stuck 0, propagating ...,

All inputs of Distributed Ram \u_sched/u_cnn/img_mem391  are constant

Distributed Ram \u_sched/u_cnn/img_mem328 input port DI0 is stuck 0, propagating ...,

Distributed Ram \u_sched/u_cnn/img_mem328 input port DI1 is stuck 0, propagating ...,

Distributed Ram \u_sched/u_cnn/img_mem328 input port DI2 is stuck 0, propagating ...,

Distributed Ram \u_sched/u_cnn/img_mem328 input port DI3 is stuck 0, propagating ...,

All inputs of Distributed Ram \u_sched/u_cnn/img_mem328  are constant

Distributed Ram \u_sched/u_cnn/img_mem327 input port DI0 is stuck 0, propagating ...,

Distributed Ram \u_sched/u_cnn/img_mem327 input port DI1 is stuck 0, propagating ...,

Distributed Ram \u_sched/u_cnn/img_mem327 input port DI2 is stuck 0, propagating ...,

Distributed Ram \u_sched/u_cnn/img_mem327 input port DI3 is stuck 0, propagating ...,

All inputs of Distributed Ram \u_sched/u_cnn/img_mem327  are constant

Distributed Ram \u_sched/u_cnn/img_mem326 input port DI0 is stuck 0, propagating ...,

Distributed Ram \u_sched/u_cnn/img_mem326 input port DI1 is stuck 0, propagating ...,

Distributed Ram \u_sched/u_cnn/img_mem326 input port DI2 is stuck 0, propagating ...,

Distributed Ram \u_sched/u_cnn/img_mem326 input port DI3 is stuck 0, propagating ...,

All inputs of Distributed Ram \u_sched/u_cnn/img_mem326  are constant

Distributed Ram \u_sched/u_cnn/img_mem325 input port DI0 is stuck 0, propagating ...,

Distributed Ram \u_sched/u_cnn/img_mem325 input port DI1 is stuck 0, propagating ...,

Distributed Ram \u_sched/u_cnn/img_mem325 input port DI2 is stuck 0, propagating ...,

Distributed Ram \u_sched/u_cnn/img_mem325 input port DI3 is stuck 0, propagating ...,

All inputs of Distributed Ram \u_sched/u_cnn/img_mem325  are constant

Distributed Ram \u_sched/u_cnn/img_mem324 input port DI0 is stuck 0, propagating ...,

Distributed Ram \u_sched/u_cnn/img_mem324 input port DI1 is stuck 0, propagating ...,

Distributed Ram \u_sched/u_cnn/img_mem324 input port DI2 is stuck 0, propagating ...,

Distributed Ram \u_sched/u_cnn/img_mem324 input port DI3 is stuck 0, propagating ...,

All inputs of Distributed Ram \u_sched/u_cnn/img_mem324  are constant

Distributed Ram \u_sched/u_cnn/img_mem323 input port DI0 is stuck 0, propagating ...,

Distributed Ram \u_sched/u_cnn/img_mem323 input port DI1 is stuck 0, propagating ...,

Distributed Ram \u_sched/u_cnn/img_mem323 input port DI2 is stuck 0, propagating ...,

Distributed Ram \u_sched/u_cnn/img_mem323 input port DI3 is stuck 0, propagating ...,

All inputs of Distributed Ram \u_sched/u_cnn/img_mem323  are constant

Distributed Ram \u_sched/u_cnn/img_mem322 input port DI0 is stuck 0, propagating ...,

Distributed Ram \u_sched/u_cnn/img_mem322 input port DI1 is stuck 0, propagating ...,

Distributed Ram \u_sched/u_cnn/img_mem322 input port DI2 is stuck 0, propagating ...,

Distributed Ram \u_sched/u_cnn/img_mem322 input port DI3 is stuck 0, propagating ...,

All inputs of Distributed Ram \u_sched/u_cnn/img_mem322  are constant

Distributed Ram \u_sched/u_cnn/img_mem316 input port DI0 is stuck 0, propagating ...,

Distributed Ram \u_sched/u_cnn/img_mem316 input port DI1 is stuck 0, propagating ...,

Distributed Ram \u_sched/u_cnn/img_mem316 input port DI2 is stuck 0, propagating ...,

Distributed Ram \u_sched/u_cnn/img_mem316 input port DI3 is stuck 0, propagating ...,

All inputs of Distributed Ram \u_sched/u_cnn/img_mem316  are constant

Distributed Ram \u_sched/u_cnn/img_mem276 input port DI0 is stuck 0, propagating ...,

Distributed Ram \u_sched/u_cnn/img_mem276 input port DI1 is stuck 0, propagating ...,

Distributed Ram \u_sched/u_cnn/img_mem276 input port DI2 is stuck 0, propagating ...,

Distributed Ram \u_sched/u_cnn/img_mem276 input port DI3 is stuck 0, propagating ...,

All inputs of Distributed Ram \u_sched/u_cnn/img_mem276  are constant

Distributed Ram \u_sched/u_cnn/img_mem275 input port DI0 is stuck 0, propagating ...,

Distributed Ram \u_sched/u_cnn/img_mem275 input port DI1 is stuck 0, propagating ...,

Distributed Ram \u_sched/u_cnn/img_mem275 input port DI2 is stuck 0, propagating ...,

Distributed Ram \u_sched/u_cnn/img_mem275 input port DI3 is stuck 0, propagating ...,

All inputs of Distributed Ram \u_sched/u_cnn/img_mem275  are constant

Distributed Ram \u_sched/u_cnn/img_mem274 input port DI0 is stuck 0, propagating ...,

Distributed Ram \u_sched/u_cnn/img_mem274 input port DI1 is stuck 0, propagating ...,

Distributed Ram \u_sched/u_cnn/img_mem274 input port DI2 is stuck 0, propagating ...,

Distributed Ram \u_sched/u_cnn/img_mem274 input port DI3 is stuck 0, propagating ...,

All inputs of Distributed Ram \u_sched/u_cnn/img_mem274  are constant

Distributed Ram \u_sched/u_cnn/img_mem221 input port DI0 is stuck 0, propagating ...,

Distributed Ram \u_sched/u_cnn/img_mem221 input port DI1 is stuck 0, propagating ...,

Distributed Ram \u_sched/u_cnn/img_mem221 input port DI2 is stuck 0, propagating ...,

Distributed Ram \u_sched/u_cnn/img_mem221 input port DI3 is stuck 0, propagating ...,

All inputs of Distributed Ram \u_sched/u_cnn/img_mem221  are constant

Distributed Ram \u_sched/u_cnn/img_mem244 input port DI0 is stuck 0, propagating ...,

Distributed Ram \u_sched/u_cnn/img_mem244 input port DI1 is stuck 0, propagating ...,

Distributed Ram \u_sched/u_cnn/img_mem244 input port DI2 is stuck 0, propagating ...,

Distributed Ram \u_sched/u_cnn/img_mem244 input port DI3 is stuck 0, propagating ...,

All inputs of Distributed Ram \u_sched/u_cnn/img_mem244  are constant

Distributed Ram \u_sched/u_cnn/img_mem249 input port DI0 is stuck 0, propagating ...,

Distributed Ram \u_sched/u_cnn/img_mem249 input port DI1 is stuck 0, propagating ...,

Distributed Ram \u_sched/u_cnn/img_mem249 input port DI2 is stuck 0, propagating ...,

Distributed Ram \u_sched/u_cnn/img_mem249 input port DI3 is stuck 0, propagating ...,

All inputs of Distributed Ram \u_sched/u_cnn/img_mem249  are constant

Distributed Ram \u_sched/u_cnn/img_mem248 input port DI0 is stuck 0, propagating ...,

Distributed Ram \u_sched/u_cnn/img_mem248 input port DI1 is stuck 0, propagating ...,

Distributed Ram \u_sched/u_cnn/img_mem248 input port DI2 is stuck 0, propagating ...,

Distributed Ram \u_sched/u_cnn/img_mem248 input port DI3 is stuck 0, propagating ...,

All inputs of Distributed Ram \u_sched/u_cnn/img_mem248  are constant

Distributed Ram \u_sched/u_cnn/img_mem169 input port DI0 is stuck 0, propagating ...,

Distributed Ram \u_sched/u_cnn/img_mem169 input port DI1 is stuck 0, propagating ...,

Distributed Ram \u_sched/u_cnn/img_mem169 input port DI2 is stuck 0, propagating ...,

Distributed Ram \u_sched/u_cnn/img_mem169 input port DI3 is stuck 0, propagating ...,

All inputs of Distributed Ram \u_sched/u_cnn/img_mem169  are constant

Distributed Ram \u_sched/u_cnn/img_mem226 input port DI0 is stuck 0, propagating ...,

Distributed Ram \u_sched/u_cnn/img_mem226 input port DI1 is stuck 0, propagating ...,

Distributed Ram \u_sched/u_cnn/img_mem226 input port DI2 is stuck 0, propagating ...,

Distributed Ram \u_sched/u_cnn/img_mem226 input port DI3 is stuck 0, propagating ...,

All inputs of Distributed Ram \u_sched/u_cnn/img_mem226  are constant

Distributed Ram \u_sched/u_cnn/img_mem166 input port DI0 is stuck 0, propagating ...,

Distributed Ram \u_sched/u_cnn/img_mem166 input port DI1 is stuck 0, propagating ...,

Distributed Ram \u_sched/u_cnn/img_mem166 input port DI2 is stuck 0, propagating ...,

Distributed Ram \u_sched/u_cnn/img_mem166 input port DI3 is stuck 0, propagating ...,

All inputs of Distributed Ram \u_sched/u_cnn/img_mem166  are constant

Distributed Ram \u_sched/u_cnn/img_mem223 input port DI0 is stuck 0, propagating ...,

Distributed Ram \u_sched/u_cnn/img_mem223 input port DI1 is stuck 0, propagating ...,

Distributed Ram \u_sched/u_cnn/img_mem223 input port DI2 is stuck 0, propagating ...,

Distributed Ram \u_sched/u_cnn/img_mem223 input port DI3 is stuck 0, propagating ...,

All inputs of Distributed Ram \u_sched/u_cnn/img_mem223  are constant

Distributed Ram \u_sched/u_cnn/img_mem225 input port DI0 is stuck 0, propagating ...,

Distributed Ram \u_sched/u_cnn/img_mem225 input port DI1 is stuck 0, propagating ...,

Distributed Ram \u_sched/u_cnn/img_mem225 input port DI2 is stuck 0, propagating ...,

Distributed Ram \u_sched/u_cnn/img_mem225 input port DI3 is stuck 0, propagating ...,

All inputs of Distributed Ram \u_sched/u_cnn/img_mem225  are constant

Distributed Ram \u_sched/u_cnn/img_mem220 input port DI0 is stuck 0, propagating ...,

Distributed Ram \u_sched/u_cnn/img_mem220 input port DI1 is stuck 0, propagating ...,

Distributed Ram \u_sched/u_cnn/img_mem220 input port DI2 is stuck 0, propagating ...,

Distributed Ram \u_sched/u_cnn/img_mem220 input port DI3 is stuck 0, propagating ...,

All inputs of Distributed Ram \u_sched/u_cnn/img_mem220  are constant

Distributed Ram \u_sched/u_cnn/img_mem164 input port DI0 is stuck 0, propagating ...,

Distributed Ram \u_sched/u_cnn/img_mem164 input port DI1 is stuck 0, propagating ...,

Distributed Ram \u_sched/u_cnn/img_mem164 input port DI2 is stuck 0, propagating ...,

Distributed Ram \u_sched/u_cnn/img_mem164 input port DI3 is stuck 0, propagating ...,

All inputs of Distributed Ram \u_sched/u_cnn/img_mem164  are constant

Distributed Ram \u_sched/u_cnn/img_mem250 input port DI0 is stuck 0, propagating ...,

Distributed Ram \u_sched/u_cnn/img_mem250 input port DI1 is stuck 0, propagating ...,

Distributed Ram \u_sched/u_cnn/img_mem250 input port DI2 is stuck 0, propagating ...,

Distributed Ram \u_sched/u_cnn/img_mem250 input port DI3 is stuck 0, propagating ...,

All inputs of Distributed Ram \u_sched/u_cnn/img_mem250  are constant

Distributed Ram \u_sched/u_cnn/img_mem140 input port DI0 is stuck 0, propagating ...,

Distributed Ram \u_sched/u_cnn/img_mem140 input port DI1 is stuck 0, propagating ...,

Distributed Ram \u_sched/u_cnn/img_mem140 input port DI2 is stuck 0, propagating ...,

Distributed Ram \u_sched/u_cnn/img_mem140 input port DI3 is stuck 0, propagating ...,

All inputs of Distributed Ram \u_sched/u_cnn/img_mem140  are constant

Distributed Ram \u_sched/u_cnn/img_mem209 input port DI0 is stuck 0, propagating ...,

Distributed Ram \u_sched/u_cnn/img_mem209 input port DI1 is stuck 0, propagating ...,

Distributed Ram \u_sched/u_cnn/img_mem209 input port DI2 is stuck 0, propagating ...,

Distributed Ram \u_sched/u_cnn/img_mem209 input port DI3 is stuck 0, propagating ...,

All inputs of Distributed Ram \u_sched/u_cnn/img_mem209  are constant

Distributed Ram \u_sched/u_cnn/img_mem205 input port DI0 is stuck 0, propagating ...,

Distributed Ram \u_sched/u_cnn/img_mem205 input port DI1 is stuck 0, propagating ...,

Distributed Ram \u_sched/u_cnn/img_mem205 input port DI2 is stuck 0, propagating ...,

Distributed Ram \u_sched/u_cnn/img_mem205 input port DI3 is stuck 0, propagating ...,

All inputs of Distributed Ram \u_sched/u_cnn/img_mem205  are constant

Distributed Ram \u_sched/u_cnn/img_mem131 input port DI0 is stuck 0, propagating ...,

Distributed Ram \u_sched/u_cnn/img_mem131 input port DI1 is stuck 0, propagating ...,

Distributed Ram \u_sched/u_cnn/img_mem131 input port DI2 is stuck 0, propagating ...,

Distributed Ram \u_sched/u_cnn/img_mem131 input port DI3 is stuck 0, propagating ...,

All inputs of Distributed Ram \u_sched/u_cnn/img_mem131  are constant

Distributed Ram \u_sched/u_cnn/img_mem204 input port DI0 is stuck 0, propagating ...,

Distributed Ram \u_sched/u_cnn/img_mem204 input port DI1 is stuck 0, propagating ...,

Distributed Ram \u_sched/u_cnn/img_mem204 input port DI2 is stuck 0, propagating ...,

Distributed Ram \u_sched/u_cnn/img_mem204 input port DI3 is stuck 0, propagating ...,

All inputs of Distributed Ram \u_sched/u_cnn/img_mem204  are constant

Distributed Ram \u_sched/u_cnn/img_mem243 input port DI0 is stuck 0, propagating ...,

Distributed Ram \u_sched/u_cnn/img_mem243 input port DI1 is stuck 0, propagating ...,

Distributed Ram \u_sched/u_cnn/img_mem243 input port DI2 is stuck 0, propagating ...,

Distributed Ram \u_sched/u_cnn/img_mem243 input port DI3 is stuck 0, propagating ...,

All inputs of Distributed Ram \u_sched/u_cnn/img_mem243  are constant

Distributed Ram \u_sched/u_cnn/img_mem120 input port DI0 is stuck 0, propagating ...,

Distributed Ram \u_sched/u_cnn/img_mem120 input port DI1 is stuck 0, propagating ...,

Distributed Ram \u_sched/u_cnn/img_mem120 input port DI2 is stuck 0, propagating ...,

Distributed Ram \u_sched/u_cnn/img_mem120 input port DI3 is stuck 0, propagating ...,

All inputs of Distributed Ram \u_sched/u_cnn/img_mem120  are constant

Distributed Ram \u_sched/u_cnn/img_mem194 input port DI0 is stuck 0, propagating ...,

Distributed Ram \u_sched/u_cnn/img_mem194 input port DI1 is stuck 0, propagating ...,

Distributed Ram \u_sched/u_cnn/img_mem194 input port DI2 is stuck 0, propagating ...,

Distributed Ram \u_sched/u_cnn/img_mem194 input port DI3 is stuck 0, propagating ...,

All inputs of Distributed Ram \u_sched/u_cnn/img_mem194  are constant

Distributed Ram \u_sched/u_cnn/img_mem171 input port DI0 is stuck 0, propagating ...,

Distributed Ram \u_sched/u_cnn/img_mem171 input port DI1 is stuck 0, propagating ...,

Distributed Ram \u_sched/u_cnn/img_mem171 input port DI2 is stuck 0, propagating ...,

Distributed Ram \u_sched/u_cnn/img_mem171 input port DI3 is stuck 0, propagating ...,

All inputs of Distributed Ram \u_sched/u_cnn/img_mem171  are constant

Distributed Ram \u_sched/u_cnn/img_mem168 input port DI0 is stuck 0, propagating ...,

Distributed Ram \u_sched/u_cnn/img_mem168 input port DI1 is stuck 0, propagating ...,

Distributed Ram \u_sched/u_cnn/img_mem168 input port DI2 is stuck 0, propagating ...,

Distributed Ram \u_sched/u_cnn/img_mem168 input port DI3 is stuck 0, propagating ...,

All inputs of Distributed Ram \u_sched/u_cnn/img_mem168  are constant

Distributed Ram \u_sched/u_cnn/img_mem95 input port DI0 is stuck 0, propagating ...,

Distributed Ram \u_sched/u_cnn/img_mem95 input port DI1 is stuck 0, propagating ...,

Distributed Ram \u_sched/u_cnn/img_mem95 input port DI2 is stuck 0, propagating ...,

Distributed Ram \u_sched/u_cnn/img_mem95 input port DI3 is stuck 0, propagating ...,

All inputs of Distributed Ram \u_sched/u_cnn/img_mem95  are constant

Distributed Ram \u_sched/u_cnn/img_mem170 input port DI0 is stuck 0, propagating ...,

Distributed Ram \u_sched/u_cnn/img_mem170 input port DI1 is stuck 0, propagating ...,

Distributed Ram \u_sched/u_cnn/img_mem170 input port DI2 is stuck 0, propagating ...,

Distributed Ram \u_sched/u_cnn/img_mem170 input port DI3 is stuck 0, propagating ...,

All inputs of Distributed Ram \u_sched/u_cnn/img_mem170  are constant

Distributed Ram \u_sched/u_cnn/img_mem165 input port DI0 is stuck 0, propagating ...,

Distributed Ram \u_sched/u_cnn/img_mem165 input port DI1 is stuck 0, propagating ...,

Distributed Ram \u_sched/u_cnn/img_mem165 input port DI2 is stuck 0, propagating ...,

Distributed Ram \u_sched/u_cnn/img_mem165 input port DI3 is stuck 0, propagating ...,

All inputs of Distributed Ram \u_sched/u_cnn/img_mem165  are constant

Distributed Ram \u_sched/u_cnn/img_mem94 input port DI0 is stuck 0, propagating ...,

Distributed Ram \u_sched/u_cnn/img_mem94 input port DI1 is stuck 0, propagating ...,

Distributed Ram \u_sched/u_cnn/img_mem94 input port DI2 is stuck 0, propagating ...,

Distributed Ram \u_sched/u_cnn/img_mem94 input port DI3 is stuck 0, propagating ...,

All inputs of Distributed Ram \u_sched/u_cnn/img_mem94  are constant

Distributed Ram \u_sched/u_cnn/img_mem227 input port DI0 is stuck 0, propagating ...,

Distributed Ram \u_sched/u_cnn/img_mem227 input port DI1 is stuck 0, propagating ...,

Distributed Ram \u_sched/u_cnn/img_mem227 input port DI2 is stuck 0, propagating ...,

Distributed Ram \u_sched/u_cnn/img_mem227 input port DI3 is stuck 0, propagating ...,

All inputs of Distributed Ram \u_sched/u_cnn/img_mem227  are constant

Distributed Ram \u_sched/u_cnn/img_mem222 input port DI0 is stuck 0, propagating ...,

Distributed Ram \u_sched/u_cnn/img_mem222 input port DI1 is stuck 0, propagating ...,

Distributed Ram \u_sched/u_cnn/img_mem222 input port DI2 is stuck 0, propagating ...,

Distributed Ram \u_sched/u_cnn/img_mem222 input port DI3 is stuck 0, propagating ...,

All inputs of Distributed Ram \u_sched/u_cnn/img_mem222  are constant

Distributed Ram \u_sched/u_cnn/img_mem65 input port DI0 is stuck 0, propagating ...,

Distributed Ram \u_sched/u_cnn/img_mem65 input port DI1 is stuck 0, propagating ...,

Distributed Ram \u_sched/u_cnn/img_mem65 input port DI2 is stuck 0, propagating ...,

Distributed Ram \u_sched/u_cnn/img_mem65 input port DI3 is stuck 0, propagating ...,

All inputs of Distributed Ram \u_sched/u_cnn/img_mem65  are constant

Distributed Ram \u_sched/u_cnn/img_mem18 input port DI0 is stuck 0, propagating ...,

Distributed Ram \u_sched/u_cnn/img_mem18 input port DI1 is stuck 0, propagating ...,

Distributed Ram \u_sched/u_cnn/img_mem18 input port DI2 is stuck 0, propagating ...,

Distributed Ram \u_sched/u_cnn/img_mem18 input port DI3 is stuck 0, propagating ...,

All inputs of Distributed Ram \u_sched/u_cnn/img_mem18  are constant

Distributed Ram \u_sched/u_cnn/img_mem247 input port DI0 is stuck 0, propagating ...,

Distributed Ram \u_sched/u_cnn/img_mem247 input port DI1 is stuck 0, propagating ...,

Distributed Ram \u_sched/u_cnn/img_mem247 input port DI2 is stuck 0, propagating ...,

Distributed Ram \u_sched/u_cnn/img_mem247 input port DI3 is stuck 0, propagating ...,

All inputs of Distributed Ram \u_sched/u_cnn/img_mem247  are constant

Distributed Ram \u_sched/u_cnn/img_mem195 input port DI0 is stuck 0, propagating ...,

Distributed Ram \u_sched/u_cnn/img_mem195 input port DI1 is stuck 0, propagating ...,

Distributed Ram \u_sched/u_cnn/img_mem195 input port DI2 is stuck 0, propagating ...,

Distributed Ram \u_sched/u_cnn/img_mem195 input port DI3 is stuck 0, propagating ...,

All inputs of Distributed Ram \u_sched/u_cnn/img_mem195  are constant

Distributed Ram \u_sched/u_cnn/img_mem203 input port DI0 is stuck 0, propagating ...,

Distributed Ram \u_sched/u_cnn/img_mem203 input port DI1 is stuck 0, propagating ...,

Distributed Ram \u_sched/u_cnn/img_mem203 input port DI2 is stuck 0, propagating ...,

Distributed Ram \u_sched/u_cnn/img_mem203 input port DI3 is stuck 0, propagating ...,

All inputs of Distributed Ram \u_sched/u_cnn/img_mem203  are constant

Distributed Ram \u_sched/u_cnn/img_mem142 input port DI0 is stuck 0, propagating ...,

Distributed Ram \u_sched/u_cnn/img_mem142 input port DI1 is stuck 0, propagating ...,

Distributed Ram \u_sched/u_cnn/img_mem142 input port DI2 is stuck 0, propagating ...,

Distributed Ram \u_sched/u_cnn/img_mem142 input port DI3 is stuck 0, propagating ...,

All inputs of Distributed Ram \u_sched/u_cnn/img_mem142  are constant

Distributed Ram \u_sched/u_cnn/img_mem139 input port DI0 is stuck 0, propagating ...,

Distributed Ram \u_sched/u_cnn/img_mem139 input port DI1 is stuck 0, propagating ...,

Distributed Ram \u_sched/u_cnn/img_mem139 input port DI2 is stuck 0, propagating ...,

Distributed Ram \u_sched/u_cnn/img_mem139 input port DI3 is stuck 0, propagating ...,

All inputs of Distributed Ram \u_sched/u_cnn/img_mem139  are constant

Distributed Ram \u_sched/u_cnn/img_mem64 input port DI0 is stuck 0, propagating ...,

Distributed Ram \u_sched/u_cnn/img_mem64 input port DI1 is stuck 0, propagating ...,

Distributed Ram \u_sched/u_cnn/img_mem64 input port DI2 is stuck 0, propagating ...,

Distributed Ram \u_sched/u_cnn/img_mem64 input port DI3 is stuck 0, propagating ...,

All inputs of Distributed Ram \u_sched/u_cnn/img_mem64  are constant

Distributed Ram \u_sched/u_cnn/img_mem62 input port DI0 is stuck 0, propagating ...,

Distributed Ram \u_sched/u_cnn/img_mem62 input port DI1 is stuck 0, propagating ...,

Distributed Ram \u_sched/u_cnn/img_mem62 input port DI2 is stuck 0, propagating ...,

Distributed Ram \u_sched/u_cnn/img_mem62 input port DI3 is stuck 0, propagating ...,

All inputs of Distributed Ram \u_sched/u_cnn/img_mem62  are constant

Distributed Ram \u_sched/u_cnn/img_mem138 input port DI0 is stuck 0, propagating ...,

Distributed Ram \u_sched/u_cnn/img_mem138 input port DI1 is stuck 0, propagating ...,

Distributed Ram \u_sched/u_cnn/img_mem138 input port DI2 is stuck 0, propagating ...,

Distributed Ram \u_sched/u_cnn/img_mem138 input port DI3 is stuck 0, propagating ...,

All inputs of Distributed Ram \u_sched/u_cnn/img_mem138  are constant

Distributed Ram \u_sched/u_cnn/img_mem133 input port DI0 is stuck 0, propagating ...,

Distributed Ram \u_sched/u_cnn/img_mem133 input port DI1 is stuck 0, propagating ...,

Distributed Ram \u_sched/u_cnn/img_mem133 input port DI2 is stuck 0, propagating ...,

Distributed Ram \u_sched/u_cnn/img_mem133 input port DI3 is stuck 0, propagating ...,

All inputs of Distributed Ram \u_sched/u_cnn/img_mem133  are constant

Distributed Ram \u_sched/u_cnn/img_mem207 input port DI0 is stuck 0, propagating ...,

Distributed Ram \u_sched/u_cnn/img_mem207 input port DI1 is stuck 0, propagating ...,

Distributed Ram \u_sched/u_cnn/img_mem207 input port DI2 is stuck 0, propagating ...,

Distributed Ram \u_sched/u_cnn/img_mem207 input port DI3 is stuck 0, propagating ...,

All inputs of Distributed Ram \u_sched/u_cnn/img_mem207  are constant

Distributed Ram \u_sched/u_cnn/img_mem54 input port DI0 is stuck 0, propagating ...,

Distributed Ram \u_sched/u_cnn/img_mem54 input port DI1 is stuck 0, propagating ...,

Distributed Ram \u_sched/u_cnn/img_mem54 input port DI2 is stuck 0, propagating ...,

Distributed Ram \u_sched/u_cnn/img_mem54 input port DI3 is stuck 0, propagating ...,

All inputs of Distributed Ram \u_sched/u_cnn/img_mem54  are constant

Distributed Ram \u_sched/u_cnn/img_mem122 input port DI0 is stuck 0, propagating ...,

Distributed Ram \u_sched/u_cnn/img_mem122 input port DI1 is stuck 0, propagating ...,

Distributed Ram \u_sched/u_cnn/img_mem122 input port DI2 is stuck 0, propagating ...,

Distributed Ram \u_sched/u_cnn/img_mem122 input port DI3 is stuck 0, propagating ...,

All inputs of Distributed Ram \u_sched/u_cnn/img_mem122  are constant

Distributed Ram \u_sched/u_cnn/img_mem119 input port DI0 is stuck 0, propagating ...,

Distributed Ram \u_sched/u_cnn/img_mem119 input port DI1 is stuck 0, propagating ...,

Distributed Ram \u_sched/u_cnn/img_mem119 input port DI2 is stuck 0, propagating ...,

Distributed Ram \u_sched/u_cnn/img_mem119 input port DI3 is stuck 0, propagating ...,

All inputs of Distributed Ram \u_sched/u_cnn/img_mem119  are constant

Distributed Ram \u_sched/u_cnn/img_mem49 input port DI0 is stuck 0, propagating ...,

Distributed Ram \u_sched/u_cnn/img_mem49 input port DI1 is stuck 0, propagating ...,

Distributed Ram \u_sched/u_cnn/img_mem49 input port DI2 is stuck 0, propagating ...,

Distributed Ram \u_sched/u_cnn/img_mem49 input port DI3 is stuck 0, propagating ...,

All inputs of Distributed Ram \u_sched/u_cnn/img_mem49  are constant

Distributed Ram \u_sched/u_cnn/img_mem47 input port DI0 is stuck 0, propagating ...,

Distributed Ram \u_sched/u_cnn/img_mem47 input port DI1 is stuck 0, propagating ...,

Distributed Ram \u_sched/u_cnn/img_mem47 input port DI2 is stuck 0, propagating ...,

Distributed Ram \u_sched/u_cnn/img_mem47 input port DI3 is stuck 0, propagating ...,

All inputs of Distributed Ram \u_sched/u_cnn/img_mem47  are constant

Distributed Ram \u_sched/u_cnn/img_mem118 input port DI0 is stuck 0, propagating ...,

Distributed Ram \u_sched/u_cnn/img_mem118 input port DI1 is stuck 0, propagating ...,

Distributed Ram \u_sched/u_cnn/img_mem118 input port DI2 is stuck 0, propagating ...,

Distributed Ram \u_sched/u_cnn/img_mem118 input port DI3 is stuck 0, propagating ...,

All inputs of Distributed Ram \u_sched/u_cnn/img_mem118  are constant

Distributed Ram \u_sched/u_cnn/img_mem192 input port DI0 is stuck 0, propagating ...,

Distributed Ram \u_sched/u_cnn/img_mem192 input port DI1 is stuck 0, propagating ...,

Distributed Ram \u_sched/u_cnn/img_mem192 input port DI2 is stuck 0, propagating ...,

Distributed Ram \u_sched/u_cnn/img_mem192 input port DI3 is stuck 0, propagating ...,

All inputs of Distributed Ram \u_sched/u_cnn/img_mem192  are constant

Distributed Ram \u_sched/u_cnn/img_mem93 input port DI0 is stuck 0, propagating ...,

Distributed Ram \u_sched/u_cnn/img_mem93 input port DI1 is stuck 0, propagating ...,

Distributed Ram \u_sched/u_cnn/img_mem93 input port DI2 is stuck 0, propagating ...,

Distributed Ram \u_sched/u_cnn/img_mem93 input port DI3 is stuck 0, propagating ...,

All inputs of Distributed Ram \u_sched/u_cnn/img_mem93  are constant

Distributed Ram \u_sched/u_cnn/img_mem121 input port DI0 is stuck 0, propagating ...,

Distributed Ram \u_sched/u_cnn/img_mem121 input port DI1 is stuck 0, propagating ...,

Distributed Ram \u_sched/u_cnn/img_mem121 input port DI2 is stuck 0, propagating ...,

Distributed Ram \u_sched/u_cnn/img_mem121 input port DI3 is stuck 0, propagating ...,

All inputs of Distributed Ram \u_sched/u_cnn/img_mem121  are constant

Distributed Ram \u_sched/u_cnn/img_mem48 input port DI0 is stuck 0, propagating ...,

Distributed Ram \u_sched/u_cnn/img_mem48 input port DI1 is stuck 0, propagating ...,

Distributed Ram \u_sched/u_cnn/img_mem48 input port DI2 is stuck 0, propagating ...,

Distributed Ram \u_sched/u_cnn/img_mem48 input port DI3 is stuck 0, propagating ...,

All inputs of Distributed Ram \u_sched/u_cnn/img_mem48  are constant

Distributed Ram \u_sched/u_cnn/img_mem96 input port DI0 is stuck 0, propagating ...,

Distributed Ram \u_sched/u_cnn/img_mem96 input port DI1 is stuck 0, propagating ...,

Distributed Ram \u_sched/u_cnn/img_mem96 input port DI2 is stuck 0, propagating ...,

Distributed Ram \u_sched/u_cnn/img_mem96 input port DI3 is stuck 0, propagating ...,

All inputs of Distributed Ram \u_sched/u_cnn/img_mem96  are constant

Distributed Ram \u_sched/u_cnn/img_mem117 input port DI0 is stuck 0, propagating ...,

Distributed Ram \u_sched/u_cnn/img_mem117 input port DI1 is stuck 0, propagating ...,

Distributed Ram \u_sched/u_cnn/img_mem117 input port DI2 is stuck 0, propagating ...,

Distributed Ram \u_sched/u_cnn/img_mem117 input port DI3 is stuck 0, propagating ...,

All inputs of Distributed Ram \u_sched/u_cnn/img_mem117  are constant

Distributed Ram \u_sched/u_cnn/img_mem224 input port DI0 is stuck 0, propagating ...,

Distributed Ram \u_sched/u_cnn/img_mem224 input port DI1 is stuck 0, propagating ...,

Distributed Ram \u_sched/u_cnn/img_mem224 input port DI2 is stuck 0, propagating ...,

Distributed Ram \u_sched/u_cnn/img_mem224 input port DI3 is stuck 0, propagating ...,

All inputs of Distributed Ram \u_sched/u_cnn/img_mem224  are constant

Distributed Ram \u_sched/u_cnn/img_mem219 input port DI0 is stuck 0, propagating ...,

Distributed Ram \u_sched/u_cnn/img_mem219 input port DI1 is stuck 0, propagating ...,

Distributed Ram \u_sched/u_cnn/img_mem219 input port DI2 is stuck 0, propagating ...,

Distributed Ram \u_sched/u_cnn/img_mem219 input port DI3 is stuck 0, propagating ...,

All inputs of Distributed Ram \u_sched/u_cnn/img_mem219  are constant

Distributed Ram \u_sched/u_cnn/img_mem36 input port DI0 is stuck 0, propagating ...,

Distributed Ram \u_sched/u_cnn/img_mem36 input port DI1 is stuck 0, propagating ...,

Distributed Ram \u_sched/u_cnn/img_mem36 input port DI2 is stuck 0, propagating ...,

Distributed Ram \u_sched/u_cnn/img_mem36 input port DI3 is stuck 0, propagating ...,

All inputs of Distributed Ram \u_sched/u_cnn/img_mem36  are constant

Distributed Ram \u_sched/u_cnn/img_mem254 input port DI0 is stuck 0, propagating ...,

Distributed Ram \u_sched/u_cnn/img_mem254 input port DI1 is stuck 0, propagating ...,

Distributed Ram \u_sched/u_cnn/img_mem254 input port DI2 is stuck 0, propagating ...,

Distributed Ram \u_sched/u_cnn/img_mem254 input port DI3 is stuck 0, propagating ...,

All inputs of Distributed Ram \u_sched/u_cnn/img_mem254  are constant

Distributed Ram \u_sched/u_cnn/img_mem167 input port DI0 is stuck 0, propagating ...,

Distributed Ram \u_sched/u_cnn/img_mem167 input port DI1 is stuck 0, propagating ...,

Distributed Ram \u_sched/u_cnn/img_mem167 input port DI2 is stuck 0, propagating ...,

Distributed Ram \u_sched/u_cnn/img_mem167 input port DI3 is stuck 0, propagating ...,

All inputs of Distributed Ram \u_sched/u_cnn/img_mem167  are constant

Distributed Ram \u_sched/u_cnn/img_mem238 input port DI0 is stuck 0, propagating ...,

Distributed Ram \u_sched/u_cnn/img_mem238 input port DI1 is stuck 0, propagating ...,

Distributed Ram \u_sched/u_cnn/img_mem238 input port DI2 is stuck 0, propagating ...,

Distributed Ram \u_sched/u_cnn/img_mem238 input port DI3 is stuck 0, propagating ...,

All inputs of Distributed Ram \u_sched/u_cnn/img_mem238  are constant

Distributed Ram \u_sched/u_cnn/img_mem81 input port DI0 is stuck 0, propagating ...,

Distributed Ram \u_sched/u_cnn/img_mem81 input port DI1 is stuck 0, propagating ...,

Distributed Ram \u_sched/u_cnn/img_mem81 input port DI2 is stuck 0, propagating ...,

Distributed Ram \u_sched/u_cnn/img_mem81 input port DI3 is stuck 0, propagating ...,

All inputs of Distributed Ram \u_sched/u_cnn/img_mem81  are constant

Distributed Ram \u_sched/u_cnn/img_mem24 input port DI0 is stuck 0, propagating ...,

Distributed Ram \u_sched/u_cnn/img_mem24 input port DI1 is stuck 0, propagating ...,

Distributed Ram \u_sched/u_cnn/img_mem24 input port DI2 is stuck 0, propagating ...,

Distributed Ram \u_sched/u_cnn/img_mem24 input port DI3 is stuck 0, propagating ...,

All inputs of Distributed Ram \u_sched/u_cnn/img_mem24  are constant

Distributed Ram \u_sched/u_cnn/img_mem70 input port DI0 is stuck 0, propagating ...,

Distributed Ram \u_sched/u_cnn/img_mem70 input port DI1 is stuck 0, propagating ...,

Distributed Ram \u_sched/u_cnn/img_mem70 input port DI2 is stuck 0, propagating ...,

Distributed Ram \u_sched/u_cnn/img_mem70 input port DI3 is stuck 0, propagating ...,

All inputs of Distributed Ram \u_sched/u_cnn/img_mem70  are constant

Distributed Ram \u_sched/u_cnn/img_mem218 input port DI0 is stuck 0, propagating ...,

Distributed Ram \u_sched/u_cnn/img_mem218 input port DI1 is stuck 0, propagating ...,

Distributed Ram \u_sched/u_cnn/img_mem218 input port DI2 is stuck 0, propagating ...,

Distributed Ram \u_sched/u_cnn/img_mem218 input port DI3 is stuck 0, propagating ...,

All inputs of Distributed Ram \u_sched/u_cnn/img_mem218  are constant

Distributed Ram \u_sched/u_cnn/img_mem210 input port DI0 is stuck 0, propagating ...,

Distributed Ram \u_sched/u_cnn/img_mem210 input port DI1 is stuck 0, propagating ...,

Distributed Ram \u_sched/u_cnn/img_mem210 input port DI2 is stuck 0, propagating ...,

Distributed Ram \u_sched/u_cnn/img_mem210 input port DI3 is stuck 0, propagating ...,

All inputs of Distributed Ram \u_sched/u_cnn/img_mem210  are constant

Distributed Ram \u_sched/u_cnn/img_mem193 input port DI0 is stuck 0, propagating ...,

Distributed Ram \u_sched/u_cnn/img_mem193 input port DI1 is stuck 0, propagating ...,

Distributed Ram \u_sched/u_cnn/img_mem193 input port DI2 is stuck 0, propagating ...,

Distributed Ram \u_sched/u_cnn/img_mem193 input port DI3 is stuck 0, propagating ...,

All inputs of Distributed Ram \u_sched/u_cnn/img_mem193  are constant

Distributed Ram \u_sched/u_cnn/img_mem246 input port DI0 is stuck 0, propagating ...,

Distributed Ram \u_sched/u_cnn/img_mem246 input port DI1 is stuck 0, propagating ...,

Distributed Ram \u_sched/u_cnn/img_mem246 input port DI2 is stuck 0, propagating ...,

Distributed Ram \u_sched/u_cnn/img_mem246 input port DI3 is stuck 0, propagating ...,

All inputs of Distributed Ram \u_sched/u_cnn/img_mem246  are constant

Distributed Ram \u_sched/u_cnn/img_mem63 input port DI0 is stuck 0, propagating ...,

Distributed Ram \u_sched/u_cnn/img_mem63 input port DI1 is stuck 0, propagating ...,

Distributed Ram \u_sched/u_cnn/img_mem63 input port DI2 is stuck 0, propagating ...,

Distributed Ram \u_sched/u_cnn/img_mem63 input port DI3 is stuck 0, propagating ...,

All inputs of Distributed Ram \u_sched/u_cnn/img_mem63  are constant

Distributed Ram \u_sched/u_cnn/img_mem132 input port DI0 is stuck 0, propagating ...,

Distributed Ram \u_sched/u_cnn/img_mem132 input port DI1 is stuck 0, propagating ...,

Distributed Ram \u_sched/u_cnn/img_mem132 input port DI2 is stuck 0, propagating ...,

Distributed Ram \u_sched/u_cnn/img_mem132 input port DI3 is stuck 0, propagating ...,

All inputs of Distributed Ram \u_sched/u_cnn/img_mem132  are constant

Distributed Ram \u_sched/u_cnn/img_mem92 input port DI0 is stuck 0, propagating ...,

Distributed Ram \u_sched/u_cnn/img_mem92 input port DI1 is stuck 0, propagating ...,

Distributed Ram \u_sched/u_cnn/img_mem92 input port DI2 is stuck 0, propagating ...,

Distributed Ram \u_sched/u_cnn/img_mem92 input port DI3 is stuck 0, propagating ...,

All inputs of Distributed Ram \u_sched/u_cnn/img_mem92  are constant

Distributed Ram \u_sched/u_cnn/img_mem163 input port DI0 is stuck 0, propagating ...,

Distributed Ram \u_sched/u_cnn/img_mem163 input port DI1 is stuck 0, propagating ...,

Distributed Ram \u_sched/u_cnn/img_mem163 input port DI2 is stuck 0, propagating ...,

Distributed Ram \u_sched/u_cnn/img_mem163 input port DI3 is stuck 0, propagating ...,

All inputs of Distributed Ram \u_sched/u_cnn/img_mem163  are constant

Distributed Ram \u_sched/u_cnn/img_mem137 input port DI0 is stuck 0, propagating ...,

Distributed Ram \u_sched/u_cnn/img_mem137 input port DI1 is stuck 0, propagating ...,

Distributed Ram \u_sched/u_cnn/img_mem137 input port DI2 is stuck 0, propagating ...,

Distributed Ram \u_sched/u_cnn/img_mem137 input port DI3 is stuck 0, propagating ...,

All inputs of Distributed Ram \u_sched/u_cnn/img_mem137  are constant

Distributed Ram \u_sched/u_cnn/img_mem56 input port DI0 is stuck 0, propagating ...,

Distributed Ram \u_sched/u_cnn/img_mem56 input port DI1 is stuck 0, propagating ...,

Distributed Ram \u_sched/u_cnn/img_mem56 input port DI2 is stuck 0, propagating ...,

Distributed Ram \u_sched/u_cnn/img_mem56 input port DI3 is stuck 0, propagating ...,

All inputs of Distributed Ram \u_sched/u_cnn/img_mem56  are constant

Distributed Ram \u_sched/u_cnn/img_mem58 input port DI0 is stuck 0, propagating ...,

Distributed Ram \u_sched/u_cnn/img_mem58 input port DI1 is stuck 0, propagating ...,

Distributed Ram \u_sched/u_cnn/img_mem58 input port DI2 is stuck 0, propagating ...,

Distributed Ram \u_sched/u_cnn/img_mem58 input port DI3 is stuck 0, propagating ...,

All inputs of Distributed Ram \u_sched/u_cnn/img_mem58  are constant

Distributed Ram \u_sched/u_cnn/img_mem141 input port DI0 is stuck 0, propagating ...,

Distributed Ram \u_sched/u_cnn/img_mem141 input port DI1 is stuck 0, propagating ...,

Distributed Ram \u_sched/u_cnn/img_mem141 input port DI2 is stuck 0, propagating ...,

Distributed Ram \u_sched/u_cnn/img_mem141 input port DI3 is stuck 0, propagating ...,

All inputs of Distributed Ram \u_sched/u_cnn/img_mem141  are constant

Distributed Ram \u_sched/u_cnn/img_mem511 input port DI0 is stuck 0, propagating ...,

Distributed Ram \u_sched/u_cnn/img_mem511 input port DI1 is stuck 0, propagating ...,

Distributed Ram \u_sched/u_cnn/img_mem511 input port DI2 is stuck 0, propagating ...,

Distributed Ram \u_sched/u_cnn/img_mem511 input port DI3 is stuck 0, propagating ...,

All inputs of Distributed Ram \u_sched/u_cnn/img_mem511  are constant

Distributed Ram \u_sched/u_cnn/img_mem2 input port DI0 is stuck 0, propagating ...,

Distributed Ram \u_sched/u_cnn/img_mem2 input port DI1 is stuck 0, propagating ...,

Distributed Ram \u_sched/u_cnn/img_mem2 input port DI2 is stuck 0, propagating ...,

Distributed Ram \u_sched/u_cnn/img_mem2 input port DI3 is stuck 0, propagating ...,

All inputs of Distributed Ram \u_sched/u_cnn/img_mem2  are constant

Distributed Ram \u_sched/u_cnn/img_mem13 input port DI0 is stuck 0, propagating ...,

Distributed Ram \u_sched/u_cnn/img_mem13 input port DI1 is stuck 0, propagating ...,

Distributed Ram \u_sched/u_cnn/img_mem13 input port DI2 is stuck 0, propagating ...,

Distributed Ram \u_sched/u_cnn/img_mem13 input port DI3 is stuck 0, propagating ...,

All inputs of Distributed Ram \u_sched/u_cnn/img_mem13  are constant

Distributed Ram \u_sched/u_cnn/img_mem507 input port DI0 is stuck 0, propagating ...,

Distributed Ram \u_sched/u_cnn/img_mem507 input port DI1 is stuck 0, propagating ...,

Distributed Ram \u_sched/u_cnn/img_mem507 input port DI2 is stuck 0, propagating ...,

Distributed Ram \u_sched/u_cnn/img_mem507 input port DI3 is stuck 0, propagating ...,

All inputs of Distributed Ram \u_sched/u_cnn/img_mem507  are constant

Distributed Ram \u_sched/u_cnn/img_mem506 input port DI0 is stuck 0, propagating ...,

Distributed Ram \u_sched/u_cnn/img_mem506 input port DI1 is stuck 0, propagating ...,

Distributed Ram \u_sched/u_cnn/img_mem506 input port DI2 is stuck 0, propagating ...,

Distributed Ram \u_sched/u_cnn/img_mem506 input port DI3 is stuck 0, propagating ...,

All inputs of Distributed Ram \u_sched/u_cnn/img_mem506  are constant

Distributed Ram \u_sched/u_cnn/img_mem505 input port DI0 is stuck 0, propagating ...,

Distributed Ram \u_sched/u_cnn/img_mem505 input port DI1 is stuck 0, propagating ...,

Distributed Ram \u_sched/u_cnn/img_mem505 input port DI2 is stuck 0, propagating ...,

Distributed Ram \u_sched/u_cnn/img_mem505 input port DI3 is stuck 0, propagating ...,

All inputs of Distributed Ram \u_sched/u_cnn/img_mem505  are constant

Distributed Ram \u_sched/u_cnn/img_mem504 input port DI0 is stuck 0, propagating ...,

Distributed Ram \u_sched/u_cnn/img_mem504 input port DI1 is stuck 0, propagating ...,

Distributed Ram \u_sched/u_cnn/img_mem504 input port DI2 is stuck 0, propagating ...,

Distributed Ram \u_sched/u_cnn/img_mem504 input port DI3 is stuck 0, propagating ...,

All inputs of Distributed Ram \u_sched/u_cnn/img_mem504  are constant

Distributed Ram \u_sched/u_cnn/img_mem503 input port DI0 is stuck 0, propagating ...,

Distributed Ram \u_sched/u_cnn/img_mem503 input port DI1 is stuck 0, propagating ...,

Distributed Ram \u_sched/u_cnn/img_mem503 input port DI2 is stuck 0, propagating ...,

Distributed Ram \u_sched/u_cnn/img_mem503 input port DI3 is stuck 0, propagating ...,

All inputs of Distributed Ram \u_sched/u_cnn/img_mem503  are constant

Distributed Ram \u_sched/u_cnn/img_mem501 input port DI0 is stuck 0, propagating ...,

Distributed Ram \u_sched/u_cnn/img_mem501 input port DI1 is stuck 0, propagating ...,

Distributed Ram \u_sched/u_cnn/img_mem501 input port DI2 is stuck 0, propagating ...,

Distributed Ram \u_sched/u_cnn/img_mem501 input port DI3 is stuck 0, propagating ...,

All inputs of Distributed Ram \u_sched/u_cnn/img_mem501  are constant

Distributed Ram \u_sched/u_cnn/img_mem500 input port DI0 is stuck 0, propagating ...,

Distributed Ram \u_sched/u_cnn/img_mem500 input port DI1 is stuck 0, propagating ...,

Distributed Ram \u_sched/u_cnn/img_mem500 input port DI2 is stuck 0, propagating ...,

Distributed Ram \u_sched/u_cnn/img_mem500 input port DI3 is stuck 0, propagating ...,

All inputs of Distributed Ram \u_sched/u_cnn/img_mem500  are constant

Distributed Ram \u_sched/u_cnn/img_mem495 input port DI0 is stuck 0, propagating ...,

Distributed Ram \u_sched/u_cnn/img_mem495 input port DI1 is stuck 0, propagating ...,

Distributed Ram \u_sched/u_cnn/img_mem495 input port DI2 is stuck 0, propagating ...,

Distributed Ram \u_sched/u_cnn/img_mem495 input port DI3 is stuck 0, propagating ...,

All inputs of Distributed Ram \u_sched/u_cnn/img_mem495  are constant

Distributed Ram \u_sched/u_cnn/img_mem484 input port DI0 is stuck 0, propagating ...,

Distributed Ram \u_sched/u_cnn/img_mem484 input port DI1 is stuck 0, propagating ...,

Distributed Ram \u_sched/u_cnn/img_mem484 input port DI2 is stuck 0, propagating ...,

Distributed Ram \u_sched/u_cnn/img_mem484 input port DI3 is stuck 0, propagating ...,

All inputs of Distributed Ram \u_sched/u_cnn/img_mem484  are constant

Distributed Ram \u_sched/u_cnn/img_mem483 input port DI0 is stuck 0, propagating ...,

Distributed Ram \u_sched/u_cnn/img_mem483 input port DI1 is stuck 0, propagating ...,

Distributed Ram \u_sched/u_cnn/img_mem483 input port DI2 is stuck 0, propagating ...,

Distributed Ram \u_sched/u_cnn/img_mem483 input port DI3 is stuck 0, propagating ...,

All inputs of Distributed Ram \u_sched/u_cnn/img_mem483  are constant

Distributed Ram \u_sched/u_cnn/img_mem482 input port DI0 is stuck 0, propagating ...,

Distributed Ram \u_sched/u_cnn/img_mem482 input port DI1 is stuck 0, propagating ...,

Distributed Ram \u_sched/u_cnn/img_mem482 input port DI2 is stuck 0, propagating ...,

Distributed Ram \u_sched/u_cnn/img_mem482 input port DI3 is stuck 0, propagating ...,

All inputs of Distributed Ram \u_sched/u_cnn/img_mem482  are constant

Distributed Ram \u_sched/u_cnn/img_mem481 input port DI0 is stuck 0, propagating ...,

Distributed Ram \u_sched/u_cnn/img_mem481 input port DI1 is stuck 0, propagating ...,

Distributed Ram \u_sched/u_cnn/img_mem481 input port DI2 is stuck 0, propagating ...,

Distributed Ram \u_sched/u_cnn/img_mem481 input port DI3 is stuck 0, propagating ...,

All inputs of Distributed Ram \u_sched/u_cnn/img_mem481  are constant

Distributed Ram \u_sched/u_cnn/img_mem480 input port DI0 is stuck 0, propagating ...,

Distributed Ram \u_sched/u_cnn/img_mem480 input port DI1 is stuck 0, propagating ...,

Distributed Ram \u_sched/u_cnn/img_mem480 input port DI2 is stuck 0, propagating ...,

Distributed Ram \u_sched/u_cnn/img_mem480 input port DI3 is stuck 0, propagating ...,

All inputs of Distributed Ram \u_sched/u_cnn/img_mem480  are constant

Distributed Ram \u_sched/u_cnn/img_mem479 input port DI0 is stuck 0, propagating ...,

Distributed Ram \u_sched/u_cnn/img_mem479 input port DI1 is stuck 0, propagating ...,

Distributed Ram \u_sched/u_cnn/img_mem479 input port DI2 is stuck 0, propagating ...,

Distributed Ram \u_sched/u_cnn/img_mem479 input port DI3 is stuck 0, propagating ...,

All inputs of Distributed Ram \u_sched/u_cnn/img_mem479  are constant

Distributed Ram \u_sched/u_cnn/img_mem478 input port DI0 is stuck 0, propagating ...,

Distributed Ram \u_sched/u_cnn/img_mem478 input port DI1 is stuck 0, propagating ...,

Distributed Ram \u_sched/u_cnn/img_mem478 input port DI2 is stuck 0, propagating ...,

Distributed Ram \u_sched/u_cnn/img_mem478 input port DI3 is stuck 0, propagating ...,

All inputs of Distributed Ram \u_sched/u_cnn/img_mem478  are constant

Distributed Ram \u_sched/u_cnn/img_mem477 input port DI0 is stuck 0, propagating ...,

Distributed Ram \u_sched/u_cnn/img_mem477 input port DI1 is stuck 0, propagating ...,

Distributed Ram \u_sched/u_cnn/img_mem477 input port DI2 is stuck 0, propagating ...,

Distributed Ram \u_sched/u_cnn/img_mem477 input port DI3 is stuck 0, propagating ...,

All inputs of Distributed Ram \u_sched/u_cnn/img_mem477  are constant

Distributed Ram \u_sched/u_cnn/img_mem476 input port DI0 is stuck 0, propagating ...,

Distributed Ram \u_sched/u_cnn/img_mem476 input port DI1 is stuck 0, propagating ...,

Distributed Ram \u_sched/u_cnn/img_mem476 input port DI2 is stuck 0, propagating ...,

Distributed Ram \u_sched/u_cnn/img_mem476 input port DI3 is stuck 0, propagating ...,

All inputs of Distributed Ram \u_sched/u_cnn/img_mem476  are constant

Distributed Ram \u_sched/u_cnn/img_mem475 input port DI0 is stuck 0, propagating ...,

Distributed Ram \u_sched/u_cnn/img_mem475 input port DI1 is stuck 0, propagating ...,

Distributed Ram \u_sched/u_cnn/img_mem475 input port DI2 is stuck 0, propagating ...,

Distributed Ram \u_sched/u_cnn/img_mem475 input port DI3 is stuck 0, propagating ...,

All inputs of Distributed Ram \u_sched/u_cnn/img_mem475  are constant

Distributed Ram \u_sched/u_cnn/img_mem467 input port DI0 is stuck 0, propagating ...,

Distributed Ram \u_sched/u_cnn/img_mem467 input port DI1 is stuck 0, propagating ...,

Distributed Ram \u_sched/u_cnn/img_mem467 input port DI2 is stuck 0, propagating ...,

Distributed Ram \u_sched/u_cnn/img_mem467 input port DI3 is stuck 0, propagating ...,

All inputs of Distributed Ram \u_sched/u_cnn/img_mem467  are constant

Distributed Ram \u_sched/u_cnn/img_mem466 input port DI0 is stuck 0, propagating ...,

Distributed Ram \u_sched/u_cnn/img_mem466 input port DI1 is stuck 0, propagating ...,

Distributed Ram \u_sched/u_cnn/img_mem466 input port DI2 is stuck 0, propagating ...,

Distributed Ram \u_sched/u_cnn/img_mem466 input port DI3 is stuck 0, propagating ...,

All inputs of Distributed Ram \u_sched/u_cnn/img_mem466  are constant

Distributed Ram \u_sched/u_cnn/img_mem465 input port DI0 is stuck 0, propagating ...,

Distributed Ram \u_sched/u_cnn/img_mem465 input port DI1 is stuck 0, propagating ...,

Distributed Ram \u_sched/u_cnn/img_mem465 input port DI2 is stuck 0, propagating ...,

Distributed Ram \u_sched/u_cnn/img_mem465 input port DI3 is stuck 0, propagating ...,

All inputs of Distributed Ram \u_sched/u_cnn/img_mem465  are constant

Distributed Ram \u_sched/u_cnn/img_mem464 input port DI0 is stuck 0, propagating ...,

Distributed Ram \u_sched/u_cnn/img_mem464 input port DI1 is stuck 0, propagating ...,

Distributed Ram \u_sched/u_cnn/img_mem464 input port DI2 is stuck 0, propagating ...,

Distributed Ram \u_sched/u_cnn/img_mem464 input port DI3 is stuck 0, propagating ...,

All inputs of Distributed Ram \u_sched/u_cnn/img_mem464  are constant

Distributed Ram \u_sched/u_cnn/img_mem462 input port DI0 is stuck 0, propagating ...,

Distributed Ram \u_sched/u_cnn/img_mem462 input port DI1 is stuck 0, propagating ...,

Distributed Ram \u_sched/u_cnn/img_mem462 input port DI2 is stuck 0, propagating ...,

Distributed Ram \u_sched/u_cnn/img_mem462 input port DI3 is stuck 0, propagating ...,

All inputs of Distributed Ram \u_sched/u_cnn/img_mem462  are constant

Distributed Ram \u_sched/u_cnn/img_mem461 input port DI0 is stuck 0, propagating ...,

Distributed Ram \u_sched/u_cnn/img_mem461 input port DI1 is stuck 0, propagating ...,

Distributed Ram \u_sched/u_cnn/img_mem461 input port DI2 is stuck 0, propagating ...,

Distributed Ram \u_sched/u_cnn/img_mem461 input port DI3 is stuck 0, propagating ...,

All inputs of Distributed Ram \u_sched/u_cnn/img_mem461  are constant

Distributed Ram \u_sched/u_cnn/img_mem460 input port DI0 is stuck 0, propagating ...,

Distributed Ram \u_sched/u_cnn/img_mem460 input port DI1 is stuck 0, propagating ...,

Distributed Ram \u_sched/u_cnn/img_mem460 input port DI2 is stuck 0, propagating ...,

Distributed Ram \u_sched/u_cnn/img_mem460 input port DI3 is stuck 0, propagating ...,

All inputs of Distributed Ram \u_sched/u_cnn/img_mem460  are constant

Distributed Ram \u_sched/u_cnn/img_mem452 input port DI0 is stuck 0, propagating ...,

Distributed Ram \u_sched/u_cnn/img_mem452 input port DI1 is stuck 0, propagating ...,

Distributed Ram \u_sched/u_cnn/img_mem452 input port DI2 is stuck 0, propagating ...,

Distributed Ram \u_sched/u_cnn/img_mem452 input port DI3 is stuck 0, propagating ...,

All inputs of Distributed Ram \u_sched/u_cnn/img_mem452  are constant

Distributed Ram \u_sched/u_cnn/img_mem451 input port DI0 is stuck 0, propagating ...,

Distributed Ram \u_sched/u_cnn/img_mem451 input port DI1 is stuck 0, propagating ...,

Distributed Ram \u_sched/u_cnn/img_mem451 input port DI2 is stuck 0, propagating ...,

Distributed Ram \u_sched/u_cnn/img_mem451 input port DI3 is stuck 0, propagating ...,

All inputs of Distributed Ram \u_sched/u_cnn/img_mem451  are constant

Distributed Ram \u_sched/u_cnn/img_mem450 input port DI0 is stuck 0, propagating ...,

Distributed Ram \u_sched/u_cnn/img_mem450 input port DI1 is stuck 0, propagating ...,

Distributed Ram \u_sched/u_cnn/img_mem450 input port DI2 is stuck 0, propagating ...,

Distributed Ram \u_sched/u_cnn/img_mem450 input port DI3 is stuck 0, propagating ...,

All inputs of Distributed Ram \u_sched/u_cnn/img_mem450  are constant

Distributed Ram \u_sched/u_cnn/img_mem449 input port DI0 is stuck 0, propagating ...,

Distributed Ram \u_sched/u_cnn/img_mem449 input port DI1 is stuck 0, propagating ...,

Distributed Ram \u_sched/u_cnn/img_mem449 input port DI2 is stuck 0, propagating ...,

Distributed Ram \u_sched/u_cnn/img_mem449 input port DI3 is stuck 0, propagating ...,

All inputs of Distributed Ram \u_sched/u_cnn/img_mem449  are constant

Distributed Ram \u_sched/u_cnn/img_mem428 input port DI0 is stuck 0, propagating ...,

Distributed Ram \u_sched/u_cnn/img_mem428 input port DI1 is stuck 0, propagating ...,

Distributed Ram \u_sched/u_cnn/img_mem428 input port DI2 is stuck 0, propagating ...,

Distributed Ram \u_sched/u_cnn/img_mem428 input port DI3 is stuck 0, propagating ...,

All inputs of Distributed Ram \u_sched/u_cnn/img_mem428  are constant

Distributed Ram \u_sched/u_cnn/img_mem427 input port DI0 is stuck 0, propagating ...,

Distributed Ram \u_sched/u_cnn/img_mem427 input port DI1 is stuck 0, propagating ...,

Distributed Ram \u_sched/u_cnn/img_mem427 input port DI2 is stuck 0, propagating ...,

Distributed Ram \u_sched/u_cnn/img_mem427 input port DI3 is stuck 0, propagating ...,

All inputs of Distributed Ram \u_sched/u_cnn/img_mem427  are constant

Distributed Ram \u_sched/u_cnn/img_mem426 input port DI0 is stuck 0, propagating ...,

Distributed Ram \u_sched/u_cnn/img_mem426 input port DI1 is stuck 0, propagating ...,

Distributed Ram \u_sched/u_cnn/img_mem426 input port DI2 is stuck 0, propagating ...,

Distributed Ram \u_sched/u_cnn/img_mem426 input port DI3 is stuck 0, propagating ...,

All inputs of Distributed Ram \u_sched/u_cnn/img_mem426  are constant

Distributed Ram \u_sched/u_cnn/img_mem425 input port DI0 is stuck 0, propagating ...,

Distributed Ram \u_sched/u_cnn/img_mem425 input port DI1 is stuck 0, propagating ...,

Distributed Ram \u_sched/u_cnn/img_mem425 input port DI2 is stuck 0, propagating ...,

Distributed Ram \u_sched/u_cnn/img_mem425 input port DI3 is stuck 0, propagating ...,

All inputs of Distributed Ram \u_sched/u_cnn/img_mem425  are constant

Distributed Ram \u_sched/u_cnn/img_mem424 input port DI0 is stuck 0, propagating ...,

Distributed Ram \u_sched/u_cnn/img_mem424 input port DI1 is stuck 0, propagating ...,

Distributed Ram \u_sched/u_cnn/img_mem424 input port DI2 is stuck 0, propagating ...,

Distributed Ram \u_sched/u_cnn/img_mem424 input port DI3 is stuck 0, propagating ...,

All inputs of Distributed Ram \u_sched/u_cnn/img_mem424  are constant

Distributed Ram \u_sched/u_cnn/img_mem423 input port DI0 is stuck 0, propagating ...,

Distributed Ram \u_sched/u_cnn/img_mem423 input port DI1 is stuck 0, propagating ...,

Distributed Ram \u_sched/u_cnn/img_mem423 input port DI2 is stuck 0, propagating ...,

Distributed Ram \u_sched/u_cnn/img_mem423 input port DI3 is stuck 0, propagating ...,

All inputs of Distributed Ram \u_sched/u_cnn/img_mem423  are constant

Distributed Ram \u_sched/u_cnn/img_mem422 input port DI0 is stuck 0, propagating ...,

Distributed Ram \u_sched/u_cnn/img_mem422 input port DI1 is stuck 0, propagating ...,

Distributed Ram \u_sched/u_cnn/img_mem422 input port DI2 is stuck 0, propagating ...,

Distributed Ram \u_sched/u_cnn/img_mem422 input port DI3 is stuck 0, propagating ...,

All inputs of Distributed Ram \u_sched/u_cnn/img_mem422  are constant

Distributed Ram \u_sched/u_cnn/img_mem421 input port DI0 is stuck 0, propagating ...,

Distributed Ram \u_sched/u_cnn/img_mem421 input port DI1 is stuck 0, propagating ...,

Distributed Ram \u_sched/u_cnn/img_mem421 input port DI2 is stuck 0, propagating ...,

Distributed Ram \u_sched/u_cnn/img_mem421 input port DI3 is stuck 0, propagating ...,

All inputs of Distributed Ram \u_sched/u_cnn/img_mem421  are constant

Distributed Ram \u_sched/u_cnn/img_mem420 input port DI0 is stuck 0, propagating ...,

Distributed Ram \u_sched/u_cnn/img_mem420 input port DI1 is stuck 0, propagating ...,

Distributed Ram \u_sched/u_cnn/img_mem420 input port DI2 is stuck 0, propagating ...,

Distributed Ram \u_sched/u_cnn/img_mem420 input port DI3 is stuck 0, propagating ...,

All inputs of Distributed Ram \u_sched/u_cnn/img_mem420  are constant

Distributed Ram \u_sched/u_cnn/img_mem419 input port DI0 is stuck 0, propagating ...,

Distributed Ram \u_sched/u_cnn/img_mem419 input port DI1 is stuck 0, propagating ...,

Distributed Ram \u_sched/u_cnn/img_mem419 input port DI2 is stuck 0, propagating ...,

Distributed Ram \u_sched/u_cnn/img_mem419 input port DI3 is stuck 0, propagating ...,

All inputs of Distributed Ram \u_sched/u_cnn/img_mem419  are constant

Distributed Ram \u_sched/u_cnn/img_mem399 input port DI0 is stuck 0, propagating ...,

Distributed Ram \u_sched/u_cnn/img_mem399 input port DI1 is stuck 0, propagating ...,

Distributed Ram \u_sched/u_cnn/img_mem399 input port DI2 is stuck 0, propagating ...,

Distributed Ram \u_sched/u_cnn/img_mem399 input port DI3 is stuck 0, propagating ...,

All inputs of Distributed Ram \u_sched/u_cnn/img_mem399  are constant

Distributed Ram \u_sched/u_cnn/img_mem398 input port DI0 is stuck 0, propagating ...,

Distributed Ram \u_sched/u_cnn/img_mem398 input port DI1 is stuck 0, propagating ...,

Distributed Ram \u_sched/u_cnn/img_mem398 input port DI2 is stuck 0, propagating ...,

Distributed Ram \u_sched/u_cnn/img_mem398 input port DI3 is stuck 0, propagating ...,

All inputs of Distributed Ram \u_sched/u_cnn/img_mem398  are constant

Distributed Ram \u_sched/u_cnn/img_mem397 input port DI0 is stuck 0, propagating ...,

Distributed Ram \u_sched/u_cnn/img_mem397 input port DI1 is stuck 0, propagating ...,

Distributed Ram \u_sched/u_cnn/img_mem397 input port DI2 is stuck 0, propagating ...,

Distributed Ram \u_sched/u_cnn/img_mem397 input port DI3 is stuck 0, propagating ...,

All inputs of Distributed Ram \u_sched/u_cnn/img_mem397  are constant

Distributed Ram \u_sched/u_cnn/img_mem396 input port DI0 is stuck 0, propagating ...,

Distributed Ram \u_sched/u_cnn/img_mem396 input port DI1 is stuck 0, propagating ...,

Distributed Ram \u_sched/u_cnn/img_mem396 input port DI2 is stuck 0, propagating ...,

Distributed Ram \u_sched/u_cnn/img_mem396 input port DI3 is stuck 0, propagating ...,

All inputs of Distributed Ram \u_sched/u_cnn/img_mem396  are constant

Distributed Ram \u_sched/u_cnn/img_mem395 input port DI0 is stuck 0, propagating ...,

Distributed Ram \u_sched/u_cnn/img_mem395 input port DI1 is stuck 0, propagating ...,

Distributed Ram \u_sched/u_cnn/img_mem395 input port DI2 is stuck 0, propagating ...,

Distributed Ram \u_sched/u_cnn/img_mem395 input port DI3 is stuck 0, propagating ...,

All inputs of Distributed Ram \u_sched/u_cnn/img_mem395  are constant

Distributed Ram \u_sched/u_cnn/img_mem394 input port DI0 is stuck 0, propagating ...,

Distributed Ram \u_sched/u_cnn/img_mem394 input port DI1 is stuck 0, propagating ...,

Distributed Ram \u_sched/u_cnn/img_mem394 input port DI2 is stuck 0, propagating ...,

Distributed Ram \u_sched/u_cnn/img_mem394 input port DI3 is stuck 0, propagating ...,

All inputs of Distributed Ram \u_sched/u_cnn/img_mem394  are constant

Distributed Ram \u_sched/u_cnn/img_mem390 input port DI0 is stuck 0, propagating ...,

Distributed Ram \u_sched/u_cnn/img_mem390 input port DI1 is stuck 0, propagating ...,

Distributed Ram \u_sched/u_cnn/img_mem390 input port DI2 is stuck 0, propagating ...,

Distributed Ram \u_sched/u_cnn/img_mem390 input port DI3 is stuck 0, propagating ...,

All inputs of Distributed Ram \u_sched/u_cnn/img_mem390  are constant

Distributed Ram \u_sched/u_cnn/img_mem389 input port DI0 is stuck 0, propagating ...,

Distributed Ram \u_sched/u_cnn/img_mem389 input port DI1 is stuck 0, propagating ...,

Distributed Ram \u_sched/u_cnn/img_mem389 input port DI2 is stuck 0, propagating ...,

Distributed Ram \u_sched/u_cnn/img_mem389 input port DI3 is stuck 0, propagating ...,

All inputs of Distributed Ram \u_sched/u_cnn/img_mem389  are constant

Distributed Ram \u_sched/u_cnn/img_mem388 input port DI0 is stuck 0, propagating ...,

Distributed Ram \u_sched/u_cnn/img_mem388 input port DI1 is stuck 0, propagating ...,

Distributed Ram \u_sched/u_cnn/img_mem388 input port DI2 is stuck 0, propagating ...,

Distributed Ram \u_sched/u_cnn/img_mem388 input port DI3 is stuck 0, propagating ...,

All inputs of Distributed Ram \u_sched/u_cnn/img_mem388  are constant

Distributed Ram \u_sched/u_cnn/img_mem383 input port DI0 is stuck 0, propagating ...,

Distributed Ram \u_sched/u_cnn/img_mem383 input port DI1 is stuck 0, propagating ...,

Distributed Ram \u_sched/u_cnn/img_mem383 input port DI2 is stuck 0, propagating ...,

Distributed Ram \u_sched/u_cnn/img_mem383 input port DI3 is stuck 0, propagating ...,

All inputs of Distributed Ram \u_sched/u_cnn/img_mem383  are constant

Distributed Ram \u_sched/u_cnn/img_mem379 input port DI0 is stuck 0, propagating ...,

Distributed Ram \u_sched/u_cnn/img_mem379 input port DI1 is stuck 0, propagating ...,

Distributed Ram \u_sched/u_cnn/img_mem379 input port DI2 is stuck 0, propagating ...,

Distributed Ram \u_sched/u_cnn/img_mem379 input port DI3 is stuck 0, propagating ...,

All inputs of Distributed Ram \u_sched/u_cnn/img_mem379  are constant

Distributed Ram \u_sched/u_cnn/img_mem378 input port DI0 is stuck 0, propagating ...,

Distributed Ram \u_sched/u_cnn/img_mem378 input port DI1 is stuck 0, propagating ...,

Distributed Ram \u_sched/u_cnn/img_mem378 input port DI2 is stuck 0, propagating ...,

Distributed Ram \u_sched/u_cnn/img_mem378 input port DI3 is stuck 0, propagating ...,

All inputs of Distributed Ram \u_sched/u_cnn/img_mem378  are constant

Distributed Ram \u_sched/u_cnn/img_mem377 input port DI0 is stuck 0, propagating ...,

Distributed Ram \u_sched/u_cnn/img_mem377 input port DI1 is stuck 0, propagating ...,

Distributed Ram \u_sched/u_cnn/img_mem377 input port DI2 is stuck 0, propagating ...,

Distributed Ram \u_sched/u_cnn/img_mem377 input port DI3 is stuck 0, propagating ...,

All inputs of Distributed Ram \u_sched/u_cnn/img_mem377  are constant

Distributed Ram \u_sched/u_cnn/img_mem376 input port DI0 is stuck 0, propagating ...,

Distributed Ram \u_sched/u_cnn/img_mem376 input port DI1 is stuck 0, propagating ...,

Distributed Ram \u_sched/u_cnn/img_mem376 input port DI2 is stuck 0, propagating ...,

Distributed Ram \u_sched/u_cnn/img_mem376 input port DI3 is stuck 0, propagating ...,

All inputs of Distributed Ram \u_sched/u_cnn/img_mem376  are constant

Distributed Ram \u_sched/u_cnn/img_mem375 input port DI0 is stuck 0, propagating ...,

Distributed Ram \u_sched/u_cnn/img_mem375 input port DI1 is stuck 0, propagating ...,

Distributed Ram \u_sched/u_cnn/img_mem375 input port DI2 is stuck 0, propagating ...,

Distributed Ram \u_sched/u_cnn/img_mem375 input port DI3 is stuck 0, propagating ...,

All inputs of Distributed Ram \u_sched/u_cnn/img_mem375  are constant

Distributed Ram \u_sched/u_cnn/img_mem374 input port DI0 is stuck 0, propagating ...,

Distributed Ram \u_sched/u_cnn/img_mem374 input port DI1 is stuck 0, propagating ...,

Distributed Ram \u_sched/u_cnn/img_mem374 input port DI2 is stuck 0, propagating ...,

Distributed Ram \u_sched/u_cnn/img_mem374 input port DI3 is stuck 0, propagating ...,

All inputs of Distributed Ram \u_sched/u_cnn/img_mem374  are constant

Distributed Ram \u_sched/u_cnn/img_mem353 input port DI0 is stuck 0, propagating ...,

Distributed Ram \u_sched/u_cnn/img_mem353 input port DI1 is stuck 0, propagating ...,

Distributed Ram \u_sched/u_cnn/img_mem353 input port DI2 is stuck 0, propagating ...,

Distributed Ram \u_sched/u_cnn/img_mem353 input port DI3 is stuck 0, propagating ...,

All inputs of Distributed Ram \u_sched/u_cnn/img_mem353  are constant

Distributed Ram \u_sched/u_cnn/img_mem352 input port DI0 is stuck 0, propagating ...,

Distributed Ram \u_sched/u_cnn/img_mem352 input port DI1 is stuck 0, propagating ...,

Distributed Ram \u_sched/u_cnn/img_mem352 input port DI2 is stuck 0, propagating ...,

Distributed Ram \u_sched/u_cnn/img_mem352 input port DI3 is stuck 0, propagating ...,

All inputs of Distributed Ram \u_sched/u_cnn/img_mem352  are constant

Distributed Ram \u_sched/u_cnn/img_mem351 input port DI0 is stuck 0, propagating ...,

Distributed Ram \u_sched/u_cnn/img_mem351 input port DI1 is stuck 0, propagating ...,

Distributed Ram \u_sched/u_cnn/img_mem351 input port DI2 is stuck 0, propagating ...,

Distributed Ram \u_sched/u_cnn/img_mem351 input port DI3 is stuck 0, propagating ...,

All inputs of Distributed Ram \u_sched/u_cnn/img_mem351  are constant

Distributed Ram \u_sched/u_cnn/img_mem350 input port DI0 is stuck 0, propagating ...,

Distributed Ram \u_sched/u_cnn/img_mem350 input port DI1 is stuck 0, propagating ...,

Distributed Ram \u_sched/u_cnn/img_mem350 input port DI2 is stuck 0, propagating ...,

Distributed Ram \u_sched/u_cnn/img_mem350 input port DI3 is stuck 0, propagating ...,

All inputs of Distributed Ram \u_sched/u_cnn/img_mem350  are constant

Distributed Ram \u_sched/u_cnn/img_mem349 input port DI0 is stuck 0, propagating ...,

Distributed Ram \u_sched/u_cnn/img_mem349 input port DI1 is stuck 0, propagating ...,

Distributed Ram \u_sched/u_cnn/img_mem349 input port DI2 is stuck 0, propagating ...,

Distributed Ram \u_sched/u_cnn/img_mem349 input port DI3 is stuck 0, propagating ...,

All inputs of Distributed Ram \u_sched/u_cnn/img_mem349  are constant

Distributed Ram \u_sched/u_cnn/img_mem338 input port DI0 is stuck 0, propagating ...,

Distributed Ram \u_sched/u_cnn/img_mem338 input port DI1 is stuck 0, propagating ...,

Distributed Ram \u_sched/u_cnn/img_mem338 input port DI2 is stuck 0, propagating ...,

Distributed Ram \u_sched/u_cnn/img_mem338 input port DI3 is stuck 0, propagating ...,

All inputs of Distributed Ram \u_sched/u_cnn/img_mem338  are constant

Distributed Ram \u_sched/u_cnn/img_mem321 input port DI0 is stuck 0, propagating ...,

Distributed Ram \u_sched/u_cnn/img_mem321 input port DI1 is stuck 0, propagating ...,

Distributed Ram \u_sched/u_cnn/img_mem321 input port DI2 is stuck 0, propagating ...,

Distributed Ram \u_sched/u_cnn/img_mem321 input port DI3 is stuck 0, propagating ...,

All inputs of Distributed Ram \u_sched/u_cnn/img_mem321  are constant

Distributed Ram \u_sched/u_cnn/img_mem320 input port DI0 is stuck 0, propagating ...,

Distributed Ram \u_sched/u_cnn/img_mem320 input port DI1 is stuck 0, propagating ...,

Distributed Ram \u_sched/u_cnn/img_mem320 input port DI2 is stuck 0, propagating ...,

Distributed Ram \u_sched/u_cnn/img_mem320 input port DI3 is stuck 0, propagating ...,

All inputs of Distributed Ram \u_sched/u_cnn/img_mem320  are constant

Distributed Ram \u_sched/u_cnn/img_mem319 input port DI0 is stuck 0, propagating ...,

Distributed Ram \u_sched/u_cnn/img_mem319 input port DI1 is stuck 0, propagating ...,

Distributed Ram \u_sched/u_cnn/img_mem319 input port DI2 is stuck 0, propagating ...,

Distributed Ram \u_sched/u_cnn/img_mem319 input port DI3 is stuck 0, propagating ...,

All inputs of Distributed Ram \u_sched/u_cnn/img_mem319  are constant

Distributed Ram \u_sched/u_cnn/img_mem315 input port DI0 is stuck 0, propagating ...,

Distributed Ram \u_sched/u_cnn/img_mem315 input port DI1 is stuck 0, propagating ...,

Distributed Ram \u_sched/u_cnn/img_mem315 input port DI2 is stuck 0, propagating ...,

Distributed Ram \u_sched/u_cnn/img_mem315 input port DI3 is stuck 0, propagating ...,

All inputs of Distributed Ram \u_sched/u_cnn/img_mem315  are constant

Distributed Ram \u_sched/u_cnn/img_mem313 input port DI0 is stuck 0, propagating ...,

Distributed Ram \u_sched/u_cnn/img_mem313 input port DI1 is stuck 0, propagating ...,

Distributed Ram \u_sched/u_cnn/img_mem313 input port DI2 is stuck 0, propagating ...,

Distributed Ram \u_sched/u_cnn/img_mem313 input port DI3 is stuck 0, propagating ...,

All inputs of Distributed Ram \u_sched/u_cnn/img_mem313  are constant

Distributed Ram \u_sched/u_cnn/img_mem311 input port DI0 is stuck 0, propagating ...,

Distributed Ram \u_sched/u_cnn/img_mem311 input port DI1 is stuck 0, propagating ...,

Distributed Ram \u_sched/u_cnn/img_mem311 input port DI2 is stuck 0, propagating ...,

Distributed Ram \u_sched/u_cnn/img_mem311 input port DI3 is stuck 0, propagating ...,

All inputs of Distributed Ram \u_sched/u_cnn/img_mem311  are constant

Distributed Ram \u_sched/u_cnn/img_mem307 input port DI0 is stuck 0, propagating ...,

Distributed Ram \u_sched/u_cnn/img_mem307 input port DI1 is stuck 0, propagating ...,

Distributed Ram \u_sched/u_cnn/img_mem307 input port DI2 is stuck 0, propagating ...,

Distributed Ram \u_sched/u_cnn/img_mem307 input port DI3 is stuck 0, propagating ...,

All inputs of Distributed Ram \u_sched/u_cnn/img_mem307  are constant

Distributed Ram \u_sched/u_cnn/img_mem306 input port DI0 is stuck 0, propagating ...,

Distributed Ram \u_sched/u_cnn/img_mem306 input port DI1 is stuck 0, propagating ...,

Distributed Ram \u_sched/u_cnn/img_mem306 input port DI2 is stuck 0, propagating ...,

Distributed Ram \u_sched/u_cnn/img_mem306 input port DI3 is stuck 0, propagating ...,

All inputs of Distributed Ram \u_sched/u_cnn/img_mem306  are constant

Distributed Ram \u_sched/u_cnn/img_mem305 input port DI0 is stuck 0, propagating ...,

Distributed Ram \u_sched/u_cnn/img_mem305 input port DI1 is stuck 0, propagating ...,

Distributed Ram \u_sched/u_cnn/img_mem305 input port DI2 is stuck 0, propagating ...,

Distributed Ram \u_sched/u_cnn/img_mem305 input port DI3 is stuck 0, propagating ...,

All inputs of Distributed Ram \u_sched/u_cnn/img_mem305  are constant

Distributed Ram \u_sched/u_cnn/img_mem304 input port DI0 is stuck 0, propagating ...,

Distributed Ram \u_sched/u_cnn/img_mem304 input port DI1 is stuck 0, propagating ...,

Distributed Ram \u_sched/u_cnn/img_mem304 input port DI2 is stuck 0, propagating ...,

Distributed Ram \u_sched/u_cnn/img_mem304 input port DI3 is stuck 0, propagating ...,

All inputs of Distributed Ram \u_sched/u_cnn/img_mem304  are constant

Distributed Ram \u_sched/u_cnn/img_mem293 input port DI0 is stuck 0, propagating ...,

Distributed Ram \u_sched/u_cnn/img_mem293 input port DI1 is stuck 0, propagating ...,

Distributed Ram \u_sched/u_cnn/img_mem293 input port DI2 is stuck 0, propagating ...,

Distributed Ram \u_sched/u_cnn/img_mem293 input port DI3 is stuck 0, propagating ...,

All inputs of Distributed Ram \u_sched/u_cnn/img_mem293  are constant

Distributed Ram \u_sched/u_cnn/img_mem282 input port DI0 is stuck 0, propagating ...,

Distributed Ram \u_sched/u_cnn/img_mem282 input port DI1 is stuck 0, propagating ...,

Distributed Ram \u_sched/u_cnn/img_mem282 input port DI2 is stuck 0, propagating ...,

Distributed Ram \u_sched/u_cnn/img_mem282 input port DI3 is stuck 0, propagating ...,

All inputs of Distributed Ram \u_sched/u_cnn/img_mem282  are constant

Distributed Ram \u_sched/u_cnn/img_mem281 input port DI0 is stuck 0, propagating ...,

Distributed Ram \u_sched/u_cnn/img_mem281 input port DI1 is stuck 0, propagating ...,

Distributed Ram \u_sched/u_cnn/img_mem281 input port DI2 is stuck 0, propagating ...,

Distributed Ram \u_sched/u_cnn/img_mem281 input port DI3 is stuck 0, propagating ...,

All inputs of Distributed Ram \u_sched/u_cnn/img_mem281  are constant

Distributed Ram \u_sched/u_cnn/img_mem273 input port DI0 is stuck 0, propagating ...,

Distributed Ram \u_sched/u_cnn/img_mem273 input port DI1 is stuck 0, propagating ...,

Distributed Ram \u_sched/u_cnn/img_mem273 input port DI2 is stuck 0, propagating ...,

Distributed Ram \u_sched/u_cnn/img_mem273 input port DI3 is stuck 0, propagating ...,

All inputs of Distributed Ram \u_sched/u_cnn/img_mem273  are constant

Distributed Ram \u_sched/u_cnn/img_mem270 input port DI0 is stuck 0, propagating ...,

Distributed Ram \u_sched/u_cnn/img_mem270 input port DI1 is stuck 0, propagating ...,

Distributed Ram \u_sched/u_cnn/img_mem270 input port DI2 is stuck 0, propagating ...,

Distributed Ram \u_sched/u_cnn/img_mem270 input port DI3 is stuck 0, propagating ...,

All inputs of Distributed Ram \u_sched/u_cnn/img_mem270  are constant

Distributed Ram \u_sched/u_cnn/img_mem259 input port DI0 is stuck 0, propagating ...,

Distributed Ram \u_sched/u_cnn/img_mem259 input port DI1 is stuck 0, propagating ...,

Distributed Ram \u_sched/u_cnn/img_mem259 input port DI2 is stuck 0, propagating ...,

Distributed Ram \u_sched/u_cnn/img_mem259 input port DI3 is stuck 0, propagating ...,

All inputs of Distributed Ram \u_sched/u_cnn/img_mem259  are constant

Distributed Ram \u_sched/u_cnn/img_mem200 input port DI0 is stuck 0, propagating ...,

Distributed Ram \u_sched/u_cnn/img_mem200 input port DI1 is stuck 0, propagating ...,

Distributed Ram \u_sched/u_cnn/img_mem200 input port DI2 is stuck 0, propagating ...,

Distributed Ram \u_sched/u_cnn/img_mem200 input port DI3 is stuck 0, propagating ...,

All inputs of Distributed Ram \u_sched/u_cnn/img_mem200  are constant

Distributed Ram \u_sched/u_cnn/img_mem208 input port DI0 is stuck 0, propagating ...,

Distributed Ram \u_sched/u_cnn/img_mem208 input port DI1 is stuck 0, propagating ...,

Distributed Ram \u_sched/u_cnn/img_mem208 input port DI2 is stuck 0, propagating ...,

Distributed Ram \u_sched/u_cnn/img_mem208 input port DI3 is stuck 0, propagating ...,

All inputs of Distributed Ram \u_sched/u_cnn/img_mem208  are constant

Distributed Ram \u_sched/u_cnn/img_mem162 input port DI0 is stuck 0, propagating ...,

Distributed Ram \u_sched/u_cnn/img_mem162 input port DI1 is stuck 0, propagating ...,

Distributed Ram \u_sched/u_cnn/img_mem162 input port DI2 is stuck 0, propagating ...,

Distributed Ram \u_sched/u_cnn/img_mem162 input port DI3 is stuck 0, propagating ...,

All inputs of Distributed Ram \u_sched/u_cnn/img_mem162  are constant

Distributed Ram \u_sched/u_cnn/img_mem241 input port DI0 is stuck 0, propagating ...,

Distributed Ram \u_sched/u_cnn/img_mem241 input port DI1 is stuck 0, propagating ...,

Distributed Ram \u_sched/u_cnn/img_mem241 input port DI2 is stuck 0, propagating ...,

Distributed Ram \u_sched/u_cnn/img_mem241 input port DI3 is stuck 0, propagating ...,

All inputs of Distributed Ram \u_sched/u_cnn/img_mem241  are constant

Distributed Ram \u_sched/u_cnn/img_mem185 input port DI0 is stuck 0, propagating ...,

Distributed Ram \u_sched/u_cnn/img_mem185 input port DI1 is stuck 0, propagating ...,

Distributed Ram \u_sched/u_cnn/img_mem185 input port DI2 is stuck 0, propagating ...,

Distributed Ram \u_sched/u_cnn/img_mem185 input port DI3 is stuck 0, propagating ...,

All inputs of Distributed Ram \u_sched/u_cnn/img_mem185  are constant

Distributed Ram \u_sched/u_cnn/img_mem235 input port DI0 is stuck 0, propagating ...,

Distributed Ram \u_sched/u_cnn/img_mem235 input port DI1 is stuck 0, propagating ...,

Distributed Ram \u_sched/u_cnn/img_mem235 input port DI2 is stuck 0, propagating ...,

Distributed Ram \u_sched/u_cnn/img_mem235 input port DI3 is stuck 0, propagating ...,

All inputs of Distributed Ram \u_sched/u_cnn/img_mem235  are constant

Distributed Ram \u_sched/u_cnn/img_mem175 input port DI0 is stuck 0, propagating ...,

Distributed Ram \u_sched/u_cnn/img_mem175 input port DI1 is stuck 0, propagating ...,

Distributed Ram \u_sched/u_cnn/img_mem175 input port DI2 is stuck 0, propagating ...,

Distributed Ram \u_sched/u_cnn/img_mem175 input port DI3 is stuck 0, propagating ...,

All inputs of Distributed Ram \u_sched/u_cnn/img_mem175  are constant

Distributed Ram \u_sched/u_cnn/img_mem230 input port DI0 is stuck 0, propagating ...,

Distributed Ram \u_sched/u_cnn/img_mem230 input port DI1 is stuck 0, propagating ...,

Distributed Ram \u_sched/u_cnn/img_mem230 input port DI2 is stuck 0, propagating ...,

Distributed Ram \u_sched/u_cnn/img_mem230 input port DI3 is stuck 0, propagating ...,

All inputs of Distributed Ram \u_sched/u_cnn/img_mem230  are constant

Distributed Ram \u_sched/u_cnn/img_mem150 input port DI0 is stuck 0, propagating ...,

Distributed Ram \u_sched/u_cnn/img_mem150 input port DI1 is stuck 0, propagating ...,

Distributed Ram \u_sched/u_cnn/img_mem150 input port DI2 is stuck 0, propagating ...,

Distributed Ram \u_sched/u_cnn/img_mem150 input port DI3 is stuck 0, propagating ...,

All inputs of Distributed Ram \u_sched/u_cnn/img_mem150  are constant

Distributed Ram \u_sched/u_cnn/img_mem214 input port DI0 is stuck 0, propagating ...,

Distributed Ram \u_sched/u_cnn/img_mem214 input port DI1 is stuck 0, propagating ...,

Distributed Ram \u_sched/u_cnn/img_mem214 input port DI2 is stuck 0, propagating ...,

Distributed Ram \u_sched/u_cnn/img_mem214 input port DI3 is stuck 0, propagating ...,

All inputs of Distributed Ram \u_sched/u_cnn/img_mem214  are constant

Distributed Ram \u_sched/u_cnn/img_mem202 input port DI0 is stuck 0, propagating ...,

Distributed Ram \u_sched/u_cnn/img_mem202 input port DI1 is stuck 0, propagating ...,

Distributed Ram \u_sched/u_cnn/img_mem202 input port DI2 is stuck 0, propagating ...,

Distributed Ram \u_sched/u_cnn/img_mem202 input port DI3 is stuck 0, propagating ...,

All inputs of Distributed Ram \u_sched/u_cnn/img_mem202  are constant

Distributed Ram \u_sched/u_cnn/img_mem199 input port DI0 is stuck 0, propagating ...,

Distributed Ram \u_sched/u_cnn/img_mem199 input port DI1 is stuck 0, propagating ...,

Distributed Ram \u_sched/u_cnn/img_mem199 input port DI2 is stuck 0, propagating ...,

Distributed Ram \u_sched/u_cnn/img_mem199 input port DI3 is stuck 0, propagating ...,

All inputs of Distributed Ram \u_sched/u_cnn/img_mem199  are constant

Distributed Ram \u_sched/u_cnn/img_mem129 input port DI0 is stuck 0, propagating ...,

Distributed Ram \u_sched/u_cnn/img_mem129 input port DI1 is stuck 0, propagating ...,

Distributed Ram \u_sched/u_cnn/img_mem129 input port DI2 is stuck 0, propagating ...,

Distributed Ram \u_sched/u_cnn/img_mem129 input port DI3 is stuck 0, propagating ...,

All inputs of Distributed Ram \u_sched/u_cnn/img_mem129  are constant

Distributed Ram \u_sched/u_cnn/img_mem16 input port DI0 is stuck 0, propagating ...,

Distributed Ram \u_sched/u_cnn/img_mem16 input port DI1 is stuck 0, propagating ...,

Distributed Ram \u_sched/u_cnn/img_mem16 input port DI2 is stuck 0, propagating ...,

Distributed Ram \u_sched/u_cnn/img_mem16 input port DI3 is stuck 0, propagating ...,

All inputs of Distributed Ram \u_sched/u_cnn/img_mem16  are constant

Distributed Ram \u_sched/u_cnn/img_mem114 input port DI0 is stuck 0, propagating ...,

Distributed Ram \u_sched/u_cnn/img_mem114 input port DI1 is stuck 0, propagating ...,

Distributed Ram \u_sched/u_cnn/img_mem114 input port DI2 is stuck 0, propagating ...,

Distributed Ram \u_sched/u_cnn/img_mem114 input port DI3 is stuck 0, propagating ...,

All inputs of Distributed Ram \u_sched/u_cnn/img_mem114  are constant

Distributed Ram \u_sched/u_cnn/img_mem190 input port DI0 is stuck 0, propagating ...,

Distributed Ram \u_sched/u_cnn/img_mem190 input port DI1 is stuck 0, propagating ...,

Distributed Ram \u_sched/u_cnn/img_mem190 input port DI2 is stuck 0, propagating ...,

Distributed Ram \u_sched/u_cnn/img_mem190 input port DI3 is stuck 0, propagating ...,

All inputs of Distributed Ram \u_sched/u_cnn/img_mem190  are constant

Distributed Ram \u_sched/u_cnn/img_mem111 input port DI0 is stuck 0, propagating ...,

Distributed Ram \u_sched/u_cnn/img_mem111 input port DI1 is stuck 0, propagating ...,

Distributed Ram \u_sched/u_cnn/img_mem111 input port DI2 is stuck 0, propagating ...,

Distributed Ram \u_sched/u_cnn/img_mem111 input port DI3 is stuck 0, propagating ...,

All inputs of Distributed Ram \u_sched/u_cnn/img_mem111  are constant

Distributed Ram \u_sched/u_cnn/img_mem187 input port DI0 is stuck 0, propagating ...,

Distributed Ram \u_sched/u_cnn/img_mem187 input port DI1 is stuck 0, propagating ...,

Distributed Ram \u_sched/u_cnn/img_mem187 input port DI2 is stuck 0, propagating ...,

Distributed Ram \u_sched/u_cnn/img_mem187 input port DI3 is stuck 0, propagating ...,

All inputs of Distributed Ram \u_sched/u_cnn/img_mem187  are constant

Distributed Ram \u_sched/u_cnn/img_mem189 input port DI0 is stuck 0, propagating ...,

Distributed Ram \u_sched/u_cnn/img_mem189 input port DI1 is stuck 0, propagating ...,

Distributed Ram \u_sched/u_cnn/img_mem189 input port DI2 is stuck 0, propagating ...,

Distributed Ram \u_sched/u_cnn/img_mem189 input port DI3 is stuck 0, propagating ...,

All inputs of Distributed Ram \u_sched/u_cnn/img_mem189  are constant

Distributed Ram \u_sched/u_cnn/img_mem184 input port DI0 is stuck 0, propagating ...,

Distributed Ram \u_sched/u_cnn/img_mem184 input port DI1 is stuck 0, propagating ...,

Distributed Ram \u_sched/u_cnn/img_mem184 input port DI2 is stuck 0, propagating ...,

Distributed Ram \u_sched/u_cnn/img_mem184 input port DI3 is stuck 0, propagating ...,

All inputs of Distributed Ram \u_sched/u_cnn/img_mem184  are constant

Distributed Ram \u_sched/u_cnn/img_mem109 input port DI0 is stuck 0, propagating ...,

Distributed Ram \u_sched/u_cnn/img_mem109 input port DI1 is stuck 0, propagating ...,

Distributed Ram \u_sched/u_cnn/img_mem109 input port DI2 is stuck 0, propagating ...,

Distributed Ram \u_sched/u_cnn/img_mem109 input port DI3 is stuck 0, propagating ...,

All inputs of Distributed Ram \u_sched/u_cnn/img_mem109  are constant

Distributed Ram \u_sched/u_cnn/img_mem237 input port DI0 is stuck 0, propagating ...,

Distributed Ram \u_sched/u_cnn/img_mem237 input port DI1 is stuck 0, propagating ...,

Distributed Ram \u_sched/u_cnn/img_mem237 input port DI2 is stuck 0, propagating ...,

Distributed Ram \u_sched/u_cnn/img_mem237 input port DI3 is stuck 0, propagating ...,

All inputs of Distributed Ram \u_sched/u_cnn/img_mem237  are constant

Distributed Ram \u_sched/u_cnn/img_mem104 input port DI0 is stuck 0, propagating ...,

Distributed Ram \u_sched/u_cnn/img_mem104 input port DI1 is stuck 0, propagating ...,

Distributed Ram \u_sched/u_cnn/img_mem104 input port DI2 is stuck 0, propagating ...,

Distributed Ram \u_sched/u_cnn/img_mem104 input port DI3 is stuck 0, propagating ...,

All inputs of Distributed Ram \u_sched/u_cnn/img_mem104  are constant

Distributed Ram \u_sched/u_cnn/img_mem180 input port DI0 is stuck 0, propagating ...,

Distributed Ram \u_sched/u_cnn/img_mem180 input port DI1 is stuck 0, propagating ...,

Distributed Ram \u_sched/u_cnn/img_mem180 input port DI2 is stuck 0, propagating ...,

Distributed Ram \u_sched/u_cnn/img_mem180 input port DI3 is stuck 0, propagating ...,

All inputs of Distributed Ram \u_sched/u_cnn/img_mem180  are constant

Distributed Ram \u_sched/u_cnn/img_mem101 input port DI0 is stuck 0, propagating ...,

Distributed Ram \u_sched/u_cnn/img_mem101 input port DI1 is stuck 0, propagating ...,

Distributed Ram \u_sched/u_cnn/img_mem101 input port DI2 is stuck 0, propagating ...,

Distributed Ram \u_sched/u_cnn/img_mem101 input port DI3 is stuck 0, propagating ...,

All inputs of Distributed Ram \u_sched/u_cnn/img_mem101  are constant

Distributed Ram \u_sched/u_cnn/img_mem177 input port DI0 is stuck 0, propagating ...,

Distributed Ram \u_sched/u_cnn/img_mem177 input port DI1 is stuck 0, propagating ...,

Distributed Ram \u_sched/u_cnn/img_mem177 input port DI2 is stuck 0, propagating ...,

Distributed Ram \u_sched/u_cnn/img_mem177 input port DI3 is stuck 0, propagating ...,

All inputs of Distributed Ram \u_sched/u_cnn/img_mem177  are constant

Distributed Ram \u_sched/u_cnn/img_mem179 input port DI0 is stuck 0, propagating ...,

Distributed Ram \u_sched/u_cnn/img_mem179 input port DI1 is stuck 0, propagating ...,

Distributed Ram \u_sched/u_cnn/img_mem179 input port DI2 is stuck 0, propagating ...,

Distributed Ram \u_sched/u_cnn/img_mem179 input port DI3 is stuck 0, propagating ...,

All inputs of Distributed Ram \u_sched/u_cnn/img_mem179  are constant

Distributed Ram \u_sched/u_cnn/img_mem174 input port DI0 is stuck 0, propagating ...,

Distributed Ram \u_sched/u_cnn/img_mem174 input port DI1 is stuck 0, propagating ...,

Distributed Ram \u_sched/u_cnn/img_mem174 input port DI2 is stuck 0, propagating ...,

Distributed Ram \u_sched/u_cnn/img_mem174 input port DI3 is stuck 0, propagating ...,

All inputs of Distributed Ram \u_sched/u_cnn/img_mem174  are constant

Distributed Ram \u_sched/u_cnn/img_mem99 input port DI0 is stuck 0, propagating ...,

Distributed Ram \u_sched/u_cnn/img_mem99 input port DI1 is stuck 0, propagating ...,

Distributed Ram \u_sched/u_cnn/img_mem99 input port DI2 is stuck 0, propagating ...,

Distributed Ram \u_sched/u_cnn/img_mem99 input port DI3 is stuck 0, propagating ...,

All inputs of Distributed Ram \u_sched/u_cnn/img_mem99  are constant

Distributed Ram \u_sched/u_cnn/img_mem232 input port DI0 is stuck 0, propagating ...,

Distributed Ram \u_sched/u_cnn/img_mem232 input port DI1 is stuck 0, propagating ...,

Distributed Ram \u_sched/u_cnn/img_mem232 input port DI2 is stuck 0, propagating ...,

Distributed Ram \u_sched/u_cnn/img_mem232 input port DI3 is stuck 0, propagating ...,

All inputs of Distributed Ram \u_sched/u_cnn/img_mem232  are constant

Distributed Ram \u_sched/u_cnn/img_mem97 input port DI0 is stuck 0, propagating ...,

Distributed Ram \u_sched/u_cnn/img_mem97 input port DI1 is stuck 0, propagating ...,

Distributed Ram \u_sched/u_cnn/img_mem97 input port DI2 is stuck 0, propagating ...,

Distributed Ram \u_sched/u_cnn/img_mem97 input port DI3 is stuck 0, propagating ...,

All inputs of Distributed Ram \u_sched/u_cnn/img_mem97  are constant

Distributed Ram \u_sched/u_cnn/img_mem173 input port DI0 is stuck 0, propagating ...,

Distributed Ram \u_sched/u_cnn/img_mem173 input port DI1 is stuck 0, propagating ...,

Distributed Ram \u_sched/u_cnn/img_mem173 input port DI2 is stuck 0, propagating ...,

Distributed Ram \u_sched/u_cnn/img_mem173 input port DI3 is stuck 0, propagating ...,

All inputs of Distributed Ram \u_sched/u_cnn/img_mem173  are constant

Distributed Ram \u_sched/u_cnn/img_mem228 input port DI0 is stuck 0, propagating ...,

Distributed Ram \u_sched/u_cnn/img_mem228 input port DI1 is stuck 0, propagating ...,

Distributed Ram \u_sched/u_cnn/img_mem228 input port DI2 is stuck 0, propagating ...,

Distributed Ram \u_sched/u_cnn/img_mem228 input port DI3 is stuck 0, propagating ...,

All inputs of Distributed Ram \u_sched/u_cnn/img_mem228  are constant

Distributed Ram \u_sched/u_cnn/img_mem252 input port DI0 is stuck 0, propagating ...,

Distributed Ram \u_sched/u_cnn/img_mem252 input port DI1 is stuck 0, propagating ...,

Distributed Ram \u_sched/u_cnn/img_mem252 input port DI2 is stuck 0, propagating ...,

Distributed Ram \u_sched/u_cnn/img_mem252 input port DI3 is stuck 0, propagating ...,

All inputs of Distributed Ram \u_sched/u_cnn/img_mem252  are constant

Distributed Ram \u_sched/u_cnn/img_mem85 input port DI0 is stuck 0, propagating ...,

Distributed Ram \u_sched/u_cnn/img_mem85 input port DI1 is stuck 0, propagating ...,

Distributed Ram \u_sched/u_cnn/img_mem85 input port DI2 is stuck 0, propagating ...,

Distributed Ram \u_sched/u_cnn/img_mem85 input port DI3 is stuck 0, propagating ...,

All inputs of Distributed Ram \u_sched/u_cnn/img_mem85  are constant

Distributed Ram \u_sched/u_cnn/img_mem159 input port DI0 is stuck 0, propagating ...,

Distributed Ram \u_sched/u_cnn/img_mem159 input port DI1 is stuck 0, propagating ...,

Distributed Ram \u_sched/u_cnn/img_mem159 input port DI2 is stuck 0, propagating ...,

Distributed Ram \u_sched/u_cnn/img_mem159 input port DI3 is stuck 0, propagating ...,

All inputs of Distributed Ram \u_sched/u_cnn/img_mem159  are constant

Distributed Ram \u_sched/u_cnn/img_mem79 input port DI0 is stuck 0, propagating ...,

Distributed Ram \u_sched/u_cnn/img_mem79 input port DI1 is stuck 0, propagating ...,

Distributed Ram \u_sched/u_cnn/img_mem79 input port DI2 is stuck 0, propagating ...,

Distributed Ram \u_sched/u_cnn/img_mem79 input port DI3 is stuck 0, propagating ...,

All inputs of Distributed Ram \u_sched/u_cnn/img_mem79  are constant

Distributed Ram \u_sched/u_cnn/img_mem128 input port DI0 is stuck 0, propagating ...,

Distributed Ram \u_sched/u_cnn/img_mem128 input port DI1 is stuck 0, propagating ...,

Distributed Ram \u_sched/u_cnn/img_mem128 input port DI2 is stuck 0, propagating ...,

Distributed Ram \u_sched/u_cnn/img_mem128 input port DI3 is stuck 0, propagating ...,

All inputs of Distributed Ram \u_sched/u_cnn/img_mem128  are constant

Distributed Ram \u_sched/u_cnn/img_mem155 input port DI0 is stuck 0, propagating ...,

Distributed Ram \u_sched/u_cnn/img_mem155 input port DI1 is stuck 0, propagating ...,

Distributed Ram \u_sched/u_cnn/img_mem155 input port DI2 is stuck 0, propagating ...,

Distributed Ram \u_sched/u_cnn/img_mem155 input port DI3 is stuck 0, propagating ...,

All inputs of Distributed Ram \u_sched/u_cnn/img_mem155  are constant

Distributed Ram \u_sched/u_cnn/img_mem76 input port DI0 is stuck 0, propagating ...,

Distributed Ram \u_sched/u_cnn/img_mem76 input port DI1 is stuck 0, propagating ...,

Distributed Ram \u_sched/u_cnn/img_mem76 input port DI2 is stuck 0, propagating ...,

Distributed Ram \u_sched/u_cnn/img_mem76 input port DI3 is stuck 0, propagating ...,

All inputs of Distributed Ram \u_sched/u_cnn/img_mem76  are constant

Distributed Ram \u_sched/u_cnn/img_mem50 input port DI0 is stuck 0, propagating ...,

Distributed Ram \u_sched/u_cnn/img_mem50 input port DI1 is stuck 0, propagating ...,

Distributed Ram \u_sched/u_cnn/img_mem50 input port DI2 is stuck 0, propagating ...,

Distributed Ram \u_sched/u_cnn/img_mem50 input port DI3 is stuck 0, propagating ...,

All inputs of Distributed Ram \u_sched/u_cnn/img_mem50  are constant

Distributed Ram \u_sched/u_cnn/img_mem198 input port DI0 is stuck 0, propagating ...,

Distributed Ram \u_sched/u_cnn/img_mem198 input port DI1 is stuck 0, propagating ...,

Distributed Ram \u_sched/u_cnn/img_mem198 input port DI2 is stuck 0, propagating ...,

Distributed Ram \u_sched/u_cnn/img_mem198 input port DI3 is stuck 0, propagating ...,

All inputs of Distributed Ram \u_sched/u_cnn/img_mem198  are constant

Distributed Ram \u_sched/u_cnn/img_mem152 input port DI0 is stuck 0, propagating ...,

Distributed Ram \u_sched/u_cnn/img_mem152 input port DI1 is stuck 0, propagating ...,

Distributed Ram \u_sched/u_cnn/img_mem152 input port DI2 is stuck 0, propagating ...,

Distributed Ram \u_sched/u_cnn/img_mem152 input port DI3 is stuck 0, propagating ...,

All inputs of Distributed Ram \u_sched/u_cnn/img_mem152  are constant

Distributed Ram \u_sched/u_cnn/img_mem154 input port DI0 is stuck 0, propagating ...,

Distributed Ram \u_sched/u_cnn/img_mem154 input port DI1 is stuck 0, propagating ...,

Distributed Ram \u_sched/u_cnn/img_mem154 input port DI2 is stuck 0, propagating ...,

Distributed Ram \u_sched/u_cnn/img_mem154 input port DI3 is stuck 0, propagating ...,

All inputs of Distributed Ram \u_sched/u_cnn/img_mem154  are constant

Distributed Ram \u_sched/u_cnn/img_mem149 input port DI0 is stuck 0, propagating ...,

Distributed Ram \u_sched/u_cnn/img_mem149 input port DI1 is stuck 0, propagating ...,

Distributed Ram \u_sched/u_cnn/img_mem149 input port DI2 is stuck 0, propagating ...,

Distributed Ram \u_sched/u_cnn/img_mem149 input port DI3 is stuck 0, propagating ...,

All inputs of Distributed Ram \u_sched/u_cnn/img_mem149  are constant

Distributed Ram \u_sched/u_cnn/img_mem74 input port DI0 is stuck 0, propagating ...,

Distributed Ram \u_sched/u_cnn/img_mem74 input port DI1 is stuck 0, propagating ...,

Distributed Ram \u_sched/u_cnn/img_mem74 input port DI2 is stuck 0, propagating ...,

Distributed Ram \u_sched/u_cnn/img_mem74 input port DI3 is stuck 0, propagating ...,

All inputs of Distributed Ram \u_sched/u_cnn/img_mem74  are constant

Distributed Ram \u_sched/u_cnn/img_mem126 input port DI0 is stuck 0, propagating ...,

Distributed Ram \u_sched/u_cnn/img_mem126 input port DI1 is stuck 0, propagating ...,

Distributed Ram \u_sched/u_cnn/img_mem126 input port DI2 is stuck 0, propagating ...,

Distributed Ram \u_sched/u_cnn/img_mem126 input port DI3 is stuck 0, propagating ...,

All inputs of Distributed Ram \u_sched/u_cnn/img_mem126  are constant

Distributed Ram \u_sched/u_cnn/img_mem216 input port DI0 is stuck 0, propagating ...,

Distributed Ram \u_sched/u_cnn/img_mem216 input port DI1 is stuck 0, propagating ...,

Distributed Ram \u_sched/u_cnn/img_mem216 input port DI2 is stuck 0, propagating ...,

Distributed Ram \u_sched/u_cnn/img_mem216 input port DI3 is stuck 0, propagating ...,

All inputs of Distributed Ram \u_sched/u_cnn/img_mem216  are constant

Distributed Ram \u_sched/u_cnn/img_mem130 input port DI0 is stuck 0, propagating ...,

Distributed Ram \u_sched/u_cnn/img_mem130 input port DI1 is stuck 0, propagating ...,

Distributed Ram \u_sched/u_cnn/img_mem130 input port DI2 is stuck 0, propagating ...,

Distributed Ram \u_sched/u_cnn/img_mem130 input port DI3 is stuck 0, propagating ...,

All inputs of Distributed Ram \u_sched/u_cnn/img_mem130  are constant

Distributed Ram \u_sched/u_cnn/img_mem245 input port DI0 is stuck 0, propagating ...,

Distributed Ram \u_sched/u_cnn/img_mem245 input port DI1 is stuck 0, propagating ...,

Distributed Ram \u_sched/u_cnn/img_mem245 input port DI2 is stuck 0, propagating ...,

Distributed Ram \u_sched/u_cnn/img_mem245 input port DI3 is stuck 0, propagating ...,

All inputs of Distributed Ram \u_sched/u_cnn/img_mem245  are constant

Distributed Ram \u_sched/u_cnn/img_mem201 input port DI0 is stuck 0, propagating ...,

Distributed Ram \u_sched/u_cnn/img_mem201 input port DI1 is stuck 0, propagating ...,

Distributed Ram \u_sched/u_cnn/img_mem201 input port DI2 is stuck 0, propagating ...,

Distributed Ram \u_sched/u_cnn/img_mem201 input port DI3 is stuck 0, propagating ...,

All inputs of Distributed Ram \u_sched/u_cnn/img_mem201  are constant

Distributed Ram \u_sched/u_cnn/img_mem125 input port DI0 is stuck 0, propagating ...,

Distributed Ram \u_sched/u_cnn/img_mem125 input port DI1 is stuck 0, propagating ...,

Distributed Ram \u_sched/u_cnn/img_mem125 input port DI2 is stuck 0, propagating ...,

Distributed Ram \u_sched/u_cnn/img_mem125 input port DI3 is stuck 0, propagating ...,

All inputs of Distributed Ram \u_sched/u_cnn/img_mem125  are constant

Distributed Ram \u_sched/u_cnn/img_mem51 input port DI0 is stuck 0, propagating ...,

Distributed Ram \u_sched/u_cnn/img_mem51 input port DI1 is stuck 0, propagating ...,

Distributed Ram \u_sched/u_cnn/img_mem51 input port DI2 is stuck 0, propagating ...,

Distributed Ram \u_sched/u_cnn/img_mem51 input port DI3 is stuck 0, propagating ...,

All inputs of Distributed Ram \u_sched/u_cnn/img_mem51  are constant

Distributed Ram \u_sched/u_cnn/img_mem124 input port DI0 is stuck 0, propagating ...,

Distributed Ram \u_sched/u_cnn/img_mem124 input port DI1 is stuck 0, propagating ...,

Distributed Ram \u_sched/u_cnn/img_mem124 input port DI2 is stuck 0, propagating ...,

Distributed Ram \u_sched/u_cnn/img_mem124 input port DI3 is stuck 0, propagating ...,

All inputs of Distributed Ram \u_sched/u_cnn/img_mem124  are constant

Distributed Ram \u_sched/u_cnn/img_mem196 input port DI0 is stuck 0, propagating ...,

Distributed Ram \u_sched/u_cnn/img_mem196 input port DI1 is stuck 0, propagating ...,

Distributed Ram \u_sched/u_cnn/img_mem196 input port DI2 is stuck 0, propagating ...,

Distributed Ram \u_sched/u_cnn/img_mem196 input port DI3 is stuck 0, propagating ...,

All inputs of Distributed Ram \u_sched/u_cnn/img_mem196  are constant

Distributed Ram \u_sched/u_cnn/img_mem116 input port DI0 is stuck 0, propagating ...,

Distributed Ram \u_sched/u_cnn/img_mem116 input port DI1 is stuck 0, propagating ...,

Distributed Ram \u_sched/u_cnn/img_mem116 input port DI2 is stuck 0, propagating ...,

Distributed Ram \u_sched/u_cnn/img_mem116 input port DI3 is stuck 0, propagating ...,

All inputs of Distributed Ram \u_sched/u_cnn/img_mem116  are constant

Distributed Ram \u_sched/u_cnn/img_mem113 input port DI0 is stuck 0, propagating ...,

Distributed Ram \u_sched/u_cnn/img_mem113 input port DI1 is stuck 0, propagating ...,

Distributed Ram \u_sched/u_cnn/img_mem113 input port DI2 is stuck 0, propagating ...,

Distributed Ram \u_sched/u_cnn/img_mem113 input port DI3 is stuck 0, propagating ...,

All inputs of Distributed Ram \u_sched/u_cnn/img_mem113  are constant

Distributed Ram \u_sched/u_cnn/img_mem45 input port DI0 is stuck 0, propagating ...,

Distributed Ram \u_sched/u_cnn/img_mem45 input port DI1 is stuck 0, propagating ...,

Distributed Ram \u_sched/u_cnn/img_mem45 input port DI2 is stuck 0, propagating ...,

Distributed Ram \u_sched/u_cnn/img_mem45 input port DI3 is stuck 0, propagating ...,

All inputs of Distributed Ram \u_sched/u_cnn/img_mem45  are constant

Distributed Ram \u_sched/u_cnn/img_mem115 input port DI0 is stuck 0, propagating ...,

Distributed Ram \u_sched/u_cnn/img_mem115 input port DI1 is stuck 0, propagating ...,

Distributed Ram \u_sched/u_cnn/img_mem115 input port DI2 is stuck 0, propagating ...,

Distributed Ram \u_sched/u_cnn/img_mem115 input port DI3 is stuck 0, propagating ...,

All inputs of Distributed Ram \u_sched/u_cnn/img_mem115  are constant

Distributed Ram \u_sched/u_cnn/img_mem110 input port DI0 is stuck 0, propagating ...,

Distributed Ram \u_sched/u_cnn/img_mem110 input port DI1 is stuck 0, propagating ...,

Distributed Ram \u_sched/u_cnn/img_mem110 input port DI2 is stuck 0, propagating ...,

Distributed Ram \u_sched/u_cnn/img_mem110 input port DI3 is stuck 0, propagating ...,

All inputs of Distributed Ram \u_sched/u_cnn/img_mem110  are constant

Distributed Ram \u_sched/u_cnn/img_mem44 input port DI0 is stuck 0, propagating ...,

Distributed Ram \u_sched/u_cnn/img_mem44 input port DI1 is stuck 0, propagating ...,

Distributed Ram \u_sched/u_cnn/img_mem44 input port DI2 is stuck 0, propagating ...,

Distributed Ram \u_sched/u_cnn/img_mem44 input port DI3 is stuck 0, propagating ...,

All inputs of Distributed Ram \u_sched/u_cnn/img_mem44  are constant

Distributed Ram \u_sched/u_cnn/img_mem239 input port DI0 is stuck 0, propagating ...,

Distributed Ram \u_sched/u_cnn/img_mem239 input port DI1 is stuck 0, propagating ...,

Distributed Ram \u_sched/u_cnn/img_mem239 input port DI2 is stuck 0, propagating ...,

Distributed Ram \u_sched/u_cnn/img_mem239 input port DI3 is stuck 0, propagating ...,

All inputs of Distributed Ram \u_sched/u_cnn/img_mem239  are constant

Distributed Ram \u_sched/u_cnn/img_mem191 input port DI0 is stuck 0, propagating ...,

Distributed Ram \u_sched/u_cnn/img_mem191 input port DI1 is stuck 0, propagating ...,

Distributed Ram \u_sched/u_cnn/img_mem191 input port DI2 is stuck 0, propagating ...,

Distributed Ram \u_sched/u_cnn/img_mem191 input port DI3 is stuck 0, propagating ...,

All inputs of Distributed Ram \u_sched/u_cnn/img_mem191  are constant

Distributed Ram \u_sched/u_cnn/img_mem107 input port DI0 is stuck 0, propagating ...,

Distributed Ram \u_sched/u_cnn/img_mem107 input port DI1 is stuck 0, propagating ...,

Distributed Ram \u_sched/u_cnn/img_mem107 input port DI2 is stuck 0, propagating ...,

Distributed Ram \u_sched/u_cnn/img_mem107 input port DI3 is stuck 0, propagating ...,

All inputs of Distributed Ram \u_sched/u_cnn/img_mem107  are constant

Distributed Ram \u_sched/u_cnn/img_mem57 input port DI0 is stuck 0, propagating ...,

Distributed Ram \u_sched/u_cnn/img_mem57 input port DI1 is stuck 0, propagating ...,

Distributed Ram \u_sched/u_cnn/img_mem57 input port DI2 is stuck 0, propagating ...,

Distributed Ram \u_sched/u_cnn/img_mem57 input port DI3 is stuck 0, propagating ...,

All inputs of Distributed Ram \u_sched/u_cnn/img_mem57  are constant

Distributed Ram \u_sched/u_cnn/img_mem186 input port DI0 is stuck 0, propagating ...,

Distributed Ram \u_sched/u_cnn/img_mem186 input port DI1 is stuck 0, propagating ...,

Distributed Ram \u_sched/u_cnn/img_mem186 input port DI2 is stuck 0, propagating ...,

Distributed Ram \u_sched/u_cnn/img_mem186 input port DI3 is stuck 0, propagating ...,

All inputs of Distributed Ram \u_sched/u_cnn/img_mem186  are constant

Distributed Ram \u_sched/u_cnn/img_mem42 input port DI0 is stuck 0, propagating ...,

Distributed Ram \u_sched/u_cnn/img_mem42 input port DI1 is stuck 0, propagating ...,

Distributed Ram \u_sched/u_cnn/img_mem42 input port DI2 is stuck 0, propagating ...,

Distributed Ram \u_sched/u_cnn/img_mem42 input port DI3 is stuck 0, propagating ...,

All inputs of Distributed Ram \u_sched/u_cnn/img_mem42  are constant

Distributed Ram \u_sched/u_cnn/img_mem242 input port DI0 is stuck 0, propagating ...,

Distributed Ram \u_sched/u_cnn/img_mem242 input port DI1 is stuck 0, propagating ...,

Distributed Ram \u_sched/u_cnn/img_mem242 input port DI2 is stuck 0, propagating ...,

Distributed Ram \u_sched/u_cnn/img_mem242 input port DI3 is stuck 0, propagating ...,

All inputs of Distributed Ram \u_sched/u_cnn/img_mem242  are constant

Distributed Ram \u_sched/u_cnn/img_mem106 input port DI0 is stuck 0, propagating ...,

Distributed Ram \u_sched/u_cnn/img_mem106 input port DI1 is stuck 0, propagating ...,

Distributed Ram \u_sched/u_cnn/img_mem106 input port DI2 is stuck 0, propagating ...,

Distributed Ram \u_sched/u_cnn/img_mem106 input port DI3 is stuck 0, propagating ...,

All inputs of Distributed Ram \u_sched/u_cnn/img_mem106  are constant

Distributed Ram \u_sched/u_cnn/img_mem108 input port DI0 is stuck 0, propagating ...,

Distributed Ram \u_sched/u_cnn/img_mem108 input port DI1 is stuck 0, propagating ...,

Distributed Ram \u_sched/u_cnn/img_mem108 input port DI2 is stuck 0, propagating ...,

Distributed Ram \u_sched/u_cnn/img_mem108 input port DI3 is stuck 0, propagating ...,

All inputs of Distributed Ram \u_sched/u_cnn/img_mem108  are constant

Distributed Ram \u_sched/u_cnn/img_mem103 input port DI0 is stuck 0, propagating ...,

Distributed Ram \u_sched/u_cnn/img_mem103 input port DI1 is stuck 0, propagating ...,

Distributed Ram \u_sched/u_cnn/img_mem103 input port DI2 is stuck 0, propagating ...,

Distributed Ram \u_sched/u_cnn/img_mem103 input port DI3 is stuck 0, propagating ...,

All inputs of Distributed Ram \u_sched/u_cnn/img_mem103  are constant

Distributed Ram \u_sched/u_cnn/img_mem40 input port DI0 is stuck 0, propagating ...,

Distributed Ram \u_sched/u_cnn/img_mem40 input port DI1 is stuck 0, propagating ...,

Distributed Ram \u_sched/u_cnn/img_mem40 input port DI2 is stuck 0, propagating ...,

Distributed Ram \u_sched/u_cnn/img_mem40 input port DI3 is stuck 0, propagating ...,

All inputs of Distributed Ram \u_sched/u_cnn/img_mem40  are constant

Distributed Ram \u_sched/u_cnn/img_mem213 input port DI0 is stuck 0, propagating ...,

Distributed Ram \u_sched/u_cnn/img_mem213 input port DI1 is stuck 0, propagating ...,

Distributed Ram \u_sched/u_cnn/img_mem213 input port DI2 is stuck 0, propagating ...,

Distributed Ram \u_sched/u_cnn/img_mem213 input port DI3 is stuck 0, propagating ...,

All inputs of Distributed Ram \u_sched/u_cnn/img_mem213  are constant

Distributed Ram \u_sched/u_cnn/img_mem46 input port DI0 is stuck 0, propagating ...,

Distributed Ram \u_sched/u_cnn/img_mem46 input port DI1 is stuck 0, propagating ...,

Distributed Ram \u_sched/u_cnn/img_mem46 input port DI2 is stuck 0, propagating ...,

Distributed Ram \u_sched/u_cnn/img_mem46 input port DI3 is stuck 0, propagating ...,

All inputs of Distributed Ram \u_sched/u_cnn/img_mem46  are constant

Distributed Ram \u_sched/u_cnn/img_mem197 input port DI0 is stuck 0, propagating ...,

Distributed Ram \u_sched/u_cnn/img_mem197 input port DI1 is stuck 0, propagating ...,

Distributed Ram \u_sched/u_cnn/img_mem197 input port DI2 is stuck 0, propagating ...,

Distributed Ram \u_sched/u_cnn/img_mem197 input port DI3 is stuck 0, propagating ...,

All inputs of Distributed Ram \u_sched/u_cnn/img_mem197  are constant

Distributed Ram \u_sched/u_cnn/img_mem182 input port DI0 is stuck 0, propagating ...,

Distributed Ram \u_sched/u_cnn/img_mem182 input port DI1 is stuck 0, propagating ...,

Distributed Ram \u_sched/u_cnn/img_mem182 input port DI2 is stuck 0, propagating ...,

Distributed Ram \u_sched/u_cnn/img_mem182 input port DI3 is stuck 0, propagating ...,

All inputs of Distributed Ram \u_sched/u_cnn/img_mem182  are constant

Distributed Ram \u_sched/u_cnn/img_mem105 input port DI0 is stuck 0, propagating ...,

Distributed Ram \u_sched/u_cnn/img_mem105 input port DI1 is stuck 0, propagating ...,

Distributed Ram \u_sched/u_cnn/img_mem105 input port DI2 is stuck 0, propagating ...,

Distributed Ram \u_sched/u_cnn/img_mem105 input port DI3 is stuck 0, propagating ...,

All inputs of Distributed Ram \u_sched/u_cnn/img_mem105  are constant

Distributed Ram \u_sched/u_cnn/img_mem100 input port DI0 is stuck 0, propagating ...,

Distributed Ram \u_sched/u_cnn/img_mem100 input port DI1 is stuck 0, propagating ...,

Distributed Ram \u_sched/u_cnn/img_mem100 input port DI2 is stuck 0, propagating ...,

Distributed Ram \u_sched/u_cnn/img_mem100 input port DI3 is stuck 0, propagating ...,

All inputs of Distributed Ram \u_sched/u_cnn/img_mem100  are constant

Distributed Ram \u_sched/u_cnn/img_mem39 input port DI0 is stuck 0, propagating ...,

Distributed Ram \u_sched/u_cnn/img_mem39 input port DI1 is stuck 0, propagating ...,

Distributed Ram \u_sched/u_cnn/img_mem39 input port DI2 is stuck 0, propagating ...,

Distributed Ram \u_sched/u_cnn/img_mem39 input port DI3 is stuck 0, propagating ...,

All inputs of Distributed Ram \u_sched/u_cnn/img_mem39  are constant

Distributed Ram \u_sched/u_cnn/img_mem234 input port DI0 is stuck 0, propagating ...,

Distributed Ram \u_sched/u_cnn/img_mem234 input port DI1 is stuck 0, propagating ...,

Distributed Ram \u_sched/u_cnn/img_mem234 input port DI2 is stuck 0, propagating ...,

Distributed Ram \u_sched/u_cnn/img_mem234 input port DI3 is stuck 0, propagating ...,

All inputs of Distributed Ram \u_sched/u_cnn/img_mem234  are constant

Distributed Ram \u_sched/u_cnn/img_mem181 input port DI0 is stuck 0, propagating ...,

Distributed Ram \u_sched/u_cnn/img_mem181 input port DI1 is stuck 0, propagating ...,

Distributed Ram \u_sched/u_cnn/img_mem181 input port DI2 is stuck 0, propagating ...,

Distributed Ram \u_sched/u_cnn/img_mem181 input port DI3 is stuck 0, propagating ...,

All inputs of Distributed Ram \u_sched/u_cnn/img_mem181  are constant

Distributed Ram \u_sched/u_cnn/img_mem112 input port DI0 is stuck 0, propagating ...,

Distributed Ram \u_sched/u_cnn/img_mem112 input port DI1 is stuck 0, propagating ...,

Distributed Ram \u_sched/u_cnn/img_mem112 input port DI2 is stuck 0, propagating ...,

Distributed Ram \u_sched/u_cnn/img_mem112 input port DI3 is stuck 0, propagating ...,

All inputs of Distributed Ram \u_sched/u_cnn/img_mem112  are constant

Distributed Ram \u_sched/u_cnn/img_mem176 input port DI0 is stuck 0, propagating ...,

Distributed Ram \u_sched/u_cnn/img_mem176 input port DI1 is stuck 0, propagating ...,

Distributed Ram \u_sched/u_cnn/img_mem176 input port DI2 is stuck 0, propagating ...,

Distributed Ram \u_sched/u_cnn/img_mem176 input port DI3 is stuck 0, propagating ...,

All inputs of Distributed Ram \u_sched/u_cnn/img_mem176  are constant

Distributed Ram \u_sched/u_cnn/img_mem183 input port DI0 is stuck 0, propagating ...,

Distributed Ram \u_sched/u_cnn/img_mem183 input port DI1 is stuck 0, propagating ...,

Distributed Ram \u_sched/u_cnn/img_mem183 input port DI2 is stuck 0, propagating ...,

Distributed Ram \u_sched/u_cnn/img_mem183 input port DI3 is stuck 0, propagating ...,

All inputs of Distributed Ram \u_sched/u_cnn/img_mem183  are constant

Distributed Ram \u_sched/u_cnn/img_mem123 input port DI0 is stuck 0, propagating ...,

Distributed Ram \u_sched/u_cnn/img_mem123 input port DI1 is stuck 0, propagating ...,

Distributed Ram \u_sched/u_cnn/img_mem123 input port DI2 is stuck 0, propagating ...,

Distributed Ram \u_sched/u_cnn/img_mem123 input port DI3 is stuck 0, propagating ...,

All inputs of Distributed Ram \u_sched/u_cnn/img_mem123  are constant

Distributed Ram \u_sched/u_cnn/img_mem240 input port DI0 is stuck 0, propagating ...,

Distributed Ram \u_sched/u_cnn/img_mem240 input port DI1 is stuck 0, propagating ...,

Distributed Ram \u_sched/u_cnn/img_mem240 input port DI2 is stuck 0, propagating ...,

Distributed Ram \u_sched/u_cnn/img_mem240 input port DI3 is stuck 0, propagating ...,

All inputs of Distributed Ram \u_sched/u_cnn/img_mem240  are constant

Distributed Ram \u_sched/u_cnn/img_mem215 input port DI0 is stuck 0, propagating ...,

Distributed Ram \u_sched/u_cnn/img_mem215 input port DI1 is stuck 0, propagating ...,

Distributed Ram \u_sched/u_cnn/img_mem215 input port DI2 is stuck 0, propagating ...,

Distributed Ram \u_sched/u_cnn/img_mem215 input port DI3 is stuck 0, propagating ...,

All inputs of Distributed Ram \u_sched/u_cnn/img_mem215  are constant

Distributed Ram \u_sched/u_cnn/img_mem77 input port DI0 is stuck 0, propagating ...,

Distributed Ram \u_sched/u_cnn/img_mem77 input port DI1 is stuck 0, propagating ...,

Distributed Ram \u_sched/u_cnn/img_mem77 input port DI2 is stuck 0, propagating ...,

Distributed Ram \u_sched/u_cnn/img_mem77 input port DI3 is stuck 0, propagating ...,

All inputs of Distributed Ram \u_sched/u_cnn/img_mem77  are constant

Distributed Ram \u_sched/u_cnn/img_mem38 input port DI0 is stuck 0, propagating ...,

Distributed Ram \u_sched/u_cnn/img_mem38 input port DI1 is stuck 0, propagating ...,

Distributed Ram \u_sched/u_cnn/img_mem38 input port DI2 is stuck 0, propagating ...,

Distributed Ram \u_sched/u_cnn/img_mem38 input port DI3 is stuck 0, propagating ...,

All inputs of Distributed Ram \u_sched/u_cnn/img_mem38  are constant

Distributed Ram \u_sched/u_cnn/img_mem153 input port DI0 is stuck 0, propagating ...,

Distributed Ram \u_sched/u_cnn/img_mem153 input port DI1 is stuck 0, propagating ...,

Distributed Ram \u_sched/u_cnn/img_mem153 input port DI2 is stuck 0, propagating ...,

Distributed Ram \u_sched/u_cnn/img_mem153 input port DI3 is stuck 0, propagating ...,

All inputs of Distributed Ram \u_sched/u_cnn/img_mem153  are constant

Distributed Ram \u_sched/u_cnn/img_mem41 input port DI0 is stuck 0, propagating ...,

Distributed Ram \u_sched/u_cnn/img_mem41 input port DI1 is stuck 0, propagating ...,

Distributed Ram \u_sched/u_cnn/img_mem41 input port DI2 is stuck 0, propagating ...,

Distributed Ram \u_sched/u_cnn/img_mem41 input port DI3 is stuck 0, propagating ...,

All inputs of Distributed Ram \u_sched/u_cnn/img_mem41  are constant

Distributed Ram \u_sched/u_cnn/img_mem178 input port DI0 is stuck 0, propagating ...,

Distributed Ram \u_sched/u_cnn/img_mem178 input port DI1 is stuck 0, propagating ...,

Distributed Ram \u_sched/u_cnn/img_mem178 input port DI2 is stuck 0, propagating ...,

Distributed Ram \u_sched/u_cnn/img_mem178 input port DI3 is stuck 0, propagating ...,

All inputs of Distributed Ram \u_sched/u_cnn/img_mem178  are constant

Distributed Ram \u_sched/u_cnn/img_mem10 input port DI0 is stuck 0, propagating ...,

Distributed Ram \u_sched/u_cnn/img_mem10 input port DI1 is stuck 0, propagating ...,

Distributed Ram \u_sched/u_cnn/img_mem10 input port DI2 is stuck 0, propagating ...,

Distributed Ram \u_sched/u_cnn/img_mem10 input port DI3 is stuck 0, propagating ...,

All inputs of Distributed Ram \u_sched/u_cnn/img_mem10  are constant

Distributed Ram \u_sched/u_cnn/img_mem9 input port DI0 is stuck 0, propagating ...,

Distributed Ram \u_sched/u_cnn/img_mem9 input port DI1 is stuck 0, propagating ...,

Distributed Ram \u_sched/u_cnn/img_mem9 input port DI2 is stuck 0, propagating ...,

Distributed Ram \u_sched/u_cnn/img_mem9 input port DI3 is stuck 0, propagating ...,

All inputs of Distributed Ram \u_sched/u_cnn/img_mem9  are constant

Distributed Ram \u_sched/u_cnn/img_mem236 input port DI0 is stuck 0, propagating ...,

Distributed Ram \u_sched/u_cnn/img_mem236 input port DI1 is stuck 0, propagating ...,

Distributed Ram \u_sched/u_cnn/img_mem236 input port DI2 is stuck 0, propagating ...,

Distributed Ram \u_sched/u_cnn/img_mem236 input port DI3 is stuck 0, propagating ...,

All inputs of Distributed Ram \u_sched/u_cnn/img_mem236  are constant

Distributed Ram \u_sched/u_cnn/img_mem188 input port DI0 is stuck 0, propagating ...,

Distributed Ram \u_sched/u_cnn/img_mem188 input port DI1 is stuck 0, propagating ...,

Distributed Ram \u_sched/u_cnn/img_mem188 input port DI2 is stuck 0, propagating ...,

Distributed Ram \u_sched/u_cnn/img_mem188 input port DI3 is stuck 0, propagating ...,

All inputs of Distributed Ram \u_sched/u_cnn/img_mem188  are constant

Distributed Ram \u_sched/u_cnn/img_mem160 input port DI0 is stuck 0, propagating ...,

Distributed Ram \u_sched/u_cnn/img_mem160 input port DI1 is stuck 0, propagating ...,

Distributed Ram \u_sched/u_cnn/img_mem160 input port DI2 is stuck 0, propagating ...,

Distributed Ram \u_sched/u_cnn/img_mem160 input port DI3 is stuck 0, propagating ...,

All inputs of Distributed Ram \u_sched/u_cnn/img_mem160  are constant

Distributed Ram \u_sched/u_cnn/img_mem229 input port DI0 is stuck 0, propagating ...,

Distributed Ram \u_sched/u_cnn/img_mem229 input port DI1 is stuck 0, propagating ...,

Distributed Ram \u_sched/u_cnn/img_mem229 input port DI2 is stuck 0, propagating ...,

Distributed Ram \u_sched/u_cnn/img_mem229 input port DI3 is stuck 0, propagating ...,

All inputs of Distributed Ram \u_sched/u_cnn/img_mem229  are constant

Distributed Ram \u_sched/u_cnn/img_mem102 input port DI0 is stuck 0, propagating ...,

Distributed Ram \u_sched/u_cnn/img_mem102 input port DI1 is stuck 0, propagating ...,

Distributed Ram \u_sched/u_cnn/img_mem102 input port DI2 is stuck 0, propagating ...,

Distributed Ram \u_sched/u_cnn/img_mem102 input port DI3 is stuck 0, propagating ...,

All inputs of Distributed Ram \u_sched/u_cnn/img_mem102  are constant

Distributed Ram \u_sched/u_cnn/img_mem43 input port DI0 is stuck 0, propagating ...,

Distributed Ram \u_sched/u_cnn/img_mem43 input port DI1 is stuck 0, propagating ...,

Distributed Ram \u_sched/u_cnn/img_mem43 input port DI2 is stuck 0, propagating ...,

Distributed Ram \u_sched/u_cnn/img_mem43 input port DI3 is stuck 0, propagating ...,

All inputs of Distributed Ram \u_sched/u_cnn/img_mem43  are constant

Distributed Ram \u_sched/u_cnn/img_mem82 input port DI0 is stuck 0, propagating ...,

Distributed Ram \u_sched/u_cnn/img_mem82 input port DI1 is stuck 0, propagating ...,

Distributed Ram \u_sched/u_cnn/img_mem82 input port DI2 is stuck 0, propagating ...,

Distributed Ram \u_sched/u_cnn/img_mem82 input port DI3 is stuck 0, propagating ...,

All inputs of Distributed Ram \u_sched/u_cnn/img_mem82  are constant

Distributed Ram \u_sched/u_cnn/img_mem72 input port DI0 is stuck 0, propagating ...,

Distributed Ram \u_sched/u_cnn/img_mem72 input port DI1 is stuck 0, propagating ...,

Distributed Ram \u_sched/u_cnn/img_mem72 input port DI2 is stuck 0, propagating ...,

Distributed Ram \u_sched/u_cnn/img_mem72 input port DI3 is stuck 0, propagating ...,

All inputs of Distributed Ram \u_sched/u_cnn/img_mem72  are constant

Distributed Ram \u_sched/u_cnn/img_mem88 input port DI0 is stuck 0, propagating ...,

Distributed Ram \u_sched/u_cnn/img_mem88 input port DI1 is stuck 0, propagating ...,

Distributed Ram \u_sched/u_cnn/img_mem88 input port DI2 is stuck 0, propagating ...,

Distributed Ram \u_sched/u_cnn/img_mem88 input port DI3 is stuck 0, propagating ...,

All inputs of Distributed Ram \u_sched/u_cnn/img_mem88  are constant

Distributed Ram \u_sched/u_cnn/img_mem233 input port DI0 is stuck 0, propagating ...,

Distributed Ram \u_sched/u_cnn/img_mem233 input port DI1 is stuck 0, propagating ...,

Distributed Ram \u_sched/u_cnn/img_mem233 input port DI2 is stuck 0, propagating ...,

Distributed Ram \u_sched/u_cnn/img_mem233 input port DI3 is stuck 0, propagating ...,

All inputs of Distributed Ram \u_sched/u_cnn/img_mem233  are constant

Distributed Ram \u_sched/u_cnn/img_mem98 input port DI0 is stuck 0, propagating ...,

Distributed Ram \u_sched/u_cnn/img_mem98 input port DI1 is stuck 0, propagating ...,

Distributed Ram \u_sched/u_cnn/img_mem98 input port DI2 is stuck 0, propagating ...,

Distributed Ram \u_sched/u_cnn/img_mem98 input port DI3 is stuck 0, propagating ...,

All inputs of Distributed Ram \u_sched/u_cnn/img_mem98  are constant

Distributed Ram \u_sched/u_cnn/img_mem231 input port DI0 is stuck 0, propagating ...,

Distributed Ram \u_sched/u_cnn/img_mem231 input port DI1 is stuck 0, propagating ...,

Distributed Ram \u_sched/u_cnn/img_mem231 input port DI2 is stuck 0, propagating ...,

Distributed Ram \u_sched/u_cnn/img_mem231 input port DI3 is stuck 0, propagating ...,

All inputs of Distributed Ram \u_sched/u_cnn/img_mem231  are constant

Distributed Ram \u_sched/u_cnn/img_mem253 input port DI0 is stuck 0, propagating ...,

Distributed Ram \u_sched/u_cnn/img_mem253 input port DI1 is stuck 0, propagating ...,

Distributed Ram \u_sched/u_cnn/img_mem253 input port DI2 is stuck 0, propagating ...,

Distributed Ram \u_sched/u_cnn/img_mem253 input port DI3 is stuck 0, propagating ...,

All inputs of Distributed Ram \u_sched/u_cnn/img_mem253  are constant

Distributed Ram \u_sched/u_cnn/img_mem33 input port DI0 is stuck 0, propagating ...,

Distributed Ram \u_sched/u_cnn/img_mem33 input port DI1 is stuck 0, propagating ...,

Distributed Ram \u_sched/u_cnn/img_mem33 input port DI2 is stuck 0, propagating ...,

Distributed Ram \u_sched/u_cnn/img_mem33 input port DI3 is stuck 0, propagating ...,

All inputs of Distributed Ram \u_sched/u_cnn/img_mem33  are constant

Distributed Ram \u_sched/u_cnn/img_mem90 input port DI0 is stuck 0, propagating ...,

Distributed Ram \u_sched/u_cnn/img_mem90 input port DI1 is stuck 0, propagating ...,

Distributed Ram \u_sched/u_cnn/img_mem90 input port DI2 is stuck 0, propagating ...,

Distributed Ram \u_sched/u_cnn/img_mem90 input port DI3 is stuck 0, propagating ...,

All inputs of Distributed Ram \u_sched/u_cnn/img_mem90  are constant

Distributed Ram \u_sched/u_cnn/img_mem30 input port DI0 is stuck 0, propagating ...,

Distributed Ram \u_sched/u_cnn/img_mem30 input port DI1 is stuck 0, propagating ...,

Distributed Ram \u_sched/u_cnn/img_mem30 input port DI2 is stuck 0, propagating ...,

Distributed Ram \u_sched/u_cnn/img_mem30 input port DI3 is stuck 0, propagating ...,

All inputs of Distributed Ram \u_sched/u_cnn/img_mem30  are constant

Distributed Ram \u_sched/u_cnn/img_mem87 input port DI0 is stuck 0, propagating ...,

Distributed Ram \u_sched/u_cnn/img_mem87 input port DI1 is stuck 0, propagating ...,

Distributed Ram \u_sched/u_cnn/img_mem87 input port DI2 is stuck 0, propagating ...,

Distributed Ram \u_sched/u_cnn/img_mem87 input port DI3 is stuck 0, propagating ...,

All inputs of Distributed Ram \u_sched/u_cnn/img_mem87  are constant

Distributed Ram \u_sched/u_cnn/img_mem89 input port DI0 is stuck 0, propagating ...,

Distributed Ram \u_sched/u_cnn/img_mem89 input port DI1 is stuck 0, propagating ...,

Distributed Ram \u_sched/u_cnn/img_mem89 input port DI2 is stuck 0, propagating ...,

Distributed Ram \u_sched/u_cnn/img_mem89 input port DI3 is stuck 0, propagating ...,

All inputs of Distributed Ram \u_sched/u_cnn/img_mem89  are constant

Distributed Ram \u_sched/u_cnn/img_mem86 input port DI0 is stuck 0, propagating ...,

Distributed Ram \u_sched/u_cnn/img_mem86 input port DI1 is stuck 0, propagating ...,

Distributed Ram \u_sched/u_cnn/img_mem86 input port DI2 is stuck 0, propagating ...,

Distributed Ram \u_sched/u_cnn/img_mem86 input port DI3 is stuck 0, propagating ...,

All inputs of Distributed Ram \u_sched/u_cnn/img_mem86  are constant

Distributed Ram \u_sched/u_cnn/img_mem84 input port DI0 is stuck 0, propagating ...,

Distributed Ram \u_sched/u_cnn/img_mem84 input port DI1 is stuck 0, propagating ...,

Distributed Ram \u_sched/u_cnn/img_mem84 input port DI2 is stuck 0, propagating ...,

Distributed Ram \u_sched/u_cnn/img_mem84 input port DI3 is stuck 0, propagating ...,

All inputs of Distributed Ram \u_sched/u_cnn/img_mem84  are constant

Distributed Ram \u_sched/u_cnn/img_mem28 input port DI0 is stuck 0, propagating ...,

Distributed Ram \u_sched/u_cnn/img_mem28 input port DI1 is stuck 0, propagating ...,

Distributed Ram \u_sched/u_cnn/img_mem28 input port DI2 is stuck 0, propagating ...,

Distributed Ram \u_sched/u_cnn/img_mem28 input port DI3 is stuck 0, propagating ...,

All inputs of Distributed Ram \u_sched/u_cnn/img_mem28  are constant

Distributed Ram \u_sched/u_cnn/img_mem212 input port DI0 is stuck 0, propagating ...,

Distributed Ram \u_sched/u_cnn/img_mem212 input port DI1 is stuck 0, propagating ...,

Distributed Ram \u_sched/u_cnn/img_mem212 input port DI2 is stuck 0, propagating ...,

Distributed Ram \u_sched/u_cnn/img_mem212 input port DI3 is stuck 0, propagating ...,

All inputs of Distributed Ram \u_sched/u_cnn/img_mem212  are constant

Distributed Ram \u_sched/u_cnn/img_mem161 input port DI0 is stuck 0, propagating ...,

Distributed Ram \u_sched/u_cnn/img_mem161 input port DI1 is stuck 0, propagating ...,

Distributed Ram \u_sched/u_cnn/img_mem161 input port DI2 is stuck 0, propagating ...,

Distributed Ram \u_sched/u_cnn/img_mem161 input port DI3 is stuck 0, propagating ...,

All inputs of Distributed Ram \u_sched/u_cnn/img_mem161  are constant

Distributed Ram \u_sched/u_cnn/img_mem26 input port DI0 is stuck 0, propagating ...,

Distributed Ram \u_sched/u_cnn/img_mem26 input port DI1 is stuck 0, propagating ...,

Distributed Ram \u_sched/u_cnn/img_mem26 input port DI2 is stuck 0, propagating ...,

Distributed Ram \u_sched/u_cnn/img_mem26 input port DI3 is stuck 0, propagating ...,

All inputs of Distributed Ram \u_sched/u_cnn/img_mem26  are constant

Distributed Ram \u_sched/u_cnn/img_mem251 input port DI0 is stuck 0, propagating ...,

Distributed Ram \u_sched/u_cnn/img_mem251 input port DI1 is stuck 0, propagating ...,

Distributed Ram \u_sched/u_cnn/img_mem251 input port DI2 is stuck 0, propagating ...,

Distributed Ram \u_sched/u_cnn/img_mem251 input port DI3 is stuck 0, propagating ...,

All inputs of Distributed Ram \u_sched/u_cnn/img_mem251  are constant

Distributed Ram \u_sched/u_cnn/img_mem83 input port DI0 is stuck 0, propagating ...,

Distributed Ram \u_sched/u_cnn/img_mem83 input port DI1 is stuck 0, propagating ...,

Distributed Ram \u_sched/u_cnn/img_mem83 input port DI2 is stuck 0, propagating ...,

Distributed Ram \u_sched/u_cnn/img_mem83 input port DI3 is stuck 0, propagating ...,

All inputs of Distributed Ram \u_sched/u_cnn/img_mem83  are constant

Distributed Ram \u_sched/u_cnn/img_mem78 input port DI0 is stuck 0, propagating ...,

Distributed Ram \u_sched/u_cnn/img_mem78 input port DI1 is stuck 0, propagating ...,

Distributed Ram \u_sched/u_cnn/img_mem78 input port DI2 is stuck 0, propagating ...,

Distributed Ram \u_sched/u_cnn/img_mem78 input port DI3 is stuck 0, propagating ...,

All inputs of Distributed Ram \u_sched/u_cnn/img_mem78  are constant

Distributed Ram \u_sched/u_cnn/img_mem147 input port DI0 is stuck 0, propagating ...,

Distributed Ram \u_sched/u_cnn/img_mem147 input port DI1 is stuck 0, propagating ...,

Distributed Ram \u_sched/u_cnn/img_mem147 input port DI2 is stuck 0, propagating ...,

Distributed Ram \u_sched/u_cnn/img_mem147 input port DI3 is stuck 0, propagating ...,

All inputs of Distributed Ram \u_sched/u_cnn/img_mem147  are constant

Distributed Ram \u_sched/u_cnn/img_mem157 input port DI0 is stuck 0, propagating ...,

Distributed Ram \u_sched/u_cnn/img_mem157 input port DI1 is stuck 0, propagating ...,

Distributed Ram \u_sched/u_cnn/img_mem157 input port DI2 is stuck 0, propagating ...,

Distributed Ram \u_sched/u_cnn/img_mem157 input port DI3 is stuck 0, propagating ...,

All inputs of Distributed Ram \u_sched/u_cnn/img_mem157  are constant

Distributed Ram \u_sched/u_cnn/img_mem80 input port DI0 is stuck 0, propagating ...,

Distributed Ram \u_sched/u_cnn/img_mem80 input port DI1 is stuck 0, propagating ...,

Distributed Ram \u_sched/u_cnn/img_mem80 input port DI2 is stuck 0, propagating ...,

Distributed Ram \u_sched/u_cnn/img_mem80 input port DI3 is stuck 0, propagating ...,

All inputs of Distributed Ram \u_sched/u_cnn/img_mem80  are constant

Distributed Ram \u_sched/u_cnn/img_mem75 input port DI0 is stuck 0, propagating ...,

Distributed Ram \u_sched/u_cnn/img_mem75 input port DI1 is stuck 0, propagating ...,

Distributed Ram \u_sched/u_cnn/img_mem75 input port DI2 is stuck 0, propagating ...,

Distributed Ram \u_sched/u_cnn/img_mem75 input port DI3 is stuck 0, propagating ...,

All inputs of Distributed Ram \u_sched/u_cnn/img_mem75  are constant

Distributed Ram \u_sched/u_cnn/img_mem23 input port DI0 is stuck 0, propagating ...,

Distributed Ram \u_sched/u_cnn/img_mem23 input port DI1 is stuck 0, propagating ...,

Distributed Ram \u_sched/u_cnn/img_mem23 input port DI2 is stuck 0, propagating ...,

Distributed Ram \u_sched/u_cnn/img_mem23 input port DI3 is stuck 0, propagating ...,

All inputs of Distributed Ram \u_sched/u_cnn/img_mem23  are constant

Distributed Ram \u_sched/u_cnn/img_mem156 input port DI0 is stuck 0, propagating ...,

Distributed Ram \u_sched/u_cnn/img_mem156 input port DI1 is stuck 0, propagating ...,

Distributed Ram \u_sched/u_cnn/img_mem156 input port DI2 is stuck 0, propagating ...,

Distributed Ram \u_sched/u_cnn/img_mem156 input port DI3 is stuck 0, propagating ...,

All inputs of Distributed Ram \u_sched/u_cnn/img_mem156  are constant

Distributed Ram \u_sched/u_cnn/img_mem151 input port DI0 is stuck 0, propagating ...,

Distributed Ram \u_sched/u_cnn/img_mem151 input port DI1 is stuck 0, propagating ...,

Distributed Ram \u_sched/u_cnn/img_mem151 input port DI2 is stuck 0, propagating ...,

Distributed Ram \u_sched/u_cnn/img_mem151 input port DI3 is stuck 0, propagating ...,

All inputs of Distributed Ram \u_sched/u_cnn/img_mem151  are constant

Distributed Ram \u_sched/u_cnn/img_mem21 input port DI0 is stuck 0, propagating ...,

Distributed Ram \u_sched/u_cnn/img_mem21 input port DI1 is stuck 0, propagating ...,

Distributed Ram \u_sched/u_cnn/img_mem21 input port DI2 is stuck 0, propagating ...,

Distributed Ram \u_sched/u_cnn/img_mem21 input port DI3 is stuck 0, propagating ...,

All inputs of Distributed Ram \u_sched/u_cnn/img_mem21  are constant

Distributed Ram \u_sched/u_cnn/img_mem73 input port DI0 is stuck 0, propagating ...,

Distributed Ram \u_sched/u_cnn/img_mem73 input port DI1 is stuck 0, propagating ...,

Distributed Ram \u_sched/u_cnn/img_mem73 input port DI2 is stuck 0, propagating ...,

Distributed Ram \u_sched/u_cnn/img_mem73 input port DI3 is stuck 0, propagating ...,

All inputs of Distributed Ram \u_sched/u_cnn/img_mem73  are constant

Distributed Ram \u_sched/u_cnn/img_mem217 input port DI0 is stuck 0, propagating ...,

Distributed Ram \u_sched/u_cnn/img_mem217 input port DI1 is stuck 0, propagating ...,

Distributed Ram \u_sched/u_cnn/img_mem217 input port DI2 is stuck 0, propagating ...,

Distributed Ram \u_sched/u_cnn/img_mem217 input port DI3 is stuck 0, propagating ...,

All inputs of Distributed Ram \u_sched/u_cnn/img_mem217  are constant

Distributed Ram \u_sched/u_cnn/img_mem25 input port DI0 is stuck 0, propagating ...,

Distributed Ram \u_sched/u_cnn/img_mem25 input port DI1 is stuck 0, propagating ...,

Distributed Ram \u_sched/u_cnn/img_mem25 input port DI2 is stuck 0, propagating ...,

Distributed Ram \u_sched/u_cnn/img_mem25 input port DI3 is stuck 0, propagating ...,

All inputs of Distributed Ram \u_sched/u_cnn/img_mem25  are constant

Distributed Ram \u_sched/u_cnn/img_mem158 input port DI0 is stuck 0, propagating ...,

Distributed Ram \u_sched/u_cnn/img_mem158 input port DI1 is stuck 0, propagating ...,

Distributed Ram \u_sched/u_cnn/img_mem158 input port DI2 is stuck 0, propagating ...,

Distributed Ram \u_sched/u_cnn/img_mem158 input port DI3 is stuck 0, propagating ...,

All inputs of Distributed Ram \u_sched/u_cnn/img_mem158  are constant

Distributed Ram \u_sched/u_cnn/img_mem172 input port DI0 is stuck 0, propagating ...,

Distributed Ram \u_sched/u_cnn/img_mem172 input port DI1 is stuck 0, propagating ...,

Distributed Ram \u_sched/u_cnn/img_mem172 input port DI2 is stuck 0, propagating ...,

Distributed Ram \u_sched/u_cnn/img_mem172 input port DI3 is stuck 0, propagating ...,

All inputs of Distributed Ram \u_sched/u_cnn/img_mem172  are constant

Distributed Ram \u_sched/u_cnn/img_mem8 input port DI0 is stuck 0, propagating ...,

Distributed Ram \u_sched/u_cnn/img_mem8 input port DI1 is stuck 0, propagating ...,

Distributed Ram \u_sched/u_cnn/img_mem8 input port DI2 is stuck 0, propagating ...,

Distributed Ram \u_sched/u_cnn/img_mem8 input port DI3 is stuck 0, propagating ...,

All inputs of Distributed Ram \u_sched/u_cnn/img_mem8  are constant

Distributed Ram \u_sched/u_cnn/img_mem35 input port DI0 is stuck 0, propagating ...,

Distributed Ram \u_sched/u_cnn/img_mem35 input port DI1 is stuck 0, propagating ...,

Distributed Ram \u_sched/u_cnn/img_mem35 input port DI2 is stuck 0, propagating ...,

Distributed Ram \u_sched/u_cnn/img_mem35 input port DI3 is stuck 0, propagating ...,

All inputs of Distributed Ram \u_sched/u_cnn/img_mem35  are constant

Distributed Ram \u_sched/u_cnn/img_mem37 input port DI0 is stuck 0, propagating ...,

Distributed Ram \u_sched/u_cnn/img_mem37 input port DI1 is stuck 0, propagating ...,

Distributed Ram \u_sched/u_cnn/img_mem37 input port DI2 is stuck 0, propagating ...,

Distributed Ram \u_sched/u_cnn/img_mem37 input port DI3 is stuck 0, propagating ...,

All inputs of Distributed Ram \u_sched/u_cnn/img_mem37  are constant

Distributed Ram \u_sched/u_cnn/img_mem32 input port DI0 is stuck 0, propagating ...,

Distributed Ram \u_sched/u_cnn/img_mem32 input port DI1 is stuck 0, propagating ...,

Distributed Ram \u_sched/u_cnn/img_mem32 input port DI2 is stuck 0, propagating ...,

Distributed Ram \u_sched/u_cnn/img_mem32 input port DI3 is stuck 0, propagating ...,

All inputs of Distributed Ram \u_sched/u_cnn/img_mem32  are constant

Distributed Ram \u_sched/u_cnn/img_mem6 input port DI0 is stuck 0, propagating ...,

Distributed Ram \u_sched/u_cnn/img_mem6 input port DI1 is stuck 0, propagating ...,

Distributed Ram \u_sched/u_cnn/img_mem6 input port DI2 is stuck 0, propagating ...,

Distributed Ram \u_sched/u_cnn/img_mem6 input port DI3 is stuck 0, propagating ...,

All inputs of Distributed Ram \u_sched/u_cnn/img_mem6  are constant

Distributed Ram \u_sched/u_cnn/img_mem34 input port DI0 is stuck 0, propagating ...,

Distributed Ram \u_sched/u_cnn/img_mem34 input port DI1 is stuck 0, propagating ...,

Distributed Ram \u_sched/u_cnn/img_mem34 input port DI2 is stuck 0, propagating ...,

Distributed Ram \u_sched/u_cnn/img_mem34 input port DI3 is stuck 0, propagating ...,

All inputs of Distributed Ram \u_sched/u_cnn/img_mem34  are constant

Distributed Ram \u_sched/u_cnn/img_mem29 input port DI0 is stuck 0, propagating ...,

Distributed Ram \u_sched/u_cnn/img_mem29 input port DI1 is stuck 0, propagating ...,

Distributed Ram \u_sched/u_cnn/img_mem29 input port DI2 is stuck 0, propagating ...,

Distributed Ram \u_sched/u_cnn/img_mem29 input port DI3 is stuck 0, propagating ...,

All inputs of Distributed Ram \u_sched/u_cnn/img_mem29  are constant

Distributed Ram \u_sched/u_cnn/img_mem5 input port DI0 is stuck 0, propagating ...,

Distributed Ram \u_sched/u_cnn/img_mem5 input port DI1 is stuck 0, propagating ...,

Distributed Ram \u_sched/u_cnn/img_mem5 input port DI2 is stuck 0, propagating ...,

Distributed Ram \u_sched/u_cnn/img_mem5 input port DI3 is stuck 0, propagating ...,

All inputs of Distributed Ram \u_sched/u_cnn/img_mem5  are constant

Distributed Ram \u_sched/u_cnn/img_mem91 input port DI0 is stuck 0, propagating ...,

Distributed Ram \u_sched/u_cnn/img_mem91 input port DI1 is stuck 0, propagating ...,

Distributed Ram \u_sched/u_cnn/img_mem91 input port DI2 is stuck 0, propagating ...,

Distributed Ram \u_sched/u_cnn/img_mem91 input port DI3 is stuck 0, propagating ...,

All inputs of Distributed Ram \u_sched/u_cnn/img_mem91  are constant

Distributed Ram \u_sched/u_cnn/img_mem148 input port DI0 is stuck 0, propagating ...,

Distributed Ram \u_sched/u_cnn/img_mem148 input port DI1 is stuck 0, propagating ...,

Distributed Ram \u_sched/u_cnn/img_mem148 input port DI2 is stuck 0, propagating ...,

Distributed Ram \u_sched/u_cnn/img_mem148 input port DI3 is stuck 0, propagating ...,

All inputs of Distributed Ram \u_sched/u_cnn/img_mem148  are constant

Distributed Ram \u_sched/u_cnn/img_mem22 input port DI0 is stuck 0, propagating ...,

Distributed Ram \u_sched/u_cnn/img_mem22 input port DI1 is stuck 0, propagating ...,

Distributed Ram \u_sched/u_cnn/img_mem22 input port DI2 is stuck 0, propagating ...,

Distributed Ram \u_sched/u_cnn/img_mem22 input port DI3 is stuck 0, propagating ...,

All inputs of Distributed Ram \u_sched/u_cnn/img_mem22  are constant

Distributed Ram \u_sched/u_cnn/img_mem53 input port DI0 is stuck 0, propagating ...,

Distributed Ram \u_sched/u_cnn/img_mem53 input port DI1 is stuck 0, propagating ...,

Distributed Ram \u_sched/u_cnn/img_mem53 input port DI2 is stuck 0, propagating ...,

Distributed Ram \u_sched/u_cnn/img_mem53 input port DI3 is stuck 0, propagating ...,

All inputs of Distributed Ram \u_sched/u_cnn/img_mem53  are constant

Distributed Ram \u_sched/u_cnn/img_mem14 input port DI0 is stuck 0, propagating ...,

Distributed Ram \u_sched/u_cnn/img_mem14 input port DI1 is stuck 0, propagating ...,

Distributed Ram \u_sched/u_cnn/img_mem14 input port DI2 is stuck 0, propagating ...,

Distributed Ram \u_sched/u_cnn/img_mem14 input port DI3 is stuck 0, propagating ...,

All inputs of Distributed Ram \u_sched/u_cnn/img_mem14  are constant

Distributed Ram \u_sched/u_cnn/img_mem510 input port DI0 is stuck 0, propagating ...,

Distributed Ram \u_sched/u_cnn/img_mem510 input port DI1 is stuck 0, propagating ...,

Distributed Ram \u_sched/u_cnn/img_mem510 input port DI2 is stuck 0, propagating ...,

Distributed Ram \u_sched/u_cnn/img_mem510 input port DI3 is stuck 0, propagating ...,

All inputs of Distributed Ram \u_sched/u_cnn/img_mem510  are constant

Distributed Ram \u_sched/u_cnn/img_mem509 input port DI0 is stuck 0, propagating ...,

Distributed Ram \u_sched/u_cnn/img_mem509 input port DI1 is stuck 0, propagating ...,

Distributed Ram \u_sched/u_cnn/img_mem509 input port DI2 is stuck 0, propagating ...,

Distributed Ram \u_sched/u_cnn/img_mem509 input port DI3 is stuck 0, propagating ...,

All inputs of Distributed Ram \u_sched/u_cnn/img_mem509  are constant

Distributed Ram \u_sched/u_cnn/img_mem508 input port DI0 is stuck 0, propagating ...,

Distributed Ram \u_sched/u_cnn/img_mem508 input port DI1 is stuck 0, propagating ...,

Distributed Ram \u_sched/u_cnn/img_mem508 input port DI2 is stuck 0, propagating ...,

Distributed Ram \u_sched/u_cnn/img_mem508 input port DI3 is stuck 0, propagating ...,

All inputs of Distributed Ram \u_sched/u_cnn/img_mem508  are constant

Distributed Ram \u_sched/u_cnn/img_mem502 input port DI0 is stuck 0, propagating ...,

Distributed Ram \u_sched/u_cnn/img_mem502 input port DI1 is stuck 0, propagating ...,

Distributed Ram \u_sched/u_cnn/img_mem502 input port DI2 is stuck 0, propagating ...,

Distributed Ram \u_sched/u_cnn/img_mem502 input port DI3 is stuck 0, propagating ...,

All inputs of Distributed Ram \u_sched/u_cnn/img_mem502  are constant

Distributed Ram \u_sched/u_cnn/img_mem499 input port DI0 is stuck 0, propagating ...,

Distributed Ram \u_sched/u_cnn/img_mem499 input port DI1 is stuck 0, propagating ...,

Distributed Ram \u_sched/u_cnn/img_mem499 input port DI2 is stuck 0, propagating ...,

Distributed Ram \u_sched/u_cnn/img_mem499 input port DI3 is stuck 0, propagating ...,

All inputs of Distributed Ram \u_sched/u_cnn/img_mem499  are constant

Distributed Ram \u_sched/u_cnn/img_mem498 input port DI0 is stuck 0, propagating ...,

Distributed Ram \u_sched/u_cnn/img_mem498 input port DI1 is stuck 0, propagating ...,

Distributed Ram \u_sched/u_cnn/img_mem498 input port DI2 is stuck 0, propagating ...,

Distributed Ram \u_sched/u_cnn/img_mem498 input port DI3 is stuck 0, propagating ...,

All inputs of Distributed Ram \u_sched/u_cnn/img_mem498  are constant

Distributed Ram \u_sched/u_cnn/img_mem497 input port DI0 is stuck 0, propagating ...,

Distributed Ram \u_sched/u_cnn/img_mem497 input port DI1 is stuck 0, propagating ...,

Distributed Ram \u_sched/u_cnn/img_mem497 input port DI2 is stuck 0, propagating ...,

Distributed Ram \u_sched/u_cnn/img_mem497 input port DI3 is stuck 0, propagating ...,

All inputs of Distributed Ram \u_sched/u_cnn/img_mem497  are constant

Distributed Ram \u_sched/u_cnn/img_mem496 input port DI0 is stuck 0, propagating ...,

Distributed Ram \u_sched/u_cnn/img_mem496 input port DI1 is stuck 0, propagating ...,

Distributed Ram \u_sched/u_cnn/img_mem496 input port DI2 is stuck 0, propagating ...,

Distributed Ram \u_sched/u_cnn/img_mem496 input port DI3 is stuck 0, propagating ...,

All inputs of Distributed Ram \u_sched/u_cnn/img_mem496  are constant

Distributed Ram \u_sched/u_cnn/img_mem494 input port DI0 is stuck 0, propagating ...,

Distributed Ram \u_sched/u_cnn/img_mem494 input port DI1 is stuck 0, propagating ...,

Distributed Ram \u_sched/u_cnn/img_mem494 input port DI2 is stuck 0, propagating ...,

Distributed Ram \u_sched/u_cnn/img_mem494 input port DI3 is stuck 0, propagating ...,

All inputs of Distributed Ram \u_sched/u_cnn/img_mem494  are constant

Distributed Ram \u_sched/u_cnn/img_mem493 input port DI0 is stuck 0, propagating ...,

Distributed Ram \u_sched/u_cnn/img_mem493 input port DI1 is stuck 0, propagating ...,

Distributed Ram \u_sched/u_cnn/img_mem493 input port DI2 is stuck 0, propagating ...,

Distributed Ram \u_sched/u_cnn/img_mem493 input port DI3 is stuck 0, propagating ...,

All inputs of Distributed Ram \u_sched/u_cnn/img_mem493  are constant

Distributed Ram \u_sched/u_cnn/img_mem492 input port DI0 is stuck 0, propagating ...,

Distributed Ram \u_sched/u_cnn/img_mem492 input port DI1 is stuck 0, propagating ...,

Distributed Ram \u_sched/u_cnn/img_mem492 input port DI2 is stuck 0, propagating ...,

Distributed Ram \u_sched/u_cnn/img_mem492 input port DI3 is stuck 0, propagating ...,

All inputs of Distributed Ram \u_sched/u_cnn/img_mem492  are constant

Distributed Ram \u_sched/u_cnn/img_mem491 input port DI0 is stuck 0, propagating ...,

Distributed Ram \u_sched/u_cnn/img_mem491 input port DI1 is stuck 0, propagating ...,

Distributed Ram \u_sched/u_cnn/img_mem491 input port DI2 is stuck 0, propagating ...,

Distributed Ram \u_sched/u_cnn/img_mem491 input port DI3 is stuck 0, propagating ...,

All inputs of Distributed Ram \u_sched/u_cnn/img_mem491  are constant

Distributed Ram \u_sched/u_cnn/img_mem490 input port DI0 is stuck 0, propagating ...,

Distributed Ram \u_sched/u_cnn/img_mem490 input port DI1 is stuck 0, propagating ...,

Distributed Ram \u_sched/u_cnn/img_mem490 input port DI2 is stuck 0, propagating ...,

Distributed Ram \u_sched/u_cnn/img_mem490 input port DI3 is stuck 0, propagating ...,

All inputs of Distributed Ram \u_sched/u_cnn/img_mem490  are constant

Distributed Ram \u_sched/u_cnn/img_mem489 input port DI0 is stuck 0, propagating ...,

Distributed Ram \u_sched/u_cnn/img_mem489 input port DI1 is stuck 0, propagating ...,

Distributed Ram \u_sched/u_cnn/img_mem489 input port DI2 is stuck 0, propagating ...,

Distributed Ram \u_sched/u_cnn/img_mem489 input port DI3 is stuck 0, propagating ...,

All inputs of Distributed Ram \u_sched/u_cnn/img_mem489  are constant

Distributed Ram \u_sched/u_cnn/img_mem488 input port DI0 is stuck 0, propagating ...,

Distributed Ram \u_sched/u_cnn/img_mem488 input port DI1 is stuck 0, propagating ...,

Distributed Ram \u_sched/u_cnn/img_mem488 input port DI2 is stuck 0, propagating ...,

Distributed Ram \u_sched/u_cnn/img_mem488 input port DI3 is stuck 0, propagating ...,

All inputs of Distributed Ram \u_sched/u_cnn/img_mem488  are constant

Distributed Ram \u_sched/u_cnn/img_mem487 input port DI0 is stuck 0, propagating ...,

Distributed Ram \u_sched/u_cnn/img_mem487 input port DI1 is stuck 0, propagating ...,

Distributed Ram \u_sched/u_cnn/img_mem487 input port DI2 is stuck 0, propagating ...,

Distributed Ram \u_sched/u_cnn/img_mem487 input port DI3 is stuck 0, propagating ...,

All inputs of Distributed Ram \u_sched/u_cnn/img_mem487  are constant

Distributed Ram \u_sched/u_cnn/img_mem486 input port DI0 is stuck 0, propagating ...,

Distributed Ram \u_sched/u_cnn/img_mem486 input port DI1 is stuck 0, propagating ...,

Distributed Ram \u_sched/u_cnn/img_mem486 input port DI2 is stuck 0, propagating ...,

Distributed Ram \u_sched/u_cnn/img_mem486 input port DI3 is stuck 0, propagating ...,

All inputs of Distributed Ram \u_sched/u_cnn/img_mem486  are constant

Distributed Ram \u_sched/u_cnn/img_mem485 input port DI0 is stuck 0, propagating ...,

Distributed Ram \u_sched/u_cnn/img_mem485 input port DI1 is stuck 0, propagating ...,

Distributed Ram \u_sched/u_cnn/img_mem485 input port DI2 is stuck 0, propagating ...,

Distributed Ram \u_sched/u_cnn/img_mem485 input port DI3 is stuck 0, propagating ...,

All inputs of Distributed Ram \u_sched/u_cnn/img_mem485  are constant

Distributed Ram \u_sched/u_cnn/img_mem474 input port DI0 is stuck 0, propagating ...,

Distributed Ram \u_sched/u_cnn/img_mem474 input port DI1 is stuck 0, propagating ...,

Distributed Ram \u_sched/u_cnn/img_mem474 input port DI2 is stuck 0, propagating ...,

Distributed Ram \u_sched/u_cnn/img_mem474 input port DI3 is stuck 0, propagating ...,

All inputs of Distributed Ram \u_sched/u_cnn/img_mem474  are constant

Distributed Ram \u_sched/u_cnn/img_mem473 input port DI0 is stuck 0, propagating ...,

Distributed Ram \u_sched/u_cnn/img_mem473 input port DI1 is stuck 0, propagating ...,

Distributed Ram \u_sched/u_cnn/img_mem473 input port DI2 is stuck 0, propagating ...,

Distributed Ram \u_sched/u_cnn/img_mem473 input port DI3 is stuck 0, propagating ...,

All inputs of Distributed Ram \u_sched/u_cnn/img_mem473  are constant

Distributed Ram \u_sched/u_cnn/img_mem472 input port DI0 is stuck 0, propagating ...,

Distributed Ram \u_sched/u_cnn/img_mem472 input port DI1 is stuck 0, propagating ...,

Distributed Ram \u_sched/u_cnn/img_mem472 input port DI2 is stuck 0, propagating ...,

Distributed Ram \u_sched/u_cnn/img_mem472 input port DI3 is stuck 0, propagating ...,

All inputs of Distributed Ram \u_sched/u_cnn/img_mem472  are constant

Distributed Ram \u_sched/u_cnn/img_mem471 input port DI0 is stuck 0, propagating ...,

Distributed Ram \u_sched/u_cnn/img_mem471 input port DI1 is stuck 0, propagating ...,

Distributed Ram \u_sched/u_cnn/img_mem471 input port DI2 is stuck 0, propagating ...,

Distributed Ram \u_sched/u_cnn/img_mem471 input port DI3 is stuck 0, propagating ...,

All inputs of Distributed Ram \u_sched/u_cnn/img_mem471  are constant

Distributed Ram \u_sched/u_cnn/img_mem470 input port DI0 is stuck 0, propagating ...,

Distributed Ram \u_sched/u_cnn/img_mem470 input port DI1 is stuck 0, propagating ...,

Distributed Ram \u_sched/u_cnn/img_mem470 input port DI2 is stuck 0, propagating ...,

Distributed Ram \u_sched/u_cnn/img_mem470 input port DI3 is stuck 0, propagating ...,

All inputs of Distributed Ram \u_sched/u_cnn/img_mem470  are constant

Distributed Ram \u_sched/u_cnn/img_mem469 input port DI0 is stuck 0, propagating ...,

Distributed Ram \u_sched/u_cnn/img_mem469 input port DI1 is stuck 0, propagating ...,

Distributed Ram \u_sched/u_cnn/img_mem469 input port DI2 is stuck 0, propagating ...,

Distributed Ram \u_sched/u_cnn/img_mem469 input port DI3 is stuck 0, propagating ...,

All inputs of Distributed Ram \u_sched/u_cnn/img_mem469  are constant

Distributed Ram \u_sched/u_cnn/img_mem459 input port DI0 is stuck 0, propagating ...,

Distributed Ram \u_sched/u_cnn/img_mem459 input port DI1 is stuck 0, propagating ...,

Distributed Ram \u_sched/u_cnn/img_mem459 input port DI2 is stuck 0, propagating ...,

Distributed Ram \u_sched/u_cnn/img_mem459 input port DI3 is stuck 0, propagating ...,

All inputs of Distributed Ram \u_sched/u_cnn/img_mem459  are constant

Distributed Ram \u_sched/u_cnn/img_mem458 input port DI0 is stuck 0, propagating ...,

Distributed Ram \u_sched/u_cnn/img_mem458 input port DI1 is stuck 0, propagating ...,

Distributed Ram \u_sched/u_cnn/img_mem458 input port DI2 is stuck 0, propagating ...,

Distributed Ram \u_sched/u_cnn/img_mem458 input port DI3 is stuck 0, propagating ...,

All inputs of Distributed Ram \u_sched/u_cnn/img_mem458  are constant

Distributed Ram \u_sched/u_cnn/img_mem457 input port DI0 is stuck 0, propagating ...,

Distributed Ram \u_sched/u_cnn/img_mem457 input port DI1 is stuck 0, propagating ...,

Distributed Ram \u_sched/u_cnn/img_mem457 input port DI2 is stuck 0, propagating ...,

Distributed Ram \u_sched/u_cnn/img_mem457 input port DI3 is stuck 0, propagating ...,

All inputs of Distributed Ram \u_sched/u_cnn/img_mem457  are constant

Distributed Ram \u_sched/u_cnn/img_mem456 input port DI0 is stuck 0, propagating ...,

Distributed Ram \u_sched/u_cnn/img_mem456 input port DI1 is stuck 0, propagating ...,

Distributed Ram \u_sched/u_cnn/img_mem456 input port DI2 is stuck 0, propagating ...,

Distributed Ram \u_sched/u_cnn/img_mem456 input port DI3 is stuck 0, propagating ...,

All inputs of Distributed Ram \u_sched/u_cnn/img_mem456  are constant

Distributed Ram \u_sched/u_cnn/img_mem455 input port DI0 is stuck 0, propagating ...,

Distributed Ram \u_sched/u_cnn/img_mem455 input port DI1 is stuck 0, propagating ...,

Distributed Ram \u_sched/u_cnn/img_mem455 input port DI2 is stuck 0, propagating ...,

Distributed Ram \u_sched/u_cnn/img_mem455 input port DI3 is stuck 0, propagating ...,

All inputs of Distributed Ram \u_sched/u_cnn/img_mem455  are constant

Distributed Ram \u_sched/u_cnn/img_mem454 input port DI0 is stuck 0, propagating ...,

Distributed Ram \u_sched/u_cnn/img_mem454 input port DI1 is stuck 0, propagating ...,

Distributed Ram \u_sched/u_cnn/img_mem454 input port DI2 is stuck 0, propagating ...,

Distributed Ram \u_sched/u_cnn/img_mem454 input port DI3 is stuck 0, propagating ...,

All inputs of Distributed Ram \u_sched/u_cnn/img_mem454  are constant

Distributed Ram \u_sched/u_cnn/img_mem453 input port DI0 is stuck 0, propagating ...,

Distributed Ram \u_sched/u_cnn/img_mem453 input port DI1 is stuck 0, propagating ...,

Distributed Ram \u_sched/u_cnn/img_mem453 input port DI2 is stuck 0, propagating ...,

Distributed Ram \u_sched/u_cnn/img_mem453 input port DI3 is stuck 0, propagating ...,

All inputs of Distributed Ram \u_sched/u_cnn/img_mem453  are constant

Distributed Ram \u_sched/u_cnn/img_mem448 input port DI0 is stuck 0, propagating ...,

Distributed Ram \u_sched/u_cnn/img_mem448 input port DI1 is stuck 0, propagating ...,

Distributed Ram \u_sched/u_cnn/img_mem448 input port DI2 is stuck 0, propagating ...,

Distributed Ram \u_sched/u_cnn/img_mem448 input port DI3 is stuck 0, propagating ...,

All inputs of Distributed Ram \u_sched/u_cnn/img_mem448  are constant

Distributed Ram \u_sched/u_cnn/img_mem447 input port DI0 is stuck 0, propagating ...,

Distributed Ram \u_sched/u_cnn/img_mem447 input port DI1 is stuck 0, propagating ...,

Distributed Ram \u_sched/u_cnn/img_mem447 input port DI2 is stuck 0, propagating ...,

Distributed Ram \u_sched/u_cnn/img_mem447 input port DI3 is stuck 0, propagating ...,

All inputs of Distributed Ram \u_sched/u_cnn/img_mem447  are constant

Distributed Ram \u_sched/u_cnn/img_mem446 input port DI0 is stuck 0, propagating ...,

Distributed Ram \u_sched/u_cnn/img_mem446 input port DI1 is stuck 0, propagating ...,

Distributed Ram \u_sched/u_cnn/img_mem446 input port DI2 is stuck 0, propagating ...,

Distributed Ram \u_sched/u_cnn/img_mem446 input port DI3 is stuck 0, propagating ...,

All inputs of Distributed Ram \u_sched/u_cnn/img_mem446  are constant

Distributed Ram \u_sched/u_cnn/img_mem445 input port DI0 is stuck 0, propagating ...,

Distributed Ram \u_sched/u_cnn/img_mem445 input port DI1 is stuck 0, propagating ...,

Distributed Ram \u_sched/u_cnn/img_mem445 input port DI2 is stuck 0, propagating ...,

Distributed Ram \u_sched/u_cnn/img_mem445 input port DI3 is stuck 0, propagating ...,

All inputs of Distributed Ram \u_sched/u_cnn/img_mem445  are constant

Distributed Ram \u_sched/u_cnn/img_mem444 input port DI0 is stuck 0, propagating ...,

Distributed Ram \u_sched/u_cnn/img_mem444 input port DI1 is stuck 0, propagating ...,

Distributed Ram \u_sched/u_cnn/img_mem444 input port DI2 is stuck 0, propagating ...,

Distributed Ram \u_sched/u_cnn/img_mem444 input port DI3 is stuck 0, propagating ...,

All inputs of Distributed Ram \u_sched/u_cnn/img_mem444  are constant

Distributed Ram \u_sched/u_cnn/img_mem443 input port DI0 is stuck 0, propagating ...,

Distributed Ram \u_sched/u_cnn/img_mem443 input port DI1 is stuck 0, propagating ...,

Distributed Ram \u_sched/u_cnn/img_mem443 input port DI2 is stuck 0, propagating ...,

Distributed Ram \u_sched/u_cnn/img_mem443 input port DI3 is stuck 0, propagating ...,

All inputs of Distributed Ram \u_sched/u_cnn/img_mem443  are constant

Distributed Ram \u_sched/u_cnn/img_mem442 input port DI0 is stuck 0, propagating ...,

Distributed Ram \u_sched/u_cnn/img_mem442 input port DI1 is stuck 0, propagating ...,

Distributed Ram \u_sched/u_cnn/img_mem442 input port DI2 is stuck 0, propagating ...,

Distributed Ram \u_sched/u_cnn/img_mem442 input port DI3 is stuck 0, propagating ...,

All inputs of Distributed Ram \u_sched/u_cnn/img_mem442  are constant

Distributed Ram \u_sched/u_cnn/img_mem441 input port DI0 is stuck 0, propagating ...,

Distributed Ram \u_sched/u_cnn/img_mem441 input port DI1 is stuck 0, propagating ...,

Distributed Ram \u_sched/u_cnn/img_mem441 input port DI2 is stuck 0, propagating ...,

Distributed Ram \u_sched/u_cnn/img_mem441 input port DI3 is stuck 0, propagating ...,

All inputs of Distributed Ram \u_sched/u_cnn/img_mem441  are constant

Distributed Ram \u_sched/u_cnn/img_mem440 input port DI0 is stuck 0, propagating ...,

Distributed Ram \u_sched/u_cnn/img_mem440 input port DI1 is stuck 0, propagating ...,

Distributed Ram \u_sched/u_cnn/img_mem440 input port DI2 is stuck 0, propagating ...,

Distributed Ram \u_sched/u_cnn/img_mem440 input port DI3 is stuck 0, propagating ...,

All inputs of Distributed Ram \u_sched/u_cnn/img_mem440  are constant

Distributed Ram \u_sched/u_cnn/img_mem439 input port DI0 is stuck 0, propagating ...,

Distributed Ram \u_sched/u_cnn/img_mem439 input port DI1 is stuck 0, propagating ...,

Distributed Ram \u_sched/u_cnn/img_mem439 input port DI2 is stuck 0, propagating ...,

Distributed Ram \u_sched/u_cnn/img_mem439 input port DI3 is stuck 0, propagating ...,

All inputs of Distributed Ram \u_sched/u_cnn/img_mem439  are constant

Distributed Ram \u_sched/u_cnn/img_mem438 input port DI0 is stuck 0, propagating ...,

Distributed Ram \u_sched/u_cnn/img_mem438 input port DI1 is stuck 0, propagating ...,

Distributed Ram \u_sched/u_cnn/img_mem438 input port DI2 is stuck 0, propagating ...,

Distributed Ram \u_sched/u_cnn/img_mem438 input port DI3 is stuck 0, propagating ...,

All inputs of Distributed Ram \u_sched/u_cnn/img_mem438  are constant

Distributed Ram \u_sched/u_cnn/img_mem437 input port DI0 is stuck 0, propagating ...,

Distributed Ram \u_sched/u_cnn/img_mem437 input port DI1 is stuck 0, propagating ...,

Distributed Ram \u_sched/u_cnn/img_mem437 input port DI2 is stuck 0, propagating ...,

Distributed Ram \u_sched/u_cnn/img_mem437 input port DI3 is stuck 0, propagating ...,

All inputs of Distributed Ram \u_sched/u_cnn/img_mem437  are constant

Distributed Ram \u_sched/u_cnn/img_mem436 input port DI0 is stuck 0, propagating ...,

Distributed Ram \u_sched/u_cnn/img_mem436 input port DI1 is stuck 0, propagating ...,

Distributed Ram \u_sched/u_cnn/img_mem436 input port DI2 is stuck 0, propagating ...,

Distributed Ram \u_sched/u_cnn/img_mem436 input port DI3 is stuck 0, propagating ...,

All inputs of Distributed Ram \u_sched/u_cnn/img_mem436  are constant

Distributed Ram \u_sched/u_cnn/img_mem435 input port DI0 is stuck 0, propagating ...,

Distributed Ram \u_sched/u_cnn/img_mem435 input port DI1 is stuck 0, propagating ...,

Distributed Ram \u_sched/u_cnn/img_mem435 input port DI2 is stuck 0, propagating ...,

Distributed Ram \u_sched/u_cnn/img_mem435 input port DI3 is stuck 0, propagating ...,

All inputs of Distributed Ram \u_sched/u_cnn/img_mem435  are constant

Distributed Ram \u_sched/u_cnn/img_mem434 input port DI0 is stuck 0, propagating ...,

Distributed Ram \u_sched/u_cnn/img_mem434 input port DI1 is stuck 0, propagating ...,

Distributed Ram \u_sched/u_cnn/img_mem434 input port DI2 is stuck 0, propagating ...,

Distributed Ram \u_sched/u_cnn/img_mem434 input port DI3 is stuck 0, propagating ...,

All inputs of Distributed Ram \u_sched/u_cnn/img_mem434  are constant

Distributed Ram \u_sched/u_cnn/img_mem433 input port DI0 is stuck 0, propagating ...,

Distributed Ram \u_sched/u_cnn/img_mem433 input port DI1 is stuck 0, propagating ...,

Distributed Ram \u_sched/u_cnn/img_mem433 input port DI2 is stuck 0, propagating ...,

Distributed Ram \u_sched/u_cnn/img_mem433 input port DI3 is stuck 0, propagating ...,

All inputs of Distributed Ram \u_sched/u_cnn/img_mem433  are constant

Distributed Ram \u_sched/u_cnn/img_mem432 input port DI0 is stuck 0, propagating ...,

Distributed Ram \u_sched/u_cnn/img_mem432 input port DI1 is stuck 0, propagating ...,

Distributed Ram \u_sched/u_cnn/img_mem432 input port DI2 is stuck 0, propagating ...,

Distributed Ram \u_sched/u_cnn/img_mem432 input port DI3 is stuck 0, propagating ...,

All inputs of Distributed Ram \u_sched/u_cnn/img_mem432  are constant

Distributed Ram \u_sched/u_cnn/img_mem431 input port DI0 is stuck 0, propagating ...,

Distributed Ram \u_sched/u_cnn/img_mem431 input port DI1 is stuck 0, propagating ...,

Distributed Ram \u_sched/u_cnn/img_mem431 input port DI2 is stuck 0, propagating ...,

Distributed Ram \u_sched/u_cnn/img_mem431 input port DI3 is stuck 0, propagating ...,

All inputs of Distributed Ram \u_sched/u_cnn/img_mem431  are constant

Distributed Ram \u_sched/u_cnn/img_mem430 input port DI0 is stuck 0, propagating ...,

Distributed Ram \u_sched/u_cnn/img_mem430 input port DI1 is stuck 0, propagating ...,

Distributed Ram \u_sched/u_cnn/img_mem430 input port DI2 is stuck 0, propagating ...,

Distributed Ram \u_sched/u_cnn/img_mem430 input port DI3 is stuck 0, propagating ...,

All inputs of Distributed Ram \u_sched/u_cnn/img_mem430  are constant

Distributed Ram \u_sched/u_cnn/img_mem429 input port DI0 is stuck 0, propagating ...,

Distributed Ram \u_sched/u_cnn/img_mem429 input port DI1 is stuck 0, propagating ...,

Distributed Ram \u_sched/u_cnn/img_mem429 input port DI2 is stuck 0, propagating ...,

Distributed Ram \u_sched/u_cnn/img_mem429 input port DI3 is stuck 0, propagating ...,

All inputs of Distributed Ram \u_sched/u_cnn/img_mem429  are constant

Distributed Ram \u_sched/u_cnn/img_mem418 input port DI0 is stuck 0, propagating ...,

Distributed Ram \u_sched/u_cnn/img_mem418 input port DI1 is stuck 0, propagating ...,

Distributed Ram \u_sched/u_cnn/img_mem418 input port DI2 is stuck 0, propagating ...,

Distributed Ram \u_sched/u_cnn/img_mem418 input port DI3 is stuck 0, propagating ...,

All inputs of Distributed Ram \u_sched/u_cnn/img_mem418  are constant

Distributed Ram \u_sched/u_cnn/img_mem417 input port DI0 is stuck 0, propagating ...,

Distributed Ram \u_sched/u_cnn/img_mem417 input port DI1 is stuck 0, propagating ...,

Distributed Ram \u_sched/u_cnn/img_mem417 input port DI2 is stuck 0, propagating ...,

Distributed Ram \u_sched/u_cnn/img_mem417 input port DI3 is stuck 0, propagating ...,

All inputs of Distributed Ram \u_sched/u_cnn/img_mem417  are constant

Distributed Ram \u_sched/u_cnn/img_mem416 input port DI0 is stuck 0, propagating ...,

Distributed Ram \u_sched/u_cnn/img_mem416 input port DI1 is stuck 0, propagating ...,

Distributed Ram \u_sched/u_cnn/img_mem416 input port DI2 is stuck 0, propagating ...,

Distributed Ram \u_sched/u_cnn/img_mem416 input port DI3 is stuck 0, propagating ...,

All inputs of Distributed Ram \u_sched/u_cnn/img_mem416  are constant

Distributed Ram \u_sched/u_cnn/img_mem415 input port DI0 is stuck 0, propagating ...,

Distributed Ram \u_sched/u_cnn/img_mem415 input port DI1 is stuck 0, propagating ...,

Distributed Ram \u_sched/u_cnn/img_mem415 input port DI2 is stuck 0, propagating ...,

Distributed Ram \u_sched/u_cnn/img_mem415 input port DI3 is stuck 0, propagating ...,

All inputs of Distributed Ram \u_sched/u_cnn/img_mem415  are constant

Distributed Ram \u_sched/u_cnn/img_mem414 input port DI0 is stuck 0, propagating ...,

Distributed Ram \u_sched/u_cnn/img_mem414 input port DI1 is stuck 0, propagating ...,

Distributed Ram \u_sched/u_cnn/img_mem414 input port DI2 is stuck 0, propagating ...,

Distributed Ram \u_sched/u_cnn/img_mem414 input port DI3 is stuck 0, propagating ...,

All inputs of Distributed Ram \u_sched/u_cnn/img_mem414  are constant

Distributed Ram \u_sched/u_cnn/img_mem413 input port DI0 is stuck 0, propagating ...,

Distributed Ram \u_sched/u_cnn/img_mem413 input port DI1 is stuck 0, propagating ...,

Distributed Ram \u_sched/u_cnn/img_mem413 input port DI2 is stuck 0, propagating ...,

Distributed Ram \u_sched/u_cnn/img_mem413 input port DI3 is stuck 0, propagating ...,

All inputs of Distributed Ram \u_sched/u_cnn/img_mem413  are constant

Distributed Ram \u_sched/u_cnn/img_mem412 input port DI0 is stuck 0, propagating ...,

Distributed Ram \u_sched/u_cnn/img_mem412 input port DI1 is stuck 0, propagating ...,

Distributed Ram \u_sched/u_cnn/img_mem412 input port DI2 is stuck 0, propagating ...,

Distributed Ram \u_sched/u_cnn/img_mem412 input port DI3 is stuck 0, propagating ...,

All inputs of Distributed Ram \u_sched/u_cnn/img_mem412  are constant

Distributed Ram \u_sched/u_cnn/img_mem411 input port DI0 is stuck 0, propagating ...,

Distributed Ram \u_sched/u_cnn/img_mem411 input port DI1 is stuck 0, propagating ...,

Distributed Ram \u_sched/u_cnn/img_mem411 input port DI2 is stuck 0, propagating ...,

Distributed Ram \u_sched/u_cnn/img_mem411 input port DI3 is stuck 0, propagating ...,

All inputs of Distributed Ram \u_sched/u_cnn/img_mem411  are constant

Distributed Ram \u_sched/u_cnn/img_mem410 input port DI0 is stuck 0, propagating ...,

Distributed Ram \u_sched/u_cnn/img_mem410 input port DI1 is stuck 0, propagating ...,

Distributed Ram \u_sched/u_cnn/img_mem410 input port DI2 is stuck 0, propagating ...,

Distributed Ram \u_sched/u_cnn/img_mem410 input port DI3 is stuck 0, propagating ...,

All inputs of Distributed Ram \u_sched/u_cnn/img_mem410  are constant

Distributed Ram \u_sched/u_cnn/img_mem409 input port DI0 is stuck 0, propagating ...,

Distributed Ram \u_sched/u_cnn/img_mem409 input port DI1 is stuck 0, propagating ...,

Distributed Ram \u_sched/u_cnn/img_mem409 input port DI2 is stuck 0, propagating ...,

Distributed Ram \u_sched/u_cnn/img_mem409 input port DI3 is stuck 0, propagating ...,

All inputs of Distributed Ram \u_sched/u_cnn/img_mem409  are constant

Distributed Ram \u_sched/u_cnn/img_mem408 input port DI0 is stuck 0, propagating ...,

Distributed Ram \u_sched/u_cnn/img_mem408 input port DI1 is stuck 0, propagating ...,

Distributed Ram \u_sched/u_cnn/img_mem408 input port DI2 is stuck 0, propagating ...,

Distributed Ram \u_sched/u_cnn/img_mem408 input port DI3 is stuck 0, propagating ...,

All inputs of Distributed Ram \u_sched/u_cnn/img_mem408  are constant

Distributed Ram \u_sched/u_cnn/img_mem407 input port DI0 is stuck 0, propagating ...,

Distributed Ram \u_sched/u_cnn/img_mem407 input port DI1 is stuck 0, propagating ...,

Distributed Ram \u_sched/u_cnn/img_mem407 input port DI2 is stuck 0, propagating ...,

Distributed Ram \u_sched/u_cnn/img_mem407 input port DI3 is stuck 0, propagating ...,

All inputs of Distributed Ram \u_sched/u_cnn/img_mem407  are constant

Distributed Ram \u_sched/u_cnn/img_mem406 input port DI0 is stuck 0, propagating ...,

Distributed Ram \u_sched/u_cnn/img_mem406 input port DI1 is stuck 0, propagating ...,

Distributed Ram \u_sched/u_cnn/img_mem406 input port DI2 is stuck 0, propagating ...,

Distributed Ram \u_sched/u_cnn/img_mem406 input port DI3 is stuck 0, propagating ...,

All inputs of Distributed Ram \u_sched/u_cnn/img_mem406  are constant

Distributed Ram \u_sched/u_cnn/img_mem405 input port DI0 is stuck 0, propagating ...,

Distributed Ram \u_sched/u_cnn/img_mem405 input port DI1 is stuck 0, propagating ...,

Distributed Ram \u_sched/u_cnn/img_mem405 input port DI2 is stuck 0, propagating ...,

Distributed Ram \u_sched/u_cnn/img_mem405 input port DI3 is stuck 0, propagating ...,

All inputs of Distributed Ram \u_sched/u_cnn/img_mem405  are constant

Distributed Ram \u_sched/u_cnn/img_mem404 input port DI0 is stuck 0, propagating ...,

Distributed Ram \u_sched/u_cnn/img_mem404 input port DI1 is stuck 0, propagating ...,

Distributed Ram \u_sched/u_cnn/img_mem404 input port DI2 is stuck 0, propagating ...,

Distributed Ram \u_sched/u_cnn/img_mem404 input port DI3 is stuck 0, propagating ...,

All inputs of Distributed Ram \u_sched/u_cnn/img_mem404  are constant

Distributed Ram \u_sched/u_cnn/img_mem387 input port DI0 is stuck 0, propagating ...,

Distributed Ram \u_sched/u_cnn/img_mem387 input port DI1 is stuck 0, propagating ...,

Distributed Ram \u_sched/u_cnn/img_mem387 input port DI2 is stuck 0, propagating ...,

Distributed Ram \u_sched/u_cnn/img_mem387 input port DI3 is stuck 0, propagating ...,

All inputs of Distributed Ram \u_sched/u_cnn/img_mem387  are constant

Distributed Ram \u_sched/u_cnn/img_mem386 input port DI0 is stuck 0, propagating ...,

Distributed Ram \u_sched/u_cnn/img_mem386 input port DI1 is stuck 0, propagating ...,

Distributed Ram \u_sched/u_cnn/img_mem386 input port DI2 is stuck 0, propagating ...,

Distributed Ram \u_sched/u_cnn/img_mem386 input port DI3 is stuck 0, propagating ...,

All inputs of Distributed Ram \u_sched/u_cnn/img_mem386  are constant

Distributed Ram \u_sched/u_cnn/img_mem385 input port DI0 is stuck 0, propagating ...,

Distributed Ram \u_sched/u_cnn/img_mem385 input port DI1 is stuck 0, propagating ...,

Distributed Ram \u_sched/u_cnn/img_mem385 input port DI2 is stuck 0, propagating ...,

Distributed Ram \u_sched/u_cnn/img_mem385 input port DI3 is stuck 0, propagating ...,

All inputs of Distributed Ram \u_sched/u_cnn/img_mem385  are constant

Distributed Ram \u_sched/u_cnn/img_mem384 input port DI0 is stuck 0, propagating ...,

Distributed Ram \u_sched/u_cnn/img_mem384 input port DI1 is stuck 0, propagating ...,

Distributed Ram \u_sched/u_cnn/img_mem384 input port DI2 is stuck 0, propagating ...,

Distributed Ram \u_sched/u_cnn/img_mem384 input port DI3 is stuck 0, propagating ...,

All inputs of Distributed Ram \u_sched/u_cnn/img_mem384  are constant

Distributed Ram \u_sched/u_cnn/img_mem382 input port DI0 is stuck 0, propagating ...,

Distributed Ram \u_sched/u_cnn/img_mem382 input port DI1 is stuck 0, propagating ...,

Distributed Ram \u_sched/u_cnn/img_mem382 input port DI2 is stuck 0, propagating ...,

Distributed Ram \u_sched/u_cnn/img_mem382 input port DI3 is stuck 0, propagating ...,

All inputs of Distributed Ram \u_sched/u_cnn/img_mem382  are constant

Distributed Ram \u_sched/u_cnn/img_mem381 input port DI0 is stuck 0, propagating ...,

Distributed Ram \u_sched/u_cnn/img_mem381 input port DI1 is stuck 0, propagating ...,

Distributed Ram \u_sched/u_cnn/img_mem381 input port DI2 is stuck 0, propagating ...,

Distributed Ram \u_sched/u_cnn/img_mem381 input port DI3 is stuck 0, propagating ...,

All inputs of Distributed Ram \u_sched/u_cnn/img_mem381  are constant

Distributed Ram \u_sched/u_cnn/img_mem380 input port DI0 is stuck 0, propagating ...,

Distributed Ram \u_sched/u_cnn/img_mem380 input port DI1 is stuck 0, propagating ...,

Distributed Ram \u_sched/u_cnn/img_mem380 input port DI2 is stuck 0, propagating ...,

Distributed Ram \u_sched/u_cnn/img_mem380 input port DI3 is stuck 0, propagating ...,

All inputs of Distributed Ram \u_sched/u_cnn/img_mem380  are constant

Distributed Ram \u_sched/u_cnn/img_mem373 input port DI0 is stuck 0, propagating ...,

Distributed Ram \u_sched/u_cnn/img_mem373 input port DI1 is stuck 0, propagating ...,

Distributed Ram \u_sched/u_cnn/img_mem373 input port DI2 is stuck 0, propagating ...,

Distributed Ram \u_sched/u_cnn/img_mem373 input port DI3 is stuck 0, propagating ...,

All inputs of Distributed Ram \u_sched/u_cnn/img_mem373  are constant

Distributed Ram \u_sched/u_cnn/img_mem372 input port DI0 is stuck 0, propagating ...,

Distributed Ram \u_sched/u_cnn/img_mem372 input port DI1 is stuck 0, propagating ...,

Distributed Ram \u_sched/u_cnn/img_mem372 input port DI2 is stuck 0, propagating ...,

Distributed Ram \u_sched/u_cnn/img_mem372 input port DI3 is stuck 0, propagating ...,

All inputs of Distributed Ram \u_sched/u_cnn/img_mem372  are constant

Distributed Ram \u_sched/u_cnn/img_mem371 input port DI0 is stuck 0, propagating ...,

Distributed Ram \u_sched/u_cnn/img_mem371 input port DI1 is stuck 0, propagating ...,

Distributed Ram \u_sched/u_cnn/img_mem371 input port DI2 is stuck 0, propagating ...,

Distributed Ram \u_sched/u_cnn/img_mem371 input port DI3 is stuck 0, propagating ...,

All inputs of Distributed Ram \u_sched/u_cnn/img_mem371  are constant

Distributed Ram \u_sched/u_cnn/img_mem370 input port DI0 is stuck 0, propagating ...,

Distributed Ram \u_sched/u_cnn/img_mem370 input port DI1 is stuck 0, propagating ...,

Distributed Ram \u_sched/u_cnn/img_mem370 input port DI2 is stuck 0, propagating ...,

Distributed Ram \u_sched/u_cnn/img_mem370 input port DI3 is stuck 0, propagating ...,

All inputs of Distributed Ram \u_sched/u_cnn/img_mem370  are constant

Distributed Ram \u_sched/u_cnn/img_mem369 input port DI0 is stuck 0, propagating ...,

Distributed Ram \u_sched/u_cnn/img_mem369 input port DI1 is stuck 0, propagating ...,

Distributed Ram \u_sched/u_cnn/img_mem369 input port DI2 is stuck 0, propagating ...,

Distributed Ram \u_sched/u_cnn/img_mem369 input port DI3 is stuck 0, propagating ...,

All inputs of Distributed Ram \u_sched/u_cnn/img_mem369  are constant

Distributed Ram \u_sched/u_cnn/img_mem368 input port DI0 is stuck 0, propagating ...,

Distributed Ram \u_sched/u_cnn/img_mem368 input port DI1 is stuck 0, propagating ...,

Distributed Ram \u_sched/u_cnn/img_mem368 input port DI2 is stuck 0, propagating ...,

Distributed Ram \u_sched/u_cnn/img_mem368 input port DI3 is stuck 0, propagating ...,

All inputs of Distributed Ram \u_sched/u_cnn/img_mem368  are constant

Distributed Ram \u_sched/u_cnn/img_mem367 input port DI0 is stuck 0, propagating ...,

Distributed Ram \u_sched/u_cnn/img_mem367 input port DI1 is stuck 0, propagating ...,

Distributed Ram \u_sched/u_cnn/img_mem367 input port DI2 is stuck 0, propagating ...,

Distributed Ram \u_sched/u_cnn/img_mem367 input port DI3 is stuck 0, propagating ...,

All inputs of Distributed Ram \u_sched/u_cnn/img_mem367  are constant

Distributed Ram \u_sched/u_cnn/img_mem366 input port DI0 is stuck 0, propagating ...,

Distributed Ram \u_sched/u_cnn/img_mem366 input port DI1 is stuck 0, propagating ...,

Distributed Ram \u_sched/u_cnn/img_mem366 input port DI2 is stuck 0, propagating ...,

Distributed Ram \u_sched/u_cnn/img_mem366 input port DI3 is stuck 0, propagating ...,

All inputs of Distributed Ram \u_sched/u_cnn/img_mem366  are constant

Distributed Ram \u_sched/u_cnn/img_mem365 input port DI0 is stuck 0, propagating ...,

Distributed Ram \u_sched/u_cnn/img_mem365 input port DI1 is stuck 0, propagating ...,

Distributed Ram \u_sched/u_cnn/img_mem365 input port DI2 is stuck 0, propagating ...,

Distributed Ram \u_sched/u_cnn/img_mem365 input port DI3 is stuck 0, propagating ...,

All inputs of Distributed Ram \u_sched/u_cnn/img_mem365  are constant

Distributed Ram \u_sched/u_cnn/img_mem364 input port DI0 is stuck 0, propagating ...,

Distributed Ram \u_sched/u_cnn/img_mem364 input port DI1 is stuck 0, propagating ...,

Distributed Ram \u_sched/u_cnn/img_mem364 input port DI2 is stuck 0, propagating ...,

Distributed Ram \u_sched/u_cnn/img_mem364 input port DI3 is stuck 0, propagating ...,

All inputs of Distributed Ram \u_sched/u_cnn/img_mem364  are constant

Distributed Ram \u_sched/u_cnn/img_mem363 input port DI0 is stuck 0, propagating ...,

Distributed Ram \u_sched/u_cnn/img_mem363 input port DI1 is stuck 0, propagating ...,

Distributed Ram \u_sched/u_cnn/img_mem363 input port DI2 is stuck 0, propagating ...,

Distributed Ram \u_sched/u_cnn/img_mem363 input port DI3 is stuck 0, propagating ...,

All inputs of Distributed Ram \u_sched/u_cnn/img_mem363  are constant

Distributed Ram \u_sched/u_cnn/img_mem362 input port DI0 is stuck 0, propagating ...,

Distributed Ram \u_sched/u_cnn/img_mem362 input port DI1 is stuck 0, propagating ...,

Distributed Ram \u_sched/u_cnn/img_mem362 input port DI2 is stuck 0, propagating ...,

Distributed Ram \u_sched/u_cnn/img_mem362 input port DI3 is stuck 0, propagating ...,

All inputs of Distributed Ram \u_sched/u_cnn/img_mem362  are constant

Distributed Ram \u_sched/u_cnn/img_mem361 input port DI0 is stuck 0, propagating ...,

Distributed Ram \u_sched/u_cnn/img_mem361 input port DI1 is stuck 0, propagating ...,

Distributed Ram \u_sched/u_cnn/img_mem361 input port DI2 is stuck 0, propagating ...,

Distributed Ram \u_sched/u_cnn/img_mem361 input port DI3 is stuck 0, propagating ...,

All inputs of Distributed Ram \u_sched/u_cnn/img_mem361  are constant

Distributed Ram \u_sched/u_cnn/img_mem360 input port DI0 is stuck 0, propagating ...,

Distributed Ram \u_sched/u_cnn/img_mem360 input port DI1 is stuck 0, propagating ...,

Distributed Ram \u_sched/u_cnn/img_mem360 input port DI2 is stuck 0, propagating ...,

Distributed Ram \u_sched/u_cnn/img_mem360 input port DI3 is stuck 0, propagating ...,

All inputs of Distributed Ram \u_sched/u_cnn/img_mem360  are constant

Distributed Ram \u_sched/u_cnn/img_mem359 input port DI0 is stuck 0, propagating ...,

Distributed Ram \u_sched/u_cnn/img_mem359 input port DI1 is stuck 0, propagating ...,

Distributed Ram \u_sched/u_cnn/img_mem359 input port DI2 is stuck 0, propagating ...,

Distributed Ram \u_sched/u_cnn/img_mem359 input port DI3 is stuck 0, propagating ...,

All inputs of Distributed Ram \u_sched/u_cnn/img_mem359  are constant

Distributed Ram \u_sched/u_cnn/img_mem358 input port DI0 is stuck 0, propagating ...,

Distributed Ram \u_sched/u_cnn/img_mem358 input port DI1 is stuck 0, propagating ...,

Distributed Ram \u_sched/u_cnn/img_mem358 input port DI2 is stuck 0, propagating ...,

Distributed Ram \u_sched/u_cnn/img_mem358 input port DI3 is stuck 0, propagating ...,

All inputs of Distributed Ram \u_sched/u_cnn/img_mem358  are constant

Distributed Ram \u_sched/u_cnn/img_mem357 input port DI0 is stuck 0, propagating ...,

Distributed Ram \u_sched/u_cnn/img_mem357 input port DI1 is stuck 0, propagating ...,

Distributed Ram \u_sched/u_cnn/img_mem357 input port DI2 is stuck 0, propagating ...,

Distributed Ram \u_sched/u_cnn/img_mem357 input port DI3 is stuck 0, propagating ...,

All inputs of Distributed Ram \u_sched/u_cnn/img_mem357  are constant

Distributed Ram \u_sched/u_cnn/img_mem356 input port DI0 is stuck 0, propagating ...,

Distributed Ram \u_sched/u_cnn/img_mem356 input port DI1 is stuck 0, propagating ...,

Distributed Ram \u_sched/u_cnn/img_mem356 input port DI2 is stuck 0, propagating ...,

Distributed Ram \u_sched/u_cnn/img_mem356 input port DI3 is stuck 0, propagating ...,

All inputs of Distributed Ram \u_sched/u_cnn/img_mem356  are constant

Distributed Ram \u_sched/u_cnn/img_mem355 input port DI0 is stuck 0, propagating ...,

Distributed Ram \u_sched/u_cnn/img_mem355 input port DI1 is stuck 0, propagating ...,

Distributed Ram \u_sched/u_cnn/img_mem355 input port DI2 is stuck 0, propagating ...,

Distributed Ram \u_sched/u_cnn/img_mem355 input port DI3 is stuck 0, propagating ...,

All inputs of Distributed Ram \u_sched/u_cnn/img_mem355  are constant

Distributed Ram \u_sched/u_cnn/img_mem354 input port DI0 is stuck 0, propagating ...,

Distributed Ram \u_sched/u_cnn/img_mem354 input port DI1 is stuck 0, propagating ...,

Distributed Ram \u_sched/u_cnn/img_mem354 input port DI2 is stuck 0, propagating ...,

Distributed Ram \u_sched/u_cnn/img_mem354 input port DI3 is stuck 0, propagating ...,

All inputs of Distributed Ram \u_sched/u_cnn/img_mem354  are constant

Distributed Ram \u_sched/u_cnn/img_mem348 input port DI0 is stuck 0, propagating ...,

Distributed Ram \u_sched/u_cnn/img_mem348 input port DI1 is stuck 0, propagating ...,

Distributed Ram \u_sched/u_cnn/img_mem348 input port DI2 is stuck 0, propagating ...,

Distributed Ram \u_sched/u_cnn/img_mem348 input port DI3 is stuck 0, propagating ...,

All inputs of Distributed Ram \u_sched/u_cnn/img_mem348  are constant

Distributed Ram \u_sched/u_cnn/img_mem347 input port DI0 is stuck 0, propagating ...,

Distributed Ram \u_sched/u_cnn/img_mem347 input port DI1 is stuck 0, propagating ...,

Distributed Ram \u_sched/u_cnn/img_mem347 input port DI2 is stuck 0, propagating ...,

Distributed Ram \u_sched/u_cnn/img_mem347 input port DI3 is stuck 0, propagating ...,

All inputs of Distributed Ram \u_sched/u_cnn/img_mem347  are constant

Distributed Ram \u_sched/u_cnn/img_mem346 input port DI0 is stuck 0, propagating ...,

Distributed Ram \u_sched/u_cnn/img_mem346 input port DI1 is stuck 0, propagating ...,

Distributed Ram \u_sched/u_cnn/img_mem346 input port DI2 is stuck 0, propagating ...,

Distributed Ram \u_sched/u_cnn/img_mem346 input port DI3 is stuck 0, propagating ...,

All inputs of Distributed Ram \u_sched/u_cnn/img_mem346  are constant

Distributed Ram \u_sched/u_cnn/img_mem345 input port DI0 is stuck 0, propagating ...,

Distributed Ram \u_sched/u_cnn/img_mem345 input port DI1 is stuck 0, propagating ...,

Distributed Ram \u_sched/u_cnn/img_mem345 input port DI2 is stuck 0, propagating ...,

Distributed Ram \u_sched/u_cnn/img_mem345 input port DI3 is stuck 0, propagating ...,

All inputs of Distributed Ram \u_sched/u_cnn/img_mem345  are constant

Distributed Ram \u_sched/u_cnn/img_mem344 input port DI0 is stuck 0, propagating ...,

Distributed Ram \u_sched/u_cnn/img_mem344 input port DI1 is stuck 0, propagating ...,

Distributed Ram \u_sched/u_cnn/img_mem344 input port DI2 is stuck 0, propagating ...,

Distributed Ram \u_sched/u_cnn/img_mem344 input port DI3 is stuck 0, propagating ...,

All inputs of Distributed Ram \u_sched/u_cnn/img_mem344  are constant

Distributed Ram \u_sched/u_cnn/img_mem343 input port DI0 is stuck 0, propagating ...,

Distributed Ram \u_sched/u_cnn/img_mem343 input port DI1 is stuck 0, propagating ...,

Distributed Ram \u_sched/u_cnn/img_mem343 input port DI2 is stuck 0, propagating ...,

Distributed Ram \u_sched/u_cnn/img_mem343 input port DI3 is stuck 0, propagating ...,

All inputs of Distributed Ram \u_sched/u_cnn/img_mem343  are constant

Distributed Ram \u_sched/u_cnn/img_mem342 input port DI0 is stuck 0, propagating ...,

Distributed Ram \u_sched/u_cnn/img_mem342 input port DI1 is stuck 0, propagating ...,

Distributed Ram \u_sched/u_cnn/img_mem342 input port DI2 is stuck 0, propagating ...,

Distributed Ram \u_sched/u_cnn/img_mem342 input port DI3 is stuck 0, propagating ...,

All inputs of Distributed Ram \u_sched/u_cnn/img_mem342  are constant

Distributed Ram \u_sched/u_cnn/img_mem341 input port DI0 is stuck 0, propagating ...,

Distributed Ram \u_sched/u_cnn/img_mem341 input port DI1 is stuck 0, propagating ...,

Distributed Ram \u_sched/u_cnn/img_mem341 input port DI2 is stuck 0, propagating ...,

Distributed Ram \u_sched/u_cnn/img_mem341 input port DI3 is stuck 0, propagating ...,

All inputs of Distributed Ram \u_sched/u_cnn/img_mem341  are constant

Distributed Ram \u_sched/u_cnn/img_mem340 input port DI0 is stuck 0, propagating ...,

Distributed Ram \u_sched/u_cnn/img_mem340 input port DI1 is stuck 0, propagating ...,

Distributed Ram \u_sched/u_cnn/img_mem340 input port DI2 is stuck 0, propagating ...,

Distributed Ram \u_sched/u_cnn/img_mem340 input port DI3 is stuck 0, propagating ...,

All inputs of Distributed Ram \u_sched/u_cnn/img_mem340  are constant

Distributed Ram \u_sched/u_cnn/img_mem339 input port DI0 is stuck 0, propagating ...,

Distributed Ram \u_sched/u_cnn/img_mem339 input port DI1 is stuck 0, propagating ...,

Distributed Ram \u_sched/u_cnn/img_mem339 input port DI2 is stuck 0, propagating ...,

Distributed Ram \u_sched/u_cnn/img_mem339 input port DI3 is stuck 0, propagating ...,

All inputs of Distributed Ram \u_sched/u_cnn/img_mem339  are constant

Distributed Ram \u_sched/u_cnn/img_mem337 input port DI0 is stuck 0, propagating ...,

Distributed Ram \u_sched/u_cnn/img_mem337 input port DI1 is stuck 0, propagating ...,

Distributed Ram \u_sched/u_cnn/img_mem337 input port DI2 is stuck 0, propagating ...,

Distributed Ram \u_sched/u_cnn/img_mem337 input port DI3 is stuck 0, propagating ...,

All inputs of Distributed Ram \u_sched/u_cnn/img_mem337  are constant

Distributed Ram \u_sched/u_cnn/img_mem336 input port DI0 is stuck 0, propagating ...,

Distributed Ram \u_sched/u_cnn/img_mem336 input port DI1 is stuck 0, propagating ...,

Distributed Ram \u_sched/u_cnn/img_mem336 input port DI2 is stuck 0, propagating ...,

Distributed Ram \u_sched/u_cnn/img_mem336 input port DI3 is stuck 0, propagating ...,

All inputs of Distributed Ram \u_sched/u_cnn/img_mem336  are constant

Distributed Ram \u_sched/u_cnn/img_mem335 input port DI0 is stuck 0, propagating ...,

Distributed Ram \u_sched/u_cnn/img_mem335 input port DI1 is stuck 0, propagating ...,

Distributed Ram \u_sched/u_cnn/img_mem335 input port DI2 is stuck 0, propagating ...,

Distributed Ram \u_sched/u_cnn/img_mem335 input port DI3 is stuck 0, propagating ...,

All inputs of Distributed Ram \u_sched/u_cnn/img_mem335  are constant

Distributed Ram \u_sched/u_cnn/img_mem334 input port DI0 is stuck 0, propagating ...,

Distributed Ram \u_sched/u_cnn/img_mem334 input port DI1 is stuck 0, propagating ...,

Distributed Ram \u_sched/u_cnn/img_mem334 input port DI2 is stuck 0, propagating ...,

Distributed Ram \u_sched/u_cnn/img_mem334 input port DI3 is stuck 0, propagating ...,

All inputs of Distributed Ram \u_sched/u_cnn/img_mem334  are constant

Distributed Ram \u_sched/u_cnn/img_mem333 input port DI0 is stuck 0, propagating ...,

Distributed Ram \u_sched/u_cnn/img_mem333 input port DI1 is stuck 0, propagating ...,

Distributed Ram \u_sched/u_cnn/img_mem333 input port DI2 is stuck 0, propagating ...,

Distributed Ram \u_sched/u_cnn/img_mem333 input port DI3 is stuck 0, propagating ...,

All inputs of Distributed Ram \u_sched/u_cnn/img_mem333  are constant

Distributed Ram \u_sched/u_cnn/img_mem332 input port DI0 is stuck 0, propagating ...,

Distributed Ram \u_sched/u_cnn/img_mem332 input port DI1 is stuck 0, propagating ...,

Distributed Ram \u_sched/u_cnn/img_mem332 input port DI2 is stuck 0, propagating ...,

Distributed Ram \u_sched/u_cnn/img_mem332 input port DI3 is stuck 0, propagating ...,

All inputs of Distributed Ram \u_sched/u_cnn/img_mem332  are constant

Distributed Ram \u_sched/u_cnn/img_mem331 input port DI0 is stuck 0, propagating ...,

Distributed Ram \u_sched/u_cnn/img_mem331 input port DI1 is stuck 0, propagating ...,

Distributed Ram \u_sched/u_cnn/img_mem331 input port DI2 is stuck 0, propagating ...,

Distributed Ram \u_sched/u_cnn/img_mem331 input port DI3 is stuck 0, propagating ...,

All inputs of Distributed Ram \u_sched/u_cnn/img_mem331  are constant

Distributed Ram \u_sched/u_cnn/img_mem330 input port DI0 is stuck 0, propagating ...,

Distributed Ram \u_sched/u_cnn/img_mem330 input port DI1 is stuck 0, propagating ...,

Distributed Ram \u_sched/u_cnn/img_mem330 input port DI2 is stuck 0, propagating ...,

Distributed Ram \u_sched/u_cnn/img_mem330 input port DI3 is stuck 0, propagating ...,

All inputs of Distributed Ram \u_sched/u_cnn/img_mem330  are constant

Distributed Ram \u_sched/u_cnn/img_mem329 input port DI0 is stuck 0, propagating ...,

Distributed Ram \u_sched/u_cnn/img_mem329 input port DI1 is stuck 0, propagating ...,

Distributed Ram \u_sched/u_cnn/img_mem329 input port DI2 is stuck 0, propagating ...,

Distributed Ram \u_sched/u_cnn/img_mem329 input port DI3 is stuck 0, propagating ...,

All inputs of Distributed Ram \u_sched/u_cnn/img_mem329  are constant

Distributed Ram \u_sched/u_cnn/img_mem314 input port DI0 is stuck 0, propagating ...,

Distributed Ram \u_sched/u_cnn/img_mem314 input port DI1 is stuck 0, propagating ...,

Distributed Ram \u_sched/u_cnn/img_mem314 input port DI2 is stuck 0, propagating ...,

Distributed Ram \u_sched/u_cnn/img_mem314 input port DI3 is stuck 0, propagating ...,

All inputs of Distributed Ram \u_sched/u_cnn/img_mem314  are constant

Distributed Ram \u_sched/u_cnn/img_mem312 input port DI0 is stuck 0, propagating ...,

Distributed Ram \u_sched/u_cnn/img_mem312 input port DI1 is stuck 0, propagating ...,

Distributed Ram \u_sched/u_cnn/img_mem312 input port DI2 is stuck 0, propagating ...,

Distributed Ram \u_sched/u_cnn/img_mem312 input port DI3 is stuck 0, propagating ...,

All inputs of Distributed Ram \u_sched/u_cnn/img_mem312  are constant

Distributed Ram \u_sched/u_cnn/img_mem310 input port DI0 is stuck 0, propagating ...,

Distributed Ram \u_sched/u_cnn/img_mem310 input port DI1 is stuck 0, propagating ...,

Distributed Ram \u_sched/u_cnn/img_mem310 input port DI2 is stuck 0, propagating ...,

Distributed Ram \u_sched/u_cnn/img_mem310 input port DI3 is stuck 0, propagating ...,

All inputs of Distributed Ram \u_sched/u_cnn/img_mem310  are constant

Distributed Ram \u_sched/u_cnn/img_mem309 input port DI0 is stuck 0, propagating ...,

Distributed Ram \u_sched/u_cnn/img_mem309 input port DI1 is stuck 0, propagating ...,

Distributed Ram \u_sched/u_cnn/img_mem309 input port DI2 is stuck 0, propagating ...,

Distributed Ram \u_sched/u_cnn/img_mem309 input port DI3 is stuck 0, propagating ...,

All inputs of Distributed Ram \u_sched/u_cnn/img_mem309  are constant

Distributed Ram \u_sched/u_cnn/img_mem308 input port DI0 is stuck 0, propagating ...,

Distributed Ram \u_sched/u_cnn/img_mem308 input port DI1 is stuck 0, propagating ...,

Distributed Ram \u_sched/u_cnn/img_mem308 input port DI2 is stuck 0, propagating ...,

Distributed Ram \u_sched/u_cnn/img_mem308 input port DI3 is stuck 0, propagating ...,

All inputs of Distributed Ram \u_sched/u_cnn/img_mem308  are constant

Distributed Ram \u_sched/u_cnn/img_mem303 input port DI0 is stuck 0, propagating ...,

Distributed Ram \u_sched/u_cnn/img_mem303 input port DI1 is stuck 0, propagating ...,

Distributed Ram \u_sched/u_cnn/img_mem303 input port DI2 is stuck 0, propagating ...,

Distributed Ram \u_sched/u_cnn/img_mem303 input port DI3 is stuck 0, propagating ...,

All inputs of Distributed Ram \u_sched/u_cnn/img_mem303  are constant

Distributed Ram \u_sched/u_cnn/img_mem302 input port DI0 is stuck 0, propagating ...,

Distributed Ram \u_sched/u_cnn/img_mem302 input port DI1 is stuck 0, propagating ...,

Distributed Ram \u_sched/u_cnn/img_mem302 input port DI2 is stuck 0, propagating ...,

Distributed Ram \u_sched/u_cnn/img_mem302 input port DI3 is stuck 0, propagating ...,

All inputs of Distributed Ram \u_sched/u_cnn/img_mem302  are constant

Distributed Ram \u_sched/u_cnn/img_mem301 input port DI0 is stuck 0, propagating ...,

Distributed Ram \u_sched/u_cnn/img_mem301 input port DI1 is stuck 0, propagating ...,

Distributed Ram \u_sched/u_cnn/img_mem301 input port DI2 is stuck 0, propagating ...,

Distributed Ram \u_sched/u_cnn/img_mem301 input port DI3 is stuck 0, propagating ...,

All inputs of Distributed Ram \u_sched/u_cnn/img_mem301  are constant

Distributed Ram \u_sched/u_cnn/img_mem300 input port DI0 is stuck 0, propagating ...,

Distributed Ram \u_sched/u_cnn/img_mem300 input port DI1 is stuck 0, propagating ...,

Distributed Ram \u_sched/u_cnn/img_mem300 input port DI2 is stuck 0, propagating ...,

Distributed Ram \u_sched/u_cnn/img_mem300 input port DI3 is stuck 0, propagating ...,

All inputs of Distributed Ram \u_sched/u_cnn/img_mem300  are constant

Distributed Ram \u_sched/u_cnn/img_mem299 input port DI0 is stuck 0, propagating ...,

Distributed Ram \u_sched/u_cnn/img_mem299 input port DI1 is stuck 0, propagating ...,

Distributed Ram \u_sched/u_cnn/img_mem299 input port DI2 is stuck 0, propagating ...,

Distributed Ram \u_sched/u_cnn/img_mem299 input port DI3 is stuck 0, propagating ...,

All inputs of Distributed Ram \u_sched/u_cnn/img_mem299  are constant

Distributed Ram \u_sched/u_cnn/img_mem298 input port DI0 is stuck 0, propagating ...,

Distributed Ram \u_sched/u_cnn/img_mem298 input port DI1 is stuck 0, propagating ...,

Distributed Ram \u_sched/u_cnn/img_mem298 input port DI2 is stuck 0, propagating ...,

Distributed Ram \u_sched/u_cnn/img_mem298 input port DI3 is stuck 0, propagating ...,

All inputs of Distributed Ram \u_sched/u_cnn/img_mem298  are constant

Distributed Ram \u_sched/u_cnn/img_mem297 input port DI0 is stuck 0, propagating ...,

Distributed Ram \u_sched/u_cnn/img_mem297 input port DI1 is stuck 0, propagating ...,

Distributed Ram \u_sched/u_cnn/img_mem297 input port DI2 is stuck 0, propagating ...,

Distributed Ram \u_sched/u_cnn/img_mem297 input port DI3 is stuck 0, propagating ...,

All inputs of Distributed Ram \u_sched/u_cnn/img_mem297  are constant

Distributed Ram \u_sched/u_cnn/img_mem296 input port DI0 is stuck 0, propagating ...,

Distributed Ram \u_sched/u_cnn/img_mem296 input port DI1 is stuck 0, propagating ...,

Distributed Ram \u_sched/u_cnn/img_mem296 input port DI2 is stuck 0, propagating ...,

Distributed Ram \u_sched/u_cnn/img_mem296 input port DI3 is stuck 0, propagating ...,

All inputs of Distributed Ram \u_sched/u_cnn/img_mem296  are constant

Distributed Ram \u_sched/u_cnn/img_mem295 input port DI0 is stuck 0, propagating ...,

Distributed Ram \u_sched/u_cnn/img_mem295 input port DI1 is stuck 0, propagating ...,

Distributed Ram \u_sched/u_cnn/img_mem295 input port DI2 is stuck 0, propagating ...,

Distributed Ram \u_sched/u_cnn/img_mem295 input port DI3 is stuck 0, propagating ...,

All inputs of Distributed Ram \u_sched/u_cnn/img_mem295  are constant

Distributed Ram \u_sched/u_cnn/img_mem294 input port DI0 is stuck 0, propagating ...,

Distributed Ram \u_sched/u_cnn/img_mem294 input port DI1 is stuck 0, propagating ...,

Distributed Ram \u_sched/u_cnn/img_mem294 input port DI2 is stuck 0, propagating ...,

Distributed Ram \u_sched/u_cnn/img_mem294 input port DI3 is stuck 0, propagating ...,

All inputs of Distributed Ram \u_sched/u_cnn/img_mem294  are constant

Distributed Ram \u_sched/u_cnn/img_mem292 input port DI0 is stuck 0, propagating ...,

Distributed Ram \u_sched/u_cnn/img_mem292 input port DI1 is stuck 0, propagating ...,

Distributed Ram \u_sched/u_cnn/img_mem292 input port DI2 is stuck 0, propagating ...,

Distributed Ram \u_sched/u_cnn/img_mem292 input port DI3 is stuck 0, propagating ...,

All inputs of Distributed Ram \u_sched/u_cnn/img_mem292  are constant

Distributed Ram \u_sched/u_cnn/img_mem291 input port DI0 is stuck 0, propagating ...,

Distributed Ram \u_sched/u_cnn/img_mem291 input port DI1 is stuck 0, propagating ...,

Distributed Ram \u_sched/u_cnn/img_mem291 input port DI2 is stuck 0, propagating ...,

Distributed Ram \u_sched/u_cnn/img_mem291 input port DI3 is stuck 0, propagating ...,

All inputs of Distributed Ram \u_sched/u_cnn/img_mem291  are constant

Distributed Ram \u_sched/u_cnn/img_mem290 input port DI0 is stuck 0, propagating ...,

Distributed Ram \u_sched/u_cnn/img_mem290 input port DI1 is stuck 0, propagating ...,

Distributed Ram \u_sched/u_cnn/img_mem290 input port DI2 is stuck 0, propagating ...,

Distributed Ram \u_sched/u_cnn/img_mem290 input port DI3 is stuck 0, propagating ...,

All inputs of Distributed Ram \u_sched/u_cnn/img_mem290  are constant

Distributed Ram \u_sched/u_cnn/img_mem289 input port DI0 is stuck 0, propagating ...,

Distributed Ram \u_sched/u_cnn/img_mem289 input port DI1 is stuck 0, propagating ...,

Distributed Ram \u_sched/u_cnn/img_mem289 input port DI2 is stuck 0, propagating ...,

Distributed Ram \u_sched/u_cnn/img_mem289 input port DI3 is stuck 0, propagating ...,

All inputs of Distributed Ram \u_sched/u_cnn/img_mem289  are constant

Distributed Ram \u_sched/u_cnn/img_mem288 input port DI0 is stuck 0, propagating ...,

Distributed Ram \u_sched/u_cnn/img_mem288 input port DI1 is stuck 0, propagating ...,

Distributed Ram \u_sched/u_cnn/img_mem288 input port DI2 is stuck 0, propagating ...,

Distributed Ram \u_sched/u_cnn/img_mem288 input port DI3 is stuck 0, propagating ...,

All inputs of Distributed Ram \u_sched/u_cnn/img_mem288  are constant

Distributed Ram \u_sched/u_cnn/img_mem287 input port DI0 is stuck 0, propagating ...,

Distributed Ram \u_sched/u_cnn/img_mem287 input port DI1 is stuck 0, propagating ...,

Distributed Ram \u_sched/u_cnn/img_mem287 input port DI2 is stuck 0, propagating ...,

Distributed Ram \u_sched/u_cnn/img_mem287 input port DI3 is stuck 0, propagating ...,

All inputs of Distributed Ram \u_sched/u_cnn/img_mem287  are constant

Distributed Ram \u_sched/u_cnn/img_mem286 input port DI0 is stuck 0, propagating ...,

Distributed Ram \u_sched/u_cnn/img_mem286 input port DI1 is stuck 0, propagating ...,

Distributed Ram \u_sched/u_cnn/img_mem286 input port DI2 is stuck 0, propagating ...,

Distributed Ram \u_sched/u_cnn/img_mem286 input port DI3 is stuck 0, propagating ...,

All inputs of Distributed Ram \u_sched/u_cnn/img_mem286  are constant

Distributed Ram \u_sched/u_cnn/img_mem285 input port DI0 is stuck 0, propagating ...,

Distributed Ram \u_sched/u_cnn/img_mem285 input port DI1 is stuck 0, propagating ...,

Distributed Ram \u_sched/u_cnn/img_mem285 input port DI2 is stuck 0, propagating ...,

Distributed Ram \u_sched/u_cnn/img_mem285 input port DI3 is stuck 0, propagating ...,

All inputs of Distributed Ram \u_sched/u_cnn/img_mem285  are constant

Distributed Ram \u_sched/u_cnn/img_mem284 input port DI0 is stuck 0, propagating ...,

Distributed Ram \u_sched/u_cnn/img_mem284 input port DI1 is stuck 0, propagating ...,

Distributed Ram \u_sched/u_cnn/img_mem284 input port DI2 is stuck 0, propagating ...,

Distributed Ram \u_sched/u_cnn/img_mem284 input port DI3 is stuck 0, propagating ...,

All inputs of Distributed Ram \u_sched/u_cnn/img_mem284  are constant

Distributed Ram \u_sched/u_cnn/img_mem283 input port DI0 is stuck 0, propagating ...,

Distributed Ram \u_sched/u_cnn/img_mem283 input port DI1 is stuck 0, propagating ...,

Distributed Ram \u_sched/u_cnn/img_mem283 input port DI2 is stuck 0, propagating ...,

Distributed Ram \u_sched/u_cnn/img_mem283 input port DI3 is stuck 0, propagating ...,

All inputs of Distributed Ram \u_sched/u_cnn/img_mem283  are constant

Distributed Ram \u_sched/u_cnn/img_mem280 input port DI0 is stuck 0, propagating ...,

Distributed Ram \u_sched/u_cnn/img_mem280 input port DI1 is stuck 0, propagating ...,

Distributed Ram \u_sched/u_cnn/img_mem280 input port DI2 is stuck 0, propagating ...,

Distributed Ram \u_sched/u_cnn/img_mem280 input port DI3 is stuck 0, propagating ...,

All inputs of Distributed Ram \u_sched/u_cnn/img_mem280  are constant

Distributed Ram \u_sched/u_cnn/img_mem279 input port DI0 is stuck 0, propagating ...,

Distributed Ram \u_sched/u_cnn/img_mem279 input port DI1 is stuck 0, propagating ...,

Distributed Ram \u_sched/u_cnn/img_mem279 input port DI2 is stuck 0, propagating ...,

Distributed Ram \u_sched/u_cnn/img_mem279 input port DI3 is stuck 0, propagating ...,

All inputs of Distributed Ram \u_sched/u_cnn/img_mem279  are constant

Distributed Ram \u_sched/u_cnn/img_mem278 input port DI0 is stuck 0, propagating ...,

Distributed Ram \u_sched/u_cnn/img_mem278 input port DI1 is stuck 0, propagating ...,

Distributed Ram \u_sched/u_cnn/img_mem278 input port DI2 is stuck 0, propagating ...,

Distributed Ram \u_sched/u_cnn/img_mem278 input port DI3 is stuck 0, propagating ...,

All inputs of Distributed Ram \u_sched/u_cnn/img_mem278  are constant

Distributed Ram \u_sched/u_cnn/img_mem271 input port DI0 is stuck 0, propagating ...,

Distributed Ram \u_sched/u_cnn/img_mem271 input port DI1 is stuck 0, propagating ...,

Distributed Ram \u_sched/u_cnn/img_mem271 input port DI2 is stuck 0, propagating ...,

Distributed Ram \u_sched/u_cnn/img_mem271 input port DI3 is stuck 0, propagating ...,

All inputs of Distributed Ram \u_sched/u_cnn/img_mem271  are constant

Distributed Ram \u_sched/u_cnn/img_mem269 input port DI0 is stuck 0, propagating ...,

Distributed Ram \u_sched/u_cnn/img_mem269 input port DI1 is stuck 0, propagating ...,

Distributed Ram \u_sched/u_cnn/img_mem269 input port DI2 is stuck 0, propagating ...,

Distributed Ram \u_sched/u_cnn/img_mem269 input port DI3 is stuck 0, propagating ...,

All inputs of Distributed Ram \u_sched/u_cnn/img_mem269  are constant

Distributed Ram \u_sched/u_cnn/img_mem268 input port DI0 is stuck 0, propagating ...,

Distributed Ram \u_sched/u_cnn/img_mem268 input port DI1 is stuck 0, propagating ...,

Distributed Ram \u_sched/u_cnn/img_mem268 input port DI2 is stuck 0, propagating ...,

Distributed Ram \u_sched/u_cnn/img_mem268 input port DI3 is stuck 0, propagating ...,

All inputs of Distributed Ram \u_sched/u_cnn/img_mem268  are constant

Distributed Ram \u_sched/u_cnn/img_mem267 input port DI0 is stuck 0, propagating ...,

Distributed Ram \u_sched/u_cnn/img_mem267 input port DI1 is stuck 0, propagating ...,

Distributed Ram \u_sched/u_cnn/img_mem267 input port DI2 is stuck 0, propagating ...,

Distributed Ram \u_sched/u_cnn/img_mem267 input port DI3 is stuck 0, propagating ...,

All inputs of Distributed Ram \u_sched/u_cnn/img_mem267  are constant

Distributed Ram \u_sched/u_cnn/img_mem266 input port DI0 is stuck 0, propagating ...,

Distributed Ram \u_sched/u_cnn/img_mem266 input port DI1 is stuck 0, propagating ...,

Distributed Ram \u_sched/u_cnn/img_mem266 input port DI2 is stuck 0, propagating ...,

Distributed Ram \u_sched/u_cnn/img_mem266 input port DI3 is stuck 0, propagating ...,

All inputs of Distributed Ram \u_sched/u_cnn/img_mem266  are constant

Distributed Ram \u_sched/u_cnn/img_mem265 input port DI0 is stuck 0, propagating ...,

Distributed Ram \u_sched/u_cnn/img_mem265 input port DI1 is stuck 0, propagating ...,

Distributed Ram \u_sched/u_cnn/img_mem265 input port DI2 is stuck 0, propagating ...,

Distributed Ram \u_sched/u_cnn/img_mem265 input port DI3 is stuck 0, propagating ...,

All inputs of Distributed Ram \u_sched/u_cnn/img_mem265  are constant

Distributed Ram \u_sched/u_cnn/img_mem263 input port DI0 is stuck 0, propagating ...,

Distributed Ram \u_sched/u_cnn/img_mem263 input port DI1 is stuck 0, propagating ...,

Distributed Ram \u_sched/u_cnn/img_mem263 input port DI2 is stuck 0, propagating ...,

Distributed Ram \u_sched/u_cnn/img_mem263 input port DI3 is stuck 0, propagating ...,

All inputs of Distributed Ram \u_sched/u_cnn/img_mem263  are constant

Distributed Ram \u_sched/u_cnn/img_mem262 input port DI0 is stuck 0, propagating ...,

Distributed Ram \u_sched/u_cnn/img_mem262 input port DI1 is stuck 0, propagating ...,

Distributed Ram \u_sched/u_cnn/img_mem262 input port DI2 is stuck 0, propagating ...,

Distributed Ram \u_sched/u_cnn/img_mem262 input port DI3 is stuck 0, propagating ...,

All inputs of Distributed Ram \u_sched/u_cnn/img_mem262  are constant

Distributed Ram \u_sched/u_cnn/img_mem261 input port DI0 is stuck 0, propagating ...,

Distributed Ram \u_sched/u_cnn/img_mem261 input port DI1 is stuck 0, propagating ...,

Distributed Ram \u_sched/u_cnn/img_mem261 input port DI2 is stuck 0, propagating ...,

Distributed Ram \u_sched/u_cnn/img_mem261 input port DI3 is stuck 0, propagating ...,

All inputs of Distributed Ram \u_sched/u_cnn/img_mem261  are constant

Distributed Ram \u_sched/u_cnn/img_mem260 input port DI0 is stuck 0, propagating ...,

Distributed Ram \u_sched/u_cnn/img_mem260 input port DI1 is stuck 0, propagating ...,

Distributed Ram \u_sched/u_cnn/img_mem260 input port DI2 is stuck 0, propagating ...,

Distributed Ram \u_sched/u_cnn/img_mem260 input port DI3 is stuck 0, propagating ...,

All inputs of Distributed Ram \u_sched/u_cnn/img_mem260  are constant

Distributed Ram \u_sched/u_cnn/img_mem257 input port DI0 is stuck 0, propagating ...,

Distributed Ram \u_sched/u_cnn/img_mem257 input port DI1 is stuck 0, propagating ...,

Distributed Ram \u_sched/u_cnn/img_mem257 input port DI2 is stuck 0, propagating ...,

Distributed Ram \u_sched/u_cnn/img_mem257 input port DI3 is stuck 0, propagating ...,

All inputs of Distributed Ram \u_sched/u_cnn/img_mem257  are constant

Distributed Ram \u_sched/u_cnn/img_mem0 input port DI0 is stuck 0, propagating ...,

Distributed Ram \u_sched/u_cnn/img_mem0 input port DI1 is stuck 0, propagating ...,

Distributed Ram \u_sched/u_cnn/img_mem0 input port DI2 is stuck 0, propagating ...,

Distributed Ram \u_sched/u_cnn/img_mem0 input port DI3 is stuck 0, propagating ...,

All inputs of Distributed Ram \u_sched/u_cnn/img_mem0  are constant

Distributed Ram \u_sched/u_cnn/img_mem127 input port DI0 is stuck 0, propagating ...,

Distributed Ram \u_sched/u_cnn/img_mem127 input port DI1 is stuck 0, propagating ...,

Distributed Ram \u_sched/u_cnn/img_mem127 input port DI2 is stuck 0, propagating ...,

Distributed Ram \u_sched/u_cnn/img_mem127 input port DI3 is stuck 0, propagating ...,

All inputs of Distributed Ram \u_sched/u_cnn/img_mem127  are constant

Distributed Ram \u_sched/u_cnn/img_mem55 input port DI0 is stuck 0, propagating ...,

Distributed Ram \u_sched/u_cnn/img_mem55 input port DI1 is stuck 0, propagating ...,

Distributed Ram \u_sched/u_cnn/img_mem55 input port DI2 is stuck 0, propagating ...,

Distributed Ram \u_sched/u_cnn/img_mem55 input port DI3 is stuck 0, propagating ...,

All inputs of Distributed Ram \u_sched/u_cnn/img_mem55  are constant

Distributed Ram \u_sched/u_cnn/img_mem52 input port DI0 is stuck 0, propagating ...,

Distributed Ram \u_sched/u_cnn/img_mem52 input port DI1 is stuck 0, propagating ...,

Distributed Ram \u_sched/u_cnn/img_mem52 input port DI2 is stuck 0, propagating ...,

Distributed Ram \u_sched/u_cnn/img_mem52 input port DI3 is stuck 0, propagating ...,

All inputs of Distributed Ram \u_sched/u_cnn/img_mem52  are constant

Distributed Ram \u_sched/u_cnn/img_mem12 input port DI0 is stuck 0, propagating ...,

Distributed Ram \u_sched/u_cnn/img_mem12 input port DI1 is stuck 0, propagating ...,

Distributed Ram \u_sched/u_cnn/img_mem12 input port DI2 is stuck 0, propagating ...,

Distributed Ram \u_sched/u_cnn/img_mem12 input port DI3 is stuck 0, propagating ...,

All inputs of Distributed Ram \u_sched/u_cnn/img_mem12  are constant

    <postMsg mid="35935013" type="Warning" dynamic="2" navigation="2" arg0="c:/users/kunsh/desktop/aicamera/lattice diamond/frame_packer.v(293): " arg1="\u_pack/cur_word_i0" arg2="c:/users/kunsh/desktop/aicamera/lattice diamond/frame_packer.v" arg3="293"  />
Distributed Ram \u_sched/u_cnn/img_mem11 input port DI0 is stuck 0, propagating ...,

Distributed Ram \u_sched/u_cnn/img_mem11 input port DI1 is stuck 0, propagating ...,

Distributed Ram \u_sched/u_cnn/img_mem11 input port DI2 is stuck 0, propagating ...,

Distributed Ram \u_sched/u_cnn/img_mem11 input port DI3 is stuck 0, propagating ...,

All inputs of Distributed Ram \u_sched/u_cnn/img_mem11  are constant

Distributed Ram \u_sched/u_cnn/img_mem255 input port DI0 is stuck 0, propagating ...,

Distributed Ram \u_sched/u_cnn/img_mem255 input port DI1 is stuck 0, propagating ...,

Distributed Ram \u_sched/u_cnn/img_mem255 input port DI2 is stuck 0, propagating ...,

Distributed Ram \u_sched/u_cnn/img_mem255 input port DI3 is stuck 0, propagating ...,

All inputs of Distributed Ram \u_sched/u_cnn/img_mem255  are constant

Distributed Ram \u_sched/u_cnn/img_mem3 input port DI0 is stuck 0, propagating ...,

Distributed Ram \u_sched/u_cnn/img_mem3 input port DI1 is stuck 0, propagating ...,

Distributed Ram \u_sched/u_cnn/img_mem3 input port DI2 is stuck 0, propagating ...,

Distributed Ram \u_sched/u_cnn/img_mem3 input port DI3 is stuck 0, propagating ...,

All inputs of Distributed Ram \u_sched/u_cnn/img_mem3  are constant

Distributed Ram \u_sched/u_cnn/img_mem7 input port DI0 is stuck 0, propagating ...,

Distributed Ram \u_sched/u_cnn/img_mem7 input port DI1 is stuck 0, propagating ...,

Distributed Ram \u_sched/u_cnn/img_mem7 input port DI2 is stuck 0, propagating ...,

Distributed Ram \u_sched/u_cnn/img_mem7 input port DI3 is stuck 0, propagating ...,

All inputs of Distributed Ram \u_sched/u_cnn/img_mem7  are constant

Distributed Ram \u_sched/u_cnn/img_mem27 input port DI0 is stuck 0, propagating ...,

Distributed Ram \u_sched/u_cnn/img_mem27 input port DI1 is stuck 0, propagating ...,

Distributed Ram \u_sched/u_cnn/img_mem27 input port DI2 is stuck 0, propagating ...,

Distributed Ram \u_sched/u_cnn/img_mem27 input port DI3 is stuck 0, propagating ...,

All inputs of Distributed Ram \u_sched/u_cnn/img_mem27  are constant

Distributed Ram \u_sched/u_cnn/img_mem31 input port DI0 is stuck 0, propagating ...,

Distributed Ram \u_sched/u_cnn/img_mem31 input port DI1 is stuck 0, propagating ...,

Distributed Ram \u_sched/u_cnn/img_mem31 input port DI2 is stuck 0, propagating ...,

Distributed Ram \u_sched/u_cnn/img_mem31 input port DI3 is stuck 0, propagating ...,

All inputs of Distributed Ram \u_sched/u_cnn/img_mem31  are constant

Distributed Ram \u_sched/u_cnn/img_mem4 input port DI0 is stuck 0, propagating ...,

Distributed Ram \u_sched/u_cnn/img_mem4 input port DI1 is stuck 0, propagating ...,

Distributed Ram \u_sched/u_cnn/img_mem4 input port DI2 is stuck 0, propagating ...,

Distributed Ram \u_sched/u_cnn/img_mem4 input port DI3 is stuck 0, propagating ...,

All inputs of Distributed Ram \u_sched/u_cnn/img_mem4  are constant

Distributed Ram \u_sched/u_cnn/img_mem256 input port DI0 is stuck 0, propagating ...,

Distributed Ram \u_sched/u_cnn/img_mem256 input port DI1 is stuck 0, propagating ...,

Distributed Ram \u_sched/u_cnn/img_mem256 input port DI2 is stuck 0, propagating ...,

Distributed Ram \u_sched/u_cnn/img_mem256 input port DI3 is stuck 0, propagating ...,

All inputs of Distributed Ram \u_sched/u_cnn/img_mem256  are constant

Distributed Ram \u_sched/u_cnn/img_mem264 input port DI0 is stuck 0, propagating ...,

Distributed Ram \u_sched/u_cnn/img_mem264 input port DI1 is stuck 0, propagating ...,

Distributed Ram \u_sched/u_cnn/img_mem264 input port DI2 is stuck 0, propagating ...,

Distributed Ram \u_sched/u_cnn/img_mem264 input port DI3 is stuck 0, propagating ...,

All inputs of Distributed Ram \u_sched/u_cnn/img_mem264  are constant

    <postMsg mid="35935014" type="Warning" dynamic="2" navigation="2" arg0="c:/users/kunsh/desktop/aicamera/lattice diamond/frame_packer.v(293): " arg1="\u_pack/lat_cand_y1[3]_i21" arg2="c:/users/kunsh/desktop/aicamera/lattice diamond/frame_packer.v" arg3="293"  />
    <postMsg mid="35935014" type="Warning" dynamic="2" navigation="2" arg0="c:/users/kunsh/desktop/aicamera/lattice diamond/fpga_uart_cmd_parser.v(60): " arg1="\u_ctrl/u_cmd/bytes[7]__i64" arg2="c:/users/kunsh/desktop/aicamera/lattice diamond/fpga_uart_cmd_parser.v" arg3="60"  />
    <postMsg mid="35935013" type="Warning" dynamic="2" navigation="2" arg0="c:/users/kunsh/desktop/aicamera/lattice diamond/fpga_uart_cmd_parser.v(60): " arg1="\u_ctrl/u_cmd/bytes[7]__i63" arg2="c:/users/kunsh/desktop/aicamera/lattice diamond/fpga_uart_cmd_parser.v" arg3="60"  />
    <postMsg mid="35935013" type="Warning" dynamic="2" navigation="2" arg0="c:/users/kunsh/desktop/aicamera/lattice diamond/ov5640_sccb.v(328): " arg1="\u_cam_cfg/byte_idx_i0_i2" arg2="c:/users/kunsh/desktop/aicamera/lattice diamond/ov5640_sccb.v" arg3="328"  />
Duplicate register/latch removal. \u_candidate_bus/cand_flags[3]_i12 is a one-to-one match with \u_candidate_bus/cand_flags[3]_i11.
Duplicate register/latch removal. \u_candidate_bus/cand_flags[3]_i9 is a one-to-one match with \u_candidate_bus/cand_flags[3]_i8.
Duplicate register/latch removal. \u_candidate_bus/cand_flags[3]_i6 is a one-to-one match with \u_candidate_bus/cand_flags[3]_i5.
Duplicate register/latch removal. \u_candidate_bus/cand_flags[3]_i3 is a one-to-one match with \u_candidate_bus/cand_flags[3]_i2.
    <postMsg mid="35935013" type="Warning" dynamic="2" navigation="2" arg0="c:/users/kunsh/desktop/aicamera/lattice diamond/sd_spi_writer.v(575): " arg1="\u_sd/wr_lba_lat_i31" arg2="c:/users/kunsh/desktop/aicamera/lattice diamond/sd_spi_writer.v" arg3="575"  />
GSR will not be inferred because no asynchronous signal was found in the netlist.
    <postMsg mid="35001779" type="Warning" dynamic="1" navigation="0" arg0="\u_dbg_status/start_data__i1"  />
    <postMsg mid="35001779" type="Warning" dynamic="1" navigation="0" arg0="\u_dbg_status/start_data__i7"  />
    <postMsg mid="35001779" type="Warning" dynamic="1" navigation="0" arg0="\u_dbg_status/start_data__i5"  />
    <postMsg mid="35001779" type="Warning" dynamic="1" navigation="0" arg0="\u_dbg_status/start_data__i4"  />
Duplicate register/latch removal. \u_ctrl/u_ack/pkt[7]__i33 is a one-to-one match with \u_ctrl/u_ack/pkt[7]__i30.
Duplicate register/latch removal. \u_ctrl/u_ack/pkt[7]__i32 is a one-to-one match with \u_ctrl/u_ack/pkt[7]__i31.
Duplicate register/latch removal. \u_ctrl/u_ack/pkt[7]__i29 is a one-to-one match with \u_ctrl/u_ack/pkt[7]__i28.
Duplicate register/latch removal. \u_ctrl/u_ack/pkt[7]__i27 is a one-to-one match with \u_ctrl/u_ack/pkt[7]__i32.
Duplicate register/latch removal. \u_ctrl/u_ack/pkt[7]__i26 is a one-to-one match with \u_ctrl/u_ack/pkt[7]__i29.
Duplicate register/latch removal. \u_ctrl/u_ack/pkt[7]__i25 is a one-to-one match with \u_ctrl/u_ack/pkt[7]__i27.
Duplicate register/latch removal. \u_ctrl/u_ack/pkt[7]__i24 is a one-to-one match with \u_ctrl/u_ack/pkt[7]__i26.
Duplicate register/latch removal. \u_ctrl/u_ack/pkt[7]__i23 is a one-to-one match with \u_ctrl/u_ack/pkt[7]__i33.
Duplicate register/latch removal. \u_ctrl/u_ack/pkt[7]__i22 is a one-to-one match with \u_ctrl/u_ack/pkt[7]__i24.
Duplicate register/latch removal. \u_ctrl/u_ack/pkt[7]__i21 is a one-to-one match with \u_ctrl/u_ack/pkt[7]__i23.
Duplicate register/latch removal. \u_ctrl/u_ack/pkt[7]__i20 is a one-to-one match with \u_ctrl/u_ack/pkt[7]__i22.
Duplicate register/latch removal. \u_ctrl/u_ack/pkt[7]__i19 is a one-to-one match with \u_ctrl/u_ack/pkt[7]__i25.
Duplicate register/latch removal. \u_ctrl/u_ack/pkt[7]__i18 is a one-to-one match with \u_ctrl/u_ack/pkt[7]__i20.
Duplicate register/latch removal. \u_ctrl/u_ack/pkt[7]__i17 is a one-to-one match with \u_ctrl/u_ack/pkt[7]__i18.
Applying 200.000000 MHz constraint to all clocks

    <postMsg mid="35001611" type="Warning" dynamic="0" navigation="0"  />
Results of NGD DRC are available in fpga_top_drc.log.
Loading NGL library 'C:/lscc/diamond/3.14/ispfpga/sa5p00/data/sa5plib.ngl'...
Loading NGL library 'C:/lscc/diamond/3.14/ispfpga/xo2c00/data/xo2clib.ngl'...
Loading NGL library 'C:/lscc/diamond/3.14/ispfpga/mg5g00/data/mg5glib.ngl'...
Loading NGL library 'C:/lscc/diamond/3.14/ispfpga/or5g00/data/orc5glib.ngl'...


Running DRC...

    <postMsg mid="1166052" type="Warning" dynamic="2" navigation="1" arg0="logical" arg1="DIN" arg2="DIN"  />
    <postMsg mid="1166064" type="Warning" dynamic="2" navigation="0" arg0="input" arg1="DIN"  />
    <postMsg mid="1166052" type="Warning" dynamic="2" navigation="1" arg0="logical" arg1="CCLK" arg2="CCLK"  />
    <postMsg mid="1166064" type="Warning" dynamic="2" navigation="0" arg0="input" arg1="CCLK"  />
    <postMsg mid="1166052" type="Warning" dynamic="2" navigation="1" arg0="logical" arg1="SSPI_CS_n" arg2="SSPI_CS_n"  />
    <postMsg mid="1166064" type="Warning" dynamic="2" navigation="0" arg0="input" arg1="SSPI_CS_n"  />
    <postMsg mid="1166052" type="Warning" dynamic="2" navigation="1" arg0="logical" arg1="SD_DQ_out_7" arg2="SD_DQ_out_7"  />
    <postMsg mid="1166052" type="Warning" dynamic="2" navigation="1" arg0="logical" arg1="SD_DQ_out_8" arg2="SD_DQ_out_8"  />
    <postMsg mid="1166052" type="Warning" dynamic="2" navigation="1" arg0="logical" arg1="SD_DQ_out_9" arg2="SD_DQ_out_9"  />
    <postMsg mid="1166052" type="Warning" dynamic="2" navigation="1" arg0="logical" arg1="SD_DQ_out_10" arg2="SD_DQ_out_10"  />
    <postMsg mid="1166052" type="Warning" dynamic="2" navigation="1" arg0="logical" arg1="SD_DQ_out_11" arg2="SD_DQ_out_11"  />
    <postMsg mid="1166052" type="Warning" dynamic="2" navigation="1" arg0="logical" arg1="SD_DQ_out_12" arg2="SD_DQ_out_12"  />
    <postMsg mid="1166052" type="Warning" dynamic="2" navigation="1" arg0="logical" arg1="Y2_c_0" arg2="Y2_c_0"  />
    <postMsg mid="1166052" type="Warning" dynamic="2" navigation="1" arg0="logical" arg1="Y3_c_1" arg2="Y3_c_1"  />
    <postMsg mid="1166052" type="Warning" dynamic="2" navigation="1" arg0="logical" arg1="Y4_c_2" arg2="Y4_c_2"  />
    <postMsg mid="1166052" type="Warning" dynamic="2" navigation="1" arg0="logical" arg1="Y5_c_3" arg2="Y5_c_3"  />
    <postMsg mid="1166052" type="Warning" dynamic="2" navigation="1" arg0="logical" arg1="Y6_c_4" arg2="Y6_c_4"  />
    <postMsg mid="1166052" type="Warning" dynamic="2" navigation="1" arg0="logical" arg1="Y7_c_5" arg2="Y7_c_5"  />
    <postMsg mid="1166052" type="Warning" dynamic="2" navigation="1" arg0="logical" arg1="Y8_c_6" arg2="Y8_c_6"  />
    <postMsg mid="1166052" type="Warning" dynamic="2" navigation="1" arg0="logical" arg1="Y9_c_7" arg2="Y9_c_7"  />
    <postMsg mid="1166052" type="Warning" dynamic="2" navigation="1" arg0="logical" arg1="HREF_c" arg2="HREF_c"  />
    <postMsg mid="1166052" type="Warning" dynamic="2" navigation="1" arg0="logical" arg1="SD_DQ_out_0" arg2="SD_DQ_out_0"  />
    <postMsg mid="1166052" type="Warning" dynamic="2" navigation="1" arg0="logical" arg1="SD_DQ_out_1" arg2="SD_DQ_out_1"  />
    <postMsg mid="1166052" type="Warning" dynamic="2" navigation="1" arg0="logical" arg1="SD_DQ_out_2" arg2="SD_DQ_out_2"  />
    <postMsg mid="1166052" type="Warning" dynamic="2" navigation="1" arg0="logical" arg1="SD_DQ_out_3" arg2="SD_DQ_out_3"  />
    <postMsg mid="1166052" type="Warning" dynamic="2" navigation="1" arg0="logical" arg1="SD_DQ_out_4" arg2="SD_DQ_out_4"  />
    <postMsg mid="1166052" type="Warning" dynamic="2" navigation="1" arg0="logical" arg1="SD_DQ_out_5" arg2="SD_DQ_out_5"  />
    <postMsg mid="1166052" type="Warning" dynamic="2" navigation="1" arg0="logical" arg1="SD_DQ_out_6" arg2="SD_DQ_out_6"  />
    <postMsg mid="1166052" type="Warning" dynamic="2" navigation="1" arg0="logical" arg1="SD_DQ_out_13" arg2="SD_DQ_out_13"  />
    <postMsg mid="1166052" type="Warning" dynamic="2" navigation="1" arg0="logical" arg1="SD_DQ_out_14" arg2="SD_DQ_out_14"  />
    <postMsg mid="1166052" type="Warning" dynamic="2" navigation="1" arg0="logical" arg1="SD_DQ_out_15" arg2="SD_DQ_out_15"  />
    <postMsg mid="1163101" type="Warning" dynamic="1" navigation="0" arg0="31"  />

Design Results:
   2099 blocks expanded
completed the first expansion
All blocks are expanded and NGD expansion is successful.
Writing NGD file AICAM_impl1.ngd.

################### Begin Area Report (fpga_top)######################
Number of register bits => 585 of 24879 (2 % )
BB => 16
CCU2C => 139
DPR16X4C => 1
EHXPLLL => 1
FD1P3AX => 240
FD1P3AY => 9
FD1P3IX => 106
FD1P3JX => 14
FD1S3AX => 88
FD1S3IX => 118
FD1S3JX => 10
GSR => 1
IB => 14
L6MUX21 => 7
LUT4 => 1174
OB => 30
OBZ => 10
PDPW16KD => 5
PFUMX => 113
################### End Area Report ##################

################### Begin Clock Report ######################
Clock Nets
Number of Clocks: 4
  Net : SD_CLK_c, loads : 488
  Net : MCLK_c, loads : 81
  Net : PCLK_c, loads : 25
  Net : CRYSTAL_c, loads : 1
Clock Enable Nets
Number of Clock Enables: 62
Top 10 highest fanout Clock Enables:
  Net : u_sd/SD_CLK_c_enable_234, loads : 47
  Net : u_ctrl/u_ack/SD_CLK_c_enable_238, loads : 35
  Net : u_ctrl/SD_CLK_c_enable_249, loads : 33
  Net : u_cam_cfg/tick, loads : 26
  Net : u_dbg_status/MCLK_c_enable_25, loads : 24
  Net : u_ctrl/u_cmd/SD_CLK_c_enable_237, loads : 24
  Net : u_cam_cfg/SD_CLK_c_enable_244, loads : 23
  Net : u_sd/bit_cnt_0, loads : 17
  Net : u_dbg_status/MCLK_c_enable_17, loads : 16
  Net : u_ctrl/u_rx/SD_CLK_c_enable_213, loads : 16
Highest fanout non-clock nets
Top 10 highest fanout non-clock nets:
  Net : u_sd/st_2, loads : 144
  Net : u_sd/st_1, loads : 136
  Net : u_sd/st_0, loads : 123
  Net : u_sd/st_3, loads : 114
  Net : u_sd/st_4, loads : 83
  Net : u_sd/spi_done, loads : 67
  Net : u_sd/n78014, loads : 52
  Net : u_cam_cfg/st_0, loads : 50
  Net : u_sd/SD_CLK_c_enable_234, loads : 47
  Net : n309, loads : 45
################### End Clock Report ##################

Timing Report Summary
--------------
--------------------------------------------------------------------------------
Constraint                              |   Constraint|       Actual|Levels
--------------------------------------------------------------------------------
                                        |             |             |
create_clock -period 5.000000 -name     |             |             |
clk2 [get_nets PCLK_c]                  |  200.000 MHz|  174.338 MHz|     4 *
                                        |             |             |
create_clock -period 5.000000 -name     |             |             |
clk1 [get_nets SD_CLK_c]                |  200.000 MHz|   69.367 MHz|    16 *
                                        |             |             |
create_clock -period 5.000000 -name     |             |             |
clk0 [get_nets MCLK_c]                  |  200.000 MHz|  114.116 MHz|     7 *
                                        |             |             |
--------------------------------------------------------------------------------


3 constraints not met.


Peak Memory Usage: 297.043  MB

--------------------------------------------------------------
Elapsed CPU time for LSE flow : 18.547  secs
--------------------------------------------------------------

map -a "ECP5U" -p LFE5U-25F -t CABGA256 -s 6 -oc Commercial   "AICAM_impl1.ngd" -o "AICAM_impl1_map.ncd" -pr "AICAM_impl1.prf" -mp "AICAM_impl1.mrp" -lpf "C:/Users/kunsh/Desktop/AiCamera/Lattice Diamond/impl1/AICAM_impl1.lpf" -lpf "C:/Users/kunsh/Desktop/AiCamera/Lattice Diamond/AICAM.lpf"             
map:  version Diamond (64-bit) 3.14.0.75.2

Copyright (c) 1991-1994 by NeoCAD Inc. All rights reserved.
Copyright (c) 1995 AT&T Corp.   All rights reserved.
Copyright (c) 1995-2001 Lucent Technologies Inc.  All rights reserved.
Copyright (c) 2001 Agere Systems   All rights reserved.
Copyright (c) 2002-2024 Lattice Semiconductor Corporation,  All rights reserved.
   Process the file: AICAM_impl1.ngd
   Picdevice="LFE5U-25F"

   Pictype="CABGA256"

   Picspeed=6

   Remove unused logic

   Do not produce over sized NCDs.

Part used: LFE5U-25FCABGA256, Performance used: 6.

    <postMsg mid="1100644" type="Warning" dynamic="2" navigation="2" arg0="C:/Users/kunsh/Desktop/AiCamera/Lattice Diamond/AICAM.lpf(83): Semantic error in &quot;IOBUF PORT &quot;DIN&quot; IO_TYPE=LVCMOS33 PULLMODE=NONE DRIVE=NA SLEWRATE=NA CLAMP=OFF OPENDRAIN=OFF DIFFRESISTOR=OFF DIFFDRIVE=&quot;NA&quot; BANK_VCCIO=3.3 HYSTERESIS=ON TERMINATION=OFF ;&quot;: " arg1="DIN" arg2="C:/Users/kunsh/Desktop/AiCamera/Lattice Diamond/AICAM.lpf" arg3="83"  />
    <postMsg mid="1100644" type="Warning" dynamic="2" navigation="2" arg0="C:/Users/kunsh/Desktop/AiCamera/Lattice Diamond/AICAM.lpf(85): Semantic error in &quot;IOBUF PORT &quot;CCLK&quot; IO_TYPE=LVCMOS33 PULLMODE=NONE DRIVE=NA SLEWRATE=NA CLAMP=ON OPENDRAIN=OFF DIFFRESISTOR=OFF DIFFDRIVE=&quot;NA&quot; BANK_VCCIO=3.3 HYSTERESIS=ON TERMINATION=OFF ;&quot;: " arg1="CCLK" arg2="C:/Users/kunsh/Desktop/AiCamera/Lattice Diamond/AICAM.lpf" arg3="85"  />
    <postMsg mid="1100644" type="Warning" dynamic="2" navigation="2" arg0="C:/Users/kunsh/Desktop/AiCamera/Lattice Diamond/AICAM.lpf(86): Semantic error in &quot;IOBUF PORT &quot;SSPI_CS_n&quot; IO_TYPE=LVCMOS33 PULLMODE=UP DRIVE=NA SLEWRATE=NA CLAMP=ON OPENDRAIN=OFF DIFFRESISTOR=OFF DIFFDRIVE=&quot;NA&quot; BANK_VCCIO=3.3 HYSTERESIS=ON TERMINATION=OFF ;&quot;: " arg1="SSPI_CS_n" arg2="C:/Users/kunsh/Desktop/AiCamera/Lattice Diamond/AICAM.lpf" arg3="86"  />
Loading device for application map from file 'sa5p25.nph' in environment: C:/lscc/diamond/3.14/ispfpga.
Package Status:                     Final          Version 1.44.

    <postMsg mid="52101275" type="Warning" dynamic="3" navigation="0" arg0="HYSTERESIS" arg1="NA" arg2="SD_DQ_pad_7/IOBUF"  />
    <postMsg mid="52101275" type="Warning" dynamic="3" navigation="0" arg0="HYSTERESIS" arg1="NA" arg2="SD_DQ_pad_8/IOBUF"  />
    <postMsg mid="52101275" type="Warning" dynamic="3" navigation="0" arg0="HYSTERESIS" arg1="NA" arg2="SD_DQ_pad_9/IOBUF"  />
    <postMsg mid="52101275" type="Warning" dynamic="3" navigation="0" arg0="HYSTERESIS" arg1="NA" arg2="SD_DQ_pad_10/IOBUF"  />
    <postMsg mid="52101275" type="Warning" dynamic="3" navigation="0" arg0="HYSTERESIS" arg1="NA" arg2="SD_DQ_pad_11/IOBUF"  />
    <postMsg mid="52101275" type="Warning" dynamic="3" navigation="0" arg0="HYSTERESIS" arg1="NA" arg2="SD_DQ_pad_12/IOBUF"  />
    <postMsg mid="52101275" type="Warning" dynamic="3" navigation="0" arg0="DRIVE" arg1="8" arg2="M_D0_pad/IOBUF"  />
    <postMsg mid="52101275" type="Warning" dynamic="3" navigation="0" arg0="SLEWRATE" arg1="SLOW" arg2="M_D0_pad/IOBUF"  />
    <postMsg mid="52101275" type="Warning" dynamic="3" navigation="0" arg0="DRIVE" arg1="8" arg2="RX_pad/IOBUF"  />
    <postMsg mid="52101275" type="Warning" dynamic="3" navigation="0" arg0="SLEWRATE" arg1="SLOW" arg2="RX_pad/IOBUF"  />
    <postMsg mid="52101276" type="Warning" dynamic="1" navigation="0" arg0="DOUT_pad/IOBUF"  />
    <postMsg mid="52101275" type="Warning" dynamic="3" navigation="0" arg0="OPENDRAIN" arg1="OFF" arg2="DOUT_pad/IOBUF"  />
    <postMsg mid="52101276" type="Warning" dynamic="1" navigation="0" arg0="SD_A_pad_0/IOBUF"  />
    <postMsg mid="52101275" type="Warning" dynamic="3" navigation="0" arg0="OPENDRAIN" arg1="OFF" arg2="SD_A_pad_0/IOBUF"  />
    <postMsg mid="52101276" type="Warning" dynamic="1" navigation="0" arg0="SD_A_pad_10/IOBUF"  />
    <postMsg mid="52101275" type="Warning" dynamic="3" navigation="0" arg0="OPENDRAIN" arg1="OFF" arg2="SD_A_pad_10/IOBUF"  />
    <postMsg mid="52101275" type="Warning" dynamic="3" navigation="0" arg0="HYSTERESIS" arg1="NA" arg2="SD_DQ_pad_0/IOBUF"  />
    <postMsg mid="52101275" type="Warning" dynamic="3" navigation="0" arg0="HYSTERESIS" arg1="NA" arg2="SD_DQ_pad_1/IOBUF"  />
    <postMsg mid="52101275" type="Warning" dynamic="3" navigation="0" arg0="HYSTERESIS" arg1="NA" arg2="SD_DQ_pad_2/IOBUF"  />
    <postMsg mid="52101275" type="Warning" dynamic="3" navigation="0" arg0="HYSTERESIS" arg1="NA" arg2="SD_DQ_pad_3/IOBUF"  />
    <postMsg mid="52101275" type="Warning" dynamic="3" navigation="0" arg0="HYSTERESIS" arg1="NA" arg2="SD_DQ_pad_4/IOBUF"  />
    <postMsg mid="52101275" type="Warning" dynamic="3" navigation="0" arg0="HYSTERESIS" arg1="NA" arg2="SD_DQ_pad_5/IOBUF"  />
    <postMsg mid="52101275" type="Warning" dynamic="3" navigation="0" arg0="HYSTERESIS" arg1="NA" arg2="SD_DQ_pad_6/IOBUF"  />
    <postMsg mid="52101275" type="Warning" dynamic="3" navigation="0" arg0="HYSTERESIS" arg1="NA" arg2="SD_DQ_pad_13/IOBUF"  />
    <postMsg mid="52101275" type="Warning" dynamic="3" navigation="0" arg0="HYSTERESIS" arg1="NA" arg2="SD_DQ_pad_14/IOBUF"  />
    <postMsg mid="52101275" type="Warning" dynamic="3" navigation="0" arg0="HYSTERESIS" arg1="NA" arg2="SD_DQ_pad_15/IOBUF"  />
Running general design DRC...

    <postMsg mid="1166064" type="Warning" dynamic="2" navigation="0" arg0="input" arg1="DIN"  />
    <postMsg mid="1166064" type="Warning" dynamic="2" navigation="0" arg0="input" arg1="CCLK"  />
    <postMsg mid="1166064" type="Warning" dynamic="2" navigation="0" arg0="input" arg1="SSPI_CS_n"  />
Removing unused logic...

Optimizing...

499 CCU2 constant inputs absorbed.

    <postMsg mid="51001046" type="Warning" dynamic="1" navigation="0" arg0="DIN"  />
    <postMsg mid="51001046" type="Warning" dynamic="1" navigation="0" arg0="CCLK"  />
    <postMsg mid="51001046" type="Warning" dynamic="1" navigation="0" arg0="SSPI_CS_n"  />



Design Summary:
   Number of registers:    575 out of 24879 (2%)
      PFU registers:          575 out of 24288 (2%)
      PIO registers:            0 out of   591 (0%)
   Number of SLICEs:       894 out of 12144 (7%)
      SLICEs as Logic/ROM:    891 out of 12144 (7%)
      SLICEs as RAM:            3 out of  9108 (0%)
      SLICEs as Carry:        137 out of 12144 (1%)
   Number of LUT4s:        1451 out of 24288 (6%)
      Number used as logic LUTs:        1171
      Number used as distributed RAM:     6
      Number used as ripple logic:      274
      Number used as shift registers:     0
   Number of PIO sites used: 45 out of 197 (23%)
   Number of block RAMs:  5 out of 56 (9%)
   Number of GSRs:  0 out of 1 (0%)
   JTAG used :      No
   Readback used :  No
   Oscillator used :  No
   Startup used :   No
   DTR used :   No
   Number of Dynamic Bank Controller (BCINRD):  0 out of 4 (0%)
   Number of Dynamic Bank Controller (BCLVDSOB):  0 out of 4 (0%)
   Number of DCC:  0 out of 60 (0%)
   Number of DCS:  0 out of 2 (0%)
   Number of PLLs:  1 out of 2 (50%)
   Number of DDRDLLs:  0 out of 4 (0%)
   Number of CLKDIV:  0 out of 4 (0%)
   Number of ECLKSYNC:  0 out of 10 (0%)
   Number of ECLKBRIDGECS:  0 out of 2 (0%)
   Notes:-
      1. Total number of LUT4s = (Number of logic LUT4s) + 2*(Number of distributed RAMs) + 2*(Number of ripple logic)
      2. Number of logic LUT4s does not include count of distributed RAM and ripple logic.

   Number Of Mapped DSP Components:
   --------------------------------
   MULT18X18D          0
   MULT9X9D            0
   ALU54B              0
   ALU24B              0
   PRADD18A            0
   PRADD9A             0
   --------------------------------
   Number of Used DSP MULT Sites:  0 out of 56 (0 %)
   Number of Used DSP ALU Sites:  0 out of 28 (0 %)
   Number of Used DSP PRADD Sites:  0 out of 56 (0 %)
   Number of clocks:  4
     Net MCLK_c: 46 loads, 46 rising, 0 falling (Driver: u_pll/PLLInst_0 )
     Net SD_CLK_c: 309 loads, 309 rising, 0 falling (Driver: u_pll/PLLInst_0 )
     Net PCLK_c: 12 loads, 12 rising, 0 falling (Driver: PIO PCLK )
     Net CRYSTAL_c: 1 loads, 1 rising, 0 falling (Driver: PIO CRYSTAL )
   Number of Clock Enables:  61
     Net u_dbg_status/MCLK_c_enable_25: 4 loads, 4 LSLICEs
     Net u_dbg_status/MCLK_c_enable_17: 9 loads, 9 LSLICEs
     Net u_dbg_status/start_req_N_12413: 8 loads, 8 LSLICEs
     Net u_dbg_status/MCLK_c_enable_28: 2 loads, 2 LSLICEs
     Net u_dbg_status/MCLK_c_enable_29: 1 loads, 1 LSLICEs
     Net u_cam_cfg/SD_CLK_c_enable_244: 19 loads, 19 LSLICEs
     Net u_cam_cfg/SD_CLK_c_enable_4: 2 loads, 2 LSLICEs
     Net u_cam_cfg/SD_CLK_c_enable_251: 2 loads, 2 LSLICEs
     Net tick: 11 loads, 6 LSLICEs
     Net u_cam_cfg/SD_CLK_c_enable_30: 1 loads, 1 LSLICEs
     Net u_cam_cfg/SD_CLK_c_enable_27: 1 loads, 1 LSLICEs
     Net u_cam_cfg/SD_CLK_c_enable_38: 2 loads, 2 LSLICEs
     Net u_cam_cfg/SD_CLK_c_enable_252: 4 loads, 4 LSLICEs
     Net u_cam_cfg/SD_CLK_c_enable_250: 6 loads, 6 LSLICEs
     Net u_cam_cfg/SD_CLK_c_enable_247: 1 loads, 1 LSLICEs
     Net u_cam_cfg/SD_CLK_c_enable_245: 1 loads, 1 LSLICEs
     Net u_cam_cfg/SD_CLK_c_enable_219: 1 loads, 1 LSLICEs
     Net u_cam_cfg/SD_CLK_c_enable_246: 1 loads, 1 LSLICEs
     Net u_cam_cfg/SD_CLK_c_enable_248: 1 loads, 1 LSLICEs
     Net PCLK_c_enable_22: 7 loads, 7 LSLICEs
     Net bit_cnt_1: 1 loads, 1 LSLICEs
     Net bit_cnt_0: 2 loads, 2 LSLICEs
     Net u_sdram/SD_CLK_c_enable_198: 3 loads, 3 LSLICEs
     Net u_sdram/refresh_req_N_2484: 1 loads, 1 LSLICEs
     Net u_sd/SD_CLK_c_enable_243: 2 loads, 2 LSLICEs
     Net u_sd/SD_CLK_c_enable_234: 11 loads, 11 LSLICEs
     Net u_sd/SD_CLK_c_enable_177: 4 loads, 4 LSLICEs
     Net u_sd/SD_CLK_c_enable_188: 1 loads, 1 LSLICEs
     Net u_sd/SD_CLK_c_enable_187: 1 loads, 1 LSLICEs
     Net u_sd/SD_CLK_c_enable_242: 2 loads, 2 LSLICEs
     Net u_sd/SD_CLK_c_enable_230: 1 loads, 1 LSLICEs
     Net u_ctrl/send_hb: 5 loads, 5 LSLICEs
     Net u_ctrl/SD_CLK_c_enable_249: 1 loads, 1 LSLICEs
     Net u_ctrl/SD_CLK_c_enable_240: 4 loads, 4 LSLICEs
     Net u_ctrl/u_tx/SD_CLK_c_enable_222: 2 loads, 2 LSLICEs
     Net u_ctrl/rx_valid: 4 loads, 4 LSLICEs
     Net u_ctrl/u_rx/SD_CLK_c_enable_155: 1 loads, 1 LSLICEs
     Net u_ctrl/u_rx/SD_CLK_c_enable_154: 4 loads, 4 LSLICEs
     Net u_ctrl/u_rx/SD_CLK_c_enable_215: 2 loads, 2 LSLICEs
     Net u_ctrl/u_rx/SD_CLK_c_enable_213: 9 loads, 9 LSLICEs
     Net u_ctrl/u_rx/SD_CLK_c_enable_192: 1 loads, 1 LSLICEs
     Net u_ctrl/u_rx/SD_CLK_c_enable_193: 1 loads, 1 LSLICEs
     Net u_ctrl/u_rx/SD_CLK_c_enable_194: 1 loads, 1 LSLICEs
     Net u_ctrl/u_rx/SD_CLK_c_enable_195: 1 loads, 1 LSLICEs
     Net u_ctrl/u_rx/SD_CLK_c_enable_196: 1 loads, 1 LSLICEs
     Net u_ctrl/u_rx/SD_CLK_c_enable_197: 1 loads, 1 LSLICEs
     Net u_ctrl/u_rx/SD_CLK_c_enable_231: 1 loads, 1 LSLICEs
     Net u_ctrl/cmd_valid: 11 loads, 11 LSLICEs
     Net u_ctrl/u_cmd/SD_CLK_c_enable_83: 4 loads, 4 LSLICEs
     Net u_ctrl/u_cmd/SD_CLK_c_enable_91: 4 loads, 4 LSLICEs
     Net u_ctrl/u_cmd/SD_CLK_c_enable_123: 4 loads, 4 LSLICEs
     Net u_ctrl/u_cmd/SD_CLK_c_enable_99: 4 loads, 4 LSLICEs
     Net u_ctrl/u_cmd/SD_CLK_c_enable_107: 4 loads, 4 LSLICEs
     Net u_ctrl/u_cmd/SD_CLK_c_enable_115: 4 loads, 4 LSLICEs
     Net u_ctrl/u_cmd/SD_CLK_c_enable_237: 12 loads, 12 LSLICEs
     Net u_ctrl/u_ack/SD_CLK_c_enable_238: 18 loads, 18 LSLICEs
     Net u_ctrl/u_ack/SD_CLK_c_enable_239: 8 loads, 8 LSLICEs
     Net u_ctrl/u_ack/SD_CLK_c_enable_241: 1 loads, 1 LSLICEs
     Net u_raw_cap/PCLK_c_enable_18: 1 loads, 1 LSLICEs
     Net u_raw_cap/PCLK_c_enable_21: 1 loads, 1 LSLICEs
     Net u_raw_cap/raw_done_pulse_sys: 1 loads, 1 LSLICEs
   Number of LSRs:  33
     Net u_dbg_status/MCLK_c_enable_25: 9 loads, 9 LSLICEs
     Net u_dbg_status/sec_ctr_31__N_12302: 17 loads, 17 LSLICEs
     Net u_dbg_status/n64282: 2 loads, 2 LSLICEs
     Net u_dbg_status/n76454: 8 loads, 8 LSLICEs
     Net u_cam_cfg/n68901: 4 loads, 4 LSLICEs
     Net u_cam_cfg/tick_N_393: 5 loads, 5 LSLICEs
     Net u_cam_cfg/n63241: 3 loads, 3 LSLICEs
     Net u_cam_cfg/n63253: 2 loads, 2 LSLICEs
     Net rx_s2: 1 loads, 1 LSLICEs
     Net u_sdram/n76424: 1 loads, 1 LSLICEs
     Net u_sdram/n19231: 1 loads, 1 LSLICEs
     Net u_sdram/SD_A_12_N_2268_9: 1 loads, 1 LSLICEs
     Net u_sdram/n28678: 9 loads, 9 LSLICEs
     Net u_sdram/refresh_req: 1 loads, 1 LSLICEs
     Net u_sdram/n58488: 1 loads, 1 LSLICEs
     Net u_sd/n37437: 9 loads, 9 LSLICEs
     Net u_sd/st_5: 5 loads, 5 LSLICEs
     Net u_sd/n60665: 3 loads, 3 LSLICEs
     Net u_sd/n76493: 11 loads, 11 LSLICEs
     Net u_sd/n76322: 1 loads, 1 LSLICEs
     Net u_ctrl/send_hb: 6 loads, 6 LSLICEs
     Net u_ctrl/SD_CLK_c_enable_249: 17 loads, 17 LSLICEs
     Net u_ctrl/n24591: 1 loads, 1 LSLICEs
     Net u_ctrl/SD_CLK_c_enable_240: 1 loads, 1 LSLICEs
     Net u_ctrl/u_tx/n28585: 9 loads, 9 LSLICEs
     Net u_ctrl/u_tx/n63183: 2 loads, 2 LSLICEs
     Net u_ctrl/u_rx/n63190: 9 loads, 9 LSLICEs
     Net u_ctrl/u_rx/n63185: 2 loads, 2 LSLICEs
     Net u_ctrl/n63174: 1 loads, 1 LSLICEs
     Net u_ctrl/u_cmd/cmd_valid_N_820: 1 loads, 1 LSLICEs
     Net u_ctrl/u_ack/SD_CLK_c_enable_238: 4 loads, 4 LSLICEs
     Net u_raw_cap/PCLK_c_enable_18: 5 loads, 5 LSLICEs
     Net u_raw_cap/capture_this_frame_p: 1 loads, 1 LSLICEs
   Number of nets driven by tri-state buffers:  0
   Top 10 highest fanout non-clock nets:
     Net st_2_adj_12557: 145 loads
     Net u_sd/st_1: 136 loads
     Net st_0_adj_12558: 124 loads
     Net st_3_adj_12556: 115 loads
     Net u_sd/st_4: 83 loads
     Net spi_done: 68 loads
     Net u_sd/n78014: 52 loads
     Net st_0: 51 loads
     Net n309: 45 loads
     Net st_2: 40 loads
 

   Number of warnings:  35
   Number of errors:    0



Total CPU Time: 1 secs  
Total REAL Time: 0 secs  
Peak Memory Usage: 125 MB

Dumping design to file AICAM_impl1_map.ncd.

ncd2vdb "AICAM_impl1_map.ncd" ".vdbs/AICAM_impl1_map.vdb"

Loading device for application ncd2vdb from file 'sa5p25.nph' in environment: C:/lscc/diamond/3.14/ispfpga.

trce -f "AICAM_impl1.mt" -o "AICAM_impl1.tw1" "AICAM_impl1_map.ncd" "AICAM_impl1.prf"
trce:  version Diamond (64-bit) 3.14.0.75.2

Copyright (c) 1991-1994 by NeoCAD Inc. All rights reserved.
Copyright (c) 1995 AT&T Corp.   All rights reserved.
Copyright (c) 1995-2001 Lucent Technologies Inc.  All rights reserved.
Copyright (c) 2001 Agere Systems   All rights reserved.
Copyright (c) 2002-2024 Lattice Semiconductor Corporation,  All rights reserved.

Loading design for application trce from file aicam_impl1_map.ncd.
Design name: fpga_top
NCD version: 3.3
Vendor:      LATTICE
Device:      LFE5U-25F
Package:     CABGA256
Performance: 6
Loading device for application trce from file 'sa5p25.nph' in environment: C:/lscc/diamond/3.14/ispfpga.
Package Status:                     Final          Version 1.44.
Performance Hardware Data Status:   Final          Version 55.1.
Setup and Hold Report

--------------------------------------------------------------------------------
Lattice TRACE Report - Setup, Version Diamond (64-bit) 3.14.0.75.2
Mon Apr 13 19:46:53 2026

Copyright (c) 1991-1994 by NeoCAD Inc. All rights reserved.
Copyright (c) 1995 AT&T Corp.   All rights reserved.
Copyright (c) 1995-2001 Lucent Technologies Inc.  All rights reserved.
Copyright (c) 2001 Agere Systems   All rights reserved.
Copyright (c) 2002-2024 Lattice Semiconductor Corporation,  All rights reserved.

Report Information
------------------
Command line:    trce -v 1 -gt -mapchkpnt 0 -sethld -o AICAM_impl1.tw1 -gui -msgset C:/Users/kunsh/Desktop/AiCamera/Lattice Diamond/promote.xml AICAM_impl1_map.ncd AICAM_impl1.prf 
Design file:     aicam_impl1_map.ncd
Preference file: aicam_impl1.prf
Device,speed:    LFE5U-25F,6
Report level:    verbose report, limited to 1 item per preference
--------------------------------------------------------------------------------



Timing summary (Setup):
---------------

Timing errors: 0  Score: 0
Cumulative negative slack: 0

Constraints cover 101833 paths, 3 nets, and 5519 connections (93.81% coverage)

--------------------------------------------------------------------------------
Lattice TRACE Report - Hold, Version Diamond (64-bit) 3.14.0.75.2
Mon Apr 13 19:46:53 2026

Copyright (c) 1991-1994 by NeoCAD Inc. All rights reserved.
Copyright (c) 1995 AT&T Corp.   All rights reserved.
Copyright (c) 1995-2001 Lucent Technologies Inc.  All rights reserved.
Copyright (c) 2001 Agere Systems   All rights reserved.
Copyright (c) 2002-2024 Lattice Semiconductor Corporation,  All rights reserved.

Report Information
------------------
Command line:    trce -v 1 -gt -mapchkpnt 0 -sethld -o AICAM_impl1.tw1 -gui -msgset C:/Users/kunsh/Desktop/AiCamera/Lattice Diamond/promote.xml AICAM_impl1_map.ncd AICAM_impl1.prf 
Design file:     aicam_impl1_map.ncd
Preference file: aicam_impl1.prf
Device,speed:    LFE5U-25F,M
Report level:    verbose report, limited to 1 item per preference
--------------------------------------------------------------------------------



Timing summary (Hold):
---------------

Timing errors: 0  Score: 0
Cumulative negative slack: 0

Constraints cover 101833 paths, 3 nets, and 5790 connections (98.42% coverage)



Timing summary (Setup and Hold):
---------------

Timing errors: 0 (setup), 0 (hold)
Score: 0 (setup), 0 (hold)
Cumulative negative slack: 0 (0+0)
--------------------------------------------------------------------------------

--------------------------------------------------------------------------------

Total CPU Time: 1 secs 
Total REAL Time: 0 secs 
Peak Memory Usage: 178 MB


ldbanno "AICAM_impl1_map.ncd" -n Verilog -o "AICAM_impl1_mapvo.vo" -w -neg
ldbanno: version Diamond (64-bit) 3.14.0.75.2
Copyright (c) 1991-1994 by NeoCAD Inc. All rights reserved.
Copyright (c) 1995 AT&T Corp.   All rights reserved.
Copyright (c) 1995-2001 Lucent Technologies Inc.  All rights reserved.
Copyright (c) 2001 Agere Systems   All rights reserved.
Copyright (c) 2002-2024 Lattice Semiconductor Corporation,  All rights reserved.

Writing a Verilog netlist using the orca library type based on the AICAM_impl1_map design file.


Loading design for application ldbanno from file AICAM_impl1_map.ncd.
Design name: fpga_top
NCD version: 3.3
Vendor:      LATTICE
Device:      LFE5U-25F
Package:     CABGA256
Performance: 6
Loading device for application ldbanno from file 'sa5p25.nph' in environment: C:/lscc/diamond/3.14/ispfpga.
Package Status:                     Final          Version 1.44.
Performance Hardware Data Status:   Final          Version 55.1.
Converting design AICAM_impl1_map.ncd into .ldb format.
Writing Verilog netlist to file AICAM_impl1_mapvo.vo
Writing SDF timing to file AICAM_impl1_mapvo.sdf
    <postMsg mid="35400250" type="Info"    dynamic="1" navigation="0" arg0="0"  />
Total CPU Time: 1 secs 
Total REAL Time: 0 secs 
Peak Memory Usage: 152 MB

ldbanno "AICAM_impl1_map.ncd" -n VHDL -o "AICAM_impl1_mapvho.vho" -w -neg
ldbanno: version Diamond (64-bit) 3.14.0.75.2
Copyright (c) 1991-1994 by NeoCAD Inc. All rights reserved.
Copyright (c) 1995 AT&T Corp.   All rights reserved.
Copyright (c) 1995-2001 Lucent Technologies Inc.  All rights reserved.
Copyright (c) 2001 Agere Systems   All rights reserved.
Copyright (c) 2002-2024 Lattice Semiconductor Corporation,  All rights reserved.

Writing a VHDL netlist using the orca library type based on the AICAM_impl1_map design file.


Loading design for application ldbanno from file AICAM_impl1_map.ncd.
Design name: fpga_top
NCD version: 3.3
Vendor:      LATTICE
Device:      LFE5U-25F
Package:     CABGA256
Performance: 6
Loading device for application ldbanno from file 'sa5p25.nph' in environment: C:/lscc/diamond/3.14/ispfpga.
Package Status:                     Final          Version 1.44.
Performance Hardware Data Status:   Final          Version 55.1.
Converting design AICAM_impl1_map.ncd into .ldb format.
Writing VHDL netlist to file AICAM_impl1_mapvho.vho
Writing SDF timing to file AICAM_impl1_mapvho.sdf
    <postMsg mid="35400250" type="Info"    dynamic="1" navigation="0" arg0="0"  />
Total CPU Time: 1 secs 
Total REAL Time: 2 secs 
Peak Memory Usage: 152 MB

mpartrce -p "AICAM_impl1.p2t" -f "AICAM_impl1.p3t" -tf "AICAM_impl1.pt" "AICAM_impl1_map.ncd" "AICAM_impl1.ncd"

---- MParTrce Tool ----
Removing old design directory at request of -rem command line option to this program.
Running par. Please wait . . .

Lattice Place and Route Report for Design "AICAM_impl1_map.ncd"
Mon Apr 13 19:46:58 2026

PAR: Place And Route Diamond (64-bit) 3.14.0.75.2.
Command Line: par -w -l 5 -i 6 -t 1 -c 0 -e 0 -gui -msgset "C:/Users/kunsh/Desktop/AiCamera/Lattice Diamond/promote.xml" -exp parUseNBR=1:parCDP=auto:parCDR=1:parPathBased=OFF:parASE=1:par_low_skew_clock_net=0 AICAM_impl1_map.ncd AICAM_impl1.dir/5_1.ncd AICAM_impl1.prf
Preference file: AICAM_impl1.prf.
Placement level-cost: 5-1.
Routing Iterations: 6

Loading design for application par from file AICAM_impl1_map.ncd.
Design name: fpga_top
NCD version: 3.3
Vendor:      LATTICE
Device:      LFE5U-25F
Package:     CABGA256
Performance: 6
Loading device for application par from file 'sa5p25.nph' in environment: C:/lscc/diamond/3.14/ispfpga.
Package Status:                     Final          Version 1.44.
Performance Hardware Data Status:   Final          Version 55.1.
License checked out.


Ignore Preference Error(s):  True
Device utilization summary:

   PIO (prelim)      45/197          22% used
                     45/197          22% bonded

   SLICE            894/12144         7% used

   EBR                5/56            8% used
   PLL                1/2            50% used


Number of Signals: 2090
Number of Connections: 5883

Pin Constraint Summary:
   45 out of 45 pins locked (100% locked).

The following 12 signals are selected to use the primary clock routing resources:
    SD_CLK_c (driver: u_pll/PLLInst_0, clk/ce/sr load #: 309/0/0)
    MCLK_c (driver: u_pll/PLLInst_0, clk/ce/sr load #: 46/0/0)
    PCLK_c (driver: PCLK, clk/ce/sr load #: 12/0/0)
    u_ctrl/u_ack/SD_CLK_c_enable_238 (driver: u_ctrl/u_ack/SLICE_884, clk/ce/sr load #: 0/18/4)
    u_cam_cfg/SD_CLK_c_enable_244 (driver: u_cam_cfg/SLICE_545, clk/ce/sr load #: 0/19/0)
    u_ctrl/SD_CLK_c_enable_249 (driver: u_ctrl/SLICE_94, clk/ce/sr load #: 0/1/17)
    u_dbg_status/sec_ctr_31__N_12302 (driver: u_dbg_status/SLICE_18, clk/ce/sr load #: 0/0/17)
    u_ctrl/u_cmd/SD_CLK_c_enable_237 (driver: u_ctrl/u_cmd/SLICE_878, clk/ce/sr load #: 0/12/0)
    tick (driver: u_cam_cfg/SLICE_185, clk/ce/sr load #: 0/11/0)
    u_sd/SD_CLK_c_enable_234 (driver: u_sd/SLICE_568, clk/ce/sr load #: 0/11/0)
    u_sd/n76493 (driver: u_sd/SLICE_832, clk/ce/sr load #: 0/0/11)
    u_ctrl/cmd_valid (driver: u_ctrl/u_cmd/SLICE_219, clk/ce/sr load #: 0/11/0)


No signal is selected as Global Set/Reset.
Starting Placer Phase 0.
............
Finished Placer Phase 0.  REAL time: 2 secs 

Starting Placer Phase 1.
.......................
Placer score = 269774.
Finished Placer Phase 1.  REAL time: 7 secs 

Starting Placer Phase 2.
.
Placer score =  262701
Finished Placer Phase 2.  REAL time: 8 secs 


------------------ Clock Report ------------------

Global Clock Resources:
  CLK_PIN    : 1 out of 12 (8%)
  GR_PCLK    : 0 out of 12 (0%)
  PLL        : 1 out of 2 (50%)
  DCS        : 0 out of 2 (0%)
  DCC        : 0 out of 60 (0%)
  CLKDIV     : 0 out of 4 (0%)

Quadrant TL Clocks:
  PRIMARY "SD_CLK_c" from CLKOP on comp "u_pll/PLLInst_0" on PLL site "PLL_BL0", CLK/CE/SR load = 87
  PRIMARY "MCLK_c" from CLKOS on comp "u_pll/PLLInst_0" on PLL site "PLL_BL0", CLK/CE/SR load = 23
  PRIMARY "u_cam_cfg/SD_CLK_c_enable_244" from F1 on comp "u_cam_cfg/SLICE_545" on site "R30C23B", CLK/CE/SR load = 8
  PRIMARY "u_ctrl/SD_CLK_c_enable_249" from F1 on comp "u_ctrl/SLICE_94" on site "R11C21A", CLK/CE/SR load = 17
  PRIMARY "u_dbg_status/sec_ctr_31__N_12302" from F1 on comp "u_dbg_status/SLICE_18" on site "R12C30A", CLK/CE/SR load = 17
  PRIMARY "tick" from Q0 on comp "u_cam_cfg/SLICE_185" on site "R19C6D", CLK/CE/SR load = 11
  PRIMARY "u_sd/SD_CLK_c_enable_234" from F1 on comp "u_sd/SLICE_568" on site "R29C15D", CLK/CE/SR load = 10
  PRIMARY "u_sd/n76493" from F0 on comp "u_sd/SLICE_832" on site "R31C14D", CLK/CE/SR load = 8

  PRIMARY  : 8 out of 16 (50%)

Quadrant TR Clocks:
  PRIMARY "SD_CLK_c" from CLKOP on comp "u_pll/PLLInst_0" on PLL site "PLL_BL0", CLK/CE/SR load = 20
  PRIMARY "MCLK_c" from CLKOS on comp "u_pll/PLLInst_0" on PLL site "PLL_BL0", CLK/CE/SR load = 8
  PRIMARY "PCLK_c" from comp "PCLK" on CLK_PIN site "C8 (PT35A)", CLK/CE/SR load = 11

  PRIMARY  : 3 out of 16 (18%)

Quadrant BL Clocks:
  PRIMARY "SD_CLK_c" from CLKOP on comp "u_pll/PLLInst_0" on PLL site "PLL_BL0", CLK/CE/SR load = 68
  PRIMARY "MCLK_c" from CLKOS on comp "u_pll/PLLInst_0" on PLL site "PLL_BL0", CLK/CE/SR load = 6
  PRIMARY "u_cam_cfg/SD_CLK_c_enable_244" from F1 on comp "u_cam_cfg/SLICE_545" on site "R30C23B", CLK/CE/SR load = 11
  PRIMARY "u_sd/SD_CLK_c_enable_234" from F1 on comp "u_sd/SLICE_568" on site "R29C15D", CLK/CE/SR load = 1
  PRIMARY "u_sd/n76493" from F0 on comp "u_sd/SLICE_832" on site "R31C14D", CLK/CE/SR load = 3

  PRIMARY  : 5 out of 16 (31%)

Quadrant BR Clocks:
  PRIMARY "SD_CLK_c" from CLKOP on comp "u_pll/PLLInst_0" on PLL site "PLL_BL0", CLK/CE/SR load = 134
  PRIMARY "MCLK_c" from CLKOS on comp "u_pll/PLLInst_0" on PLL site "PLL_BL0", CLK/CE/SR load = 9
  PRIMARY "PCLK_c" from comp "PCLK" on CLK_PIN site "C8 (PT35A)", CLK/CE/SR load = 1
  PRIMARY "u_ctrl/u_ack/SD_CLK_c_enable_238" from F0 on comp "u_ctrl/u_ack/SLICE_884" on site "R31C51D", CLK/CE/SR load = 22
  PRIMARY "u_ctrl/SD_CLK_c_enable_249" from F1 on comp "u_ctrl/SLICE_94" on site "R11C21A", CLK/CE/SR load = 1
  PRIMARY "u_ctrl/u_cmd/SD_CLK_c_enable_237" from F0 on comp "u_ctrl/u_cmd/SLICE_878" on site "R32C42D", CLK/CE/SR load = 12
  PRIMARY "u_ctrl/cmd_valid" from Q0 on comp "u_ctrl/u_cmd/SLICE_219" on site "R32C42C", CLK/CE/SR load = 11

  PRIMARY  : 7 out of 16 (43%)

Edge Clocks:

  No edge clock selected.


--------------- End of Clock Report ---------------


+
I/O Usage Summary (final):
   45 out of 197 (22.8%) PIO sites used.
   45 out of 197 (22.8%) bonded PIO sites used.
   Number of PIO comps: 45; differential: 0.
   Number of Vref pins used: 0.

I/O Bank Usage Summary:
+----------+----------------+------------+------------+------------+
| I/O Bank | Usage          | Bank Vccio | Bank Vref1 | Bank Vref2 |
+----------+----------------+------------+------------+------------+
| 0        | 12 / 24 ( 50%) | 3.3V       | -          | -          |
| 1        | 5 / 32 ( 15%)  | 1.8V       | -          | -          |
| 2        | 2 / 32 (  6%)  | 3.3V       | -          | -          |
| 3        | 7 / 32 ( 21%)  | 3.3V       | -          | -          |
| 6        | 4 / 32 ( 12%)  | 3.3V       | -          | -          |
| 7        | 12 / 32 ( 37%) | 3.3V       | -          | -          |
| 8        | 3 / 13 ( 23%)  | 2.5V       | -          | -          |
+----------+----------------+------------+------------+------------+

Total placer CPU time: 8 secs 

Dumping design to file AICAM_impl1.dir/5_1.ncd.

0 connections routed; 5883 unrouted.
Starting router resource preassignment

Completed router resource preassignment. Real time: 12 secs 

Start NBR router at 19:47:10 04/13/26

*****************************************************************
Info: NBR allows conflicts(one node used by more than one signal)
      in the earlier iterations. In each iteration, it tries to  
      solve the conflicts while keeping the critical connections 
      routed as short as possible. The routing process is said to
      be completed when no conflicts exist and all connections   
      are routed.                                                
Note: NBR uses a different method to calculate timing slacks. The
      worst slack and total negative slack may not be the same as
      that in TRCE report. You should always run TRCE to verify  
      your design.                                               
*****************************************************************

Start NBR special constraint process at 19:47:10 04/13/26

Start NBR section for initial routing at 19:47:10 04/13/26
Level 1, iteration 1
0(0.00%) conflict; 4813(81.81%) untouched conns; 0 (nbr) score; 
Estimated worst slack/total negative slack<setup>: 5.508ns/0.000ns; real time: 12 secs 
Level 2, iteration 1
0(0.00%) conflict; 4809(81.74%) untouched conns; 0 (nbr) score; 
Estimated worst slack/total negative slack<setup>: 5.560ns/0.000ns; real time: 12 secs 
Level 3, iteration 1
0(0.00%) conflict; 4808(81.73%) untouched conns; 0 (nbr) score; 
Estimated worst slack/total negative slack<setup>: 5.897ns/0.000ns; real time: 12 secs 
Level 4, iteration 1
119(0.01%) conflicts; 0(0.00%) untouched conn; 0 (nbr) score; 
Estimated worst slack/total negative slack<setup>: 6.438ns/0.000ns; real time: 13 secs 

Info: Initial congestion level at 75% usage is 0
Info: Initial congestion area  at 75% usage is 0 (0.00%)

Start NBR section for normal routing at 19:47:11 04/13/26
Level 4, iteration 1
52(0.00%) conflicts; 0(0.00%) untouched conn; 0 (nbr) score; 
Estimated worst slack/total negative slack<setup>: 5.899ns/0.000ns; real time: 13 secs 
Level 4, iteration 2
12(0.00%) conflicts; 0(0.00%) untouched conn; 0 (nbr) score; 
Estimated worst slack/total negative slack<setup>: 5.899ns/0.000ns; real time: 13 secs 
Level 4, iteration 3
6(0.00%) conflicts; 0(0.00%) untouched conn; 0 (nbr) score; 
Estimated worst slack/total negative slack<setup>: 5.899ns/0.000ns; real time: 13 secs 
Level 4, iteration 4
2(0.00%) conflicts; 0(0.00%) untouched conn; 0 (nbr) score; 
Estimated worst slack/total negative slack<setup>: 5.899ns/0.000ns; real time: 13 secs 
Level 4, iteration 5
2(0.00%) conflicts; 0(0.00%) untouched conn; 0 (nbr) score; 
Estimated worst slack/total negative slack<setup>: 5.899ns/0.000ns; real time: 13 secs 
Level 4, iteration 6
0(0.00%) conflict; 0(0.00%) untouched conn; 0 (nbr) score; 
Estimated worst slack/total negative slack<setup>: 5.899ns/0.000ns; real time: 13 secs 

Start NBR section for setup/hold timing optimization with effort level 3 at 19:47:11 04/13/26

Start NBR section for re-routing at 19:47:12 04/13/26
Level 4, iteration 1
0(0.00%) conflict; 0(0.00%) untouched conn; 0 (nbr) score; 
Estimated worst slack/total negative slack<setup>: 5.899ns/0.000ns; real time: 14 secs 

Start NBR section for post-routing at 19:47:12 04/13/26

End NBR router with 0 unrouted connection

NBR Summary
-----------
  Number of unrouted connections : 0 (0.00%)
  Number of connections with timing violations : 0 (0.00%)
  Estimated worst slack<setup> : 5.899ns
  Timing score<setup> : 0
-----------
Notes: The timing info is calculated for SETUP only and all PAR_ADJs are ignored.



Total CPU time 14 secs 
Total REAL time: 15 secs 
Completely routed.
End of route.  5883 routed (100.00%); 0 unrouted.

Hold time timing score: 0, hold timing errors: 0

Timing score: 0 

Dumping design to file AICAM_impl1.dir/5_1.ncd.


PAR_SUMMARY::Run status = Completed
PAR_SUMMARY::Number of unrouted conns = 0
PAR_SUMMARY::Worst  slack<setup/<ns>> = 5.899
PAR_SUMMARY::Timing score<setup/<ns>> = 0.000
PAR_SUMMARY::Worst  slack<hold /<ns>> = 0.149
PAR_SUMMARY::Timing score<hold /<ns>> = 0.000
PAR_SUMMARY::Number of errors = 0

Total CPU  time to completion: 14 secs 
Total REAL time to completion: 15 secs 

par done!

Note: user must run 'Trace' for timing closure signoff.

Copyright (c) 1991-1994 by NeoCAD Inc. All rights reserved.
Copyright (c) 1995 AT&T Corp.   All rights reserved.
Copyright (c) 1995-2001 Lucent Technologies Inc.  All rights reserved.
Copyright (c) 2001 Agere Systems   All rights reserved.
Copyright (c) 2002-2024 Lattice Semiconductor Corporation,  All rights reserved.
Exiting par with exit code 0
Exiting mpartrce with exit code 0

trce -f "AICAM_impl1.pt" -o "AICAM_impl1.twr" "AICAM_impl1.ncd" "AICAM_impl1.prf"
trce:  version Diamond (64-bit) 3.14.0.75.2

Copyright (c) 1991-1994 by NeoCAD Inc. All rights reserved.
Copyright (c) 1995 AT&T Corp.   All rights reserved.
Copyright (c) 1995-2001 Lucent Technologies Inc.  All rights reserved.
Copyright (c) 2001 Agere Systems   All rights reserved.
Copyright (c) 2002-2024 Lattice Semiconductor Corporation,  All rights reserved.

Loading design for application trce from file aicam_impl1.ncd.
Design name: fpga_top
NCD version: 3.3
Vendor:      LATTICE
Device:      LFE5U-25F
Package:     CABGA256
Performance: 6
Loading device for application trce from file 'sa5p25.nph' in environment: C:/lscc/diamond/3.14/ispfpga.
Package Status:                     Final          Version 1.44.
Performance Hardware Data Status:   Final          Version 55.1.
Setup and Hold Report

--------------------------------------------------------------------------------
Lattice TRACE Report - Setup, Version Diamond (64-bit) 3.14.0.75.2
Mon Apr 13 19:47:14 2026

Copyright (c) 1991-1994 by NeoCAD Inc. All rights reserved.
Copyright (c) 1995 AT&T Corp.   All rights reserved.
Copyright (c) 1995-2001 Lucent Technologies Inc.  All rights reserved.
Copyright (c) 2001 Agere Systems   All rights reserved.
Copyright (c) 2002-2024 Lattice Semiconductor Corporation,  All rights reserved.

Report Information
------------------
Command line:    trce -v 10 -gt -sethld -sp 6 -sphld m -o AICAM_impl1.twr -gui -msgset C:/Users/kunsh/Desktop/AiCamera/Lattice Diamond/promote.xml AICAM_impl1.ncd AICAM_impl1.prf 
Design file:     aicam_impl1.ncd
Preference file: aicam_impl1.prf
Device,speed:    LFE5U-25F,6
Report level:    verbose report, limited to 10 items per preference
--------------------------------------------------------------------------------



Timing summary (Setup):
---------------

Timing errors: 0  Score: 0
Cumulative negative slack: 0

Constraints cover 101833 paths, 3 nets, and 5790 connections (98.42% coverage)

--------------------------------------------------------------------------------
Lattice TRACE Report - Hold, Version Diamond (64-bit) 3.14.0.75.2
Mon Apr 13 19:47:14 2026

Copyright (c) 1991-1994 by NeoCAD Inc. All rights reserved.
Copyright (c) 1995 AT&T Corp.   All rights reserved.
Copyright (c) 1995-2001 Lucent Technologies Inc.  All rights reserved.
Copyright (c) 2001 Agere Systems   All rights reserved.
Copyright (c) 2002-2024 Lattice Semiconductor Corporation,  All rights reserved.

Report Information
------------------
Command line:    trce -v 10 -gt -sethld -sp 6 -sphld m -o AICAM_impl1.twr -gui -msgset C:/Users/kunsh/Desktop/AiCamera/Lattice Diamond/promote.xml AICAM_impl1.ncd AICAM_impl1.prf 
Design file:     aicam_impl1.ncd
Preference file: aicam_impl1.prf
Device,speed:    LFE5U-25F,m
Report level:    verbose report, limited to 10 items per preference
--------------------------------------------------------------------------------



Timing summary (Hold):
---------------

Timing errors: 0  Score: 0
Cumulative negative slack: 0

Constraints cover 101833 paths, 3 nets, and 5790 connections (98.42% coverage)



Timing summary (Setup and Hold):
---------------

Timing errors: 0 (setup), 0 (hold)
Score: 0 (setup), 0 (hold)
Cumulative negative slack: 0 (0+0)
--------------------------------------------------------------------------------

--------------------------------------------------------------------------------

Total CPU Time: 1 secs 
Total REAL Time: 0 secs 
Peak Memory Usage: 179 MB


iotiming  "AICAM_impl1.ncd" "AICAM_impl1.prf"
I/O Timing Report:
:  version Diamond (64-bit) 3.14.0.75.2

Copyright (c) 1991-1994 by NeoCAD Inc. All rights reserved.
Copyright (c) 1995 AT&T Corp.   All rights reserved.
Copyright (c) 1995-2001 Lucent Technologies Inc.  All rights reserved.
Copyright (c) 2001 Agere Systems   All rights reserved.
Copyright (c) 2002-2024 Lattice Semiconductor Corporation,  All rights reserved.

Loading design for application iotiming from file aicam_impl1.ncd.
Design name: fpga_top
NCD version: 3.3
Vendor:      LATTICE
Device:      LFE5U-25F
Package:     CABGA256
Performance: 6
Loading device for application iotiming from file 'sa5p25.nph' in environment: C:/lscc/diamond/3.14/ispfpga.
Package Status:                     Final          Version 1.44.
Performance Hardware Data Status:   Final          Version 55.1.
Running Performance Grade: 6
Computing Setup Time ...
Computing Max Clock to Output Delay ...
Computing Hold Time ...
Computing Min Clock to Output Delay ...

Loading design for application iotiming from file aicam_impl1.ncd.
Design name: fpga_top
NCD version: 3.3
Vendor:      LATTICE
Device:      LFE5U-25F
Package:     CABGA256
Performance: 7
Package Status:                     Final          Version 1.44.
Performance Hardware Data Status:   Final          Version 55.1.
Running Performance Grade: 7
Computing Setup Time ...
Computing Max Clock to Output Delay ...
Computing Hold Time ...
Computing Min Clock to Output Delay ...

Loading design for application iotiming from file aicam_impl1.ncd.
Design name: fpga_top
NCD version: 3.3
Vendor:      LATTICE
Device:      LFE5U-25F
Package:     CABGA256
Performance: 8
Package Status:                     Final          Version 1.44.
Performance Hardware Data Status:   Final          Version 55.1.
Running Performance Grade: 8
Computing Setup Time ...
Computing Max Clock to Output Delay ...
Computing Hold Time ...
Computing Min Clock to Output Delay ...

Loading design for application iotiming from file aicam_impl1.ncd.
Design name: fpga_top
NCD version: 3.3
Vendor:      LATTICE
Device:      LFE5U-25F
Package:     CABGA256
Performance: 9
Package Status:                     Final          Version 1.44.
Performance Hardware Data Status:   Final          Version 55.1.
Running Performance Grade: 9
Computing Setup Time ...
Computing Max Clock to Output Delay ...
Computing Hold Time ...
Computing Min Clock to Output Delay ...

Loading design for application iotiming from file aicam_impl1.ncd.
Design name: fpga_top
NCD version: 3.3
Vendor:      LATTICE
Device:      LFE5U-25F
Package:     CABGA256
Performance: M
Package Status:                     Final          Version 1.44.
Performance Hardware Data Status:   Final          Version 55.1.
Running Performance Grade: M
Computing Setup Time ...
Computing Max Clock to Output Delay ...
Computing Hold Time ...
Computing Min Clock to Output Delay ...
Done.

ibisgen "AICAM_impl1.ncd" "C:/lscc/diamond/3.14/cae_library/ibis/ecp5u.ibs" "AICAM_impl1.prf"
IBIS Models Generator: Lattice Diamond (64-bit) 3.14.0.75.2

Mon Apr 13 19:47:18 2026


Loading design for application GENERIC from file AICAM_impl1.ncd.
Design name: fpga_top
NCD version: 3.3
Vendor:      LATTICE
Device:      LFE5U-25F
Package:     CABGA256
Performance: 6
Loading device for application GENERIC from file 'sa5p25.nph' in environment: C:/lscc/diamond/3.14/ispfpga.
Package Status:                     Final          Version 1.44.
Performance Hardware Data Status:   Final          Version 55.1.
Created design models.


Generating: C:\Users\kunsh\Desktop\AiCamera\Lattice Diamond\impl1\IBIS\AICAM_impl1.ibs


    <postMsg mid="1191031" type="Info"    dynamic="0" navigation="0"  />
Package model file "ecp5u_25f_bg256.pkg" is not available for the device/package selected in the design.


ldbanno "AICAM_impl1.ncd" -n Verilog  -o "AICAM_impl1_vo.vo"        -w -neg
ldbanno: version Diamond (64-bit) 3.14.0.75.2
Copyright (c) 1991-1994 by NeoCAD Inc. All rights reserved.
Copyright (c) 1995 AT&T Corp.   All rights reserved.
Copyright (c) 1995-2001 Lucent Technologies Inc.  All rights reserved.
Copyright (c) 2001 Agere Systems   All rights reserved.
Copyright (c) 2002-2024 Lattice Semiconductor Corporation,  All rights reserved.

Writing a Verilog netlist using the orca library type based on the AICAM_impl1 design file.


Loading design for application ldbanno from file AICAM_impl1.ncd.
Design name: fpga_top
NCD version: 3.3
Vendor:      LATTICE
Device:      LFE5U-25F
Package:     CABGA256
Performance: 6
Loading device for application ldbanno from file 'sa5p25.nph' in environment: C:/lscc/diamond/3.14/ispfpga.
Package Status:                     Final          Version 1.44.
Performance Hardware Data Status:   Final          Version 55.1.
Converting design AICAM_impl1.ncd into .ldb format.
Loading preferences from aicam_impl1.prf.
Writing Verilog netlist to file AICAM_impl1_vo.vo
Writing SDF timing to file AICAM_impl1_vo.sdf
    <postMsg mid="35400250" type="Info"    dynamic="1" navigation="0" arg0="0"  />
Total CPU Time: 1 secs 
Total REAL Time: 2 secs 
Peak Memory Usage: 156 MB

ldbanno "AICAM_impl1.ncd" -n VHDL -o "AICAM_impl1_vho.vho"        -w -neg 
ldbanno: version Diamond (64-bit) 3.14.0.75.2
Copyright (c) 1991-1994 by NeoCAD Inc. All rights reserved.
Copyright (c) 1995 AT&T Corp.   All rights reserved.
Copyright (c) 1995-2001 Lucent Technologies Inc.  All rights reserved.
Copyright (c) 2001 Agere Systems   All rights reserved.
Copyright (c) 2002-2024 Lattice Semiconductor Corporation,  All rights reserved.

Writing a VHDL netlist using the orca library type based on the AICAM_impl1 design file.


Loading design for application ldbanno from file AICAM_impl1.ncd.
Design name: fpga_top
NCD version: 3.3
Vendor:      LATTICE
Device:      LFE5U-25F
Package:     CABGA256
Performance: 6
Loading device for application ldbanno from file 'sa5p25.nph' in environment: C:/lscc/diamond/3.14/ispfpga.
Package Status:                     Final          Version 1.44.
Performance Hardware Data Status:   Final          Version 55.1.
Converting design AICAM_impl1.ncd into .ldb format.
Loading preferences from aicam_impl1.prf.
Writing VHDL netlist to file AICAM_impl1_vho.vho
Writing SDF timing to file AICAM_impl1_vho.sdf
    <postMsg mid="35400250" type="Info"    dynamic="1" navigation="0" arg0="0"  />
Total CPU Time: 1 secs 
Total REAL Time: 2 secs 
Peak Memory Usage: 157 MB

tmcheck -par "AICAM_impl1.par" 

bitgen -w "AICAM_impl1.ncd" -f "AICAM_impl1.t2b" -e -s "C:/Users/kunsh/Desktop/AiCamera/Lattice Diamond/AICAM.sec" -k "C:/Users/kunsh/Desktop/AiCamera/Lattice Diamond/AICAM.bek" "AICAM_impl1.prf"


BITGEN: Bitstream Generator Diamond (64-bit) 3.14.0.75.2
Copyright (c) 1991-1994 by NeoCAD Inc. All rights reserved.
Copyright (c) 1995 AT&T Corp.   All rights reserved.
Copyright (c) 1995-2001 Lucent Technologies Inc.  All rights reserved.
Copyright (c) 2001 Agere Systems   All rights reserved.
Copyright (c) 2002-2024 Lattice Semiconductor Corporation,  All rights reserved.


Loading design for application Bitgen from file AICAM_impl1.ncd.
Design name: fpga_top
NCD version: 3.3
Vendor:      LATTICE
Device:      LFE5U-25F
Package:     CABGA256
Performance: 6
Loading device for application Bitgen from file 'sa5p25.nph' in environment: C:/lscc/diamond/3.14/ispfpga.
Package Status:                     Final          Version 1.44.
Performance Hardware Data Status:   Final          Version 55.1.

Running DRC.
DRC detected 0 errors and 0 warnings.
Reading Preference File from AICAM_impl1.prf.
    <postMsg mid="1009992" type="Info"    dynamic="1" navigation="0" arg0=" SW_XO3D_SECURITY_ENCRYPTION *NOT* controlled by sa5p00.acd ###"  />
    <postMsg mid="1009992" type="Info"    dynamic="1" navigation="0" arg0=" SW_XO3D_SECURITY_ENCRYPTION license_securityIP OK"  />

Preference Summary:
+---------------------------------+---------------------------------+
|  Preference                     |  Current Setting                |
+---------------------------------+---------------------------------+
|                         RamCfg  |                        Reset**  |
+---------------------------------+---------------------------------+
|                        CfgMode  |                      Disable**  |
+---------------------------------+---------------------------------+
|                        DONE_EX  |                          OFF**  |
+---------------------------------+---------------------------------+
|                        DONE_OD  |                           ON**  |
+---------------------------------+---------------------------------+
|                     MCCLK_FREQ  |                          2.4**  |
+---------------------------------+---------------------------------+
|                  CONFIG_SECURE  |                          OFF**  |
+---------------------------------+---------------------------------+
|                    CONFIG_MODE  |                         JTAG**  |
+---------------------------------+---------------------------------+
|                        WAKE_UP  |                           21**  |
+---------------------------------+---------------------------------+
|                          INBUF  |                          OFF**  |
+---------------------------------+---------------------------------+
|                             ES  |                           No**  |
+---------------------------------+---------------------------------+
|                 SLAVE_SPI_PORT  |                      DISABLE**  |
+---------------------------------+---------------------------------+
|                MASTER_SPI_PORT  |                      DISABLE**  |
+---------------------------------+---------------------------------+
|                COMPRESS_CONFIG  |                          OFF**  |
+---------------------------------+---------------------------------+
|            BACKGROUND_RECONFIG  |                          OFF**  |
+---------------------------------+---------------------------------+
|                     DisableUES  |                        FALSE**  |
+---------------------------------+---------------------------------+
|            SLAVE_PARALLEL_PORT  |                      DISABLE**  |
+---------------------------------+---------------------------------+
|                      DONE_PULL  |                           ON**  |
+---------------------------------+---------------------------------+
|               CONFIG_IOVOLTAGE  |                          2.5**  |
+---------------------------------+---------------------------------+
|                        TRANSFR  |                          OFF**  |
+---------------------------------+---------------------------------+
 *  Default setting.
 ** The specified setting matches the default setting.


Creating bit map...
 
Bitstream Status: Final           Version 10.27.
 
Saving bit stream in "AICAM_impl1.bit".
Total CPU Time: 2 secs 
Total REAL Time: 2 secs 
Peak Memory Usage: 280 MB

ddtcmd -dev LFE5U-25F -if AICAM_impl1.bit -oft -int -of AICAM_impl1.mcs 
Lattice Diamond Deployment Tool 3.14 Command Line

Loading Programmer Device Database...

Generating Bitstream.....
Device Name: LFE5U-25F
Reading Input File: AICAM_impl1.bit
Format:  Single Intel Hex
Output File: AICAM_impl1.mcs
Start generation.
Generating Intel Hex.....
Processing file AICAM_impl1.bit ......
File AICAM_impl1.bit processed successfully.

The file AICAM_impl1.mcs was generated successfully.

Lattice Diamond Deployment Tool has exited successfully.

