synthesis:  version Diamond (64-bit) 3.14.0.75.2

Copyright (c) 1991-1994 by NeoCAD Inc. All rights reserved.
Copyright (c) 1995 AT&T Corp.   All rights reserved.
Copyright (c) 1995-2001 Lucent Technologies Inc.  All rights reserved.
Copyright (c) 2001 Agere Systems   All rights reserved.
Copyright (c) 2002-2024 Lattice Semiconductor Corporation,  All rights reserved.
Mon Apr 13 19:46:30 2026


Command Line:  synthesis -f AICAM_impl1_lattice.synproj -gui -msgset C:/Users/kunsh/Desktop/AiCamera/Lattice Diamond/promote.xml 

Synthesis options:
The -a option is ECP5U.
The -s option is 6.
The -t option is CABGA256.
The -d option is LFE5U-25F.
Using package CABGA256.
Using performance grade 6.
                                                          

##########################################################

### Lattice Family : ECP5U

### Device  : LFE5U-25F

### Package : CABGA256

### Speed   : 6

##########################################################

                                                          

INFO - synthesis: User-Selected Strategy Settings
Optimization goal = Timing
Top-level module name = fpga_top.
Target frequency = 200.000000 MHz.
Maximum fanout = 1000.
Timing path count = 3
BRAM utilization = 100.000000 %
DSP usage = true
DSP utilization = 100.000000 %
fsm_encoding_style = auto
resolve_mixed_drivers = 0
fix_gated_clocks = 1

Mux style = Auto
Use Carry Chain = true
carry_chain_length = 0
Loop Limit = 1950.
Use IO Insertion = TRUE
Use IO Reg = AUTO

Resource Sharing = TRUE
Propagate Constants = TRUE
Remove Duplicate Registers = TRUE
force_gsr = auto
ROM style = auto
RAM style = auto
The -comp option is FALSE.
The -syn option is FALSE.
-p C:/Users/kunsh/Desktop/AiCamera/Lattice Diamond (searchpath added)
-p C:/lscc/diamond/3.14/ispfpga/sa5p00/data (searchpath added)
-p C:/Users/kunsh/Desktop/AiCamera/Lattice Diamond/impl1 (searchpath added)
-p C:/Users/kunsh/Desktop/AiCamera/Lattice Diamond (searchpath added)
Verilog design file = C:/Users/kunsh/Desktop/AiCamera/Lattice Diamond/fpga_top.v
Verilog design file = C:/Users/kunsh/Desktop/AiCamera/Lattice Diamond/sd_spi_writer.v
Verilog design file = C:/Users/kunsh/Desktop/AiCamera/Lattice Diamond/frame_packer.v
Verilog design file = C:/Users/kunsh/Desktop/AiCamera/Lattice Diamond/sdram_ctrl_simple.v
Verilog design file = C:/Users/kunsh/Desktop/AiCamera/Lattice Diamond/saturn_core.v
Verilog design file = C:/Users/kunsh/Desktop/AiCamera/Lattice Diamond/ov5640_sccb.v
Verilog design file = C:/Users/kunsh/Desktop/AiCamera/Lattice Diamond/reset_sync.v
Verilog design file = C:/Users/kunsh/Desktop/AiCamera/Lattice Diamond/PLL/PLL.v
Verilog design file = C:/Users/kunsh/Desktop/AiCamera/Lattice Diamond/proposal_gen.v
Verilog design file = C:/Users/kunsh/Desktop/AiCamera/Lattice Diamond/cropper_128_to_64.v
Verilog design file = C:/Users/kunsh/Desktop/AiCamera/Lattice Diamond/cnn_scheduler.v
Verilog design file = C:/Users/kunsh/Desktop/AiCamera/Lattice Diamond/cnn_int8_core.v
Verilog design file = C:/Users/kunsh/Desktop/AiCamera/Lattice Diamond/track_count.v
Verilog design file = C:/Users/kunsh/Desktop/AiCamera/Lattice Diamond/candidate_bus.v
Verilog design file = C:/Users/kunsh/Desktop/AiCamera/Lattice Diamond/esp32_ctrl_spi.v
Verilog design file = C:/Users/kunsh/Desktop/AiCamera/Lattice Diamond/motion_block_frontend.v
Verilog design file = C:/Users/kunsh/Desktop/AiCamera/Lattice Diamond/uart_rx.v
Verilog design file = C:/Users/kunsh/Desktop/AiCamera/Lattice Diamond/uart_tx.v
Verilog design file = C:/Users/kunsh/Desktop/AiCamera/Lattice Diamond/raw_frame_capture.v
Verilog design file = C:/Users/kunsh/Desktop/AiCamera/Lattice Diamond/uart_loopback.v
Verilog design file = C:/Users/kunsh/Desktop/AiCamera/Lattice Diamond/fpga_control_regs.v
Verilog design file = C:/Users/kunsh/Desktop/AiCamera/Lattice Diamond/fpga_detection_packetizer.v
Verilog design file = C:/Users/kunsh/Desktop/AiCamera/Lattice Diamond/fpga_uart_cmd_parser.v
Verilog design file = C:/Users/kunsh/Desktop/AiCamera/Lattice Diamond/esp32_ctrl_uart_min_bridge.v
Verilog design file = C:/Users/kunsh/Desktop/AiCamera/Lattice Diamond/fpga_ack_packetizer.v
Verilog design file = C:/Users/kunsh/Desktop/AiCamera/Lattice Diamond/fpga_debug_heartbeat_uart.v
Verilog design file = C:/Users/kunsh/Desktop/AiCamera/Lattice Diamond/fpga_debug_uart_probe_tx.v
Verilog design file = C:/Users/kunsh/Desktop/AiCamera/Lattice Diamond/fpga_debug_status_uart_v2.v
NGD file = AICAM_impl1.ngd
-sdc option: SDC file input not used.
-lpf option: Output file option is ON.
Hardtimer checking is enabled (default). The -dt option is not used.
The -r option is OFF. [ Remove LOC Properties is OFF. ]
Technology check ok...

Analyzing Verilog file C:/lscc/diamond/3.14/ispfpga/userware/NT/SYNTHESIS_HEADERS/ecp5u.v. VERI-1482
Compile design.
Compile Design Begin
Analyzing Verilog file c:/users/kunsh/desktop/aicamera/lattice diamond/fpga_top.v. VERI-1482
Analyzing Verilog file c:/users/kunsh/desktop/aicamera/lattice diamond/sd_spi_writer.v. VERI-1482
Analyzing Verilog file c:/users/kunsh/desktop/aicamera/lattice diamond/frame_packer.v. VERI-1482
Analyzing Verilog file c:/users/kunsh/desktop/aicamera/lattice diamond/sdram_ctrl_simple.v. VERI-1482
Analyzing Verilog file c:/users/kunsh/desktop/aicamera/lattice diamond/saturn_core.v. VERI-1482
Analyzing Verilog file c:/users/kunsh/desktop/aicamera/lattice diamond/ov5640_sccb.v. VERI-1482
Analyzing Verilog file c:/users/kunsh/desktop/aicamera/lattice diamond/reset_sync.v. VERI-1482
Analyzing Verilog file c:/users/kunsh/desktop/aicamera/lattice diamond/pll/pll.v. VERI-1482
Analyzing Verilog file c:/users/kunsh/desktop/aicamera/lattice diamond/proposal_gen.v. VERI-1482
Analyzing Verilog file c:/users/kunsh/desktop/aicamera/lattice diamond/cropper_128_to_64.v. VERI-1482
Analyzing Verilog file c:/users/kunsh/desktop/aicamera/lattice diamond/cnn_scheduler.v. VERI-1482
Analyzing Verilog file c:/users/kunsh/desktop/aicamera/lattice diamond/cnn_int8_core.v. VERI-1482
Analyzing Verilog file c:/users/kunsh/desktop/aicamera/lattice diamond/track_count.v. VERI-1482
Analyzing Verilog file c:/users/kunsh/desktop/aicamera/lattice diamond/candidate_bus.v. VERI-1482
Analyzing Verilog file c:/users/kunsh/desktop/aicamera/lattice diamond/esp32_ctrl_spi.v. VERI-1482
Analyzing Verilog file c:/users/kunsh/desktop/aicamera/lattice diamond/motion_block_frontend.v. VERI-1482
Analyzing Verilog file c:/users/kunsh/desktop/aicamera/lattice diamond/uart_rx.v. VERI-1482
Analyzing Verilog file c:/users/kunsh/desktop/aicamera/lattice diamond/uart_tx.v. VERI-1482
Analyzing Verilog file c:/users/kunsh/desktop/aicamera/lattice diamond/raw_frame_capture.v. VERI-1482
Analyzing Verilog file c:/users/kunsh/desktop/aicamera/lattice diamond/uart_loopback.v. VERI-1482
Analyzing Verilog file c:/users/kunsh/desktop/aicamera/lattice diamond/fpga_control_regs.v. VERI-1482
Analyzing Verilog file c:/users/kunsh/desktop/aicamera/lattice diamond/fpga_detection_packetizer.v. VERI-1482
Analyzing Verilog file c:/users/kunsh/desktop/aicamera/lattice diamond/fpga_uart_cmd_parser.v. VERI-1482
Analyzing Verilog file c:/users/kunsh/desktop/aicamera/lattice diamond/esp32_ctrl_uart_min_bridge.v. VERI-1482
Analyzing Verilog file c:/users/kunsh/desktop/aicamera/lattice diamond/fpga_ack_packetizer.v. VERI-1482
Analyzing Verilog file c:/users/kunsh/desktop/aicamera/lattice diamond/fpga_debug_heartbeat_uart.v. VERI-1482
Analyzing Verilog file c:/users/kunsh/desktop/aicamera/lattice diamond/fpga_debug_uart_probe_tx.v. VERI-1482
Analyzing Verilog file c:/users/kunsh/desktop/aicamera/lattice diamond/fpga_debug_status_uart_v2.v. VERI-1482
Analyzing Verilog file C:/lscc/diamond/3.14/ispfpga/userware/NT/SYNTHESIS_HEADERS/ecp5u.v. VERI-1482
Top module name (Verilog): fpga_top
INFO - synthesis: c:/users/kunsh/desktop/aicamera/lattice diamond/fpga_top.v(3): compiling module fpga_top. VERI-1018
INFO - synthesis: c:/users/kunsh/desktop/aicamera/lattice diamond/pll/pll.v(8): compiling module PLL. VERI-1018
INFO - synthesis: C:/lscc/diamond/3.14/ispfpga/userware/NT/SYNTHESIS_HEADERS/ecp5u.v(757): compiling module VHI. VERI-1018
INFO - synthesis: C:/lscc/diamond/3.14/ispfpga/userware/NT/SYNTHESIS_HEADERS/ecp5u.v(761): compiling module VLO. VERI-1018
INFO - synthesis: C:/lscc/diamond/3.14/ispfpga/userware/NT/SYNTHESIS_HEADERS/ecp5u.v(1696): compiling module EHXPLLL(CLKFB_DIV=2,CLKOP_DIV=12,CLKOS_DIV=24,CLKOS2_DIV=1,CLKOS3_DIV=1,CLKOS_ENABLE="ENABLED",CLKOP_CPHASE=11,CLKOS_CPHASE=23,CLKOP_TRIM_POL="FALLING",CLKOS_TRIM_POL="FALLING"). VERI-1018
INFO - synthesis: c:/users/kunsh/desktop/aicamera/lattice diamond/reset_sync.v(8): compiling module reset_sync. VERI-1018
INFO - synthesis: c:/users/kunsh/desktop/aicamera/lattice diamond/ov5640_sccb.v(13): compiling module ov5640_sccb. VERI-1018
INFO - synthesis: c:/users/kunsh/desktop/aicamera/lattice diamond/ov5640_sccb.v(336): compiling module ov5640_init_rom. VERI-1018
WARNING - synthesis: c:/users/kunsh/desktop/aicamera/lattice diamond/ov5640_sccb.v(342): net mem does not have a driver. VDB-1002
INFO - synthesis: c:/users/kunsh/desktop/aicamera/lattice diamond/esp32_ctrl_uart_min_bridge.v(3): compiling module esp32_ctrl_uart_min_bridge. VERI-1018
INFO - synthesis: c:/users/kunsh/desktop/aicamera/lattice diamond/uart_rx.v(3): compiling module uart_rx. VERI-1018
INFO - synthesis: c:/users/kunsh/desktop/aicamera/lattice diamond/fpga_uart_cmd_parser.v(3): compiling module fpga_uart_cmd_parser. VERI-1018
INFO - synthesis: c:/users/kunsh/desktop/aicamera/lattice diamond/fpga_control_regs.v(3): compiling module fpga_control_regs. VERI-1018
INFO - synthesis: c:/users/kunsh/desktop/aicamera/lattice diamond/fpga_ack_packetizer.v(3): compiling module fpga_ack_packetizer. VERI-1018
INFO - synthesis: c:/users/kunsh/desktop/aicamera/lattice diamond/uart_tx.v(3): compiling module uart_tx. VERI-1018
INFO - synthesis: c:/users/kunsh/desktop/aicamera/lattice diamond/raw_frame_capture.v(3): compiling module raw_frame_capture. VERI-1018
INFO - synthesis: c:/users/kunsh/desktop/aicamera/lattice diamond/sdram_ctrl_simple.v(21): compiling module sdram_ctrl_simple. VERI-1018
INFO - synthesis: c:/users/kunsh/desktop/aicamera/lattice diamond/motion_block_frontend.v(3): compiling module motion_block_frontend. VERI-1018
WARNING - synthesis: c:/users/kunsh/desktop/aicamera/lattice diamond/motion_block_frontend.v(54): expression size 32 truncated to fit in target size 16. VERI-1209
WARNING - synthesis: c:/users/kunsh/desktop/aicamera/lattice diamond/motion_block_frontend.v(111): expression size 9 truncated to fit in target size 8. VERI-1209
INFO - synthesis: c:/users/kunsh/desktop/aicamera/lattice diamond/proposal_gen.v(3): compiling module proposal_gen. VERI-1018
INFO - synthesis: c:/users/kunsh/desktop/aicamera/lattice diamond/cropper_128_to_64.v(4): compiling module cropper_128_to_64(FRAME_W=16'b01010000000,FRAME_H=16'b0111100000,N=16,K=4). VERI-1018
INFO - synthesis: c:/users/kunsh/desktop/aicamera/lattice diamond/cnn_scheduler.v(3): compiling module cnn_scheduler. VERI-1018
INFO - synthesis: c:/users/kunsh/desktop/aicamera/lattice diamond/cnn_int8_core.v(3): compiling module cnn_int8_core. VERI-1018
WARNING - synthesis: c:/users/kunsh/desktop/aicamera/lattice diamond/cnn_int8_core.v(56): using initial value of fcb_mem since it is never assigned. VERI-1220
WARNING - synthesis: c:/users/kunsh/desktop/aicamera/lattice diamond/cnn_int8_core.v(117): expression size 32 truncated to fit in target size 7. VERI-1209
WARNING - synthesis: c:/users/kunsh/desktop/aicamera/lattice diamond/cnn_int8_core.v(118): expression size 32 truncated to fit in target size 7. VERI-1209
WARNING - synthesis: c:/users/kunsh/desktop/aicamera/lattice diamond/cnn_int8_core.v(119): expression size 32 truncated to fit in target size 7. VERI-1209
WARNING - synthesis: c:/users/kunsh/desktop/aicamera/lattice diamond/cnn_int8_core.v(120): expression size 32 truncated to fit in target size 7. VERI-1209
WARNING - synthesis: c:/users/kunsh/desktop/aicamera/lattice diamond/cnn_int8_core.v(121): expression size 32 truncated to fit in target size 7. VERI-1209
WARNING - synthesis: c:/users/kunsh/desktop/aicamera/lattice diamond/cnn_int8_core.v(122): expression size 32 truncated to fit in target size 7. VERI-1209
WARNING - synthesis: c:/users/kunsh/desktop/aicamera/lattice diamond/cnn_int8_core.v(46): net w1 does not have a driver. VDB-1002
WARNING - synthesis: c:/users/kunsh/desktop/aicamera/lattice diamond/cnn_int8_core.v(47): net b1 does not have a driver. VDB-1002
WARNING - synthesis: c:/users/kunsh/desktop/aicamera/lattice diamond/cnn_int8_core.v(48): net fcw does not have a driver. VDB-1002
INFO - synthesis: c:/users/kunsh/desktop/aicamera/lattice diamond/candidate_bus.v(2): compiling module candidate_bus(K=4,FRAME_W=16'b01010000000,FRAME_H=16'b0111100000,MAX_T=8,X_LINE=16'b0101000000,YA0=16'b011001000,YA1=16'b0110101110,YB0=16'b01010000,YB1=16'b010110100,GATE_R=16'b0111100). VERI-1018
INFO - synthesis: c:/users/kunsh/desktop/aicamera/lattice diamond/track_count.v(18): compiling module track_count(MAX_T=8,X_LINE=16'b0101000000,YA0=16'b011001000,YA1=16'b0110101110,YB0=16'b01010000,YB1=16'b010110100,GATE_R=16'b0111100). VERI-1018
INFO - synthesis: c:/users/kunsh/desktop/aicamera/lattice diamond/sd_spi_writer.v(3): compiling module sd_spi_writer. VERI-1018
INFO - synthesis: c:/users/kunsh/desktop/aicamera/lattice diamond/frame_packer.v(3): compiling module frame_packer. VERI-1018
INFO - synthesis: c:/users/kunsh/desktop/aicamera/lattice diamond/fpga_debug_status_uart_v2.v(3): compiling module fpga_debug_status_uart_v2. VERI-1018
WARNING - synthesis: c:/users/kunsh/desktop/aicamera/lattice diamond/fpga_top.v(167): Register det_en_p1_135 is stuck at Zero. VDB-5013
WARNING - synthesis: c:/users/kunsh/desktop/aicamera/lattice diamond/fpga_top.v(337): Register detect_meta_ready_145 is stuck at Zero. VDB-5013
WARNING - synthesis: c:/users/kunsh/desktop/aicamera/lattice diamond/fpga_top.v(388): net ev_frame_tick_seen does not have a driver. VDB-1002
WARNING - synthesis: c:/users/kunsh/desktop/aicamera/lattice diamond/fpga_top.v(388): net ev_wr_valid_seen does not have a driver. VDB-1002
WARNING - synthesis: c:/users/kunsh/desktop/aicamera/lattice diamond/fpga_top.v(101): input port status_flags[31] is not connected on this instance. VDB-1013
Loading NGL library 'C:/lscc/diamond/3.14/ispfpga/sa5p00/data/sa5plib.ngl'...
Loading NGL library 'C:/lscc/diamond/3.14/ispfpga/xo2c00/data/xo2clib.ngl'...
Loading NGL library 'C:/lscc/diamond/3.14/ispfpga/mg5g00/data/mg5glib.ngl'...
Loading NGL library 'C:/lscc/diamond/3.14/ispfpga/or5g00/data/orc5glib.ngl'...
Loading device for application map from file 'sa5p25.nph' in environment: C:/lscc/diamond/3.14/ispfpga.
Package Status:                     Final          Version 1.44.
Top-level module name = fpga_top.
WARNING - synthesis: c:/users/kunsh/desktop/aicamera/lattice diamond/ov5640_sccb.v(342): ram mem_original_ramnet has no write-port on it. VDB-1038
WARNING - synthesis: c:/users/kunsh/desktop/aicamera/lattice diamond/cnn_int8_core.v(46): ram w1_original_ramnet has no write-port on it. VDB-1038
WARNING - synthesis: c:/users/kunsh/desktop/aicamera/lattice diamond/cnn_int8_core.v(47): ram b1_original_ramnet has no write-port on it. VDB-1038
WARNING - synthesis: c:/users/kunsh/desktop/aicamera/lattice diamond/cnn_int8_core.v(48): ram fcw_original_ramnet has no write-port on it. VDB-1038
WARNING - synthesis: I/O Port DIN 's net has no driver and is unused.
WARNING - synthesis: I/O Port CCLK 's net has no driver and is unused.
WARNING - synthesis: I/O Port SSPI_CS_n 's net has no driver and is unused.
######## Converting I/O port ESP_D[7] to output.
######## Converting I/O port ESP_D[6] to output.
######## Converting I/O port ESP_D[5] to output.
######## Converting I/O port ESP_D[4] to output.
######## Converting I/O port ESP_D[3] to output.
######## Converting I/O port ESP_D[2] to output.
######## Converting I/O port ESP_D[1] to output.
######## Converting I/O port ESP_D[0] to output.
######## Converting I/O port M_CMD to output.
######## Converting I/O port M_D0 to input.
######## Converting I/O port M_D1 to output.
######## Converting I/O port M_D2 to output.
######## Converting I/O port M_D3 to output.
WARNING - synthesis: c:/users/kunsh/desktop/aicamera/lattice diamond/esp32_ctrl_uart_min_bridge.v(8): net \u_ctrl/status_flags[31] does not have a driver. VDB-1002
######## Missing driver on net ev_frame_tick_seen. Patching with GND.
######## Missing driver on net ev_wr_valid_seen. Patching with GND.
######## Missing driver on net \u_ctrl/status_flags[31]. Patching with GND.
######## Missing driver on net \u_ctrl/status_flags[30]. Patching with GND.
######## Missing driver on net \u_ctrl/status_flags[29]. Patching with GND.
######## Missing driver on net \u_ctrl/status_flags[28]. Patching with GND.
######## Missing driver on net \u_ctrl/status_flags[27]. Patching with GND.
######## Missing driver on net \u_ctrl/status_flags[26]. Patching with GND.
######## Missing driver on net \u_ctrl/status_flags[25]. Patching with GND.
######## Missing driver on net \u_ctrl/status_flags[24]. Patching with GND.
######## Missing driver on net \u_ctrl/status_flags[23]. Patching with GND.
######## Missing driver on net \u_ctrl/status_flags[22]. Patching with GND.
######## Missing driver on net \u_ctrl/status_flags[21]. Patching with GND.
######## Missing driver on net \u_ctrl/status_flags[20]. Patching with GND.
######## Missing driver on net \u_ctrl/status_flags[19]. Patching with GND.
######## Missing driver on net \u_ctrl/status_flags[18]. Patching with GND.
######## Missing driver on net \u_ctrl/status_flags[17]. Patching with GND.
######## Missing driver on net \u_ctrl/status_flags[16]. Patching with GND.
######## Missing driver on net \u_ctrl/status_flags[15]. Patching with GND.
######## Missing driver on net \u_ctrl/status_flags[14]. Patching with GND.
######## Missing driver on net \u_ctrl/status_flags[13]. Patching with GND.
######## Missing driver on net \u_ctrl/status_flags[12]. Patching with GND.
######## Missing driver on net \u_ctrl/status_flags[11]. Patching with GND.
######## Missing driver on net \u_ctrl/status_flags[10]. Patching with GND.
######## Missing driver on net \u_ctrl/status_flags[9]. Patching with GND.
######## Missing driver on net \u_ctrl/status_flags[8]. Patching with GND.
######## Missing driver on net \u_ctrl/status_flags[7]. Patching with GND.
######## Missing driver on net \u_ctrl/status_flags[6]. Patching with GND.
######## Missing driver on net \u_ctrl/status_flags[5]. Patching with GND.
######## Missing driver on net \u_ctrl/status_flags[4]. Patching with GND.
######## Missing driver on net \u_ctrl/status_flags[3]. Patching with GND.
######## Missing driver on net \u_ctrl/status_flags[2]. Patching with GND.
######## Missing driver on net \u_ctrl/status_flags[1]. Patching with GND.
######## Missing driver on net \u_ctrl/status_flags[0]. Patching with GND.
WARNING - synthesis: Bit 0 of Register \u_rst_sys/sync is stuck at One
WARNING - synthesis: Bit 0 of Register \u_rst_pclk/sync is stuck at One
WARNING - synthesis: Bit 0 of Register \u_raw_cap/stride_p1 is stuck at One
WARNING - synthesis: Bit 31 of Register detect_meta_frame_id is stuck at Zero
WARNING - synthesis: Bit 30 of Register detect_meta_frame_id is stuck at Zero
WARNING - synthesis: Bit 29 of Register detect_meta_frame_id is stuck at Zero
WARNING - synthesis: Bit 28 of Register detect_meta_frame_id is stuck at Zero
WARNING - synthesis: Bit 27 of Register detect_meta_frame_id is stuck at Zero
WARNING - synthesis: Bit 26 of Register detect_meta_frame_id is stuck at Zero
WARNING - synthesis: Bit 25 of Register detect_meta_frame_id is stuck at Zero
WARNING - synthesis: Bit 24 of Register detect_meta_frame_id is stuck at Zero
WARNING - synthesis: Bit 23 of Register detect_meta_frame_id is stuck at Zero
WARNING - synthesis: Bit 22 of Register detect_meta_frame_id is stuck at Zero
WARNING - synthesis: Bit 21 of Register detect_meta_frame_id is stuck at Zero
WARNING - synthesis: Bit 20 of Register detect_meta_frame_id is stuck at Zero
WARNING - synthesis: Bit 19 of Register detect_meta_frame_id is stuck at Zero
WARNING - synthesis: Bit 18 of Register detect_meta_frame_id is stuck at Zero
WARNING - synthesis: Bit 17 of Register detect_meta_frame_id is stuck at Zero
WARNING - synthesis: Bit 16 of Register detect_meta_frame_id is stuck at Zero
WARNING - synthesis: Bit 15 of Register detect_meta_frame_id is stuck at Zero
WARNING - synthesis: Bit 14 of Register detect_meta_frame_id is stuck at Zero
WARNING - synthesis: Bit 13 of Register detect_meta_frame_id is stuck at Zero
WARNING - synthesis: Bit 12 of Register detect_meta_frame_id is stuck at Zero
WARNING - synthesis: Bit 11 of Register detect_meta_frame_id is stuck at Zero
WARNING - synthesis: Bit 10 of Register detect_meta_frame_id is stuck at Zero
WARNING - synthesis: Bit 9 of Register detect_meta_frame_id is stuck at Zero
WARNING - synthesis: Bit 8 of Register detect_meta_frame_id is stuck at Zero
WARNING - synthesis: Bit 7 of Register detect_meta_frame_id is stuck at Zero
WARNING - synthesis: Bit 6 of Register detect_meta_frame_id is stuck at Zero
WARNING - synthesis: Bit 5 of Register detect_meta_frame_id is stuck at Zero
WARNING - synthesis: Bit 4 of Register detect_meta_frame_id is stuck at Zero
WARNING - synthesis: Bit 3 of Register detect_meta_frame_id is stuck at Zero
WARNING - synthesis: Bit 2 of Register detect_meta_frame_id is stuck at Zero
WARNING - synthesis: Bit 1 of Register detect_meta_frame_id is stuck at Zero
WARNING - synthesis: Bit 0 of Register detect_meta_frame_id is stuck at Zero
WARNING - synthesis: Bit 0 of Register \u_rst_sys/sync is stuck at One
WARNING - synthesis: Bit 0 of Register \u_rst_pclk/sync is stuck at One
WARNING - synthesis: c:/users/kunsh/desktop/aicamera/lattice diamond/raw_frame_capture.v(69): Register \u_raw_cap/cap_en_p1_217 is stuck at One. VDB-5014
WARNING - synthesis: Bit 7 of Register \u_raw_cap/stride_p1 is stuck at Zero
WARNING - synthesis: Bit 6 of Register \u_raw_cap/stride_p1 is stuck at Zero
WARNING - synthesis: Bit 5 of Register \u_raw_cap/stride_p1 is stuck at Zero
WARNING - synthesis: Bit 4 of Register \u_raw_cap/stride_p1 is stuck at Zero
WARNING - synthesis: Bit 3 of Register \u_raw_cap/stride_p1 is stuck at Zero
WARNING - synthesis: Bit 2 of Register \u_raw_cap/stride_p1 is stuck at Zero
WARNING - synthesis: Bit 1 of Register \u_raw_cap/stride_p1 is stuck at Zero
WARNING - synthesis: c:/users/kunsh/desktop/aicamera/lattice diamond/fpga_top.v(377): Register ev_vsync_seen_154 is stuck at One. VDB-5014
WARNING - synthesis: c:/users/kunsh/desktop/aicamera/lattice diamond/motion_block_frontend.v(116): Register \u_motion_frontend/blk_valid_201 is stuck at Zero. VDB-5013
Constant propagated thru Write Port :\u_motion_frontend/pclk_I_0.

Constant propagated thru Read Port :\u_motion_frontend/read_port_110.

INFO - synthesis: Extracted state machine for register '\u_sdram/st' with one-hot encoding
original encoding -> new encoding (one-hot encoding)

 00000 -> 000000000000000001

 00001 -> 000000000000000010

 00010 -> 000000000000000100

 00011 -> 000000000000001000

 00100 -> 000000000000010000

 00101 -> 000000000000100000

 00110 -> 000000000001000000

 00111 -> 000000000010000000

 01000 -> 000000000100000000

 01001 -> 000000001000000000

 01010 -> 000000010000000000

 01011 -> 000000100000000000

 01100 -> 000001000000000000

 10000 -> 000010000000000000

 10001 -> 000100000000000000

 10010 -> 001000000000000000

 10011 -> 010000000000000000

 10100 -> 100000000000000000

WARNING - synthesis: c:/users/kunsh/desktop/aicamera/lattice diamond/sdram_ctrl_simple.v(596): Register \u_sdram/dq_oe_204 is stuck at Zero. VDB-5013
INFO - synthesis: Extracted state machine for register '\u_sched/st' with one-hot encoding
original encoding -> new encoding (one-hot encoding)

 00 -> 0001

 01 -> 0010

 10 -> 0100

 11 -> 1000

INFO - synthesis: Extracted state machine for register '\u_pack/st' with gray encoding
original encoding -> new encoding (gray encoding)

 00 -> 00

 10 -> 11

 11 -> 10

INFO - synthesis: Extracted state machine for register '\u_ctrl/u_rx/st' with one-hot encoding
original encoding -> new encoding (one-hot encoding)

 00 -> 0001

 01 -> 0010

 10 -> 0100

 11 -> 1000

INFO - synthesis: Extracted state machine for register '\u_ctrl/u_cmd/idx' with one-hot encoding
original encoding -> new encoding (one-hot encoding)

 000 -> 00000001

 001 -> 00000010

 010 -> 00000100

 011 -> 00001000

 100 -> 00010000

 101 -> 00100000

 110 -> 01000000

 111 -> 10000000

INFO - synthesis: Extracted state machine for register '\u_ctrl/u_tx/st' with one-hot encoding
original encoding -> new encoding (one-hot encoding)

 00 -> 0001

 01 -> 0010

 10 -> 0100

 11 -> 1000

INFO - synthesis: Extracted state machine for register '\u_candidate_bus/u_track_count/state' with gray encoding
original encoding -> new encoding (gray encoding)

 00 -> 00

 01 -> 01

 10 -> 11




WARNING - synthesis: Bit 31 of Register \u_raw_cap/payload_bytes is stuck at Zero
WARNING - synthesis: Bit 30 of Register \u_raw_cap/payload_bytes is stuck at Zero
WARNING - synthesis: Bit 29 of Register \u_raw_cap/payload_bytes is stuck at Zero
WARNING - synthesis: Bit 28 of Register \u_raw_cap/payload_bytes is stuck at Zero
WARNING - synthesis: Bit 27 of Register \u_raw_cap/payload_bytes is stuck at Zero
WARNING - synthesis: Bit 26 of Register \u_raw_cap/payload_bytes is stuck at Zero
WARNING - synthesis: Bit 25 of Register \u_raw_cap/payload_bytes is stuck at Zero
WARNING - synthesis: Bit 24 of Register \u_raw_cap/payload_bytes is stuck at Zero
WARNING - synthesis: Bit 23 of Register \u_raw_cap/payload_bytes is stuck at Zero
WARNING - synthesis: Bit 22 of Register \u_raw_cap/payload_bytes is stuck at Zero
WARNING - synthesis: Bit 21 of Register \u_raw_cap/payload_bytes is stuck at Zero
WARNING - synthesis: Bit 20 of Register \u_raw_cap/payload_bytes is stuck at Zero
WARNING - synthesis: Bit 19 of Register \u_raw_cap/payload_bytes is stuck at Zero
WARNING - synthesis: Bit 18 of Register \u_raw_cap/payload_bytes is stuck at One
WARNING - synthesis: Bit 17 of Register \u_raw_cap/payload_bytes is stuck at Zero
WARNING - synthesis: Bit 16 of Register \u_raw_cap/payload_bytes is stuck at Zero
WARNING - synthesis: Bit 15 of Register \u_raw_cap/payload_bytes is stuck at One
WARNING - synthesis: Bit 14 of Register \u_raw_cap/payload_bytes is stuck at Zero
WARNING - synthesis: Bit 13 of Register \u_raw_cap/payload_bytes is stuck at One
WARNING - synthesis: Bit 12 of Register \u_raw_cap/payload_bytes is stuck at One
WARNING - synthesis: Bit 11 of Register \u_raw_cap/payload_bytes is stuck at Zero
WARNING - synthesis: Bit 10 of Register \u_raw_cap/payload_bytes is stuck at Zero
WARNING - synthesis: Bit 9 of Register \u_raw_cap/payload_bytes is stuck at Zero
WARNING - synthesis: Bit 8 of Register \u_raw_cap/payload_bytes is stuck at Zero
WARNING - synthesis: Bit 7 of Register \u_raw_cap/payload_bytes is stuck at Zero
WARNING - synthesis: Bit 6 of Register \u_raw_cap/payload_bytes is stuck at Zero
WARNING - synthesis: Bit 5 of Register \u_raw_cap/payload_bytes is stuck at Zero
WARNING - synthesis: Bit 4 of Register \u_raw_cap/payload_bytes is stuck at Zero
WARNING - synthesis: Bit 3 of Register \u_raw_cap/payload_bytes is stuck at Zero
WARNING - synthesis: Bit 2 of Register \u_raw_cap/payload_bytes is stuck at Zero
WARNING - synthesis: Bit 1 of Register \u_raw_cap/payload_bytes is stuck at Zero
WARNING - synthesis: Bit 0 of Register \u_raw_cap/payload_bytes is stuck at Zero
WARNING - synthesis: Bit 7 of Register \u_raw_cap/stream_kind is stuck at Zero
WARNING - synthesis: Bit 6 of Register \u_raw_cap/stream_kind is stuck at Zero
WARNING - synthesis: Bit 5 of Register \u_raw_cap/stream_kind is stuck at Zero
WARNING - synthesis: Bit 4 of Register \u_raw_cap/stream_kind is stuck at Zero
WARNING - synthesis: Bit 3 of Register \u_raw_cap/stream_kind is stuck at Zero
WARNING - synthesis: Bit 2 of Register \u_raw_cap/stream_kind is stuck at Zero
WARNING - synthesis: Bit 1 of Register \u_raw_cap/stream_kind is stuck at One
WARNING - synthesis: Bit 0 of Register \u_raw_cap/stream_kind is stuck at Zero
WARNING - synthesis: Bit 7 of Register \u_ctrl/u_ack/pkt[7] is stuck at One
WARNING - synthesis: Bit 6 of Register \u_ctrl/u_ack/pkt[7] is stuck at Zero
WARNING - synthesis: Bit 5 of Register \u_ctrl/u_ack/pkt[7] is stuck at One
WARNING - synthesis: Bit 4 of Register \u_ctrl/u_ack/pkt[7] is stuck at Zero
WARNING - synthesis: Bit 3 of Register \u_ctrl/u_ack/pkt[7] is stuck at Zero
WARNING - synthesis: Bit 2 of Register \u_ctrl/u_ack/pkt[7] is stuck at One
WARNING - synthesis: Bit 1 of Register \u_ctrl/u_ack/pkt[7] is stuck at One
WARNING - synthesis: Bit 0 of Register \u_ctrl/u_ack/pkt[7] is stuck at Zero
WARNING - synthesis: Bit 7 of Register \u_raw_cap/stride_p2 is stuck at Zero
WARNING - synthesis: Bit 6 of Register \u_raw_cap/stride_p2 is stuck at Zero
WARNING - synthesis: Bit 5 of Register \u_raw_cap/stride_p2 is stuck at Zero
WARNING - synthesis: Bit 4 of Register \u_raw_cap/stride_p2 is stuck at Zero
WARNING - synthesis: Bit 3 of Register \u_raw_cap/stride_p2 is stuck at Zero
WARNING - synthesis: Bit 2 of Register \u_raw_cap/stride_p2 is stuck at Zero
WARNING - synthesis: Bit 1 of Register \u_raw_cap/stride_p2 is stuck at Zero
WARNING - synthesis: Bit 0 of Register \u_raw_cap/stride_p2 is stuck at One
WARNING - synthesis: Bit 31 of Register \u_sdram/level_words is stuck at Zero
WARNING - synthesis: Bit 30 of Register \u_sdram/level_words is stuck at Zero
WARNING - synthesis: Bit 29 of Register \u_sdram/level_words is stuck at Zero
WARNING - synthesis: Bit 28 of Register \u_sdram/level_words is stuck at Zero
WARNING - synthesis: Bit 27 of Register \u_sdram/level_words is stuck at Zero
WARNING - synthesis: Bit 26 of Register \u_sdram/level_words is stuck at Zero
WARNING - synthesis: Bit 25 of Register \u_sdram/level_words is stuck at Zero
WARNING - synthesis: Bit 24 of Register \u_sdram/level_words is stuck at Zero
WARNING - synthesis: Bit 23 of Register \u_sdram/level_words is stuck at Zero
WARNING - synthesis: Bit 15 of Register \u_motion_frontend/sum_bx[39] is stuck at Zero
WARNING - synthesis: Bit 14 of Register \u_motion_frontend/sum_bx[39] is stuck at Zero
WARNING - synthesis: Bit 13 of Register \u_motion_frontend/sum_bx[39] is stuck at Zero
WARNING - synthesis: Bit 12 of Register \u_motion_frontend/sum_bx[39] is stuck at Zero
WARNING - synthesis: Bit 11 of Register \u_motion_frontend/sum_bx[39] is stuck at Zero
WARNING - synthesis: Bit 10 of Register \u_motion_frontend/sum_bx[39] is stuck at Zero
WARNING - synthesis: Bit 9 of Register \u_motion_frontend/sum_bx[39] is stuck at Zero
WARNING - synthesis: Bit 8 of Register \u_motion_frontend/sum_bx[39] is stuck at Zero
WARNING - synthesis: Bit 7 of Register \u_motion_frontend/sum_bx[39] is stuck at Zero
WARNING - synthesis: Bit 6 of Register \u_motion_frontend/sum_bx[39] is stuck at Zero
WARNING - synthesis: Bit 5 of Register \u_motion_frontend/sum_bx[39] is stuck at Zero
WARNING - synthesis: Bit 4 of Register \u_motion_frontend/sum_bx[39] is stuck at Zero
WARNING - synthesis: Bit 3 of Register \u_motion_frontend/sum_bx[39] is stuck at Zero
WARNING - synthesis: Bit 2 of Register \u_motion_frontend/sum_bx[39] is stuck at Zero
WARNING - synthesis: Bit 1 of Register \u_motion_frontend/sum_bx[39] is stuck at Zero
WARNING - synthesis: Bit 0 of Register \u_motion_frontend/sum_bx[39] is stuck at Zero
WARNING - synthesis: Bit 15 of Register \u_motion_frontend/sum_bx[39] is stuck at Zero
WARNING - synthesis: Bit 14 of Register \u_motion_frontend/sum_bx[39] is stuck at Zero
WARNING - synthesis: Bit 13 of Register \u_motion_frontend/sum_bx[39] is stuck at Zero
WARNING - synthesis: Bit 12 of Register \u_motion_frontend/sum_bx[39] is stuck at Zero
WARNING - synthesis: Bit 11 of Register \u_motion_frontend/sum_bx[39] is stuck at Zero
WARNING - synthesis: Bit 10 of Register \u_motion_frontend/sum_bx[39] is stuck at Zero
WARNING - synthesis: Bit 9 of Register \u_motion_frontend/sum_bx[39] is stuck at Zero
WARNING - synthesis: Bit 8 of Register \u_motion_frontend/sum_bx[39] is stuck at Zero
WARNING - synthesis: Bit 7 of Register \u_motion_frontend/sum_bx[39] is stuck at Zero
WARNING - synthesis: Bit 6 of Register \u_motion_frontend/sum_bx[39] is stuck at Zero
WARNING - synthesis: Bit 5 of Register \u_motion_frontend/sum_bx[39] is stuck at Zero
WARNING - synthesis: Bit 4 of Register \u_motion_frontend/sum_bx[39] is stuck at Zero
WARNING - synthesis: Bit 3 of Register \u_motion_frontend/sum_bx[39] is stuck at Zero
WARNING - synthesis: Bit 2 of Register \u_motion_frontend/sum_bx[39] is stuck at Zero
WARNING - synthesis: Bit 1 of Register \u_motion_frontend/sum_bx[39] is stuck at Zero
WARNING - synthesis: Bit 0 of Register \u_motion_frontend/sum_bx[39] is stuck at Zero
WARNING - synthesis: Bit 15 of Register \u_motion_frontend/sum_bx[39] is stuck at Zero
WARNING - synthesis: Bit 14 of Register \u_motion_frontend/sum_bx[39] is stuck at Zero
WARNING - synthesis: Bit 13 of Register \u_motion_frontend/sum_bx[39] is stuck at Zero
WARNING - synthesis: Bit 12 of Register \u_motion_frontend/sum_bx[39] is stuck at Zero
WARNING - synthesis: Bit 11 of Register \u_motion_frontend/sum_bx[39] is stuck at Zero
WARNING - synthesis: Bit 10 of Register \u_motion_frontend/sum_bx[39] is stuck at Zero
WARNING - synthesis: Bit 9 of Register \u_motion_frontend/sum_bx[39] is stuck at Zero
WARNING - synthesis: Bit 8 of Register \u_motion_frontend/sum_bx[39] is stuck at Zero
WARNING - synthesis: Bit 7 of Register \u_motion_frontend/sum_bx[39] is stuck at Zero
WARNING - synthesis: Bit 6 of Register \u_motion_frontend/sum_bx[39] is stuck at Zero
WARNING - synthesis: Bit 5 of Register \u_motion_frontend/sum_bx[39] is stuck at Zero
WARNING - synthesis: Bit 4 of Register \u_motion_frontend/sum_bx[39] is stuck at Zero
WARNING - synthesis: Bit 3 of Register \u_motion_frontend/sum_bx[39] is stuck at Zero
WARNING - synthesis: Bit 2 of Register \u_motion_frontend/sum_bx[39] is stuck at Zero
WARNING - synthesis: Bit 1 of Register \u_motion_frontend/sum_bx[39] is stuck at Zero
WARNING - synthesis: Bit 0 of Register \u_motion_frontend/sum_bx[39] is stuck at Zero
WARNING - synthesis: Bit 15 of Register \u_motion_frontend/sum_bx[39] is stuck at Zero
WARNING - synthesis: Bit 14 of Register \u_motion_frontend/sum_bx[39] is stuck at Zero
WARNING - synthesis: Bit 13 of Register \u_motion_frontend/sum_bx[39] is stuck at Zero
WARNING - synthesis: Bit 12 of Register \u_motion_frontend/sum_bx[39] is stuck at Zero
WARNING - synthesis: Bit 11 of Register \u_motion_frontend/sum_bx[39] is stuck at Zero
WARNING - synthesis: Bit 10 of Register \u_motion_frontend/sum_bx[39] is stuck at Zero
WARNING - synthesis: Bit 9 of Register \u_motion_frontend/sum_bx[39] is stuck at Zero
WARNING - synthesis: Bit 8 of Register \u_motion_frontend/sum_bx[39] is stuck at Zero
WARNING - synthesis: Bit 7 of Register \u_motion_frontend/sum_bx[39] is stuck at Zero
WARNING - synthesis: Bit 6 of Register \u_motion_frontend/sum_bx[39] is stuck at Zero
WARNING - synthesis: Bit 5 of Register \u_motion_frontend/sum_bx[39] is stuck at Zero
WARNING - synthesis: Bit 4 of Register \u_motion_frontend/sum_bx[39] is stuck at Zero
WARNING - synthesis: Bit 3 of Register \u_motion_frontend/sum_bx[39] is stuck at Zero
WARNING - synthesis: Bit 2 of Register \u_motion_frontend/sum_bx[39] is stuck at Zero
WARNING - synthesis: Bit 1 of Register \u_motion_frontend/sum_bx[39] is stuck at Zero
WARNING - synthesis: Bit 0 of Register \u_motion_frontend/sum_bx[39] is stuck at Zero
WARNING - synthesis: Bit 15 of Register \u_motion_frontend/sum_bx[39] is stuck at Zero
WARNING - synthesis: Bit 14 of Register \u_motion_frontend/sum_bx[39] is stuck at Zero
WARNING - synthesis: Bit 13 of Register \u_motion_frontend/sum_bx[39] is stuck at Zero
WARNING - synthesis: Bit 12 of Register \u_motion_frontend/sum_bx[39] is stuck at Zero
WARNING - synthesis: Bit 11 of Register \u_motion_frontend/sum_bx[39] is stuck at Zero
WARNING - synthesis: Bit 10 of Register \u_motion_frontend/sum_bx[39] is stuck at Zero
WARNING - synthesis: Bit 9 of Register \u_motion_frontend/sum_bx[39] is stuck at Zero
WARNING - synthesis: Bit 8 of Register \u_motion_frontend/sum_bx[39] is stuck at Zero
WARNING - synthesis: Bit 7 of Register \u_motion_frontend/sum_bx[39] is stuck at Zero
WARNING - synthesis: Bit 6 of Register \u_motion_frontend/sum_bx[39] is stuck at Zero
WARNING - synthesis: Bit 5 of Register \u_motion_frontend/sum_bx[39] is stuck at Zero
WARNING - synthesis: Bit 4 of Register \u_motion_frontend/sum_bx[39] is stuck at Zero
WARNING - synthesis: Bit 3 of Register \u_motion_frontend/sum_bx[39] is stuck at Zero
WARNING - synthesis: Bit 2 of Register \u_motion_frontend/sum_bx[39] is stuck at Zero
WARNING - synthesis: Bit 1 of Register \u_motion_frontend/sum_bx[39] is stuck at Zero
WARNING - synthesis: Bit 0 of Register \u_motion_frontend/sum_bx[39] is stuck at Zero
WARNING - synthesis: Bit 15 of Register \u_motion_frontend/sum_bx[39] is stuck at Zero
WARNING - synthesis: Bit 14 of Register \u_motion_frontend/sum_bx[39] is stuck at Zero
WARNING - synthesis: Bit 13 of Register \u_motion_frontend/sum_bx[39] is stuck at Zero
WARNING - synthesis: Bit 12 of Register \u_motion_frontend/sum_bx[39] is stuck at Zero
WARNING - synthesis: Bit 11 of Register \u_motion_frontend/sum_bx[39] is stuck at Zero
WARNING - synthesis: Bit 10 of Register \u_motion_frontend/sum_bx[39] is stuck at Zero
WARNING - synthesis: Bit 9 of Register \u_motion_frontend/sum_bx[39] is stuck at Zero
WARNING - synthesis: Bit 8 of Register \u_motion_frontend/sum_bx[39] is stuck at Zero
WARNING - synthesis: Bit 7 of Register \u_motion_frontend/sum_bx[39] is stuck at Zero
WARNING - synthesis: Bit 6 of Register \u_motion_frontend/sum_bx[39] is stuck at Zero
WARNING - synthesis: Bit 5 of Register \u_motion_frontend/sum_bx[39] is stuck at Zero
WARNING - synthesis: Bit 4 of Register \u_motion_frontend/sum_bx[39] is stuck at Zero
WARNING - synthesis: Bit 3 of Register \u_motion_frontend/sum_bx[39] is stuck at Zero
WARNING - synthesis: Bit 2 of Register \u_motion_frontend/sum_bx[39] is stuck at Zero
WARNING - synthesis: Bit 1 of Register \u_motion_frontend/sum_bx[39] is stuck at Zero
WARNING - synthesis: Bit 0 of Register \u_motion_frontend/sum_bx[39] is stuck at Zero
WARNING - synthesis: Bit 15 of Register \u_motion_frontend/sum_bx[39] is stuck at Zero
WARNING - synthesis: Bit 14 of Register \u_motion_frontend/sum_bx[39] is stuck at Zero
WARNING - synthesis: Bit 13 of Register \u_motion_frontend/sum_bx[39] is stuck at Zero
WARNING - synthesis: Bit 12 of Register \u_motion_frontend/sum_bx[39] is stuck at Zero
WARNING - synthesis: Bit 11 of Register \u_motion_frontend/sum_bx[39] is stuck at Zero
WARNING - synthesis: Bit 10 of Register \u_motion_frontend/sum_bx[39] is stuck at Zero
WARNING - synthesis: Bit 9 of Register \u_motion_frontend/sum_bx[39] is stuck at Zero
WARNING - synthesis: Bit 8 of Register \u_motion_frontend/sum_bx[39] is stuck at Zero
WARNING - synthesis: Bit 7 of Register \u_motion_frontend/sum_bx[39] is stuck at Zero
WARNING - synthesis: Bit 6 of Register \u_motion_frontend/sum_bx[39] is stuck at Zero
WARNING - synthesis: Bit 5 of Register \u_motion_frontend/sum_bx[39] is stuck at Zero
WARNING - synthesis: Bit 4 of Register \u_motion_frontend/sum_bx[39] is stuck at Zero
WARNING - synthesis: Bit 3 of Register \u_motion_frontend/sum_bx[39] is stuck at Zero
WARNING - synthesis: Bit 2 of Register \u_motion_frontend/sum_bx[39] is stuck at Zero
WARNING - synthesis: Bit 1 of Register \u_motion_frontend/sum_bx[39] is stuck at Zero
WARNING - synthesis: Bit 0 of Register \u_motion_frontend/sum_bx[39] is stuck at Zero
WARNING - synthesis: Bit 15 of Register \u_motion_frontend/sum_bx[39] is stuck at Zero
WARNING - synthesis: Bit 14 of Register \u_motion_frontend/sum_bx[39] is stuck at Zero
WARNING - synthesis: Bit 13 of Register \u_motion_frontend/sum_bx[39] is stuck at Zero
WARNING - synthesis: Bit 12 of Register \u_motion_frontend/sum_bx[39] is stuck at Zero
WARNING - synthesis: Bit 11 of Register \u_motion_frontend/sum_bx[39] is stuck at Zero
WARNING - synthesis: Bit 10 of Register \u_motion_frontend/sum_bx[39] is stuck at Zero
WARNING - synthesis: Bit 9 of Register \u_motion_frontend/sum_bx[39] is stuck at Zero
WARNING - synthesis: Bit 8 of Register \u_motion_frontend/sum_bx[39] is stuck at Zero
WARNING - synthesis: Bit 7 of Register \u_motion_frontend/sum_bx[39] is stuck at Zero
WARNING - synthesis: Bit 6 of Register \u_motion_frontend/sum_bx[39] is stuck at Zero
WARNING - synthesis: Bit 5 of Register \u_motion_frontend/sum_bx[39] is stuck at Zero
WARNING - synthesis: Bit 4 of Register \u_motion_frontend/sum_bx[39] is stuck at Zero
WARNING - synthesis: Bit 3 of Register \u_motion_frontend/sum_bx[39] is stuck at Zero
WARNING - synthesis: Bit 2 of Register \u_motion_frontend/sum_bx[39] is stuck at Zero
WARNING - synthesis: Bit 1 of Register \u_motion_frontend/sum_bx[39] is stuck at Zero
WARNING - synthesis: Bit 0 of Register \u_motion_frontend/sum_bx[39] is stuck at Zero
WARNING - synthesis: Bit 15 of Register \u_motion_frontend/sum_bx[39] is stuck at Zero
WARNING - synthesis: Bit 14 of Register \u_motion_frontend/sum_bx[39] is stuck at Zero
WARNING - synthesis: Bit 13 of Register \u_motion_frontend/sum_bx[39] is stuck at Zero
WARNING - synthesis: Bit 12 of Register \u_motion_frontend/sum_bx[39] is stuck at Zero
WARNING - synthesis: Bit 11 of Register \u_motion_frontend/sum_bx[39] is stuck at Zero
WARNING - synthesis: Bit 10 of Register \u_motion_frontend/sum_bx[39] is stuck at Zero
WARNING - synthesis: Bit 9 of Register \u_motion_frontend/sum_bx[39] is stuck at Zero
WARNING - synthesis: Bit 8 of Register \u_motion_frontend/sum_bx[39] is stuck at Zero
WARNING - synthesis: Bit 7 of Register \u_motion_frontend/sum_bx[39] is stuck at Zero
WARNING - synthesis: Bit 6 of Register \u_motion_frontend/sum_bx[39] is stuck at Zero
WARNING - synthesis: Bit 5 of Register \u_motion_frontend/sum_bx[39] is stuck at Zero
WARNING - synthesis: Bit 4 of Register \u_motion_frontend/sum_bx[39] is stuck at Zero
WARNING - synthesis: Bit 3 of Register \u_motion_frontend/sum_bx[39] is stuck at Zero
WARNING - synthesis: Bit 2 of Register \u_motion_frontend/sum_bx[39] is stuck at Zero
WARNING - synthesis: Bit 1 of Register \u_motion_frontend/sum_bx[39] is stuck at Zero
WARNING - synthesis: Bit 0 of Register \u_motion_frontend/sum_bx[39] is stuck at Zero
WARNING - synthesis: Bit 15 of Register \u_motion_frontend/sum_bx[39] is stuck at Zero
WARNING - synthesis: Bit 14 of Register \u_motion_frontend/sum_bx[39] is stuck at Zero
WARNING - synthesis: Bit 13 of Register \u_motion_frontend/sum_bx[39] is stuck at Zero
WARNING - synthesis: Bit 12 of Register \u_motion_frontend/sum_bx[39] is stuck at Zero
WARNING - synthesis: Bit 11 of Register \u_motion_frontend/sum_bx[39] is stuck at Zero
WARNING - synthesis: Bit 10 of Register \u_motion_frontend/sum_bx[39] is stuck at Zero
WARNING - synthesis: Bit 9 of Register \u_motion_frontend/sum_bx[39] is stuck at Zero
WARNING - synthesis: Bit 8 of Register \u_motion_frontend/sum_bx[39] is stuck at Zero
WARNING - synthesis: Bit 7 of Register \u_motion_frontend/sum_bx[39] is stuck at Zero
WARNING - synthesis: Bit 6 of Register \u_motion_frontend/sum_bx[39] is stuck at Zero
WARNING - synthesis: Bit 5 of Register \u_motion_frontend/sum_bx[39] is stuck at Zero
WARNING - synthesis: Bit 4 of Register \u_motion_frontend/sum_bx[39] is stuck at Zero
WARNING - synthesis: Bit 3 of Register \u_motion_frontend/sum_bx[39] is stuck at Zero
WARNING - synthesis: Bit 2 of Register \u_motion_frontend/sum_bx[39] is stuck at Zero
WARNING - synthesis: Bit 1 of Register \u_motion_frontend/sum_bx[39] is stuck at Zero
WARNING - synthesis: Bit 0 of Register \u_motion_frontend/sum_bx[39] is stuck at Zero
WARNING - synthesis: Bit 15 of Register \u_motion_frontend/sum_bx[39] is stuck at Zero
WARNING - synthesis: Bit 14 of Register \u_motion_frontend/sum_bx[39] is stuck at Zero
WARNING - synthesis: Bit 13 of Register \u_motion_frontend/sum_bx[39] is stuck at Zero
WARNING - synthesis: Bit 12 of Register \u_motion_frontend/sum_bx[39] is stuck at Zero
WARNING - synthesis: Bit 11 of Register \u_motion_frontend/sum_bx[39] is stuck at Zero
WARNING - synthesis: Bit 10 of Register \u_motion_frontend/sum_bx[39] is stuck at Zero
WARNING - synthesis: Bit 9 of Register \u_motion_frontend/sum_bx[39] is stuck at Zero
WARNING - synthesis: Bit 8 of Register \u_motion_frontend/sum_bx[39] is stuck at Zero
WARNING - synthesis: Bit 7 of Register \u_motion_frontend/sum_bx[39] is stuck at Zero
WARNING - synthesis: Bit 6 of Register \u_motion_frontend/sum_bx[39] is stuck at Zero
WARNING - synthesis: Bit 5 of Register \u_motion_frontend/sum_bx[39] is stuck at Zero
WARNING - synthesis: Bit 4 of Register \u_motion_frontend/sum_bx[39] is stuck at Zero
WARNING - synthesis: Bit 3 of Register \u_motion_frontend/sum_bx[39] is stuck at Zero
WARNING - synthesis: Bit 2 of Register \u_motion_frontend/sum_bx[39] is stuck at Zero
WARNING - synthesis: Bit 1 of Register \u_motion_frontend/sum_bx[39] is stuck at Zero
WARNING - synthesis: Bit 0 of Register \u_motion_frontend/sum_bx[39] is stuck at Zero
WARNING - synthesis: Bit 15 of Register \u_motion_frontend/sum_bx[39] is stuck at Zero
WARNING - synthesis: Bit 14 of Register \u_motion_frontend/sum_bx[39] is stuck at Zero
WARNING - synthesis: Bit 13 of Register \u_motion_frontend/sum_bx[39] is stuck at Zero
WARNING - synthesis: Bit 12 of Register \u_motion_frontend/sum_bx[39] is stuck at Zero
WARNING - synthesis: Bit 11 of Register \u_motion_frontend/sum_bx[39] is stuck at Zero
WARNING - synthesis: Bit 10 of Register \u_motion_frontend/sum_bx[39] is stuck at Zero
WARNING - synthesis: Bit 9 of Register \u_motion_frontend/sum_bx[39] is stuck at Zero
WARNING - synthesis: Bit 8 of Register \u_motion_frontend/sum_bx[39] is stuck at Zero
WARNING - synthesis: Bit 7 of Register \u_motion_frontend/sum_bx[39] is stuck at Zero
WARNING - synthesis: Bit 6 of Register \u_motion_frontend/sum_bx[39] is stuck at Zero
WARNING - synthesis: Bit 5 of Register \u_motion_frontend/sum_bx[39] is stuck at Zero
WARNING - synthesis: Bit 4 of Register \u_motion_frontend/sum_bx[39] is stuck at Zero
WARNING - synthesis: Bit 3 of Register \u_motion_frontend/sum_bx[39] is stuck at Zero
WARNING - synthesis: Bit 2 of Register \u_motion_frontend/sum_bx[39] is stuck at Zero
WARNING - synthesis: Bit 1 of Register \u_motion_frontend/sum_bx[39] is stuck at Zero
WARNING - synthesis: Bit 0 of Register \u_motion_frontend/sum_bx[39] is stuck at Zero
WARNING - synthesis: Bit 15 of Register \u_motion_frontend/sum_bx[39] is stuck at Zero
WARNING - synthesis: Bit 14 of Register \u_motion_frontend/sum_bx[39] is stuck at Zero
WARNING - synthesis: Bit 13 of Register \u_motion_frontend/sum_bx[39] is stuck at Zero
WARNING - synthesis: Bit 12 of Register \u_motion_frontend/sum_bx[39] is stuck at Zero
WARNING - synthesis: Bit 11 of Register \u_motion_frontend/sum_bx[39] is stuck at Zero
WARNING - synthesis: Bit 10 of Register \u_motion_frontend/sum_bx[39] is stuck at Zero
WARNING - synthesis: Bit 9 of Register \u_motion_frontend/sum_bx[39] is stuck at Zero
WARNING - synthesis: Bit 8 of Register \u_motion_frontend/sum_bx[39] is stuck at Zero
WARNING - synthesis: Bit 7 of Register \u_motion_frontend/sum_bx[39] is stuck at Zero
WARNING - synthesis: Bit 6 of Register \u_motion_frontend/sum_bx[39] is stuck at Zero
WARNING - synthesis: Bit 5 of Register \u_motion_frontend/sum_bx[39] is stuck at Zero
WARNING - synthesis: Bit 4 of Register \u_motion_frontend/sum_bx[39] is stuck at Zero
WARNING - synthesis: Bit 3 of Register \u_motion_frontend/sum_bx[39] is stuck at Zero
WARNING - synthesis: Bit 2 of Register \u_motion_frontend/sum_bx[39] is stuck at Zero
WARNING - synthesis: Bit 1 of Register \u_motion_frontend/sum_bx[39] is stuck at Zero
WARNING - synthesis: Bit 0 of Register \u_motion_frontend/sum_bx[39] is stuck at Zero
WARNING - synthesis: Bit 15 of Register \u_motion_frontend/sum_bx[39] is stuck at Zero
WARNING - synthesis: Bit 14 of Register \u_motion_frontend/sum_bx[39] is stuck at Zero
WARNING - synthesis: Bit 13 of Register \u_motion_frontend/sum_bx[39] is stuck at Zero
WARNING - synthesis: Bit 12 of Register \u_motion_frontend/sum_bx[39] is stuck at Zero
WARNING - synthesis: Bit 11 of Register \u_motion_frontend/sum_bx[39] is stuck at Zero
WARNING - synthesis: Bit 10 of Register \u_motion_frontend/sum_bx[39] is stuck at Zero
WARNING - synthesis: Bit 9 of Register \u_motion_frontend/sum_bx[39] is stuck at Zero
WARNING - synthesis: Bit 8 of Register \u_motion_frontend/sum_bx[39] is stuck at Zero
WARNING - synthesis: Bit 7 of Register \u_motion_frontend/sum_bx[39] is stuck at Zero
WARNING - synthesis: Bit 6 of Register \u_motion_frontend/sum_bx[39] is stuck at Zero
WARNING - synthesis: Bit 5 of Register \u_motion_frontend/sum_bx[39] is stuck at Zero
WARNING - synthesis: Bit 4 of Register \u_motion_frontend/sum_bx[39] is stuck at Zero
WARNING - synthesis: Bit 3 of Register \u_motion_frontend/sum_bx[39] is stuck at Zero
WARNING - synthesis: Bit 2 of Register \u_motion_frontend/sum_bx[39] is stuck at Zero
WARNING - synthesis: Bit 1 of Register \u_motion_frontend/sum_bx[39] is stuck at Zero
WARNING - synthesis: Bit 0 of Register \u_motion_frontend/sum_bx[39] is stuck at Zero
WARNING - synthesis: Bit 15 of Register \u_motion_frontend/sum_bx[39] is stuck at Zero
WARNING - synthesis: Bit 14 of Register \u_motion_frontend/sum_bx[39] is stuck at Zero
WARNING - synthesis: Bit 13 of Register \u_motion_frontend/sum_bx[39] is stuck at Zero
WARNING - synthesis: Bit 12 of Register \u_motion_frontend/sum_bx[39] is stuck at Zero
WARNING - synthesis: Bit 11 of Register \u_motion_frontend/sum_bx[39] is stuck at Zero
WARNING - synthesis: Bit 10 of Register \u_motion_frontend/sum_bx[39] is stuck at Zero
WARNING - synthesis: Bit 9 of Register \u_motion_frontend/sum_bx[39] is stuck at Zero
WARNING - synthesis: Bit 8 of Register \u_motion_frontend/sum_bx[39] is stuck at Zero
WARNING - synthesis: Bit 7 of Register \u_motion_frontend/sum_bx[39] is stuck at Zero
WARNING - synthesis: Bit 6 of Register \u_motion_frontend/sum_bx[39] is stuck at Zero
WARNING - synthesis: Bit 5 of Register \u_motion_frontend/sum_bx[39] is stuck at Zero
WARNING - synthesis: Bit 4 of Register \u_motion_frontend/sum_bx[39] is stuck at Zero
WARNING - synthesis: Bit 3 of Register \u_motion_frontend/sum_bx[39] is stuck at Zero
WARNING - synthesis: Bit 2 of Register \u_motion_frontend/sum_bx[39] is stuck at Zero
WARNING - synthesis: Bit 1 of Register \u_motion_frontend/sum_bx[39] is stuck at Zero
WARNING - synthesis: Bit 0 of Register \u_motion_frontend/sum_bx[39] is stuck at Zero
WARNING - synthesis: Bit 15 of Register \u_motion_frontend/sum_bx[39] is stuck at Zero
WARNING - synthesis: Bit 14 of Register \u_motion_frontend/sum_bx[39] is stuck at Zero
WARNING - synthesis: Bit 13 of Register \u_motion_frontend/sum_bx[39] is stuck at Zero
WARNING - synthesis: Bit 12 of Register \u_motion_frontend/sum_bx[39] is stuck at Zero
WARNING - synthesis: Bit 11 of Register \u_motion_frontend/sum_bx[39] is stuck at Zero
WARNING - synthesis: Bit 10 of Register \u_motion_frontend/sum_bx[39] is stuck at Zero
WARNING - synthesis: Bit 9 of Register \u_motion_frontend/sum_bx[39] is stuck at Zero
WARNING - synthesis: Bit 8 of Register \u_motion_frontend/sum_bx[39] is stuck at Zero
WARNING - synthesis: Bit 7 of Register \u_motion_frontend/sum_bx[39] is stuck at Zero
WARNING - synthesis: Bit 6 of Register \u_motion_frontend/sum_bx[39] is stuck at Zero
WARNING - synthesis: Bit 5 of Register \u_motion_frontend/sum_bx[39] is stuck at Zero
WARNING - synthesis: Bit 4 of Register \u_motion_frontend/sum_bx[39] is stuck at Zero
WARNING - synthesis: Bit 3 of Register \u_motion_frontend/sum_bx[39] is stuck at Zero
WARNING - synthesis: Bit 2 of Register \u_motion_frontend/sum_bx[39] is stuck at Zero
WARNING - synthesis: Bit 1 of Register \u_motion_frontend/sum_bx[39] is stuck at Zero
WARNING - synthesis: Bit 0 of Register \u_motion_frontend/sum_bx[39] is stuck at Zero
WARNING - synthesis: Bit 15 of Register \u_motion_frontend/sum_bx[39] is stuck at Zero
WARNING - synthesis: Bit 14 of Register \u_motion_frontend/sum_bx[39] is stuck at Zero
WARNING - synthesis: Bit 13 of Register \u_motion_frontend/sum_bx[39] is stuck at Zero
WARNING - synthesis: Bit 12 of Register \u_motion_frontend/sum_bx[39] is stuck at Zero
WARNING - synthesis: Bit 11 of Register \u_motion_frontend/sum_bx[39] is stuck at Zero
WARNING - synthesis: Bit 10 of Register \u_motion_frontend/sum_bx[39] is stuck at Zero
WARNING - synthesis: Bit 9 of Register \u_motion_frontend/sum_bx[39] is stuck at Zero
WARNING - synthesis: Bit 8 of Register \u_motion_frontend/sum_bx[39] is stuck at Zero
WARNING - synthesis: Bit 7 of Register \u_motion_frontend/sum_bx[39] is stuck at Zero
WARNING - synthesis: Bit 6 of Register \u_motion_frontend/sum_bx[39] is stuck at Zero
WARNING - synthesis: Bit 5 of Register \u_motion_frontend/sum_bx[39] is stuck at Zero
WARNING - synthesis: Bit 4 of Register \u_motion_frontend/sum_bx[39] is stuck at Zero
WARNING - synthesis: Bit 3 of Register \u_motion_frontend/sum_bx[39] is stuck at Zero
WARNING - synthesis: Bit 2 of Register \u_motion_frontend/sum_bx[39] is stuck at Zero
WARNING - synthesis: Bit 1 of Register \u_motion_frontend/sum_bx[39] is stuck at Zero
WARNING - synthesis: Bit 0 of Register \u_motion_frontend/sum_bx[39] is stuck at Zero
WARNING - synthesis: Bit 15 of Register \u_motion_frontend/sum_bx[39] is stuck at Zero
WARNING - synthesis: Bit 14 of Register \u_motion_frontend/sum_bx[39] is stuck at Zero
WARNING - synthesis: Bit 13 of Register \u_motion_frontend/sum_bx[39] is stuck at Zero
WARNING - synthesis: Bit 12 of Register \u_motion_frontend/sum_bx[39] is stuck at Zero
WARNING - synthesis: Bit 11 of Register \u_motion_frontend/sum_bx[39] is stuck at Zero
WARNING - synthesis: Bit 10 of Register \u_motion_frontend/sum_bx[39] is stuck at Zero
WARNING - synthesis: Bit 9 of Register \u_motion_frontend/sum_bx[39] is stuck at Zero
WARNING - synthesis: Bit 8 of Register \u_motion_frontend/sum_bx[39] is stuck at Zero
WARNING - synthesis: Bit 7 of Register \u_motion_frontend/sum_bx[39] is stuck at Zero
WARNING - synthesis: Bit 6 of Register \u_motion_frontend/sum_bx[39] is stuck at Zero
WARNING - synthesis: Bit 5 of Register \u_motion_frontend/sum_bx[39] is stuck at Zero
WARNING - synthesis: Bit 4 of Register \u_motion_frontend/sum_bx[39] is stuck at Zero
WARNING - synthesis: Bit 3 of Register \u_motion_frontend/sum_bx[39] is stuck at Zero
WARNING - synthesis: Bit 2 of Register \u_motion_frontend/sum_bx[39] is stuck at Zero
WARNING - synthesis: Bit 1 of Register \u_motion_frontend/sum_bx[39] is stuck at Zero
WARNING - synthesis: Bit 0 of Register \u_motion_frontend/sum_bx[39] is stuck at Zero
WARNING - synthesis: Bit 15 of Register \u_motion_frontend/sum_bx[39] is stuck at Zero
WARNING - synthesis: Bit 14 of Register \u_motion_frontend/sum_bx[39] is stuck at Zero
WARNING - synthesis: Bit 13 of Register \u_motion_frontend/sum_bx[39] is stuck at Zero
WARNING - synthesis: Bit 12 of Register \u_motion_frontend/sum_bx[39] is stuck at Zero
WARNING - synthesis: Bit 11 of Register \u_motion_frontend/sum_bx[39] is stuck at Zero
WARNING - synthesis: Bit 10 of Register \u_motion_frontend/sum_bx[39] is stuck at Zero
WARNING - synthesis: Bit 9 of Register \u_motion_frontend/sum_bx[39] is stuck at Zero
WARNING - synthesis: Bit 8 of Register \u_motion_frontend/sum_bx[39] is stuck at Zero
WARNING - synthesis: Bit 7 of Register \u_motion_frontend/sum_bx[39] is stuck at Zero
WARNING - synthesis: Bit 6 of Register \u_motion_frontend/sum_bx[39] is stuck at Zero
WARNING - synthesis: Bit 5 of Register \u_motion_frontend/sum_bx[39] is stuck at Zero
WARNING - synthesis: Bit 4 of Register \u_motion_frontend/sum_bx[39] is stuck at Zero
WARNING - synthesis: Bit 3 of Register \u_motion_frontend/sum_bx[39] is stuck at Zero
WARNING - synthesis: Bit 2 of Register \u_motion_frontend/sum_bx[39] is stuck at Zero
WARNING - synthesis: Bit 1 of Register \u_motion_frontend/sum_bx[39] is stuck at Zero
WARNING - synthesis: Bit 0 of Register \u_motion_frontend/sum_bx[39] is stuck at Zero
WARNING - synthesis: Bit 15 of Register \u_motion_frontend/sum_bx[39] is stuck at Zero
WARNING - synthesis: Bit 14 of Register \u_motion_frontend/sum_bx[39] is stuck at Zero
WARNING - synthesis: Bit 13 of Register \u_motion_frontend/sum_bx[39] is stuck at Zero
WARNING - synthesis: Bit 12 of Register \u_motion_frontend/sum_bx[39] is stuck at Zero
WARNING - synthesis: Bit 11 of Register \u_motion_frontend/sum_bx[39] is stuck at Zero
WARNING - synthesis: Bit 10 of Register \u_motion_frontend/sum_bx[39] is stuck at Zero
WARNING - synthesis: Bit 9 of Register \u_motion_frontend/sum_bx[39] is stuck at Zero
WARNING - synthesis: Bit 8 of Register \u_motion_frontend/sum_bx[39] is stuck at Zero
WARNING - synthesis: Bit 7 of Register \u_motion_frontend/sum_bx[39] is stuck at Zero
WARNING - synthesis: Bit 6 of Register \u_motion_frontend/sum_bx[39] is stuck at Zero
WARNING - synthesis: Bit 5 of Register \u_motion_frontend/sum_bx[39] is stuck at Zero
WARNING - synthesis: Bit 4 of Register \u_motion_frontend/sum_bx[39] is stuck at Zero
WARNING - synthesis: Bit 3 of Register \u_motion_frontend/sum_bx[39] is stuck at Zero
WARNING - synthesis: Bit 2 of Register \u_motion_frontend/sum_bx[39] is stuck at Zero
WARNING - synthesis: Bit 1 of Register \u_motion_frontend/sum_bx[39] is stuck at Zero
WARNING - synthesis: Bit 0 of Register \u_motion_frontend/sum_bx[39] is stuck at Zero
WARNING - synthesis: Bit 15 of Register \u_motion_frontend/sum_bx[39] is stuck at Zero
WARNING - synthesis: Bit 14 of Register \u_motion_frontend/sum_bx[39] is stuck at Zero
WARNING - synthesis: Bit 13 of Register \u_motion_frontend/sum_bx[39] is stuck at Zero
WARNING - synthesis: Bit 12 of Register \u_motion_frontend/sum_bx[39] is stuck at Zero
WARNING - synthesis: Bit 11 of Register \u_motion_frontend/sum_bx[39] is stuck at Zero
WARNING - synthesis: Bit 10 of Register \u_motion_frontend/sum_bx[39] is stuck at Zero
WARNING - synthesis: Bit 9 of Register \u_motion_frontend/sum_bx[39] is stuck at Zero
WARNING - synthesis: Bit 8 of Register \u_motion_frontend/sum_bx[39] is stuck at Zero
WARNING - synthesis: Bit 7 of Register \u_motion_frontend/sum_bx[39] is stuck at Zero
WARNING - synthesis: Bit 6 of Register \u_motion_frontend/sum_bx[39] is stuck at Zero
WARNING - synthesis: Bit 5 of Register \u_motion_frontend/sum_bx[39] is stuck at Zero
WARNING - synthesis: Bit 4 of Register \u_motion_frontend/sum_bx[39] is stuck at Zero
WARNING - synthesis: Bit 3 of Register \u_motion_frontend/sum_bx[39] is stuck at Zero
WARNING - synthesis: Bit 2 of Register \u_motion_frontend/sum_bx[39] is stuck at Zero
WARNING - synthesis: Bit 1 of Register \u_motion_frontend/sum_bx[39] is stuck at Zero
WARNING - synthesis: Bit 0 of Register \u_motion_frontend/sum_bx[39] is stuck at Zero
WARNING - synthesis: Bit 15 of Register \u_motion_frontend/sum_bx[39] is stuck at Zero
WARNING - synthesis: Bit 14 of Register \u_motion_frontend/sum_bx[39] is stuck at Zero
WARNING - synthesis: Bit 13 of Register \u_motion_frontend/sum_bx[39] is stuck at Zero
WARNING - synthesis: Bit 12 of Register \u_motion_frontend/sum_bx[39] is stuck at Zero
WARNING - synthesis: Bit 11 of Register \u_motion_frontend/sum_bx[39] is stuck at Zero
WARNING - synthesis: Bit 10 of Register \u_motion_frontend/sum_bx[39] is stuck at Zero
WARNING - synthesis: Bit 9 of Register \u_motion_frontend/sum_bx[39] is stuck at Zero
WARNING - synthesis: Bit 8 of Register \u_motion_frontend/sum_bx[39] is stuck at Zero
WARNING - synthesis: Bit 7 of Register \u_motion_frontend/sum_bx[39] is stuck at Zero
WARNING - synthesis: Bit 6 of Register \u_motion_frontend/sum_bx[39] is stuck at Zero
WARNING - synthesis: Bit 5 of Register \u_motion_frontend/sum_bx[39] is stuck at Zero
WARNING - synthesis: Bit 4 of Register \u_motion_frontend/sum_bx[39] is stuck at Zero
WARNING - synthesis: Bit 3 of Register \u_motion_frontend/sum_bx[39] is stuck at Zero
WARNING - synthesis: Bit 2 of Register \u_motion_frontend/sum_bx[39] is stuck at Zero
WARNING - synthesis: Bit 1 of Register \u_motion_frontend/sum_bx[39] is stuck at Zero
WARNING - synthesis: Bit 0 of Register \u_motion_frontend/sum_bx[39] is stuck at Zero
WARNING - synthesis: Bit 15 of Register \u_motion_frontend/sum_bx[39] is stuck at Zero
WARNING - synthesis: Bit 14 of Register \u_motion_frontend/sum_bx[39] is stuck at Zero
WARNING - synthesis: Bit 13 of Register \u_motion_frontend/sum_bx[39] is stuck at Zero
WARNING - synthesis: Bit 12 of Register \u_motion_frontend/sum_bx[39] is stuck at Zero
WARNING - synthesis: Bit 11 of Register \u_motion_frontend/sum_bx[39] is stuck at Zero
WARNING - synthesis: Bit 10 of Register \u_motion_frontend/sum_bx[39] is stuck at Zero
WARNING - synthesis: Bit 9 of Register \u_motion_frontend/sum_bx[39] is stuck at Zero
WARNING - synthesis: Bit 8 of Register \u_motion_frontend/sum_bx[39] is stuck at Zero
WARNING - synthesis: Bit 7 of Register \u_motion_frontend/sum_bx[39] is stuck at Zero
WARNING - synthesis: Bit 6 of Register \u_motion_frontend/sum_bx[39] is stuck at Zero
WARNING - synthesis: Bit 5 of Register \u_motion_frontend/sum_bx[39] is stuck at Zero
WARNING - synthesis: Bit 4 of Register \u_motion_frontend/sum_bx[39] is stuck at Zero
WARNING - synthesis: Bit 3 of Register \u_motion_frontend/sum_bx[39] is stuck at Zero
WARNING - synthesis: Bit 2 of Register \u_motion_frontend/sum_bx[39] is stuck at Zero
WARNING - synthesis: Bit 1 of Register \u_motion_frontend/sum_bx[39] is stuck at Zero
WARNING - synthesis: Bit 0 of Register \u_motion_frontend/sum_bx[39] is stuck at Zero
WARNING - synthesis: Bit 15 of Register \u_motion_frontend/sum_bx[39] is stuck at Zero
WARNING - synthesis: Bit 14 of Register \u_motion_frontend/sum_bx[39] is stuck at Zero
WARNING - synthesis: Bit 13 of Register \u_motion_frontend/sum_bx[39] is stuck at Zero
WARNING - synthesis: Bit 12 of Register \u_motion_frontend/sum_bx[39] is stuck at Zero
WARNING - synthesis: Bit 11 of Register \u_motion_frontend/sum_bx[39] is stuck at Zero
WARNING - synthesis: Bit 10 of Register \u_motion_frontend/sum_bx[39] is stuck at Zero
WARNING - synthesis: Bit 9 of Register \u_motion_frontend/sum_bx[39] is stuck at Zero
WARNING - synthesis: Bit 8 of Register \u_motion_frontend/sum_bx[39] is stuck at Zero
WARNING - synthesis: Bit 7 of Register \u_motion_frontend/sum_bx[39] is stuck at Zero
WARNING - synthesis: Bit 6 of Register \u_motion_frontend/sum_bx[39] is stuck at Zero
WARNING - synthesis: Bit 5 of Register \u_motion_frontend/sum_bx[39] is stuck at Zero
WARNING - synthesis: Bit 4 of Register \u_motion_frontend/sum_bx[39] is stuck at Zero
WARNING - synthesis: Bit 3 of Register \u_motion_frontend/sum_bx[39] is stuck at Zero
WARNING - synthesis: Bit 2 of Register \u_motion_frontend/sum_bx[39] is stuck at Zero
WARNING - synthesis: Bit 1 of Register \u_motion_frontend/sum_bx[39] is stuck at Zero
WARNING - synthesis: Bit 0 of Register \u_motion_frontend/sum_bx[39] is stuck at Zero
WARNING - synthesis: Bit 15 of Register \u_motion_frontend/sum_bx[39] is stuck at Zero
WARNING - synthesis: Bit 14 of Register \u_motion_frontend/sum_bx[39] is stuck at Zero
WARNING - synthesis: Bit 13 of Register \u_motion_frontend/sum_bx[39] is stuck at Zero
WARNING - synthesis: Bit 12 of Register \u_motion_frontend/sum_bx[39] is stuck at Zero
WARNING - synthesis: Bit 11 of Register \u_motion_frontend/sum_bx[39] is stuck at Zero
WARNING - synthesis: Bit 10 of Register \u_motion_frontend/sum_bx[39] is stuck at Zero
WARNING - synthesis: Bit 9 of Register \u_motion_frontend/sum_bx[39] is stuck at Zero
WARNING - synthesis: Bit 8 of Register \u_motion_frontend/sum_bx[39] is stuck at Zero
WARNING - synthesis: Bit 7 of Register \u_motion_frontend/sum_bx[39] is stuck at Zero
WARNING - synthesis: Bit 6 of Register \u_motion_frontend/sum_bx[39] is stuck at Zero
WARNING - synthesis: Bit 5 of Register \u_motion_frontend/sum_bx[39] is stuck at Zero
WARNING - synthesis: Bit 4 of Register \u_motion_frontend/sum_bx[39] is stuck at Zero
WARNING - synthesis: Bit 3 of Register \u_motion_frontend/sum_bx[39] is stuck at Zero
WARNING - synthesis: Bit 2 of Register \u_motion_frontend/sum_bx[39] is stuck at Zero
WARNING - synthesis: Bit 1 of Register \u_motion_frontend/sum_bx[39] is stuck at Zero
WARNING - synthesis: Bit 0 of Register \u_motion_frontend/sum_bx[39] is stuck at Zero
WARNING - synthesis: Bit 15 of Register \u_motion_frontend/sum_bx[39] is stuck at Zero
WARNING - synthesis: Bit 14 of Register \u_motion_frontend/sum_bx[39] is stuck at Zero
WARNING - synthesis: Bit 13 of Register \u_motion_frontend/sum_bx[39] is stuck at Zero
WARNING - synthesis: Bit 12 of Register \u_motion_frontend/sum_bx[39] is stuck at Zero
WARNING - synthesis: Bit 11 of Register \u_motion_frontend/sum_bx[39] is stuck at Zero
WARNING - synthesis: Bit 10 of Register \u_motion_frontend/sum_bx[39] is stuck at Zero
WARNING - synthesis: Bit 9 of Register \u_motion_frontend/sum_bx[39] is stuck at Zero
WARNING - synthesis: Bit 8 of Register \u_motion_frontend/sum_bx[39] is stuck at Zero
WARNING - synthesis: Bit 7 of Register \u_motion_frontend/sum_bx[39] is stuck at Zero
WARNING - synthesis: Bit 6 of Register \u_motion_frontend/sum_bx[39] is stuck at Zero
WARNING - synthesis: Bit 5 of Register \u_motion_frontend/sum_bx[39] is stuck at Zero
WARNING - synthesis: Bit 4 of Register \u_motion_frontend/sum_bx[39] is stuck at Zero
WARNING - synthesis: Bit 3 of Register \u_motion_frontend/sum_bx[39] is stuck at Zero
WARNING - synthesis: Bit 2 of Register \u_motion_frontend/sum_bx[39] is stuck at Zero
WARNING - synthesis: Bit 1 of Register \u_motion_frontend/sum_bx[39] is stuck at Zero
WARNING - synthesis: Bit 0 of Register \u_motion_frontend/sum_bx[39] is stuck at Zero
WARNING - synthesis: Bit 15 of Register \u_motion_frontend/sum_bx[39] is stuck at Zero
WARNING - synthesis: Bit 14 of Register \u_motion_frontend/sum_bx[39] is stuck at Zero
WARNING - synthesis: Bit 13 of Register \u_motion_frontend/sum_bx[39] is stuck at Zero
WARNING - synthesis: Bit 12 of Register \u_motion_frontend/sum_bx[39] is stuck at Zero
WARNING - synthesis: Bit 11 of Register \u_motion_frontend/sum_bx[39] is stuck at Zero
WARNING - synthesis: Bit 10 of Register \u_motion_frontend/sum_bx[39] is stuck at Zero
WARNING - synthesis: Bit 9 of Register \u_motion_frontend/sum_bx[39] is stuck at Zero
WARNING - synthesis: Bit 8 of Register \u_motion_frontend/sum_bx[39] is stuck at Zero
WARNING - synthesis: Bit 7 of Register \u_motion_frontend/sum_bx[39] is stuck at Zero
WARNING - synthesis: Bit 6 of Register \u_motion_frontend/sum_bx[39] is stuck at Zero
WARNING - synthesis: Bit 5 of Register \u_motion_frontend/sum_bx[39] is stuck at Zero
WARNING - synthesis: Bit 4 of Register \u_motion_frontend/sum_bx[39] is stuck at Zero
WARNING - synthesis: Bit 3 of Register \u_motion_frontend/sum_bx[39] is stuck at Zero
WARNING - synthesis: Bit 2 of Register \u_motion_frontend/sum_bx[39] is stuck at Zero
WARNING - synthesis: Bit 1 of Register \u_motion_frontend/sum_bx[39] is stuck at Zero
WARNING - synthesis: Bit 0 of Register \u_motion_frontend/sum_bx[39] is stuck at Zero
WARNING - synthesis: Bit 15 of Register \u_motion_frontend/sum_bx[39] is stuck at Zero
WARNING - synthesis: Bit 14 of Register \u_motion_frontend/sum_bx[39] is stuck at Zero
WARNING - synthesis: Bit 13 of Register \u_motion_frontend/sum_bx[39] is stuck at Zero
WARNING - synthesis: Bit 12 of Register \u_motion_frontend/sum_bx[39] is stuck at Zero
WARNING - synthesis: Bit 11 of Register \u_motion_frontend/sum_bx[39] is stuck at Zero
WARNING - synthesis: Bit 10 of Register \u_motion_frontend/sum_bx[39] is stuck at Zero
WARNING - synthesis: Bit 9 of Register \u_motion_frontend/sum_bx[39] is stuck at Zero
WARNING - synthesis: Bit 8 of Register \u_motion_frontend/sum_bx[39] is stuck at Zero
WARNING - synthesis: Bit 7 of Register \u_motion_frontend/sum_bx[39] is stuck at Zero
WARNING - synthesis: Bit 6 of Register \u_motion_frontend/sum_bx[39] is stuck at Zero
WARNING - synthesis: Bit 5 of Register \u_motion_frontend/sum_bx[39] is stuck at Zero
WARNING - synthesis: Bit 4 of Register \u_motion_frontend/sum_bx[39] is stuck at Zero
WARNING - synthesis: Bit 3 of Register \u_motion_frontend/sum_bx[39] is stuck at Zero
WARNING - synthesis: Bit 2 of Register \u_motion_frontend/sum_bx[39] is stuck at Zero
WARNING - synthesis: Bit 1 of Register \u_motion_frontend/sum_bx[39] is stuck at Zero
WARNING - synthesis: Bit 0 of Register \u_motion_frontend/sum_bx[39] is stuck at Zero
WARNING - synthesis: Bit 15 of Register \u_motion_frontend/sum_bx[39] is stuck at Zero
WARNING - synthesis: Bit 14 of Register \u_motion_frontend/sum_bx[39] is stuck at Zero
WARNING - synthesis: Bit 13 of Register \u_motion_frontend/sum_bx[39] is stuck at Zero
WARNING - synthesis: Bit 12 of Register \u_motion_frontend/sum_bx[39] is stuck at Zero
WARNING - synthesis: Bit 11 of Register \u_motion_frontend/sum_bx[39] is stuck at Zero
WARNING - synthesis: Bit 10 of Register \u_motion_frontend/sum_bx[39] is stuck at Zero
WARNING - synthesis: Bit 9 of Register \u_motion_frontend/sum_bx[39] is stuck at Zero
WARNING - synthesis: Bit 8 of Register \u_motion_frontend/sum_bx[39] is stuck at Zero
WARNING - synthesis: Bit 7 of Register \u_motion_frontend/sum_bx[39] is stuck at Zero
WARNING - synthesis: Bit 6 of Register \u_motion_frontend/sum_bx[39] is stuck at Zero
WARNING - synthesis: Bit 5 of Register \u_motion_frontend/sum_bx[39] is stuck at Zero
WARNING - synthesis: Bit 4 of Register \u_motion_frontend/sum_bx[39] is stuck at Zero
WARNING - synthesis: Bit 3 of Register \u_motion_frontend/sum_bx[39] is stuck at Zero
WARNING - synthesis: Bit 2 of Register \u_motion_frontend/sum_bx[39] is stuck at Zero
WARNING - synthesis: Bit 1 of Register \u_motion_frontend/sum_bx[39] is stuck at Zero
WARNING - synthesis: Bit 0 of Register \u_motion_frontend/sum_bx[39] is stuck at Zero
WARNING - synthesis: Bit 15 of Register \u_motion_frontend/sum_bx[39] is stuck at Zero
WARNING - synthesis: Bit 14 of Register \u_motion_frontend/sum_bx[39] is stuck at Zero
WARNING - synthesis: Bit 13 of Register \u_motion_frontend/sum_bx[39] is stuck at Zero
WARNING - synthesis: Bit 12 of Register \u_motion_frontend/sum_bx[39] is stuck at Zero
WARNING - synthesis: Bit 11 of Register \u_motion_frontend/sum_bx[39] is stuck at Zero
WARNING - synthesis: Bit 10 of Register \u_motion_frontend/sum_bx[39] is stuck at Zero
WARNING - synthesis: Bit 9 of Register \u_motion_frontend/sum_bx[39] is stuck at Zero
WARNING - synthesis: Bit 8 of Register \u_motion_frontend/sum_bx[39] is stuck at Zero
WARNING - synthesis: Bit 7 of Register \u_motion_frontend/sum_bx[39] is stuck at Zero
WARNING - synthesis: Bit 6 of Register \u_motion_frontend/sum_bx[39] is stuck at Zero
WARNING - synthesis: Bit 5 of Register \u_motion_frontend/sum_bx[39] is stuck at Zero
WARNING - synthesis: Bit 4 of Register \u_motion_frontend/sum_bx[39] is stuck at Zero
WARNING - synthesis: Bit 3 of Register \u_motion_frontend/sum_bx[39] is stuck at Zero
WARNING - synthesis: Bit 2 of Register \u_motion_frontend/sum_bx[39] is stuck at Zero
WARNING - synthesis: Bit 1 of Register \u_motion_frontend/sum_bx[39] is stuck at Zero
WARNING - synthesis: Bit 0 of Register \u_motion_frontend/sum_bx[39] is stuck at Zero
WARNING - synthesis: Bit 15 of Register \u_motion_frontend/sum_bx[39] is stuck at Zero
WARNING - synthesis: Bit 14 of Register \u_motion_frontend/sum_bx[39] is stuck at Zero
WARNING - synthesis: Bit 13 of Register \u_motion_frontend/sum_bx[39] is stuck at Zero
WARNING - synthesis: Bit 12 of Register \u_motion_frontend/sum_bx[39] is stuck at Zero
WARNING - synthesis: Bit 11 of Register \u_motion_frontend/sum_bx[39] is stuck at Zero
WARNING - synthesis: Bit 10 of Register \u_motion_frontend/sum_bx[39] is stuck at Zero
WARNING - synthesis: Bit 9 of Register \u_motion_frontend/sum_bx[39] is stuck at Zero
WARNING - synthesis: Bit 8 of Register \u_motion_frontend/sum_bx[39] is stuck at Zero
WARNING - synthesis: Bit 7 of Register \u_motion_frontend/sum_bx[39] is stuck at Zero
WARNING - synthesis: Bit 6 of Register \u_motion_frontend/sum_bx[39] is stuck at Zero
WARNING - synthesis: Bit 5 of Register \u_motion_frontend/sum_bx[39] is stuck at Zero
WARNING - synthesis: Bit 4 of Register \u_motion_frontend/sum_bx[39] is stuck at Zero
WARNING - synthesis: Bit 3 of Register \u_motion_frontend/sum_bx[39] is stuck at Zero
WARNING - synthesis: Bit 2 of Register \u_motion_frontend/sum_bx[39] is stuck at Zero
WARNING - synthesis: Bit 1 of Register \u_motion_frontend/sum_bx[39] is stuck at Zero
WARNING - synthesis: Bit 0 of Register \u_motion_frontend/sum_bx[39] is stuck at Zero
WARNING - synthesis: Bit 15 of Register \u_motion_frontend/sum_bx[39] is stuck at Zero
WARNING - synthesis: Bit 14 of Register \u_motion_frontend/sum_bx[39] is stuck at Zero
WARNING - synthesis: Bit 13 of Register \u_motion_frontend/sum_bx[39] is stuck at Zero
WARNING - synthesis: Bit 12 of Register \u_motion_frontend/sum_bx[39] is stuck at Zero
WARNING - synthesis: Bit 11 of Register \u_motion_frontend/sum_bx[39] is stuck at Zero
WARNING - synthesis: Bit 10 of Register \u_motion_frontend/sum_bx[39] is stuck at Zero
WARNING - synthesis: Bit 9 of Register \u_motion_frontend/sum_bx[39] is stuck at Zero
WARNING - synthesis: Bit 8 of Register \u_motion_frontend/sum_bx[39] is stuck at Zero
WARNING - synthesis: Bit 7 of Register \u_motion_frontend/sum_bx[39] is stuck at Zero
WARNING - synthesis: Bit 6 of Register \u_motion_frontend/sum_bx[39] is stuck at Zero
WARNING - synthesis: Bit 5 of Register \u_motion_frontend/sum_bx[39] is stuck at Zero
WARNING - synthesis: Bit 4 of Register \u_motion_frontend/sum_bx[39] is stuck at Zero
WARNING - synthesis: Bit 3 of Register \u_motion_frontend/sum_bx[39] is stuck at Zero
WARNING - synthesis: Bit 2 of Register \u_motion_frontend/sum_bx[39] is stuck at Zero
WARNING - synthesis: Bit 1 of Register \u_motion_frontend/sum_bx[39] is stuck at Zero
WARNING - synthesis: Bit 0 of Register \u_motion_frontend/sum_bx[39] is stuck at Zero
WARNING - synthesis: Bit 15 of Register \u_motion_frontend/sum_bx[39] is stuck at Zero
WARNING - synthesis: Bit 14 of Register \u_motion_frontend/sum_bx[39] is stuck at Zero
WARNING - synthesis: Bit 13 of Register \u_motion_frontend/sum_bx[39] is stuck at Zero
WARNING - synthesis: Bit 12 of Register \u_motion_frontend/sum_bx[39] is stuck at Zero
WARNING - synthesis: Bit 11 of Register \u_motion_frontend/sum_bx[39] is stuck at Zero
WARNING - synthesis: Bit 10 of Register \u_motion_frontend/sum_bx[39] is stuck at Zero
WARNING - synthesis: Bit 9 of Register \u_motion_frontend/sum_bx[39] is stuck at Zero
WARNING - synthesis: Bit 8 of Register \u_motion_frontend/sum_bx[39] is stuck at Zero
WARNING - synthesis: Bit 7 of Register \u_motion_frontend/sum_bx[39] is stuck at Zero
WARNING - synthesis: Bit 6 of Register \u_motion_frontend/sum_bx[39] is stuck at Zero
WARNING - synthesis: Bit 5 of Register \u_motion_frontend/sum_bx[39] is stuck at Zero
WARNING - synthesis: Bit 4 of Register \u_motion_frontend/sum_bx[39] is stuck at Zero
WARNING - synthesis: Bit 3 of Register \u_motion_frontend/sum_bx[39] is stuck at Zero
WARNING - synthesis: Bit 2 of Register \u_motion_frontend/sum_bx[39] is stuck at Zero
WARNING - synthesis: Bit 1 of Register \u_motion_frontend/sum_bx[39] is stuck at Zero
WARNING - synthesis: Bit 0 of Register \u_motion_frontend/sum_bx[39] is stuck at Zero
WARNING - synthesis: Bit 15 of Register \u_motion_frontend/sum_bx[39] is stuck at Zero
WARNING - synthesis: Bit 14 of Register \u_motion_frontend/sum_bx[39] is stuck at Zero
WARNING - synthesis: Bit 13 of Register \u_motion_frontend/sum_bx[39] is stuck at Zero
WARNING - synthesis: Bit 12 of Register \u_motion_frontend/sum_bx[39] is stuck at Zero
WARNING - synthesis: Bit 11 of Register \u_motion_frontend/sum_bx[39] is stuck at Zero
WARNING - synthesis: Bit 10 of Register \u_motion_frontend/sum_bx[39] is stuck at Zero
WARNING - synthesis: Bit 9 of Register \u_motion_frontend/sum_bx[39] is stuck at Zero
WARNING - synthesis: Bit 8 of Register \u_motion_frontend/sum_bx[39] is stuck at Zero
WARNING - synthesis: Bit 7 of Register \u_motion_frontend/sum_bx[39] is stuck at Zero
WARNING - synthesis: Bit 6 of Register \u_motion_frontend/sum_bx[39] is stuck at Zero
WARNING - synthesis: Bit 5 of Register \u_motion_frontend/sum_bx[39] is stuck at Zero
WARNING - synthesis: Bit 4 of Register \u_motion_frontend/sum_bx[39] is stuck at Zero
WARNING - synthesis: Bit 3 of Register \u_motion_frontend/sum_bx[39] is stuck at Zero
WARNING - synthesis: Bit 2 of Register \u_motion_frontend/sum_bx[39] is stuck at Zero
WARNING - synthesis: Bit 1 of Register \u_motion_frontend/sum_bx[39] is stuck at Zero
WARNING - synthesis: Bit 0 of Register \u_motion_frontend/sum_bx[39] is stuck at Zero
WARNING - synthesis: Bit 15 of Register \u_motion_frontend/sum_bx[39] is stuck at Zero
WARNING - synthesis: Bit 14 of Register \u_motion_frontend/sum_bx[39] is stuck at Zero
WARNING - synthesis: Bit 13 of Register \u_motion_frontend/sum_bx[39] is stuck at Zero
WARNING - synthesis: Bit 12 of Register \u_motion_frontend/sum_bx[39] is stuck at Zero
WARNING - synthesis: Bit 11 of Register \u_motion_frontend/sum_bx[39] is stuck at Zero
WARNING - synthesis: Bit 10 of Register \u_motion_frontend/sum_bx[39] is stuck at Zero
WARNING - synthesis: Bit 9 of Register \u_motion_frontend/sum_bx[39] is stuck at Zero
WARNING - synthesis: Bit 8 of Register \u_motion_frontend/sum_bx[39] is stuck at Zero
WARNING - synthesis: Bit 7 of Register \u_motion_frontend/sum_bx[39] is stuck at Zero
WARNING - synthesis: Bit 6 of Register \u_motion_frontend/sum_bx[39] is stuck at Zero
WARNING - synthesis: Bit 5 of Register \u_motion_frontend/sum_bx[39] is stuck at Zero
WARNING - synthesis: Bit 4 of Register \u_motion_frontend/sum_bx[39] is stuck at Zero
WARNING - synthesis: Bit 3 of Register \u_motion_frontend/sum_bx[39] is stuck at Zero
WARNING - synthesis: Bit 2 of Register \u_motion_frontend/sum_bx[39] is stuck at Zero
WARNING - synthesis: Bit 1 of Register \u_motion_frontend/sum_bx[39] is stuck at Zero
WARNING - synthesis: Bit 0 of Register \u_motion_frontend/sum_bx[39] is stuck at Zero
WARNING - synthesis: Bit 15 of Register \u_motion_frontend/sum_bx[39] is stuck at Zero
WARNING - synthesis: Bit 14 of Register \u_motion_frontend/sum_bx[39] is stuck at Zero
WARNING - synthesis: Bit 13 of Register \u_motion_frontend/sum_bx[39] is stuck at Zero
WARNING - synthesis: Bit 12 of Register \u_motion_frontend/sum_bx[39] is stuck at Zero
WARNING - synthesis: Bit 11 of Register \u_motion_frontend/sum_bx[39] is stuck at Zero
WARNING - synthesis: Bit 10 of Register \u_motion_frontend/sum_bx[39] is stuck at Zero
WARNING - synthesis: Bit 9 of Register \u_motion_frontend/sum_bx[39] is stuck at Zero
WARNING - synthesis: Bit 8 of Register \u_motion_frontend/sum_bx[39] is stuck at Zero
WARNING - synthesis: Bit 7 of Register \u_motion_frontend/sum_bx[39] is stuck at Zero
WARNING - synthesis: Bit 6 of Register \u_motion_frontend/sum_bx[39] is stuck at Zero
WARNING - synthesis: Bit 5 of Register \u_motion_frontend/sum_bx[39] is stuck at Zero
WARNING - synthesis: Bit 4 of Register \u_motion_frontend/sum_bx[39] is stuck at Zero
WARNING - synthesis: Bit 3 of Register \u_motion_frontend/sum_bx[39] is stuck at Zero
WARNING - synthesis: Bit 2 of Register \u_motion_frontend/sum_bx[39] is stuck at Zero
WARNING - synthesis: Bit 1 of Register \u_motion_frontend/sum_bx[39] is stuck at Zero
WARNING - synthesis: Bit 0 of Register \u_motion_frontend/sum_bx[39] is stuck at Zero
WARNING - synthesis: Bit 15 of Register \u_motion_frontend/sum_bx[39] is stuck at Zero
WARNING - synthesis: Bit 14 of Register \u_motion_frontend/sum_bx[39] is stuck at Zero
WARNING - synthesis: Bit 13 of Register \u_motion_frontend/sum_bx[39] is stuck at Zero
WARNING - synthesis: Bit 12 of Register \u_motion_frontend/sum_bx[39] is stuck at Zero
WARNING - synthesis: Bit 11 of Register \u_motion_frontend/sum_bx[39] is stuck at Zero
WARNING - synthesis: Bit 10 of Register \u_motion_frontend/sum_bx[39] is stuck at Zero
WARNING - synthesis: Bit 9 of Register \u_motion_frontend/sum_bx[39] is stuck at Zero
WARNING - synthesis: Bit 8 of Register \u_motion_frontend/sum_bx[39] is stuck at Zero
WARNING - synthesis: Bit 7 of Register \u_motion_frontend/sum_bx[39] is stuck at Zero
WARNING - synthesis: Bit 6 of Register \u_motion_frontend/sum_bx[39] is stuck at Zero
WARNING - synthesis: Bit 5 of Register \u_motion_frontend/sum_bx[39] is stuck at Zero
WARNING - synthesis: Bit 4 of Register \u_motion_frontend/sum_bx[39] is stuck at Zero
WARNING - synthesis: Bit 3 of Register \u_motion_frontend/sum_bx[39] is stuck at Zero
WARNING - synthesis: Bit 2 of Register \u_motion_frontend/sum_bx[39] is stuck at Zero
WARNING - synthesis: Bit 1 of Register \u_motion_frontend/sum_bx[39] is stuck at Zero
WARNING - synthesis: Bit 0 of Register \u_motion_frontend/sum_bx[39] is stuck at Zero
WARNING - synthesis: Bit 15 of Register \u_motion_frontend/sum_bx[39] is stuck at Zero
WARNING - synthesis: Bit 14 of Register \u_motion_frontend/sum_bx[39] is stuck at Zero
WARNING - synthesis: Bit 13 of Register \u_motion_frontend/sum_bx[39] is stuck at Zero
WARNING - synthesis: Bit 12 of Register \u_motion_frontend/sum_bx[39] is stuck at Zero
WARNING - synthesis: Bit 11 of Register \u_motion_frontend/sum_bx[39] is stuck at Zero
WARNING - synthesis: Bit 10 of Register \u_motion_frontend/sum_bx[39] is stuck at Zero
WARNING - synthesis: Bit 9 of Register \u_motion_frontend/sum_bx[39] is stuck at Zero
WARNING - synthesis: Bit 8 of Register \u_motion_frontend/sum_bx[39] is stuck at Zero
WARNING - synthesis: Bit 7 of Register \u_motion_frontend/sum_bx[39] is stuck at Zero
WARNING - synthesis: Bit 6 of Register \u_motion_frontend/sum_bx[39] is stuck at Zero
WARNING - synthesis: Bit 5 of Register \u_motion_frontend/sum_bx[39] is stuck at Zero
WARNING - synthesis: Bit 4 of Register \u_motion_frontend/sum_bx[39] is stuck at Zero
WARNING - synthesis: Bit 3 of Register \u_motion_frontend/sum_bx[39] is stuck at Zero
WARNING - synthesis: Bit 2 of Register \u_motion_frontend/sum_bx[39] is stuck at Zero
WARNING - synthesis: Bit 1 of Register \u_motion_frontend/sum_bx[39] is stuck at Zero
WARNING - synthesis: Bit 0 of Register \u_motion_frontend/sum_bx[39] is stuck at Zero
WARNING - synthesis: Bit 15 of Register \u_motion_frontend/sum_bx[39] is stuck at Zero
WARNING - synthesis: Bit 14 of Register \u_motion_frontend/sum_bx[39] is stuck at Zero
WARNING - synthesis: Bit 13 of Register \u_motion_frontend/sum_bx[39] is stuck at Zero
WARNING - synthesis: Bit 12 of Register \u_motion_frontend/sum_bx[39] is stuck at Zero
WARNING - synthesis: Bit 11 of Register \u_motion_frontend/sum_bx[39] is stuck at Zero
WARNING - synthesis: Bit 10 of Register \u_motion_frontend/sum_bx[39] is stuck at Zero
WARNING - synthesis: Bit 9 of Register \u_motion_frontend/sum_bx[39] is stuck at Zero
WARNING - synthesis: Bit 8 of Register \u_motion_frontend/sum_bx[39] is stuck at Zero
WARNING - synthesis: Bit 7 of Register \u_motion_frontend/sum_bx[39] is stuck at Zero
WARNING - synthesis: Bit 6 of Register \u_motion_frontend/sum_bx[39] is stuck at Zero
WARNING - synthesis: Bit 5 of Register \u_motion_frontend/sum_bx[39] is stuck at Zero
WARNING - synthesis: Bit 4 of Register \u_motion_frontend/sum_bx[39] is stuck at Zero
WARNING - synthesis: Bit 3 of Register \u_motion_frontend/sum_bx[39] is stuck at Zero
WARNING - synthesis: Bit 2 of Register \u_motion_frontend/sum_bx[39] is stuck at Zero
WARNING - synthesis: Bit 1 of Register \u_motion_frontend/sum_bx[39] is stuck at Zero
WARNING - synthesis: Bit 0 of Register \u_motion_frontend/sum_bx[39] is stuck at Zero
WARNING - synthesis: Bit 15 of Register \u_motion_frontend/sum_bx[39] is stuck at Zero
WARNING - synthesis: Bit 14 of Register \u_motion_frontend/sum_bx[39] is stuck at Zero
WARNING - synthesis: Bit 13 of Register \u_motion_frontend/sum_bx[39] is stuck at Zero
WARNING - synthesis: Bit 12 of Register \u_motion_frontend/sum_bx[39] is stuck at Zero
WARNING - synthesis: Bit 11 of Register \u_motion_frontend/sum_bx[39] is stuck at Zero
WARNING - synthesis: Bit 10 of Register \u_motion_frontend/sum_bx[39] is stuck at Zero
WARNING - synthesis: Bit 9 of Register \u_motion_frontend/sum_bx[39] is stuck at Zero
WARNING - synthesis: Bit 8 of Register \u_motion_frontend/sum_bx[39] is stuck at Zero
WARNING - synthesis: Bit 7 of Register \u_motion_frontend/sum_bx[39] is stuck at Zero
WARNING - synthesis: Bit 6 of Register \u_motion_frontend/sum_bx[39] is stuck at Zero
WARNING - synthesis: Bit 5 of Register \u_motion_frontend/sum_bx[39] is stuck at Zero
WARNING - synthesis: Bit 4 of Register \u_motion_frontend/sum_bx[39] is stuck at Zero
WARNING - synthesis: Bit 3 of Register \u_motion_frontend/sum_bx[39] is stuck at Zero
WARNING - synthesis: Bit 2 of Register \u_motion_frontend/sum_bx[39] is stuck at Zero
WARNING - synthesis: Bit 1 of Register \u_motion_frontend/sum_bx[39] is stuck at Zero
WARNING - synthesis: Bit 0 of Register \u_motion_frontend/sum_bx[39] is stuck at Zero
WARNING - synthesis: Bit 7 of Register \u_props/score_w[15] is stuck at Zero
WARNING - synthesis: Bit 6 of Register \u_props/score_w[15] is stuck at Zero
WARNING - synthesis: Bit 5 of Register \u_props/score_w[15] is stuck at Zero
WARNING - synthesis: Bit 4 of Register \u_props/score_w[15] is stuck at Zero
WARNING - synthesis: Bit 3 of Register \u_props/score_w[15] is stuck at Zero
WARNING - synthesis: Bit 2 of Register \u_props/score_w[15] is stuck at Zero
WARNING - synthesis: Bit 1 of Register \u_props/score_w[15] is stuck at Zero
WARNING - synthesis: Bit 0 of Register \u_props/score_w[15] is stuck at Zero
WARNING - synthesis: Bit 15 of Register \u_props/score_w[15] is stuck at Zero
WARNING - synthesis: Bit 14 of Register \u_props/score_w[15] is stuck at Zero
WARNING - synthesis: Bit 13 of Register \u_props/score_w[15] is stuck at Zero
WARNING - synthesis: Bit 12 of Register \u_props/score_w[15] is stuck at Zero
WARNING - synthesis: Bit 11 of Register \u_props/score_w[15] is stuck at Zero
WARNING - synthesis: Bit 10 of Register \u_props/score_w[15] is stuck at Zero
WARNING - synthesis: Bit 9 of Register \u_props/score_w[15] is stuck at Zero
WARNING - synthesis: Bit 8 of Register \u_props/score_w[15] is stuck at Zero
WARNING - synthesis: Bit 23 of Register \u_props/score_w[15] is stuck at Zero
WARNING - synthesis: Bit 22 of Register \u_props/score_w[15] is stuck at Zero
WARNING - synthesis: Bit 21 of Register \u_props/score_w[15] is stuck at Zero
WARNING - synthesis: Bit 20 of Register \u_props/score_w[15] is stuck at Zero
WARNING - synthesis: Bit 19 of Register \u_props/score_w[15] is stuck at Zero
WARNING - synthesis: Bit 18 of Register \u_props/score_w[15] is stuck at Zero
WARNING - synthesis: Bit 17 of Register \u_props/score_w[15] is stuck at Zero
WARNING - synthesis: Bit 16 of Register \u_props/score_w[15] is stuck at Zero
WARNING - synthesis: Bit 31 of Register \u_props/score_w[15] is stuck at Zero
WARNING - synthesis: Bit 30 of Register \u_props/score_w[15] is stuck at Zero
WARNING - synthesis: Bit 29 of Register \u_props/score_w[15] is stuck at Zero
WARNING - synthesis: Bit 28 of Register \u_props/score_w[15] is stuck at Zero
WARNING - synthesis: Bit 27 of Register \u_props/score_w[15] is stuck at Zero
WARNING - synthesis: Bit 26 of Register \u_props/score_w[15] is stuck at Zero
WARNING - synthesis: Bit 25 of Register \u_props/score_w[15] is stuck at Zero
WARNING - synthesis: Bit 24 of Register \u_props/score_w[15] is stuck at Zero
WARNING - synthesis: Bit 39 of Register \u_props/score_w[15] is stuck at Zero
WARNING - synthesis: Bit 38 of Register \u_props/score_w[15] is stuck at Zero
WARNING - synthesis: Bit 37 of Register \u_props/score_w[15] is stuck at Zero
WARNING - synthesis: Bit 36 of Register \u_props/score_w[15] is stuck at Zero
WARNING - synthesis: Bit 35 of Register \u_props/score_w[15] is stuck at Zero
WARNING - synthesis: Bit 34 of Register \u_props/score_w[15] is stuck at Zero
WARNING - synthesis: Bit 33 of Register \u_props/score_w[15] is stuck at Zero
WARNING - synthesis: Bit 32 of Register \u_props/score_w[15] is stuck at Zero
WARNING - synthesis: Bit 47 of Register \u_props/score_w[15] is stuck at Zero
WARNING - synthesis: Bit 46 of Register \u_props/score_w[15] is stuck at Zero
WARNING - synthesis: Bit 45 of Register \u_props/score_w[15] is stuck at Zero
WARNING - synthesis: Bit 44 of Register \u_props/score_w[15] is stuck at Zero
WARNING - synthesis: Bit 43 of Register \u_props/score_w[15] is stuck at Zero
WARNING - synthesis: Bit 42 of Register \u_props/score_w[15] is stuck at Zero
WARNING - synthesis: Bit 41 of Register \u_props/score_w[15] is stuck at Zero
WARNING - synthesis: Bit 40 of Register \u_props/score_w[15] is stuck at Zero
WARNING - synthesis: Bit 55 of Register \u_props/score_w[15] is stuck at Zero
WARNING - synthesis: Bit 54 of Register \u_props/score_w[15] is stuck at Zero
WARNING - synthesis: Bit 53 of Register \u_props/score_w[15] is stuck at Zero
WARNING - synthesis: Bit 52 of Register \u_props/score_w[15] is stuck at Zero
WARNING - synthesis: Bit 51 of Register \u_props/score_w[15] is stuck at Zero
WARNING - synthesis: Bit 50 of Register \u_props/score_w[15] is stuck at Zero
WARNING - synthesis: Bit 49 of Register \u_props/score_w[15] is stuck at Zero
WARNING - synthesis: Bit 48 of Register \u_props/score_w[15] is stuck at Zero
WARNING - synthesis: Bit 63 of Register \u_props/score_w[15] is stuck at Zero
WARNING - synthesis: Bit 62 of Register \u_props/score_w[15] is stuck at Zero
WARNING - synthesis: Bit 61 of Register \u_props/score_w[15] is stuck at Zero
WARNING - synthesis: Bit 60 of Register \u_props/score_w[15] is stuck at Zero
WARNING - synthesis: Bit 59 of Register \u_props/score_w[15] is stuck at Zero
WARNING - synthesis: Bit 58 of Register \u_props/score_w[15] is stuck at Zero
WARNING - synthesis: Bit 57 of Register \u_props/score_w[15] is stuck at Zero
WARNING - synthesis: Bit 56 of Register \u_props/score_w[15] is stuck at Zero
WARNING - synthesis: Bit 71 of Register \u_props/score_w[15] is stuck at Zero
WARNING - synthesis: Bit 70 of Register \u_props/score_w[15] is stuck at Zero
WARNING - synthesis: Bit 69 of Register \u_props/score_w[15] is stuck at Zero
WARNING - synthesis: Bit 68 of Register \u_props/score_w[15] is stuck at Zero
WARNING - synthesis: Bit 67 of Register \u_props/score_w[15] is stuck at Zero
WARNING - synthesis: Bit 66 of Register \u_props/score_w[15] is stuck at Zero
WARNING - synthesis: Bit 65 of Register \u_props/score_w[15] is stuck at Zero
WARNING - synthesis: Bit 64 of Register \u_props/score_w[15] is stuck at Zero
WARNING - synthesis: Bit 79 of Register \u_props/score_w[15] is stuck at Zero
WARNING - synthesis: Bit 78 of Register \u_props/score_w[15] is stuck at Zero
WARNING - synthesis: Bit 77 of Register \u_props/score_w[15] is stuck at Zero
WARNING - synthesis: Bit 76 of Register \u_props/score_w[15] is stuck at Zero
WARNING - synthesis: Bit 75 of Register \u_props/score_w[15] is stuck at Zero
WARNING - synthesis: Bit 74 of Register \u_props/score_w[15] is stuck at Zero
WARNING - synthesis: Bit 73 of Register \u_props/score_w[15] is stuck at Zero
WARNING - synthesis: Bit 72 of Register \u_props/score_w[15] is stuck at Zero
WARNING - synthesis: Bit 87 of Register \u_props/score_w[15] is stuck at Zero
WARNING - synthesis: Bit 86 of Register \u_props/score_w[15] is stuck at Zero
WARNING - synthesis: Bit 85 of Register \u_props/score_w[15] is stuck at Zero
WARNING - synthesis: Bit 84 of Register \u_props/score_w[15] is stuck at Zero
WARNING - synthesis: Bit 83 of Register \u_props/score_w[15] is stuck at Zero
WARNING - synthesis: Bit 82 of Register \u_props/score_w[15] is stuck at Zero
WARNING - synthesis: Bit 81 of Register \u_props/score_w[15] is stuck at Zero
WARNING - synthesis: Bit 80 of Register \u_props/score_w[15] is stuck at Zero
WARNING - synthesis: Bit 95 of Register \u_props/score_w[15] is stuck at Zero
WARNING - synthesis: Bit 94 of Register \u_props/score_w[15] is stuck at Zero
WARNING - synthesis: Bit 93 of Register \u_props/score_w[15] is stuck at Zero
WARNING - synthesis: Bit 92 of Register \u_props/score_w[15] is stuck at Zero
WARNING - synthesis: Bit 91 of Register \u_props/score_w[15] is stuck at Zero
WARNING - synthesis: Bit 90 of Register \u_props/score_w[15] is stuck at Zero
WARNING - synthesis: Bit 89 of Register \u_props/score_w[15] is stuck at Zero
WARNING - synthesis: Bit 88 of Register \u_props/score_w[15] is stuck at Zero
WARNING - synthesis: Bit 103 of Register \u_props/score_w[15] is stuck at Zero
WARNING - synthesis: Bit 102 of Register \u_props/score_w[15] is stuck at Zero
WARNING - synthesis: Bit 101 of Register \u_props/score_w[15] is stuck at Zero
WARNING - synthesis: Bit 100 of Register \u_props/score_w[15] is stuck at Zero
WARNING - synthesis: Bit 99 of Register \u_props/score_w[15] is stuck at Zero
WARNING - synthesis: Bit 98 of Register \u_props/score_w[15] is stuck at Zero
WARNING - synthesis: Bit 97 of Register \u_props/score_w[15] is stuck at Zero
WARNING - synthesis: Bit 96 of Register \u_props/score_w[15] is stuck at Zero
WARNING - synthesis: Bit 111 of Register \u_props/score_w[15] is stuck at Zero
WARNING - synthesis: Bit 110 of Register \u_props/score_w[15] is stuck at Zero
WARNING - synthesis: Bit 109 of Register \u_props/score_w[15] is stuck at Zero
WARNING - synthesis: Bit 108 of Register \u_props/score_w[15] is stuck at Zero
WARNING - synthesis: Bit 107 of Register \u_props/score_w[15] is stuck at Zero
WARNING - synthesis: Bit 106 of Register \u_props/score_w[15] is stuck at Zero
WARNING - synthesis: Bit 105 of Register \u_props/score_w[15] is stuck at Zero
WARNING - synthesis: Bit 104 of Register \u_props/score_w[15] is stuck at Zero
WARNING - synthesis: Bit 119 of Register \u_props/score_w[15] is stuck at Zero
WARNING - synthesis: Bit 118 of Register \u_props/score_w[15] is stuck at Zero
WARNING - synthesis: Bit 117 of Register \u_props/score_w[15] is stuck at Zero
WARNING - synthesis: Bit 116 of Register \u_props/score_w[15] is stuck at Zero
WARNING - synthesis: Bit 115 of Register \u_props/score_w[15] is stuck at Zero
WARNING - synthesis: Bit 114 of Register \u_props/score_w[15] is stuck at Zero
WARNING - synthesis: Bit 113 of Register \u_props/score_w[15] is stuck at Zero
WARNING - synthesis: Bit 112 of Register \u_props/score_w[15] is stuck at Zero
WARNING - synthesis: Bit 127 of Register \u_props/score_w[15] is stuck at Zero
WARNING - synthesis: Bit 126 of Register \u_props/score_w[15] is stuck at Zero
WARNING - synthesis: Bit 125 of Register \u_props/score_w[15] is stuck at Zero
WARNING - synthesis: Bit 124 of Register \u_props/score_w[15] is stuck at Zero
WARNING - synthesis: Bit 123 of Register \u_props/score_w[15] is stuck at Zero
WARNING - synthesis: Bit 122 of Register \u_props/score_w[15] is stuck at Zero
WARNING - synthesis: Bit 121 of Register \u_props/score_w[15] is stuck at Zero
WARNING - synthesis: Bit 120 of Register \u_props/score_w[15] is stuck at Zero
WARNING - synthesis: Bit 7 of Register \u_props/bx_w[15] is stuck at Zero
WARNING - synthesis: Bit 6 of Register \u_props/bx_w[15] is stuck at Zero
WARNING - synthesis: Bit 5 of Register \u_props/bx_w[15] is stuck at Zero
WARNING - synthesis: Bit 4 of Register \u_props/bx_w[15] is stuck at Zero
WARNING - synthesis: Bit 3 of Register \u_props/bx_w[15] is stuck at Zero
WARNING - synthesis: Bit 2 of Register \u_props/bx_w[15] is stuck at Zero
WARNING - synthesis: Bit 1 of Register \u_props/bx_w[15] is stuck at Zero
WARNING - synthesis: Bit 0 of Register \u_props/bx_w[15] is stuck at Zero
WARNING - synthesis: Bit 7 of Register \u_props/bx_w[15] is stuck at Zero
WARNING - synthesis: Bit 6 of Register \u_props/bx_w[15] is stuck at Zero
WARNING - synthesis: Bit 5 of Register \u_props/bx_w[15] is stuck at Zero
WARNING - synthesis: Bit 4 of Register \u_props/bx_w[15] is stuck at Zero
WARNING - synthesis: Bit 3 of Register \u_props/bx_w[15] is stuck at Zero
WARNING - synthesis: Bit 2 of Register \u_props/bx_w[15] is stuck at Zero
WARNING - synthesis: Bit 1 of Register \u_props/bx_w[15] is stuck at Zero
WARNING - synthesis: Bit 0 of Register \u_props/bx_w[15] is stuck at Zero
WARNING - synthesis: Bit 7 of Register \u_props/bx_w[15] is stuck at Zero
WARNING - synthesis: Bit 6 of Register \u_props/bx_w[15] is stuck at Zero
WARNING - synthesis: Bit 5 of Register \u_props/bx_w[15] is stuck at Zero
WARNING - synthesis: Bit 4 of Register \u_props/bx_w[15] is stuck at Zero
WARNING - synthesis: Bit 3 of Register \u_props/bx_w[15] is stuck at Zero
WARNING - synthesis: Bit 2 of Register \u_props/bx_w[15] is stuck at Zero
WARNING - synthesis: Bit 1 of Register \u_props/bx_w[15] is stuck at Zero
WARNING - synthesis: Bit 0 of Register \u_props/bx_w[15] is stuck at Zero
WARNING - synthesis: Bit 7 of Register \u_props/bx_w[15] is stuck at Zero
WARNING - synthesis: Bit 6 of Register \u_props/bx_w[15] is stuck at Zero
WARNING - synthesis: Bit 5 of Register \u_props/bx_w[15] is stuck at Zero
WARNING - synthesis: Bit 4 of Register \u_props/bx_w[15] is stuck at Zero
WARNING - synthesis: Bit 3 of Register \u_props/bx_w[15] is stuck at Zero
WARNING - synthesis: Bit 2 of Register \u_props/bx_w[15] is stuck at Zero
WARNING - synthesis: Bit 1 of Register \u_props/bx_w[15] is stuck at Zero
WARNING - synthesis: Bit 0 of Register \u_props/bx_w[15] is stuck at Zero
WARNING - synthesis: Bit 7 of Register \u_props/bx_w[15] is stuck at Zero
WARNING - synthesis: Bit 6 of Register \u_props/bx_w[15] is stuck at Zero
WARNING - synthesis: Bit 5 of Register \u_props/bx_w[15] is stuck at Zero
WARNING - synthesis: Bit 4 of Register \u_props/bx_w[15] is stuck at Zero
WARNING - synthesis: Bit 3 of Register \u_props/bx_w[15] is stuck at Zero
WARNING - synthesis: Bit 2 of Register \u_props/bx_w[15] is stuck at Zero
WARNING - synthesis: Bit 1 of Register \u_props/bx_w[15] is stuck at Zero
WARNING - synthesis: Bit 0 of Register \u_props/bx_w[15] is stuck at Zero
WARNING - synthesis: Bit 7 of Register \u_props/bx_w[15] is stuck at Zero
WARNING - synthesis: Bit 6 of Register \u_props/bx_w[15] is stuck at Zero
WARNING - synthesis: Bit 5 of Register \u_props/bx_w[15] is stuck at Zero
WARNING - synthesis: Bit 4 of Register \u_props/bx_w[15] is stuck at Zero
WARNING - synthesis: Bit 3 of Register \u_props/bx_w[15] is stuck at Zero
WARNING - synthesis: Bit 2 of Register \u_props/bx_w[15] is stuck at Zero
WARNING - synthesis: Bit 1 of Register \u_props/bx_w[15] is stuck at Zero
WARNING - synthesis: Bit 0 of Register \u_props/bx_w[15] is stuck at Zero
WARNING - synthesis: Bit 7 of Register \u_props/bx_w[15] is stuck at Zero
WARNING - synthesis: Bit 6 of Register \u_props/bx_w[15] is stuck at Zero
WARNING - synthesis: Bit 5 of Register \u_props/bx_w[15] is stuck at Zero
WARNING - synthesis: Bit 4 of Register \u_props/bx_w[15] is stuck at Zero
WARNING - synthesis: Bit 3 of Register \u_props/bx_w[15] is stuck at Zero
WARNING - synthesis: Bit 2 of Register \u_props/bx_w[15] is stuck at Zero
WARNING - synthesis: Bit 1 of Register \u_props/bx_w[15] is stuck at Zero
WARNING - synthesis: Bit 0 of Register \u_props/bx_w[15] is stuck at Zero
WARNING - synthesis: Bit 7 of Register \u_props/bx_w[15] is stuck at Zero
WARNING - synthesis: Bit 6 of Register \u_props/bx_w[15] is stuck at Zero
WARNING - synthesis: Bit 5 of Register \u_props/bx_w[15] is stuck at Zero
WARNING - synthesis: Bit 4 of Register \u_props/bx_w[15] is stuck at Zero
WARNING - synthesis: Bit 3 of Register \u_props/bx_w[15] is stuck at Zero
WARNING - synthesis: Bit 2 of Register \u_props/bx_w[15] is stuck at Zero
WARNING - synthesis: Bit 1 of Register \u_props/bx_w[15] is stuck at Zero
WARNING - synthesis: Bit 0 of Register \u_props/bx_w[15] is stuck at Zero
WARNING - synthesis: Bit 7 of Register \u_props/bx_w[15] is stuck at Zero
WARNING - synthesis: Bit 6 of Register \u_props/bx_w[15] is stuck at Zero
WARNING - synthesis: Bit 5 of Register \u_props/bx_w[15] is stuck at Zero
WARNING - synthesis: Bit 4 of Register \u_props/bx_w[15] is stuck at Zero
WARNING - synthesis: Bit 3 of Register \u_props/bx_w[15] is stuck at Zero
WARNING - synthesis: Bit 2 of Register \u_props/bx_w[15] is stuck at Zero
WARNING - synthesis: Bit 1 of Register \u_props/bx_w[15] is stuck at Zero
WARNING - synthesis: Bit 0 of Register \u_props/bx_w[15] is stuck at Zero
WARNING - synthesis: Bit 7 of Register \u_props/bx_w[15] is stuck at Zero
WARNING - synthesis: Bit 6 of Register \u_props/bx_w[15] is stuck at Zero
WARNING - synthesis: Bit 5 of Register \u_props/bx_w[15] is stuck at Zero
WARNING - synthesis: Bit 4 of Register \u_props/bx_w[15] is stuck at Zero
WARNING - synthesis: Bit 3 of Register \u_props/bx_w[15] is stuck at Zero
WARNING - synthesis: Bit 2 of Register \u_props/bx_w[15] is stuck at Zero
WARNING - synthesis: Bit 1 of Register \u_props/bx_w[15] is stuck at Zero
WARNING - synthesis: Bit 0 of Register \u_props/bx_w[15] is stuck at Zero
WARNING - synthesis: Bit 7 of Register \u_props/bx_w[15] is stuck at Zero
WARNING - synthesis: Bit 6 of Register \u_props/bx_w[15] is stuck at Zero
WARNING - synthesis: Bit 5 of Register \u_props/bx_w[15] is stuck at Zero
WARNING - synthesis: Bit 4 of Register \u_props/bx_w[15] is stuck at Zero
WARNING - synthesis: Bit 3 of Register \u_props/bx_w[15] is stuck at Zero
WARNING - synthesis: Bit 2 of Register \u_props/bx_w[15] is stuck at Zero
WARNING - synthesis: Bit 1 of Register \u_props/bx_w[15] is stuck at Zero
WARNING - synthesis: Bit 0 of Register \u_props/bx_w[15] is stuck at Zero
WARNING - synthesis: Bit 7 of Register \u_props/bx_w[15] is stuck at Zero
WARNING - synthesis: Bit 6 of Register \u_props/bx_w[15] is stuck at Zero
WARNING - synthesis: Bit 5 of Register \u_props/bx_w[15] is stuck at Zero
WARNING - synthesis: Bit 4 of Register \u_props/bx_w[15] is stuck at Zero
WARNING - synthesis: Bit 3 of Register \u_props/bx_w[15] is stuck at Zero
WARNING - synthesis: Bit 2 of Register \u_props/bx_w[15] is stuck at Zero
WARNING - synthesis: Bit 1 of Register \u_props/bx_w[15] is stuck at Zero
WARNING - synthesis: Bit 0 of Register \u_props/bx_w[15] is stuck at Zero
WARNING - synthesis: Bit 7 of Register \u_props/bx_w[15] is stuck at Zero
WARNING - synthesis: Bit 6 of Register \u_props/bx_w[15] is stuck at Zero
WARNING - synthesis: Bit 5 of Register \u_props/bx_w[15] is stuck at Zero
WARNING - synthesis: Bit 4 of Register \u_props/bx_w[15] is stuck at Zero
WARNING - synthesis: Bit 3 of Register \u_props/bx_w[15] is stuck at Zero
WARNING - synthesis: Bit 2 of Register \u_props/bx_w[15] is stuck at Zero
WARNING - synthesis: Bit 1 of Register \u_props/bx_w[15] is stuck at Zero
WARNING - synthesis: Bit 0 of Register \u_props/bx_w[15] is stuck at Zero
WARNING - synthesis: Bit 7 of Register \u_props/bx_w[15] is stuck at Zero
WARNING - synthesis: Bit 6 of Register \u_props/bx_w[15] is stuck at Zero
WARNING - synthesis: Bit 5 of Register \u_props/bx_w[15] is stuck at Zero
WARNING - synthesis: Bit 4 of Register \u_props/bx_w[15] is stuck at Zero
WARNING - synthesis: Bit 3 of Register \u_props/bx_w[15] is stuck at Zero
WARNING - synthesis: Bit 2 of Register \u_props/bx_w[15] is stuck at Zero
WARNING - synthesis: Bit 1 of Register \u_props/bx_w[15] is stuck at Zero
WARNING - synthesis: Bit 0 of Register \u_props/bx_w[15] is stuck at Zero
WARNING - synthesis: Bit 7 of Register \u_props/bx_w[15] is stuck at Zero
WARNING - synthesis: Bit 6 of Register \u_props/bx_w[15] is stuck at Zero
WARNING - synthesis: Bit 5 of Register \u_props/bx_w[15] is stuck at Zero
WARNING - synthesis: Bit 4 of Register \u_props/bx_w[15] is stuck at Zero
WARNING - synthesis: Bit 3 of Register \u_props/bx_w[15] is stuck at Zero
WARNING - synthesis: Bit 2 of Register \u_props/bx_w[15] is stuck at Zero
WARNING - synthesis: Bit 1 of Register \u_props/bx_w[15] is stuck at Zero
WARNING - synthesis: Bit 0 of Register \u_props/bx_w[15] is stuck at Zero
WARNING - synthesis: Bit 7 of Register \u_props/bx_w[15] is stuck at Zero
WARNING - synthesis: Bit 6 of Register \u_props/bx_w[15] is stuck at Zero
WARNING - synthesis: Bit 5 of Register \u_props/bx_w[15] is stuck at Zero
WARNING - synthesis: Bit 4 of Register \u_props/bx_w[15] is stuck at Zero
WARNING - synthesis: Bit 3 of Register \u_props/bx_w[15] is stuck at Zero
WARNING - synthesis: Bit 2 of Register \u_props/bx_w[15] is stuck at Zero
WARNING - synthesis: Bit 1 of Register \u_props/bx_w[15] is stuck at Zero
WARNING - synthesis: Bit 0 of Register \u_props/bx_w[15] is stuck at Zero
WARNING - synthesis: Bit 7 of Register \u_props/by_w[15] is stuck at Zero
WARNING - synthesis: Bit 6 of Register \u_props/by_w[15] is stuck at Zero
WARNING - synthesis: Bit 5 of Register \u_props/by_w[15] is stuck at Zero
WARNING - synthesis: Bit 4 of Register \u_props/by_w[15] is stuck at Zero
WARNING - synthesis: Bit 3 of Register \u_props/by_w[15] is stuck at Zero
WARNING - synthesis: Bit 2 of Register \u_props/by_w[15] is stuck at Zero
WARNING - synthesis: Bit 1 of Register \u_props/by_w[15] is stuck at Zero
WARNING - synthesis: Bit 0 of Register \u_props/by_w[15] is stuck at Zero
WARNING - synthesis: Bit 7 of Register \u_props/by_w[15] is stuck at Zero
WARNING - synthesis: Bit 6 of Register \u_props/by_w[15] is stuck at Zero
WARNING - synthesis: Bit 5 of Register \u_props/by_w[15] is stuck at Zero
WARNING - synthesis: Bit 4 of Register \u_props/by_w[15] is stuck at Zero
WARNING - synthesis: Bit 3 of Register \u_props/by_w[15] is stuck at Zero
WARNING - synthesis: Bit 2 of Register \u_props/by_w[15] is stuck at Zero
WARNING - synthesis: Bit 1 of Register \u_props/by_w[15] is stuck at Zero
WARNING - synthesis: Bit 0 of Register \u_props/by_w[15] is stuck at Zero
WARNING - synthesis: Bit 7 of Register \u_props/by_w[15] is stuck at Zero
WARNING - synthesis: Bit 6 of Register \u_props/by_w[15] is stuck at Zero
WARNING - synthesis: Bit 5 of Register \u_props/by_w[15] is stuck at Zero
WARNING - synthesis: Bit 4 of Register \u_props/by_w[15] is stuck at Zero
WARNING - synthesis: Bit 3 of Register \u_props/by_w[15] is stuck at Zero
WARNING - synthesis: Bit 2 of Register \u_props/by_w[15] is stuck at Zero
WARNING - synthesis: Bit 1 of Register \u_props/by_w[15] is stuck at Zero
WARNING - synthesis: Bit 0 of Register \u_props/by_w[15] is stuck at Zero
WARNING - synthesis: Bit 7 of Register \u_props/by_w[15] is stuck at Zero
WARNING - synthesis: Bit 6 of Register \u_props/by_w[15] is stuck at Zero
WARNING - synthesis: Bit 5 of Register \u_props/by_w[15] is stuck at Zero
WARNING - synthesis: Bit 4 of Register \u_props/by_w[15] is stuck at Zero
WARNING - synthesis: Bit 3 of Register \u_props/by_w[15] is stuck at Zero
WARNING - synthesis: Bit 2 of Register \u_props/by_w[15] is stuck at Zero
WARNING - synthesis: Bit 1 of Register \u_props/by_w[15] is stuck at Zero
WARNING - synthesis: Bit 0 of Register \u_props/by_w[15] is stuck at Zero
WARNING - synthesis: Bit 7 of Register \u_props/by_w[15] is stuck at Zero
WARNING - synthesis: Bit 6 of Register \u_props/by_w[15] is stuck at Zero
WARNING - synthesis: Bit 5 of Register \u_props/by_w[15] is stuck at Zero
WARNING - synthesis: Bit 4 of Register \u_props/by_w[15] is stuck at Zero
WARNING - synthesis: Bit 3 of Register \u_props/by_w[15] is stuck at Zero
WARNING - synthesis: Bit 2 of Register \u_props/by_w[15] is stuck at Zero
WARNING - synthesis: Bit 1 of Register \u_props/by_w[15] is stuck at Zero
WARNING - synthesis: Bit 0 of Register \u_props/by_w[15] is stuck at Zero
WARNING - synthesis: Bit 7 of Register \u_props/by_w[15] is stuck at Zero
WARNING - synthesis: Bit 6 of Register \u_props/by_w[15] is stuck at Zero
WARNING - synthesis: Bit 5 of Register \u_props/by_w[15] is stuck at Zero
WARNING - synthesis: Bit 4 of Register \u_props/by_w[15] is stuck at Zero
WARNING - synthesis: Bit 3 of Register \u_props/by_w[15] is stuck at Zero
WARNING - synthesis: Bit 2 of Register \u_props/by_w[15] is stuck at Zero
WARNING - synthesis: Bit 1 of Register \u_props/by_w[15] is stuck at Zero
WARNING - synthesis: Bit 0 of Register \u_props/by_w[15] is stuck at Zero
WARNING - synthesis: Bit 7 of Register \u_props/by_w[15] is stuck at Zero
WARNING - synthesis: Bit 6 of Register \u_props/by_w[15] is stuck at Zero
WARNING - synthesis: Bit 5 of Register \u_props/by_w[15] is stuck at Zero
WARNING - synthesis: Bit 4 of Register \u_props/by_w[15] is stuck at Zero
WARNING - synthesis: Bit 3 of Register \u_props/by_w[15] is stuck at Zero
WARNING - synthesis: Bit 2 of Register \u_props/by_w[15] is stuck at Zero
WARNING - synthesis: Bit 1 of Register \u_props/by_w[15] is stuck at Zero
WARNING - synthesis: Bit 0 of Register \u_props/by_w[15] is stuck at Zero
WARNING - synthesis: Bit 7 of Register \u_props/by_w[15] is stuck at Zero
WARNING - synthesis: Bit 6 of Register \u_props/by_w[15] is stuck at Zero
WARNING - synthesis: Bit 5 of Register \u_props/by_w[15] is stuck at Zero
WARNING - synthesis: Bit 4 of Register \u_props/by_w[15] is stuck at Zero
WARNING - synthesis: Bit 3 of Register \u_props/by_w[15] is stuck at Zero
WARNING - synthesis: Bit 2 of Register \u_props/by_w[15] is stuck at Zero
WARNING - synthesis: Bit 1 of Register \u_props/by_w[15] is stuck at Zero
WARNING - synthesis: Bit 0 of Register \u_props/by_w[15] is stuck at Zero
WARNING - synthesis: Bit 7 of Register \u_props/by_w[15] is stuck at Zero
WARNING - synthesis: Bit 6 of Register \u_props/by_w[15] is stuck at Zero
WARNING - synthesis: Bit 5 of Register \u_props/by_w[15] is stuck at Zero
WARNING - synthesis: Bit 4 of Register \u_props/by_w[15] is stuck at Zero
WARNING - synthesis: Bit 3 of Register \u_props/by_w[15] is stuck at Zero
WARNING - synthesis: Bit 2 of Register \u_props/by_w[15] is stuck at Zero
WARNING - synthesis: Bit 1 of Register \u_props/by_w[15] is stuck at Zero
WARNING - synthesis: Bit 0 of Register \u_props/by_w[15] is stuck at Zero
WARNING - synthesis: Bit 7 of Register \u_props/by_w[15] is stuck at Zero
WARNING - synthesis: Bit 6 of Register \u_props/by_w[15] is stuck at Zero
WARNING - synthesis: Bit 5 of Register \u_props/by_w[15] is stuck at Zero
WARNING - synthesis: Bit 4 of Register \u_props/by_w[15] is stuck at Zero
WARNING - synthesis: Bit 3 of Register \u_props/by_w[15] is stuck at Zero
WARNING - synthesis: Bit 2 of Register \u_props/by_w[15] is stuck at Zero
WARNING - synthesis: Bit 1 of Register \u_props/by_w[15] is stuck at Zero
WARNING - synthesis: Bit 0 of Register \u_props/by_w[15] is stuck at Zero
WARNING - synthesis: Bit 7 of Register \u_props/by_w[15] is stuck at Zero
WARNING - synthesis: Bit 6 of Register \u_props/by_w[15] is stuck at Zero
WARNING - synthesis: Bit 5 of Register \u_props/by_w[15] is stuck at Zero
WARNING - synthesis: Bit 4 of Register \u_props/by_w[15] is stuck at Zero
WARNING - synthesis: Bit 3 of Register \u_props/by_w[15] is stuck at Zero
WARNING - synthesis: Bit 2 of Register \u_props/by_w[15] is stuck at Zero
WARNING - synthesis: Bit 1 of Register \u_props/by_w[15] is stuck at Zero
WARNING - synthesis: Bit 0 of Register \u_props/by_w[15] is stuck at Zero
WARNING - synthesis: Bit 7 of Register \u_props/by_w[15] is stuck at Zero
WARNING - synthesis: Bit 6 of Register \u_props/by_w[15] is stuck at Zero
WARNING - synthesis: Bit 5 of Register \u_props/by_w[15] is stuck at Zero
WARNING - synthesis: Bit 4 of Register \u_props/by_w[15] is stuck at Zero
WARNING - synthesis: Bit 3 of Register \u_props/by_w[15] is stuck at Zero
WARNING - synthesis: Bit 2 of Register \u_props/by_w[15] is stuck at Zero
WARNING - synthesis: Bit 1 of Register \u_props/by_w[15] is stuck at Zero
WARNING - synthesis: Bit 0 of Register \u_props/by_w[15] is stuck at Zero
WARNING - synthesis: Bit 7 of Register \u_props/by_w[15] is stuck at Zero
WARNING - synthesis: Bit 6 of Register \u_props/by_w[15] is stuck at Zero
WARNING - synthesis: Bit 5 of Register \u_props/by_w[15] is stuck at Zero
WARNING - synthesis: Bit 4 of Register \u_props/by_w[15] is stuck at Zero
WARNING - synthesis: Bit 3 of Register \u_props/by_w[15] is stuck at Zero
WARNING - synthesis: Bit 2 of Register \u_props/by_w[15] is stuck at Zero
WARNING - synthesis: Bit 1 of Register \u_props/by_w[15] is stuck at Zero
WARNING - synthesis: Bit 0 of Register \u_props/by_w[15] is stuck at Zero
WARNING - synthesis: Bit 7 of Register \u_props/by_w[15] is stuck at Zero
WARNING - synthesis: Bit 6 of Register \u_props/by_w[15] is stuck at Zero
WARNING - synthesis: Bit 5 of Register \u_props/by_w[15] is stuck at Zero
WARNING - synthesis: Bit 4 of Register \u_props/by_w[15] is stuck at Zero
WARNING - synthesis: Bit 3 of Register \u_props/by_w[15] is stuck at Zero
WARNING - synthesis: Bit 2 of Register \u_props/by_w[15] is stuck at Zero
WARNING - synthesis: Bit 1 of Register \u_props/by_w[15] is stuck at Zero
WARNING - synthesis: Bit 0 of Register \u_props/by_w[15] is stuck at Zero
WARNING - synthesis: Bit 7 of Register \u_props/by_w[15] is stuck at Zero
WARNING - synthesis: Bit 6 of Register \u_props/by_w[15] is stuck at Zero
WARNING - synthesis: Bit 5 of Register \u_props/by_w[15] is stuck at Zero
WARNING - synthesis: Bit 4 of Register \u_props/by_w[15] is stuck at Zero
WARNING - synthesis: Bit 3 of Register \u_props/by_w[15] is stuck at Zero
WARNING - synthesis: Bit 2 of Register \u_props/by_w[15] is stuck at Zero
WARNING - synthesis: Bit 1 of Register \u_props/by_w[15] is stuck at Zero
WARNING - synthesis: Bit 0 of Register \u_props/by_w[15] is stuck at Zero
WARNING - synthesis: Bit 7 of Register \u_props/by_w[15] is stuck at Zero
WARNING - synthesis: Bit 6 of Register \u_props/by_w[15] is stuck at Zero
WARNING - synthesis: Bit 5 of Register \u_props/by_w[15] is stuck at Zero
WARNING - synthesis: Bit 4 of Register \u_props/by_w[15] is stuck at Zero
WARNING - synthesis: Bit 3 of Register \u_props/by_w[15] is stuck at Zero
WARNING - synthesis: Bit 2 of Register \u_props/by_w[15] is stuck at Zero
WARNING - synthesis: Bit 1 of Register \u_props/by_w[15] is stuck at Zero
WARNING - synthesis: Bit 0 of Register \u_props/by_w[15] is stuck at Zero
WARNING - synthesis: Bit 7 of Register \u_cropper/sel_sc_out[3] is stuck at Zero
WARNING - synthesis: Bit 6 of Register \u_cropper/sel_sc_out[3] is stuck at Zero
WARNING - synthesis: Bit 5 of Register \u_cropper/sel_sc_out[3] is stuck at Zero
WARNING - synthesis: Bit 4 of Register \u_cropper/sel_sc_out[3] is stuck at Zero
WARNING - synthesis: Bit 3 of Register \u_cropper/sel_sc_out[3] is stuck at Zero
WARNING - synthesis: Bit 2 of Register \u_cropper/sel_sc_out[3] is stuck at Zero
WARNING - synthesis: Bit 1 of Register \u_cropper/sel_sc_out[3] is stuck at Zero
WARNING - synthesis: Bit 0 of Register \u_cropper/sel_sc_out[3] is stuck at Zero
WARNING - synthesis: Bit 15 of Register \u_cropper/sel_sc_out[3] is stuck at Zero
WARNING - synthesis: Bit 14 of Register \u_cropper/sel_sc_out[3] is stuck at Zero
WARNING - synthesis: Bit 13 of Register \u_cropper/sel_sc_out[3] is stuck at Zero
WARNING - synthesis: Bit 12 of Register \u_cropper/sel_sc_out[3] is stuck at Zero
WARNING - synthesis: Bit 11 of Register \u_cropper/sel_sc_out[3] is stuck at Zero
WARNING - synthesis: Bit 10 of Register \u_cropper/sel_sc_out[3] is stuck at Zero
WARNING - synthesis: Bit 9 of Register \u_cropper/sel_sc_out[3] is stuck at Zero
WARNING - synthesis: Bit 8 of Register \u_cropper/sel_sc_out[3] is stuck at Zero
WARNING - synthesis: Bit 23 of Register \u_cropper/sel_sc_out[3] is stuck at Zero
WARNING - synthesis: Bit 22 of Register \u_cropper/sel_sc_out[3] is stuck at Zero
WARNING - synthesis: Bit 21 of Register \u_cropper/sel_sc_out[3] is stuck at Zero
WARNING - synthesis: Bit 20 of Register \u_cropper/sel_sc_out[3] is stuck at Zero
WARNING - synthesis: Bit 19 of Register \u_cropper/sel_sc_out[3] is stuck at Zero
WARNING - synthesis: Bit 18 of Register \u_cropper/sel_sc_out[3] is stuck at Zero
WARNING - synthesis: Bit 17 of Register \u_cropper/sel_sc_out[3] is stuck at Zero
WARNING - synthesis: Bit 16 of Register \u_cropper/sel_sc_out[3] is stuck at Zero
WARNING - synthesis: Bit 31 of Register \u_cropper/sel_sc_out[3] is stuck at Zero
WARNING - synthesis: Bit 30 of Register \u_cropper/sel_sc_out[3] is stuck at Zero
WARNING - synthesis: Bit 29 of Register \u_cropper/sel_sc_out[3] is stuck at Zero
WARNING - synthesis: Bit 28 of Register \u_cropper/sel_sc_out[3] is stuck at Zero
WARNING - synthesis: Bit 27 of Register \u_cropper/sel_sc_out[3] is stuck at Zero
WARNING - synthesis: Bit 26 of Register \u_cropper/sel_sc_out[3] is stuck at Zero
WARNING - synthesis: Bit 25 of Register \u_cropper/sel_sc_out[3] is stuck at Zero
WARNING - synthesis: Bit 24 of Register \u_cropper/sel_sc_out[3] is stuck at Zero
WARNING - synthesis: Bit 15 of Register \u_cropper/sel_cx_out[3] is stuck at Zero
WARNING - synthesis: Bit 14 of Register \u_cropper/sel_cx_out[3] is stuck at Zero
WARNING - synthesis: Bit 13 of Register \u_cropper/sel_cx_out[3] is stuck at Zero
WARNING - synthesis: Bit 12 of Register \u_cropper/sel_cx_out[3] is stuck at Zero
WARNING - synthesis: Bit 11 of Register \u_cropper/sel_cx_out[3] is stuck at Zero
WARNING - synthesis: Bit 10 of Register \u_cropper/sel_cx_out[3] is stuck at Zero
WARNING - synthesis: Bit 9 of Register \u_cropper/sel_cx_out[3] is stuck at Zero
WARNING - synthesis: Bit 8 of Register \u_cropper/sel_cx_out[3] is stuck at Zero
WARNING - synthesis: Bit 7 of Register \u_cropper/sel_cx_out[3] is stuck at Zero
WARNING - synthesis: Bit 6 of Register \u_cropper/sel_cx_out[3] is stuck at Zero
WARNING - synthesis: Bit 5 of Register \u_cropper/sel_cx_out[3] is stuck at Zero
WARNING - synthesis: Bit 4 of Register \u_cropper/sel_cx_out[3] is stuck at Zero
WARNING - synthesis: Bit 2 of Register \u_cropper/sel_cx_out[3] is stuck at Zero
WARNING - synthesis: Bit 1 of Register \u_cropper/sel_cx_out[3] is stuck at Zero
WARNING - synthesis: Bit 0 of Register \u_cropper/sel_cx_out[3] is stuck at Zero
WARNING - synthesis: Bit 31 of Register \u_cropper/sel_cx_out[3] is stuck at Zero
WARNING - synthesis: Bit 30 of Register \u_cropper/sel_cx_out[3] is stuck at Zero
WARNING - synthesis: Bit 29 of Register \u_cropper/sel_cx_out[3] is stuck at Zero
WARNING - synthesis: Bit 28 of Register \u_cropper/sel_cx_out[3] is stuck at Zero
WARNING - synthesis: Bit 27 of Register \u_cropper/sel_cx_out[3] is stuck at Zero
WARNING - synthesis: Bit 26 of Register \u_cropper/sel_cx_out[3] is stuck at Zero
WARNING - synthesis: Bit 25 of Register \u_cropper/sel_cx_out[3] is stuck at Zero
WARNING - synthesis: Bit 24 of Register \u_cropper/sel_cx_out[3] is stuck at Zero
WARNING - synthesis: Bit 23 of Register \u_cropper/sel_cx_out[3] is stuck at Zero
WARNING - synthesis: Bit 22 of Register \u_cropper/sel_cx_out[3] is stuck at Zero
WARNING - synthesis: Bit 21 of Register \u_cropper/sel_cx_out[3] is stuck at Zero
WARNING - synthesis: Bit 20 of Register \u_cropper/sel_cx_out[3] is stuck at Zero
WARNING - synthesis: Bit 18 of Register \u_cropper/sel_cx_out[3] is stuck at Zero
WARNING - synthesis: Bit 17 of Register \u_cropper/sel_cx_out[3] is stuck at Zero
WARNING - synthesis: Bit 16 of Register \u_cropper/sel_cx_out[3] is stuck at Zero
WARNING - synthesis: Bit 47 of Register \u_cropper/sel_cx_out[3] is stuck at Zero
WARNING - synthesis: Bit 46 of Register \u_cropper/sel_cx_out[3] is stuck at Zero
WARNING - synthesis: Bit 45 of Register \u_cropper/sel_cx_out[3] is stuck at Zero
WARNING - synthesis: Bit 44 of Register \u_cropper/sel_cx_out[3] is stuck at Zero
WARNING - synthesis: Bit 43 of Register \u_cropper/sel_cx_out[3] is stuck at Zero
WARNING - synthesis: Bit 42 of Register \u_cropper/sel_cx_out[3] is stuck at Zero
WARNING - synthesis: Bit 41 of Register \u_cropper/sel_cx_out[3] is stuck at Zero
WARNING - synthesis: Bit 40 of Register \u_cropper/sel_cx_out[3] is stuck at Zero
WARNING - synthesis: Bit 39 of Register \u_cropper/sel_cx_out[3] is stuck at Zero
WARNING - synthesis: Bit 38 of Register \u_cropper/sel_cx_out[3] is stuck at Zero
WARNING - synthesis: Bit 37 of Register \u_cropper/sel_cx_out[3] is stuck at Zero
WARNING - synthesis: Bit 36 of Register \u_cropper/sel_cx_out[3] is stuck at Zero
WARNING - synthesis: Bit 34 of Register \u_cropper/sel_cx_out[3] is stuck at Zero
WARNING - synthesis: Bit 33 of Register \u_cropper/sel_cx_out[3] is stuck at Zero
WARNING - synthesis: Bit 32 of Register \u_cropper/sel_cx_out[3] is stuck at Zero
WARNING - synthesis: Bit 63 of Register \u_cropper/sel_cx_out[3] is stuck at Zero
WARNING - synthesis: Bit 62 of Register \u_cropper/sel_cx_out[3] is stuck at Zero
WARNING - synthesis: Bit 61 of Register \u_cropper/sel_cx_out[3] is stuck at Zero
WARNING - synthesis: Bit 60 of Register \u_cropper/sel_cx_out[3] is stuck at Zero
WARNING - synthesis: Bit 59 of Register \u_cropper/sel_cx_out[3] is stuck at Zero
WARNING - synthesis: Bit 58 of Register \u_cropper/sel_cx_out[3] is stuck at Zero
WARNING - synthesis: Bit 57 of Register \u_cropper/sel_cx_out[3] is stuck at Zero
WARNING - synthesis: Bit 56 of Register \u_cropper/sel_cx_out[3] is stuck at Zero
WARNING - synthesis: Bit 55 of Register \u_cropper/sel_cx_out[3] is stuck at Zero
WARNING - synthesis: Bit 54 of Register \u_cropper/sel_cx_out[3] is stuck at Zero
WARNING - synthesis: Bit 53 of Register \u_cropper/sel_cx_out[3] is stuck at Zero
WARNING - synthesis: Bit 52 of Register \u_cropper/sel_cx_out[3] is stuck at Zero
WARNING - synthesis: Bit 50 of Register \u_cropper/sel_cx_out[3] is stuck at Zero
WARNING - synthesis: Bit 49 of Register \u_cropper/sel_cx_out[3] is stuck at Zero
WARNING - synthesis: Bit 48 of Register \u_cropper/sel_cx_out[3] is stuck at Zero
WARNING - synthesis: Bit 15 of Register \u_cropper/sel_cy_out[3] is stuck at Zero
WARNING - synthesis: Bit 14 of Register \u_cropper/sel_cy_out[3] is stuck at Zero
WARNING - synthesis: Bit 13 of Register \u_cropper/sel_cy_out[3] is stuck at Zero
WARNING - synthesis: Bit 12 of Register \u_cropper/sel_cy_out[3] is stuck at Zero
WARNING - synthesis: Bit 11 of Register \u_cropper/sel_cy_out[3] is stuck at Zero
WARNING - synthesis: Bit 10 of Register \u_cropper/sel_cy_out[3] is stuck at Zero
WARNING - synthesis: Bit 9 of Register \u_cropper/sel_cy_out[3] is stuck at Zero
WARNING - synthesis: Bit 8 of Register \u_cropper/sel_cy_out[3] is stuck at Zero
WARNING - synthesis: Bit 7 of Register \u_cropper/sel_cy_out[3] is stuck at Zero
WARNING - synthesis: Bit 6 of Register \u_cropper/sel_cy_out[3] is stuck at Zero
WARNING - synthesis: Bit 5 of Register \u_cropper/sel_cy_out[3] is stuck at Zero
WARNING - synthesis: Bit 4 of Register \u_cropper/sel_cy_out[3] is stuck at Zero
WARNING - synthesis: Bit 2 of Register \u_cropper/sel_cy_out[3] is stuck at Zero
WARNING - synthesis: Bit 1 of Register \u_cropper/sel_cy_out[3] is stuck at Zero
WARNING - synthesis: Bit 0 of Register \u_cropper/sel_cy_out[3] is stuck at Zero
WARNING - synthesis: Bit 31 of Register \u_cropper/sel_cy_out[3] is stuck at Zero
WARNING - synthesis: Bit 30 of Register \u_cropper/sel_cy_out[3] is stuck at Zero
WARNING - synthesis: Bit 29 of Register \u_cropper/sel_cy_out[3] is stuck at Zero
WARNING - synthesis: Bit 28 of Register \u_cropper/sel_cy_out[3] is stuck at Zero
WARNING - synthesis: Bit 27 of Register \u_cropper/sel_cy_out[3] is stuck at Zero
WARNING - synthesis: Bit 26 of Register \u_cropper/sel_cy_out[3] is stuck at Zero
WARNING - synthesis: Bit 25 of Register \u_cropper/sel_cy_out[3] is stuck at Zero
WARNING - synthesis: Bit 24 of Register \u_cropper/sel_cy_out[3] is stuck at Zero
WARNING - synthesis: Bit 23 of Register \u_cropper/sel_cy_out[3] is stuck at Zero
WARNING - synthesis: Bit 22 of Register \u_cropper/sel_cy_out[3] is stuck at Zero
WARNING - synthesis: Bit 21 of Register \u_cropper/sel_cy_out[3] is stuck at Zero
WARNING - synthesis: Bit 20 of Register \u_cropper/sel_cy_out[3] is stuck at Zero
WARNING - synthesis: Bit 18 of Register \u_cropper/sel_cy_out[3] is stuck at Zero
WARNING - synthesis: Bit 17 of Register \u_cropper/sel_cy_out[3] is stuck at Zero
WARNING - synthesis: Bit 16 of Register \u_cropper/sel_cy_out[3] is stuck at Zero
WARNING - synthesis: Bit 47 of Register \u_cropper/sel_cy_out[3] is stuck at Zero
WARNING - synthesis: Bit 46 of Register \u_cropper/sel_cy_out[3] is stuck at Zero
WARNING - synthesis: Bit 45 of Register \u_cropper/sel_cy_out[3] is stuck at Zero
WARNING - synthesis: Bit 44 of Register \u_cropper/sel_cy_out[3] is stuck at Zero
WARNING - synthesis: Bit 43 of Register \u_cropper/sel_cy_out[3] is stuck at Zero
WARNING - synthesis: Bit 42 of Register \u_cropper/sel_cy_out[3] is stuck at Zero
WARNING - synthesis: Bit 41 of Register \u_cropper/sel_cy_out[3] is stuck at Zero
WARNING - synthesis: Bit 40 of Register \u_cropper/sel_cy_out[3] is stuck at Zero
WARNING - synthesis: Bit 39 of Register \u_cropper/sel_cy_out[3] is stuck at Zero
WARNING - synthesis: Bit 38 of Register \u_cropper/sel_cy_out[3] is stuck at Zero
WARNING - synthesis: Bit 37 of Register \u_cropper/sel_cy_out[3] is stuck at Zero
WARNING - synthesis: Bit 36 of Register \u_cropper/sel_cy_out[3] is stuck at Zero
WARNING - synthesis: Bit 34 of Register \u_cropper/sel_cy_out[3] is stuck at Zero
WARNING - synthesis: Bit 33 of Register \u_cropper/sel_cy_out[3] is stuck at Zero
WARNING - synthesis: Bit 32 of Register \u_cropper/sel_cy_out[3] is stuck at Zero
WARNING - synthesis: Bit 63 of Register \u_cropper/sel_cy_out[3] is stuck at Zero
WARNING - synthesis: Bit 62 of Register \u_cropper/sel_cy_out[3] is stuck at Zero
WARNING - synthesis: Bit 61 of Register \u_cropper/sel_cy_out[3] is stuck at Zero
WARNING - synthesis: Bit 60 of Register \u_cropper/sel_cy_out[3] is stuck at Zero
WARNING - synthesis: Bit 59 of Register \u_cropper/sel_cy_out[3] is stuck at Zero
WARNING - synthesis: Bit 58 of Register \u_cropper/sel_cy_out[3] is stuck at Zero
WARNING - synthesis: Bit 57 of Register \u_cropper/sel_cy_out[3] is stuck at Zero
WARNING - synthesis: Bit 56 of Register \u_cropper/sel_cy_out[3] is stuck at Zero
WARNING - synthesis: Bit 55 of Register \u_cropper/sel_cy_out[3] is stuck at Zero
WARNING - synthesis: Bit 54 of Register \u_cropper/sel_cy_out[3] is stuck at Zero
WARNING - synthesis: Bit 53 of Register \u_cropper/sel_cy_out[3] is stuck at Zero
WARNING - synthesis: Bit 52 of Register \u_cropper/sel_cy_out[3] is stuck at Zero
WARNING - synthesis: Bit 50 of Register \u_cropper/sel_cy_out[3] is stuck at Zero
WARNING - synthesis: Bit 49 of Register \u_cropper/sel_cy_out[3] is stuck at Zero
WARNING - synthesis: Bit 48 of Register \u_cropper/sel_cy_out[3] is stuck at Zero
WARNING - synthesis: Bit 7 of Register \u_cropper/sel_sc_p[3] is stuck at Zero
WARNING - synthesis: Bit 6 of Register \u_cropper/sel_sc_p[3] is stuck at Zero
WARNING - synthesis: Bit 5 of Register \u_cropper/sel_sc_p[3] is stuck at Zero
WARNING - synthesis: Bit 4 of Register \u_cropper/sel_sc_p[3] is stuck at Zero
WARNING - synthesis: Bit 3 of Register \u_cropper/sel_sc_p[3] is stuck at Zero
WARNING - synthesis: Bit 2 of Register \u_cropper/sel_sc_p[3] is stuck at Zero
WARNING - synthesis: Bit 1 of Register \u_cropper/sel_sc_p[3] is stuck at Zero
WARNING - synthesis: Bit 0 of Register \u_cropper/sel_sc_p[3] is stuck at Zero
WARNING - synthesis: Bit 7 of Register \u_cropper/sel_sc_p[3] is stuck at Zero
WARNING - synthesis: Bit 6 of Register \u_cropper/sel_sc_p[3] is stuck at Zero
WARNING - synthesis: Bit 5 of Register \u_cropper/sel_sc_p[3] is stuck at Zero
WARNING - synthesis: Bit 4 of Register \u_cropper/sel_sc_p[3] is stuck at Zero
WARNING - synthesis: Bit 3 of Register \u_cropper/sel_sc_p[3] is stuck at Zero
WARNING - synthesis: Bit 2 of Register \u_cropper/sel_sc_p[3] is stuck at Zero
WARNING - synthesis: Bit 1 of Register \u_cropper/sel_sc_p[3] is stuck at Zero
WARNING - synthesis: Bit 0 of Register \u_cropper/sel_sc_p[3] is stuck at Zero
WARNING - synthesis: Bit 7 of Register \u_cropper/sel_sc_p[3] is stuck at Zero
WARNING - synthesis: Bit 6 of Register \u_cropper/sel_sc_p[3] is stuck at Zero
WARNING - synthesis: Bit 5 of Register \u_cropper/sel_sc_p[3] is stuck at Zero
WARNING - synthesis: Bit 4 of Register \u_cropper/sel_sc_p[3] is stuck at Zero
WARNING - synthesis: Bit 3 of Register \u_cropper/sel_sc_p[3] is stuck at Zero
WARNING - synthesis: Bit 2 of Register \u_cropper/sel_sc_p[3] is stuck at Zero
WARNING - synthesis: Bit 1 of Register \u_cropper/sel_sc_p[3] is stuck at Zero
WARNING - synthesis: Bit 0 of Register \u_cropper/sel_sc_p[3] is stuck at Zero
WARNING - synthesis: Bit 7 of Register \u_cropper/sel_sc_p[3] is stuck at Zero
WARNING - synthesis: Bit 6 of Register \u_cropper/sel_sc_p[3] is stuck at Zero
WARNING - synthesis: Bit 5 of Register \u_cropper/sel_sc_p[3] is stuck at Zero
WARNING - synthesis: Bit 4 of Register \u_cropper/sel_sc_p[3] is stuck at Zero
WARNING - synthesis: Bit 3 of Register \u_cropper/sel_sc_p[3] is stuck at Zero
WARNING - synthesis: Bit 2 of Register \u_cropper/sel_sc_p[3] is stuck at Zero
WARNING - synthesis: Bit 1 of Register \u_cropper/sel_sc_p[3] is stuck at Zero
WARNING - synthesis: Bit 0 of Register \u_cropper/sel_sc_p[3] is stuck at Zero
WARNING - synthesis: Bit 15 of Register \u_cropper/sel_cx_p[3] is stuck at Zero
WARNING - synthesis: Bit 14 of Register \u_cropper/sel_cx_p[3] is stuck at Zero
WARNING - synthesis: Bit 13 of Register \u_cropper/sel_cx_p[3] is stuck at Zero
WARNING - synthesis: Bit 12 of Register \u_cropper/sel_cx_p[3] is stuck at Zero
WARNING - synthesis: Bit 11 of Register \u_cropper/sel_cx_p[3] is stuck at Zero
WARNING - synthesis: Bit 10 of Register \u_cropper/sel_cx_p[3] is stuck at Zero
WARNING - synthesis: Bit 9 of Register \u_cropper/sel_cx_p[3] is stuck at Zero
WARNING - synthesis: Bit 8 of Register \u_cropper/sel_cx_p[3] is stuck at Zero
WARNING - synthesis: Bit 7 of Register \u_cropper/sel_cx_p[3] is stuck at Zero
WARNING - synthesis: Bit 6 of Register \u_cropper/sel_cx_p[3] is stuck at Zero
WARNING - synthesis: Bit 5 of Register \u_cropper/sel_cx_p[3] is stuck at Zero
WARNING - synthesis: Bit 4 of Register \u_cropper/sel_cx_p[3] is stuck at Zero
WARNING - synthesis: Bit 2 of Register \u_cropper/sel_cx_p[3] is stuck at Zero
WARNING - synthesis: Bit 1 of Register \u_cropper/sel_cx_p[3] is stuck at Zero
WARNING - synthesis: Bit 0 of Register \u_cropper/sel_cx_p[3] is stuck at Zero
WARNING - synthesis: Bit 15 of Register \u_cropper/sel_cx_p[3] is stuck at Zero
WARNING - synthesis: Bit 14 of Register \u_cropper/sel_cx_p[3] is stuck at Zero
WARNING - synthesis: Bit 13 of Register \u_cropper/sel_cx_p[3] is stuck at Zero
WARNING - synthesis: Bit 12 of Register \u_cropper/sel_cx_p[3] is stuck at Zero
WARNING - synthesis: Bit 11 of Register \u_cropper/sel_cx_p[3] is stuck at Zero
WARNING - synthesis: Bit 10 of Register \u_cropper/sel_cx_p[3] is stuck at Zero
WARNING - synthesis: Bit 9 of Register \u_cropper/sel_cx_p[3] is stuck at Zero
WARNING - synthesis: Bit 8 of Register \u_cropper/sel_cx_p[3] is stuck at Zero
WARNING - synthesis: Bit 7 of Register \u_cropper/sel_cx_p[3] is stuck at Zero
WARNING - synthesis: Bit 6 of Register \u_cropper/sel_cx_p[3] is stuck at Zero
WARNING - synthesis: Bit 5 of Register \u_cropper/sel_cx_p[3] is stuck at Zero
WARNING - synthesis: Bit 4 of Register \u_cropper/sel_cx_p[3] is stuck at Zero
WARNING - synthesis: Bit 2 of Register \u_cropper/sel_cx_p[3] is stuck at Zero
WARNING - synthesis: Bit 1 of Register \u_cropper/sel_cx_p[3] is stuck at Zero
WARNING - synthesis: Bit 0 of Register \u_cropper/sel_cx_p[3] is stuck at Zero
WARNING - synthesis: Bit 15 of Register \u_cropper/sel_cx_p[3] is stuck at Zero
WARNING - synthesis: Bit 14 of Register \u_cropper/sel_cx_p[3] is stuck at Zero
WARNING - synthesis: Bit 13 of Register \u_cropper/sel_cx_p[3] is stuck at Zero
WARNING - synthesis: Bit 12 of Register \u_cropper/sel_cx_p[3] is stuck at Zero
WARNING - synthesis: Bit 11 of Register \u_cropper/sel_cx_p[3] is stuck at Zero
WARNING - synthesis: Bit 10 of Register \u_cropper/sel_cx_p[3] is stuck at Zero
WARNING - synthesis: Bit 9 of Register \u_cropper/sel_cx_p[3] is stuck at Zero
WARNING - synthesis: Bit 8 of Register \u_cropper/sel_cx_p[3] is stuck at Zero
WARNING - synthesis: Bit 7 of Register \u_cropper/sel_cx_p[3] is stuck at Zero
WARNING - synthesis: Bit 6 of Register \u_cropper/sel_cx_p[3] is stuck at Zero
WARNING - synthesis: Bit 5 of Register \u_cropper/sel_cx_p[3] is stuck at Zero
WARNING - synthesis: Bit 4 of Register \u_cropper/sel_cx_p[3] is stuck at Zero
WARNING - synthesis: Bit 2 of Register \u_cropper/sel_cx_p[3] is stuck at Zero
WARNING - synthesis: Bit 1 of Register \u_cropper/sel_cx_p[3] is stuck at Zero
WARNING - synthesis: Bit 0 of Register \u_cropper/sel_cx_p[3] is stuck at Zero
WARNING - synthesis: Bit 15 of Register \u_cropper/sel_cx_p[3] is stuck at Zero
WARNING - synthesis: Bit 14 of Register \u_cropper/sel_cx_p[3] is stuck at Zero
WARNING - synthesis: Bit 13 of Register \u_cropper/sel_cx_p[3] is stuck at Zero
WARNING - synthesis: Bit 12 of Register \u_cropper/sel_cx_p[3] is stuck at Zero
WARNING - synthesis: Bit 11 of Register \u_cropper/sel_cx_p[3] is stuck at Zero
WARNING - synthesis: Bit 10 of Register \u_cropper/sel_cx_p[3] is stuck at Zero
WARNING - synthesis: Bit 9 of Register \u_cropper/sel_cx_p[3] is stuck at Zero
WARNING - synthesis: Bit 8 of Register \u_cropper/sel_cx_p[3] is stuck at Zero
WARNING - synthesis: Bit 7 of Register \u_cropper/sel_cx_p[3] is stuck at Zero
WARNING - synthesis: Bit 6 of Register \u_cropper/sel_cx_p[3] is stuck at Zero
WARNING - synthesis: Bit 5 of Register \u_cropper/sel_cx_p[3] is stuck at Zero
WARNING - synthesis: Bit 4 of Register \u_cropper/sel_cx_p[3] is stuck at Zero
WARNING - synthesis: Bit 2 of Register \u_cropper/sel_cx_p[3] is stuck at Zero
WARNING - synthesis: Bit 1 of Register \u_cropper/sel_cx_p[3] is stuck at Zero
WARNING - synthesis: Bit 0 of Register \u_cropper/sel_cx_p[3] is stuck at Zero
WARNING - synthesis: Bit 15 of Register \u_cropper/sel_cy_p[3] is stuck at Zero
WARNING - synthesis: Bit 14 of Register \u_cropper/sel_cy_p[3] is stuck at Zero
WARNING - synthesis: Bit 13 of Register \u_cropper/sel_cy_p[3] is stuck at Zero
WARNING - synthesis: Bit 12 of Register \u_cropper/sel_cy_p[3] is stuck at Zero
WARNING - synthesis: Bit 11 of Register \u_cropper/sel_cy_p[3] is stuck at Zero
WARNING - synthesis: Bit 10 of Register \u_cropper/sel_cy_p[3] is stuck at Zero
WARNING - synthesis: Bit 9 of Register \u_cropper/sel_cy_p[3] is stuck at Zero
WARNING - synthesis: Bit 8 of Register \u_cropper/sel_cy_p[3] is stuck at Zero
WARNING - synthesis: Bit 7 of Register \u_cropper/sel_cy_p[3] is stuck at Zero
WARNING - synthesis: Bit 6 of Register \u_cropper/sel_cy_p[3] is stuck at Zero
WARNING - synthesis: Bit 5 of Register \u_cropper/sel_cy_p[3] is stuck at Zero
WARNING - synthesis: Bit 4 of Register \u_cropper/sel_cy_p[3] is stuck at Zero
WARNING - synthesis: Bit 2 of Register \u_cropper/sel_cy_p[3] is stuck at Zero
WARNING - synthesis: Bit 1 of Register \u_cropper/sel_cy_p[3] is stuck at Zero
WARNING - synthesis: Bit 0 of Register \u_cropper/sel_cy_p[3] is stuck at Zero
WARNING - synthesis: Bit 15 of Register \u_cropper/sel_cy_p[3] is stuck at Zero
WARNING - synthesis: Bit 14 of Register \u_cropper/sel_cy_p[3] is stuck at Zero
WARNING - synthesis: Bit 13 of Register \u_cropper/sel_cy_p[3] is stuck at Zero
WARNING - synthesis: Bit 12 of Register \u_cropper/sel_cy_p[3] is stuck at Zero
WARNING - synthesis: Bit 11 of Register \u_cropper/sel_cy_p[3] is stuck at Zero
WARNING - synthesis: Bit 10 of Register \u_cropper/sel_cy_p[3] is stuck at Zero
WARNING - synthesis: Bit 9 of Register \u_cropper/sel_cy_p[3] is stuck at Zero
WARNING - synthesis: Bit 8 of Register \u_cropper/sel_cy_p[3] is stuck at Zero
WARNING - synthesis: Bit 7 of Register \u_cropper/sel_cy_p[3] is stuck at Zero
WARNING - synthesis: Bit 6 of Register \u_cropper/sel_cy_p[3] is stuck at Zero
WARNING - synthesis: Bit 5 of Register \u_cropper/sel_cy_p[3] is stuck at Zero
WARNING - synthesis: Bit 4 of Register \u_cropper/sel_cy_p[3] is stuck at Zero
WARNING - synthesis: Bit 2 of Register \u_cropper/sel_cy_p[3] is stuck at Zero
WARNING - synthesis: Bit 1 of Register \u_cropper/sel_cy_p[3] is stuck at Zero
WARNING - synthesis: Bit 0 of Register \u_cropper/sel_cy_p[3] is stuck at Zero
WARNING - synthesis: Bit 15 of Register \u_cropper/sel_cy_p[3] is stuck at Zero
WARNING - synthesis: Bit 14 of Register \u_cropper/sel_cy_p[3] is stuck at Zero
WARNING - synthesis: Bit 13 of Register \u_cropper/sel_cy_p[3] is stuck at Zero
WARNING - synthesis: Bit 12 of Register \u_cropper/sel_cy_p[3] is stuck at Zero
WARNING - synthesis: Bit 11 of Register \u_cropper/sel_cy_p[3] is stuck at Zero
WARNING - synthesis: Bit 10 of Register \u_cropper/sel_cy_p[3] is stuck at Zero
WARNING - synthesis: Bit 9 of Register \u_cropper/sel_cy_p[3] is stuck at Zero
WARNING - synthesis: Bit 8 of Register \u_cropper/sel_cy_p[3] is stuck at Zero
WARNING - synthesis: Bit 7 of Register \u_cropper/sel_cy_p[3] is stuck at Zero
WARNING - synthesis: Bit 6 of Register \u_cropper/sel_cy_p[3] is stuck at Zero
WARNING - synthesis: Bit 5 of Register \u_cropper/sel_cy_p[3] is stuck at Zero
WARNING - synthesis: Bit 4 of Register \u_cropper/sel_cy_p[3] is stuck at Zero
WARNING - synthesis: Bit 2 of Register \u_cropper/sel_cy_p[3] is stuck at Zero
WARNING - synthesis: Bit 1 of Register \u_cropper/sel_cy_p[3] is stuck at Zero
WARNING - synthesis: Bit 0 of Register \u_cropper/sel_cy_p[3] is stuck at Zero
WARNING - synthesis: Bit 15 of Register \u_cropper/sel_cy_p[3] is stuck at Zero
WARNING - synthesis: Bit 14 of Register \u_cropper/sel_cy_p[3] is stuck at Zero
WARNING - synthesis: Bit 13 of Register \u_cropper/sel_cy_p[3] is stuck at Zero
WARNING - synthesis: Bit 12 of Register \u_cropper/sel_cy_p[3] is stuck at Zero
WARNING - synthesis: Bit 11 of Register \u_cropper/sel_cy_p[3] is stuck at Zero
WARNING - synthesis: Bit 10 of Register \u_cropper/sel_cy_p[3] is stuck at Zero
WARNING - synthesis: Bit 9 of Register \u_cropper/sel_cy_p[3] is stuck at Zero
WARNING - synthesis: Bit 8 of Register \u_cropper/sel_cy_p[3] is stuck at Zero
WARNING - synthesis: Bit 7 of Register \u_cropper/sel_cy_p[3] is stuck at Zero
WARNING - synthesis: Bit 6 of Register \u_cropper/sel_cy_p[3] is stuck at Zero
WARNING - synthesis: Bit 5 of Register \u_cropper/sel_cy_p[3] is stuck at Zero
WARNING - synthesis: Bit 4 of Register \u_cropper/sel_cy_p[3] is stuck at Zero
WARNING - synthesis: Bit 2 of Register \u_cropper/sel_cy_p[3] is stuck at Zero
WARNING - synthesis: Bit 1 of Register \u_cropper/sel_cy_p[3] is stuck at Zero
WARNING - synthesis: Bit 0 of Register \u_cropper/sel_cy_p[3] is stuck at Zero
WARNING - synthesis: Bit 5 of Register \u_candidate_bus/cand_x0[3] is stuck at Zero
WARNING - synthesis: Bit 4 of Register \u_candidate_bus/cand_x0[3] is stuck at Zero
WARNING - synthesis: Bit 2 of Register \u_candidate_bus/cand_x0[3] is stuck at Zero
WARNING - synthesis: Bit 1 of Register \u_candidate_bus/cand_x0[3] is stuck at Zero
WARNING - synthesis: Bit 0 of Register \u_candidate_bus/cand_x0[3] is stuck at Zero
WARNING - synthesis: Bit 21 of Register \u_candidate_bus/cand_x0[3] is stuck at Zero
WARNING - synthesis: Bit 20 of Register \u_candidate_bus/cand_x0[3] is stuck at Zero
WARNING - synthesis: Bit 18 of Register \u_candidate_bus/cand_x0[3] is stuck at Zero
WARNING - synthesis: Bit 17 of Register \u_candidate_bus/cand_x0[3] is stuck at Zero
WARNING - synthesis: Bit 16 of Register \u_candidate_bus/cand_x0[3] is stuck at Zero
WARNING - synthesis: Bit 37 of Register \u_candidate_bus/cand_x0[3] is stuck at Zero
WARNING - synthesis: Bit 36 of Register \u_candidate_bus/cand_x0[3] is stuck at Zero
WARNING - synthesis: Bit 34 of Register \u_candidate_bus/cand_x0[3] is stuck at Zero
WARNING - synthesis: Bit 33 of Register \u_candidate_bus/cand_x0[3] is stuck at Zero
WARNING - synthesis: Bit 32 of Register \u_candidate_bus/cand_x0[3] is stuck at Zero
WARNING - synthesis: Bit 53 of Register \u_candidate_bus/cand_x0[3] is stuck at Zero
WARNING - synthesis: Bit 52 of Register \u_candidate_bus/cand_x0[3] is stuck at Zero
WARNING - synthesis: Bit 50 of Register \u_candidate_bus/cand_x0[3] is stuck at Zero
WARNING - synthesis: Bit 49 of Register \u_candidate_bus/cand_x0[3] is stuck at Zero
WARNING - synthesis: Bit 48 of Register \u_candidate_bus/cand_x0[3] is stuck at Zero
WARNING - synthesis: Bit 5 of Register \u_candidate_bus/cand_y0[3] is stuck at Zero
WARNING - synthesis: Bit 4 of Register \u_candidate_bus/cand_y0[3] is stuck at Zero
WARNING - synthesis: Bit 2 of Register \u_candidate_bus/cand_y0[3] is stuck at Zero
WARNING - synthesis: Bit 1 of Register \u_candidate_bus/cand_y0[3] is stuck at Zero
WARNING - synthesis: Bit 0 of Register \u_candidate_bus/cand_y0[3] is stuck at Zero
WARNING - synthesis: Bit 21 of Register \u_candidate_bus/cand_y0[3] is stuck at Zero
WARNING - synthesis: Bit 20 of Register \u_candidate_bus/cand_y0[3] is stuck at Zero
WARNING - synthesis: Bit 18 of Register \u_candidate_bus/cand_y0[3] is stuck at Zero
WARNING - synthesis: Bit 17 of Register \u_candidate_bus/cand_y0[3] is stuck at Zero
WARNING - synthesis: Bit 16 of Register \u_candidate_bus/cand_y0[3] is stuck at Zero
WARNING - synthesis: Bit 37 of Register \u_candidate_bus/cand_y0[3] is stuck at Zero
WARNING - synthesis: Bit 36 of Register \u_candidate_bus/cand_y0[3] is stuck at Zero
WARNING - synthesis: Bit 34 of Register \u_candidate_bus/cand_y0[3] is stuck at Zero
WARNING - synthesis: Bit 33 of Register \u_candidate_bus/cand_y0[3] is stuck at Zero
WARNING - synthesis: Bit 32 of Register \u_candidate_bus/cand_y0[3] is stuck at Zero
WARNING - synthesis: Bit 53 of Register \u_candidate_bus/cand_y0[3] is stuck at Zero
WARNING - synthesis: Bit 52 of Register \u_candidate_bus/cand_y0[3] is stuck at Zero
WARNING - synthesis: Bit 50 of Register \u_candidate_bus/cand_y0[3] is stuck at Zero
WARNING - synthesis: Bit 49 of Register \u_candidate_bus/cand_y0[3] is stuck at Zero
WARNING - synthesis: Bit 48 of Register \u_candidate_bus/cand_y0[3] is stuck at Zero
WARNING - synthesis: Bit 15 of Register \u_candidate_bus/cand_x1[3] is stuck at Zero
WARNING - synthesis: Bit 14 of Register \u_candidate_bus/cand_x1[3] is stuck at Zero
WARNING - synthesis: Bit 13 of Register \u_candidate_bus/cand_x1[3] is stuck at Zero
WARNING - synthesis: Bit 12 of Register \u_candidate_bus/cand_x1[3] is stuck at Zero
WARNING - synthesis: Bit 11 of Register \u_candidate_bus/cand_x1[3] is stuck at Zero
WARNING - synthesis: Bit 10 of Register \u_candidate_bus/cand_x1[3] is stuck at Zero
WARNING - synthesis: Bit 8 of Register \u_candidate_bus/cand_x1[3] is stuck at Zero
WARNING - synthesis: Bit 7 of Register \u_candidate_bus/cand_x1[3] is stuck at Zero
WARNING - synthesis: Bit 2 of Register \u_candidate_bus/cand_x1[3] is stuck at One
WARNING - synthesis: Bit 1 of Register \u_candidate_bus/cand_x1[3] is stuck at One
WARNING - synthesis: Bit 0 of Register \u_candidate_bus/cand_x1[3] is stuck at One
WARNING - synthesis: Bit 31 of Register \u_candidate_bus/cand_x1[3] is stuck at Zero
WARNING - synthesis: Bit 30 of Register \u_candidate_bus/cand_x1[3] is stuck at Zero
WARNING - synthesis: Bit 29 of Register \u_candidate_bus/cand_x1[3] is stuck at Zero
WARNING - synthesis: Bit 28 of Register \u_candidate_bus/cand_x1[3] is stuck at Zero
WARNING - synthesis: Bit 27 of Register \u_candidate_bus/cand_x1[3] is stuck at Zero
WARNING - synthesis: Bit 26 of Register \u_candidate_bus/cand_x1[3] is stuck at Zero
WARNING - synthesis: Bit 24 of Register \u_candidate_bus/cand_x1[3] is stuck at Zero
WARNING - synthesis: Bit 23 of Register \u_candidate_bus/cand_x1[3] is stuck at Zero
WARNING - synthesis: Bit 18 of Register \u_candidate_bus/cand_x1[3] is stuck at One
WARNING - synthesis: Bit 17 of Register \u_candidate_bus/cand_x1[3] is stuck at One
WARNING - synthesis: Bit 16 of Register \u_candidate_bus/cand_x1[3] is stuck at One
WARNING - synthesis: Bit 47 of Register \u_candidate_bus/cand_x1[3] is stuck at Zero
WARNING - synthesis: Bit 46 of Register \u_candidate_bus/cand_x1[3] is stuck at Zero
WARNING - synthesis: Bit 45 of Register \u_candidate_bus/cand_x1[3] is stuck at Zero
WARNING - synthesis: Bit 44 of Register \u_candidate_bus/cand_x1[3] is stuck at Zero
WARNING - synthesis: Bit 43 of Register \u_candidate_bus/cand_x1[3] is stuck at Zero
WARNING - synthesis: Bit 42 of Register \u_candidate_bus/cand_x1[3] is stuck at Zero
WARNING - synthesis: Bit 40 of Register \u_candidate_bus/cand_x1[3] is stuck at Zero
WARNING - synthesis: Bit 39 of Register \u_candidate_bus/cand_x1[3] is stuck at Zero
WARNING - synthesis: Bit 34 of Register \u_candidate_bus/cand_x1[3] is stuck at One
WARNING - synthesis: Bit 33 of Register \u_candidate_bus/cand_x1[3] is stuck at One
WARNING - synthesis: Bit 32 of Register \u_candidate_bus/cand_x1[3] is stuck at One
WARNING - synthesis: Bit 63 of Register \u_candidate_bus/cand_x1[3] is stuck at Zero
WARNING - synthesis: Bit 62 of Register \u_candidate_bus/cand_x1[3] is stuck at Zero
WARNING - synthesis: Bit 61 of Register \u_candidate_bus/cand_x1[3] is stuck at Zero
WARNING - synthesis: Bit 60 of Register \u_candidate_bus/cand_x1[3] is stuck at Zero
WARNING - synthesis: Bit 59 of Register \u_candidate_bus/cand_x1[3] is stuck at Zero
WARNING - synthesis: Bit 58 of Register \u_candidate_bus/cand_x1[3] is stuck at Zero
WARNING - synthesis: Bit 56 of Register \u_candidate_bus/cand_x1[3] is stuck at Zero
WARNING - synthesis: Bit 55 of Register \u_candidate_bus/cand_x1[3] is stuck at Zero
WARNING - synthesis: Bit 50 of Register \u_candidate_bus/cand_x1[3] is stuck at One
WARNING - synthesis: Bit 49 of Register \u_candidate_bus/cand_x1[3] is stuck at One
WARNING - synthesis: Bit 48 of Register \u_candidate_bus/cand_x1[3] is stuck at One
WARNING - synthesis: Bit 15 of Register \u_candidate_bus/cand_y1[3] is stuck at Zero
WARNING - synthesis: Bit 14 of Register \u_candidate_bus/cand_y1[3] is stuck at Zero
WARNING - synthesis: Bit 13 of Register \u_candidate_bus/cand_y1[3] is stuck at Zero
WARNING - synthesis: Bit 12 of Register \u_candidate_bus/cand_y1[3] is stuck at Zero
WARNING - synthesis: Bit 11 of Register \u_candidate_bus/cand_y1[3] is stuck at Zero
WARNING - synthesis: Bit 10 of Register \u_candidate_bus/cand_y1[3] is stuck at Zero
WARNING - synthesis: Bit 9 of Register \u_candidate_bus/cand_y1[3] is stuck at Zero
WARNING - synthesis: Bit 2 of Register \u_candidate_bus/cand_y1[3] is stuck at One
WARNING - synthesis: Bit 1 of Register \u_candidate_bus/cand_y1[3] is stuck at One
WARNING - synthesis: Bit 0 of Register \u_candidate_bus/cand_y1[3] is stuck at One
WARNING - synthesis: Bit 31 of Register \u_candidate_bus/cand_y1[3] is stuck at Zero
WARNING - synthesis: Bit 30 of Register \u_candidate_bus/cand_y1[3] is stuck at Zero
WARNING - synthesis: Bit 29 of Register \u_candidate_bus/cand_y1[3] is stuck at Zero
WARNING - synthesis: Bit 28 of Register \u_candidate_bus/cand_y1[3] is stuck at Zero
WARNING - synthesis: Bit 27 of Register \u_candidate_bus/cand_y1[3] is stuck at Zero
WARNING - synthesis: Bit 26 of Register \u_candidate_bus/cand_y1[3] is stuck at Zero
WARNING - synthesis: Bit 25 of Register \u_candidate_bus/cand_y1[3] is stuck at Zero
WARNING - synthesis: Bit 18 of Register \u_candidate_bus/cand_y1[3] is stuck at One
WARNING - synthesis: Bit 17 of Register \u_candidate_bus/cand_y1[3] is stuck at One
WARNING - synthesis: Bit 16 of Register \u_candidate_bus/cand_y1[3] is stuck at One
WARNING - synthesis: Bit 47 of Register \u_candidate_bus/cand_y1[3] is stuck at Zero
WARNING - synthesis: Bit 46 of Register \u_candidate_bus/cand_y1[3] is stuck at Zero
WARNING - synthesis: Bit 45 of Register \u_candidate_bus/cand_y1[3] is stuck at Zero
WARNING - synthesis: Bit 44 of Register \u_candidate_bus/cand_y1[3] is stuck at Zero
WARNING - synthesis: Bit 43 of Register \u_candidate_bus/cand_y1[3] is stuck at Zero
WARNING - synthesis: Bit 42 of Register \u_candidate_bus/cand_y1[3] is stuck at Zero
WARNING - synthesis: Bit 41 of Register \u_candidate_bus/cand_y1[3] is stuck at Zero
WARNING - synthesis: Bit 34 of Register \u_candidate_bus/cand_y1[3] is stuck at One
WARNING - synthesis: Bit 33 of Register \u_candidate_bus/cand_y1[3] is stuck at One
WARNING - synthesis: Bit 32 of Register \u_candidate_bus/cand_y1[3] is stuck at One
WARNING - synthesis: Bit 63 of Register \u_candidate_bus/cand_y1[3] is stuck at Zero
WARNING - synthesis: Bit 62 of Register \u_candidate_bus/cand_y1[3] is stuck at Zero
WARNING - synthesis: Bit 61 of Register \u_candidate_bus/cand_y1[3] is stuck at Zero
WARNING - synthesis: Bit 60 of Register \u_candidate_bus/cand_y1[3] is stuck at Zero
WARNING - synthesis: Bit 59 of Register \u_candidate_bus/cand_y1[3] is stuck at Zero
WARNING - synthesis: Bit 58 of Register \u_candidate_bus/cand_y1[3] is stuck at Zero
WARNING - synthesis: Bit 57 of Register \u_candidate_bus/cand_y1[3] is stuck at Zero
WARNING - synthesis: Bit 50 of Register \u_candidate_bus/cand_y1[3] is stuck at One
WARNING - synthesis: Bit 49 of Register \u_candidate_bus/cand_y1[3] is stuck at One
WARNING - synthesis: Bit 48 of Register \u_candidate_bus/cand_y1[3] is stuck at One
WARNING - synthesis: Bit 7 of Register \u_candidate_bus/cand_score_motion[3] is stuck at Zero
WARNING - synthesis: Bit 6 of Register \u_candidate_bus/cand_score_motion[3] is stuck at Zero
WARNING - synthesis: Bit 5 of Register \u_candidate_bus/cand_score_motion[3] is stuck at Zero
WARNING - synthesis: Bit 4 of Register \u_candidate_bus/cand_score_motion[3] is stuck at Zero
WARNING - synthesis: Bit 3 of Register \u_candidate_bus/cand_score_motion[3] is stuck at Zero
WARNING - synthesis: Bit 2 of Register \u_candidate_bus/cand_score_motion[3] is stuck at Zero
WARNING - synthesis: Bit 1 of Register \u_candidate_bus/cand_score_motion[3] is stuck at Zero
WARNING - synthesis: Bit 0 of Register \u_candidate_bus/cand_score_motion[3] is stuck at Zero
WARNING - synthesis: Bit 15 of Register \u_candidate_bus/cand_score_motion[3] is stuck at Zero
WARNING - synthesis: Bit 14 of Register \u_candidate_bus/cand_score_motion[3] is stuck at Zero
WARNING - synthesis: Bit 13 of Register \u_candidate_bus/cand_score_motion[3] is stuck at Zero
WARNING - synthesis: Bit 12 of Register \u_candidate_bus/cand_score_motion[3] is stuck at Zero
WARNING - synthesis: Bit 11 of Register \u_candidate_bus/cand_score_motion[3] is stuck at Zero
WARNING - synthesis: Bit 10 of Register \u_candidate_bus/cand_score_motion[3] is stuck at Zero
WARNING - synthesis: Bit 9 of Register \u_candidate_bus/cand_score_motion[3] is stuck at Zero
WARNING - synthesis: Bit 8 of Register \u_candidate_bus/cand_score_motion[3] is stuck at Zero
WARNING - synthesis: Bit 23 of Register \u_candidate_bus/cand_score_motion[3] is stuck at Zero
WARNING - synthesis: Bit 22 of Register \u_candidate_bus/cand_score_motion[3] is stuck at Zero
WARNING - synthesis: Bit 21 of Register \u_candidate_bus/cand_score_motion[3] is stuck at Zero
WARNING - synthesis: Bit 20 of Register \u_candidate_bus/cand_score_motion[3] is stuck at Zero
WARNING - synthesis: Bit 19 of Register \u_candidate_bus/cand_score_motion[3] is stuck at Zero
WARNING - synthesis: Bit 18 of Register \u_candidate_bus/cand_score_motion[3] is stuck at Zero
WARNING - synthesis: Bit 17 of Register \u_candidate_bus/cand_score_motion[3] is stuck at Zero
WARNING - synthesis: Bit 16 of Register \u_candidate_bus/cand_score_motion[3] is stuck at Zero
WARNING - synthesis: Bit 31 of Register \u_candidate_bus/cand_score_motion[3] is stuck at Zero
WARNING - synthesis: Bit 30 of Register \u_candidate_bus/cand_score_motion[3] is stuck at Zero
WARNING - synthesis: Bit 29 of Register \u_candidate_bus/cand_score_motion[3] is stuck at Zero
WARNING - synthesis: Bit 28 of Register \u_candidate_bus/cand_score_motion[3] is stuck at Zero
WARNING - synthesis: Bit 27 of Register \u_candidate_bus/cand_score_motion[3] is stuck at Zero
WARNING - synthesis: Bit 26 of Register \u_candidate_bus/cand_score_motion[3] is stuck at Zero
WARNING - synthesis: Bit 25 of Register \u_candidate_bus/cand_score_motion[3] is stuck at Zero
WARNING - synthesis: Bit 24 of Register \u_candidate_bus/cand_score_motion[3] is stuck at Zero
WARNING - synthesis: Bit 7 of Register \u_candidate_bus/cand_flags[3] is stuck at Zero
WARNING - synthesis: Bit 6 of Register \u_candidate_bus/cand_flags[3] is stuck at Zero
WARNING - synthesis: Bit 15 of Register \u_candidate_bus/cand_flags[3] is stuck at Zero
WARNING - synthesis: Bit 14 of Register \u_candidate_bus/cand_flags[3] is stuck at Zero
WARNING - synthesis: Bit 23 of Register \u_candidate_bus/cand_flags[3] is stuck at Zero
WARNING - synthesis: Bit 22 of Register \u_candidate_bus/cand_flags[3] is stuck at Zero
WARNING - synthesis: Bit 31 of Register \u_candidate_bus/cand_flags[3] is stuck at Zero
WARNING - synthesis: Bit 30 of Register \u_candidate_bus/cand_flags[3] is stuck at Zero
WARNING - synthesis: Bit 15 of Register \u_candidate_bus/u_track_count/pending_cx is stuck at Zero
WARNING - synthesis: Bit 14 of Register \u_candidate_bus/u_track_count/pending_cx is stuck at Zero
WARNING - synthesis: Bit 13 of Register \u_candidate_bus/u_track_count/pending_cx is stuck at Zero
WARNING - synthesis: Bit 12 of Register \u_candidate_bus/u_track_count/pending_cx is stuck at Zero
WARNING - synthesis: Bit 11 of Register \u_candidate_bus/u_track_count/pending_cx is stuck at Zero
WARNING - synthesis: Bit 10 of Register \u_candidate_bus/u_track_count/pending_cx is stuck at Zero
WARNING - synthesis: Bit 9 of Register \u_candidate_bus/u_track_count/pending_cx is stuck at Zero
WARNING - synthesis: Bit 8 of Register \u_candidate_bus/u_track_count/pending_cx is stuck at Zero
WARNING - synthesis: Bit 7 of Register \u_candidate_bus/u_track_count/pending_cx is stuck at Zero
WARNING - synthesis: Bit 6 of Register \u_candidate_bus/u_track_count/pending_cx is stuck at Zero
WARNING - synthesis: Bit 5 of Register \u_candidate_bus/u_track_count/pending_cx is stuck at Zero
WARNING - synthesis: Bit 4 of Register \u_candidate_bus/u_track_count/pending_cx is stuck at Zero
WARNING - synthesis: Bit 2 of Register \u_candidate_bus/u_track_count/pending_cx is stuck at Zero
WARNING - synthesis: Bit 1 of Register \u_candidate_bus/u_track_count/pending_cx is stuck at Zero
WARNING - synthesis: Bit 0 of Register \u_candidate_bus/u_track_count/pending_cx is stuck at Zero
WARNING - synthesis: Bit 15 of Register \u_candidate_bus/u_track_count/pending_cy is stuck at Zero
WARNING - synthesis: Bit 14 of Register \u_candidate_bus/u_track_count/pending_cy is stuck at Zero
WARNING - synthesis: Bit 13 of Register \u_candidate_bus/u_track_count/pending_cy is stuck at Zero
WARNING - synthesis: Bit 12 of Register \u_candidate_bus/u_track_count/pending_cy is stuck at Zero
WARNING - synthesis: Bit 11 of Register \u_candidate_bus/u_track_count/pending_cy is stuck at Zero
WARNING - synthesis: Bit 10 of Register \u_candidate_bus/u_track_count/pending_cy is stuck at Zero
WARNING - synthesis: Bit 9 of Register \u_candidate_bus/u_track_count/pending_cy is stuck at Zero
WARNING - synthesis: Bit 8 of Register \u_candidate_bus/u_track_count/pending_cy is stuck at Zero
WARNING - synthesis: Bit 7 of Register \u_candidate_bus/u_track_count/pending_cy is stuck at Zero
WARNING - synthesis: Bit 6 of Register \u_candidate_bus/u_track_count/pending_cy is stuck at Zero
WARNING - synthesis: Bit 5 of Register \u_candidate_bus/u_track_count/pending_cy is stuck at Zero
WARNING - synthesis: Bit 4 of Register \u_candidate_bus/u_track_count/pending_cy is stuck at Zero
WARNING - synthesis: Bit 2 of Register \u_candidate_bus/u_track_count/pending_cy is stuck at Zero
WARNING - synthesis: Bit 1 of Register \u_candidate_bus/u_track_count/pending_cy is stuck at Zero
WARNING - synthesis: Bit 0 of Register \u_candidate_bus/u_track_count/pending_cy is stuck at Zero
WARNING - synthesis: c:/users/kunsh/desktop/aicamera/lattice diamond/sdram_ctrl_simple.v(596): Register \u_sdram/pend_wr_214 is stuck at One. VDB-5014
WARNING - synthesis: Bit 0 of Register \u_candidate_bus/cand_flags[3] is stuck at Zero
WARNING - synthesis: Bit 7 of Register \u_ctrl/u_regs/ack_type is stuck at One
WARNING - synthesis: Bit 6 of Register \u_ctrl/u_regs/ack_type is stuck at Zero
WARNING - synthesis: Bit 5 of Register \u_ctrl/u_regs/ack_type is stuck at Zero
WARNING - synthesis: Bit 4 of Register \u_ctrl/u_regs/ack_type is stuck at Zero
WARNING - synthesis: Bit 3 of Register \u_ctrl/u_regs/ack_type is stuck at Zero
WARNING - synthesis: Bit 2 of Register \u_ctrl/u_regs/ack_type is stuck at Zero
WARNING - synthesis: Bit 7 of Register \u_ctrl/u_ack/pkt[7] is stuck at One
WARNING - synthesis: Bit 6 of Register \u_ctrl/u_ack/pkt[7] is stuck at Zero
WARNING - synthesis: Bit 5 of Register \u_ctrl/u_ack/pkt[7] is stuck at Zero
WARNING - synthesis: Bit 4 of Register \u_ctrl/u_ack/pkt[7] is stuck at Zero
WARNING - synthesis: Bit 3 of Register \u_ctrl/u_ack/pkt[7] is stuck at Zero
WARNING - synthesis: Bit 12 of Register \u_sdram/a_r is stuck at Zero
WARNING - synthesis: Bit 3 of Register \u_cropper/sel_cx_out[3] is stuck at Zero
WARNING - synthesis: Bit 19 of Register \u_cropper/sel_cx_out[3] is stuck at Zero
WARNING - synthesis: Bit 35 of Register \u_cropper/sel_cx_out[3] is stuck at Zero
WARNING - synthesis: Bit 51 of Register \u_cropper/sel_cx_out[3] is stuck at Zero
WARNING - synthesis: Bit 3 of Register \u_cropper/sel_cy_out[3] is stuck at Zero
WARNING - synthesis: Bit 19 of Register \u_cropper/sel_cy_out[3] is stuck at Zero
WARNING - synthesis: Bit 35 of Register \u_cropper/sel_cy_out[3] is stuck at Zero
WARNING - synthesis: Bit 51 of Register \u_cropper/sel_cy_out[3] is stuck at Zero
WARNING - synthesis: Bit 3 of Register \u_cropper/sel_cx_p[3] is stuck at Zero
WARNING - synthesis: Bit 3 of Register \u_cropper/sel_cx_p[3] is stuck at Zero
WARNING - synthesis: Bit 3 of Register \u_cropper/sel_cx_p[3] is stuck at Zero
WARNING - synthesis: Bit 3 of Register \u_cropper/sel_cx_p[3] is stuck at Zero
WARNING - synthesis: Bit 3 of Register \u_cropper/sel_cy_p[3] is stuck at Zero
WARNING - synthesis: Bit 3 of Register \u_cropper/sel_cy_p[3] is stuck at Zero
WARNING - synthesis: Bit 3 of Register \u_cropper/sel_cy_p[3] is stuck at Zero
WARNING - synthesis: Bit 3 of Register \u_cropper/sel_cy_p[3] is stuck at Zero
WARNING - synthesis: Bit 3 of Register \u_candidate_bus/cand_x0[3] is stuck at Zero
WARNING - synthesis: Bit 19 of Register \u_candidate_bus/cand_x0[3] is stuck at Zero
WARNING - synthesis: Bit 35 of Register \u_candidate_bus/cand_x0[3] is stuck at Zero
WARNING - synthesis: Bit 51 of Register \u_candidate_bus/cand_x0[3] is stuck at Zero
WARNING - synthesis: Bit 3 of Register \u_candidate_bus/cand_y0[3] is stuck at Zero
WARNING - synthesis: Bit 19 of Register \u_candidate_bus/cand_y0[3] is stuck at Zero
WARNING - synthesis: Bit 35 of Register \u_candidate_bus/cand_y0[3] is stuck at Zero
WARNING - synthesis: Bit 51 of Register \u_candidate_bus/cand_y0[3] is stuck at Zero
WARNING - synthesis: Bit 5 of Register \u_candidate_bus/cand_x1[3] is stuck at One
WARNING - synthesis: Bit 4 of Register \u_candidate_bus/cand_x1[3] is stuck at One
WARNING - synthesis: Bit 3 of Register \u_candidate_bus/cand_x1[3] is stuck at One
WARNING - synthesis: Bit 21 of Register \u_candidate_bus/cand_x1[3] is stuck at One
WARNING - synthesis: Bit 20 of Register \u_candidate_bus/cand_x1[3] is stuck at One
WARNING - synthesis: Bit 19 of Register \u_candidate_bus/cand_x1[3] is stuck at One
WARNING - synthesis: Bit 37 of Register \u_candidate_bus/cand_x1[3] is stuck at One
WARNING - synthesis: Bit 36 of Register \u_candidate_bus/cand_x1[3] is stuck at One
WARNING - synthesis: Bit 35 of Register \u_candidate_bus/cand_x1[3] is stuck at One
WARNING - synthesis: Bit 53 of Register \u_candidate_bus/cand_x1[3] is stuck at One
WARNING - synthesis: Bit 52 of Register \u_candidate_bus/cand_x1[3] is stuck at One
WARNING - synthesis: Bit 51 of Register \u_candidate_bus/cand_x1[3] is stuck at One
WARNING - synthesis: Bit 4 of Register \u_candidate_bus/cand_y1[3] is stuck at One
WARNING - synthesis: Bit 3 of Register \u_candidate_bus/cand_y1[3] is stuck at One
WARNING - synthesis: Bit 20 of Register \u_candidate_bus/cand_y1[3] is stuck at One
WARNING - synthesis: Bit 19 of Register \u_candidate_bus/cand_y1[3] is stuck at One
WARNING - synthesis: Bit 36 of Register \u_candidate_bus/cand_y1[3] is stuck at One
WARNING - synthesis: Bit 35 of Register \u_candidate_bus/cand_y1[3] is stuck at One
WARNING - synthesis: Bit 52 of Register \u_candidate_bus/cand_y1[3] is stuck at One
WARNING - synthesis: Bit 51 of Register \u_candidate_bus/cand_y1[3] is stuck at One
WARNING - synthesis: Bit 8 of Register \u_candidate_bus/cand_flags[3] is stuck at Zero
WARNING - synthesis: Bit 16 of Register \u_candidate_bus/cand_flags[3] is stuck at Zero
WARNING - synthesis: Bit 24 of Register \u_candidate_bus/cand_flags[3] is stuck at Zero
WARNING - synthesis: Bit 3 of Register \u_candidate_bus/u_track_count/pending_cx is stuck at Zero
WARNING - synthesis: Bit 3 of Register \u_candidate_bus/u_track_count/pending_cy is stuck at Zero
Removed duplicate sequential element \u_cropper/cand_cy_p(16 bit), because it is equivalent to \u_cropper/cand_cx_p

WARNING - synthesis: Bit 9 of Register \u_dbg_status/shreg is stuck at One
WARNING - synthesis: c:/users/kunsh/desktop/aicamera/lattice diamond/raw_frame_capture.v(357): Register \u_raw_cap/sdram_wr_valid_247 is stuck at One. VDB-5014
WARNING - synthesis: Bit 7 of Register \u_dbg_status/start_data is stuck at Zero
WARNING - synthesis: Bit 26 of Register \u_ctrl/u_regs/ack_value is stuck at Zero
WARNING - synthesis: Bit 24 of Register \u_ctrl/u_regs/ack_value is stuck at Zero
WARNING - synthesis: Bit 21 of Register \u_ctrl/u_regs/ack_value is stuck at Zero
WARNING - synthesis: Bit 17 of Register \u_ctrl/u_regs/ack_value is stuck at Zero
WARNING - synthesis: Bit 15 of Register \u_ctrl/u_regs/ack_value is stuck at Zero
WARNING - synthesis: Bit 13 of Register \u_ctrl/u_regs/ack_value is stuck at Zero
WARNING - synthesis: Bit 12 of Register \u_ctrl/u_regs/ack_value is stuck at Zero
WARNING - synthesis: Bit 15 of Register \u_candidate_bus/cand_x0[3] is stuck at Zero
WARNING - synthesis: Bit 15 of Register \u_candidate_bus/cand_y0[3] is stuck at Zero
WARNING - synthesis: Bit 9 of Register \u_candidate_bus/cand_x1[3] is stuck at Zero
WARNING - synthesis: Bit 8 of Register \u_candidate_bus/cand_y1[3] is stuck at Zero
WARNING - synthesis: Bit 5 of Register \u_candidate_bus/cand_y1[3] is stuck at One
WARNING - synthesis: Bit 3 of Register \u_candidate_bus/cand_flags[3] is stuck at Zero
WARNING - synthesis: Bit 2 of Register \u_candidate_bus/cand_flags[3] is stuck at Zero
WARNING - synthesis: Bit 7 of Register \u_ctrl/u_ack/pkt[7] is stuck at Zero
WARNING - synthesis: Bit 5 of Register \u_ctrl/u_ack/pkt[7] is stuck at Zero
WARNING - synthesis: Bit 4 of Register \u_ctrl/u_ack/pkt[7] is stuck at Zero
WARNING - synthesis: Bit 5 of Register \u_ctrl/u_ack/pkt[7] is stuck at Zero
WARNING - synthesis: Bit 1 of Register \u_ctrl/u_ack/pkt[7] is stuck at Zero
WARNING - synthesis: Bit 2 of Register \u_ctrl/u_ack/pkt[7] is stuck at Zero
WARNING - synthesis: Bit 0 of Register \u_ctrl/u_ack/pkt[7] is stuck at Zero
WARNING - synthesis: c:/users/kunsh/desktop/aicamera/lattice diamond/raw_frame_capture.v(357): Register \u_raw_cap/fifo_rpop_243 is stuck at Zero. VDB-5013
WARNING - synthesis: Bit 11 of Register \u_sdram/a_r is stuck at Zero
WARNING - synthesis: Bit 8 of Register \u_sdram/a_r is stuck at Zero
WARNING - synthesis: Bit 11 of Register \u_raw_cap/rptr_bin is stuck at Zero
WARNING - synthesis: Bit 10 of Register \u_raw_cap/rptr_bin is stuck at Zero
WARNING - synthesis: Bit 9 of Register \u_raw_cap/rptr_bin is stuck at Zero
WARNING - synthesis: Bit 8 of Register \u_raw_cap/rptr_bin is stuck at Zero
WARNING - synthesis: Bit 7 of Register \u_raw_cap/rptr_bin is stuck at Zero
WARNING - synthesis: Bit 6 of Register \u_raw_cap/rptr_bin is stuck at Zero
WARNING - synthesis: Bit 5 of Register \u_raw_cap/rptr_bin is stuck at Zero
WARNING - synthesis: Bit 4 of Register \u_raw_cap/rptr_bin is stuck at Zero
WARNING - synthesis: Bit 3 of Register \u_raw_cap/rptr_bin is stuck at Zero
WARNING - synthesis: Bit 2 of Register \u_raw_cap/rptr_bin is stuck at Zero
WARNING - synthesis: Bit 1 of Register \u_raw_cap/rptr_bin is stuck at Zero
WARNING - synthesis: Bit 0 of Register \u_raw_cap/rptr_bin is stuck at Zero
WARNING - synthesis: Bit 11 of Register \u_raw_cap/rptr_gray is stuck at Zero
WARNING - synthesis: Bit 10 of Register \u_raw_cap/rptr_gray is stuck at Zero
WARNING - synthesis: Bit 9 of Register \u_raw_cap/rptr_gray is stuck at Zero
WARNING - synthesis: Bit 8 of Register \u_raw_cap/rptr_gray is stuck at Zero
WARNING - synthesis: Bit 7 of Register \u_raw_cap/rptr_gray is stuck at Zero
WARNING - synthesis: Bit 6 of Register \u_raw_cap/rptr_gray is stuck at Zero
WARNING - synthesis: Bit 5 of Register \u_raw_cap/rptr_gray is stuck at Zero
WARNING - synthesis: Bit 4 of Register \u_raw_cap/rptr_gray is stuck at Zero
WARNING - synthesis: Bit 3 of Register \u_raw_cap/rptr_gray is stuck at Zero
WARNING - synthesis: Bit 2 of Register \u_raw_cap/rptr_gray is stuck at Zero
WARNING - synthesis: Bit 1 of Register \u_raw_cap/rptr_gray is stuck at Zero
WARNING - synthesis: Bit 0 of Register \u_raw_cap/rptr_gray is stuck at Zero
Removed duplicate sequential element \u_cropper/cand_sc_p(1 bit), because it is equivalent to \u_cropper/cand_cx_p

######## Found 2 RTL RAMs in the design.
Unable to honor syn_srlstyle or syn_ramstyle attribute value of block_ram on net \u_sched/u_cnn/img_mem

######## Mapping RTL RAM \u_sched/u_cnn/img_mem to 512 Distributed blocks in PSEUDO_DUAL_PORT Mode

Unable to honor syn_srlstyle or syn_ramstyle attribute value of block_ram on net \u_sched/u_cnn/feat1_mem

######## Mapping RTL RAM \u_sched/u_cnn/feat1_mem to 512 Distributed blocks in PSEUDO_DUAL_PORT Mode

################### Mapped 96 registers to 8 RAM. ##################
WARNING - synthesis: Removing unused instance \u_raw_cap/raw_done_frame_id_s1_sft00010_11118. VDB-5034
WARNING - synthesis: Removing unused instance _11112. VDB-5034
WARNING - synthesis: Removing unused instance \u_raw_cap/raw_done_frame_id_s1_sft00008_11117. VDB-5034
WARNING - synthesis: Removing unused instance _11111. VDB-5034
WARNING - synthesis: Removing unused instance \u_raw_cap/raw_done_frame_id_s1_sft00006_11116. VDB-5034
WARNING - synthesis: Removing unused instance _11110. VDB-5034
WARNING - synthesis: Removing unused instance \u_raw_cap/raw_done_frame_id_s1_sft00004_11115. VDB-5034
WARNING - synthesis: Removing unused instance _11109. VDB-5034
WARNING - synthesis: Removing unused instance \u_raw_cap/raw_done_frame_id_s1_sft00002_11114. VDB-5034
WARNING - synthesis: Removing unused instance \u_raw_cap/raw_done_frame_id_s1_sft00013_11120. VDB-5034
WARNING - synthesis: Removing unused instance . VDB-5034
WARNING - synthesis: Removing unused instance \u_raw_cap/raw_done_frame_id_s1_sft00012_11119. VDB-5034
WARNING - synthesis: Removing unused instance _11108. VDB-5034
WARNING - synthesis: Removing unused instance \u_raw_cap/raw_done_frame_id_s1_sft00000_11113. VDB-5034
WARNING - synthesis: Removing unused instance _11107. VDB-5034


######### Begin FIR Info ########


Number of FIR filters recognized: 1



######### End FIR Info ########


WARNING - synthesis: c:/users/kunsh/desktop/aicamera/lattice diamond/cnn_int8_core.v(123): Register _add_1_12620_i7 clock is stuck at Zero. VDB-5035
WARNING - synthesis: Bit 31 of Register _add_1_12620_e3 is stuck at Zero
WARNING - synthesis: Bit 30 of Register _add_1_12620_e3 is stuck at Zero
WARNING - synthesis: Bit 29 of Register _add_1_12620_e3 is stuck at Zero
WARNING - synthesis: Bit 28 of Register _add_1_12620_e3 is stuck at Zero
WARNING - synthesis: Bit 27 of Register _add_1_12620_e3 is stuck at Zero
WARNING - synthesis: Bit 26 of Register _add_1_12620_e3 is stuck at Zero
WARNING - synthesis: Bit 25 of Register _add_1_12620_e3 is stuck at Zero
WARNING - synthesis: Bit 24 of Register _add_1_12620_e3 is stuck at Zero
WARNING - synthesis: Bit 23 of Register _add_1_12620_e3 is stuck at Zero
WARNING - synthesis: Bit 22 of Register _add_1_12620_e3 is stuck at Zero
WARNING - synthesis: Bit 21 of Register _add_1_12620_e3 is stuck at Zero
WARNING - synthesis: Bit 20 of Register _add_1_12620_e3 is stuck at Zero
WARNING - synthesis: Bit 19 of Register _add_1_12620_e3 is stuck at Zero
WARNING - synthesis: Bit 18 of Register _add_1_12620_e3 is stuck at Zero
WARNING - synthesis: Bit 17 of Register _add_1_12620_e3 is stuck at Zero
WARNING - synthesis: Bit 16 of Register _add_1_12620_e3 is stuck at Zero
WARNING - synthesis: Bit 15 of Register _add_1_12620_e3 is stuck at Zero
WARNING - synthesis: Bit 14 of Register _add_1_12620_e3 is stuck at Zero
WARNING - synthesis: Bit 13 of Register _add_1_12620_e3 is stuck at Zero
WARNING - synthesis: Bit 12 of Register _add_1_12620_e3 is stuck at Zero
WARNING - synthesis: Bit 11 of Register _add_1_12620_e3 is stuck at Zero
WARNING - synthesis: Bit 10 of Register _add_1_12620_e3 is stuck at Zero
WARNING - synthesis: Bit 9 of Register _add_1_12620_e3 is stuck at Zero
WARNING - synthesis: Bit 8 of Register _add_1_12620_e3 is stuck at Zero
WARNING - synthesis: Bit 7 of Register _add_1_12620_e3 is stuck at Zero
WARNING - synthesis: Bit 6 of Register _add_1_12620_e3 is stuck at Zero
WARNING - synthesis: Bit 5 of Register _add_1_12620_e3 is stuck at Zero
WARNING - synthesis: Bit 4 of Register _add_1_12620_e3 is stuck at Zero
WARNING - synthesis: Bit 3 of Register _add_1_12620_e3 is stuck at Zero
WARNING - synthesis: Bit 2 of Register _add_1_12620_e3 is stuck at Zero
WARNING - synthesis: Bit 1 of Register _add_1_12620_e3 is stuck at Zero
WARNING - synthesis: Bit 0 of Register _add_1_12620_e3 is stuck at Zero
WARNING - synthesis: Bit 31 of Register add_12612_e3 is stuck at Zero
WARNING - synthesis: Bit 30 of Register add_12612_e3 is stuck at Zero
WARNING - synthesis: Bit 29 of Register add_12612_e3 is stuck at Zero
WARNING - synthesis: Bit 28 of Register add_12612_e3 is stuck at Zero
WARNING - synthesis: Bit 27 of Register add_12612_e3 is stuck at Zero
WARNING - synthesis: Bit 26 of Register add_12612_e3 is stuck at Zero
WARNING - synthesis: Bit 25 of Register add_12612_e3 is stuck at Zero
WARNING - synthesis: Bit 24 of Register add_12612_e3 is stuck at Zero
WARNING - synthesis: Bit 23 of Register add_12612_e3 is stuck at Zero
WARNING - synthesis: Bit 22 of Register add_12612_e3 is stuck at Zero
WARNING - synthesis: Bit 21 of Register add_12612_e3 is stuck at Zero
WARNING - synthesis: Bit 20 of Register add_12612_e3 is stuck at Zero
WARNING - synthesis: Bit 19 of Register add_12612_e3 is stuck at Zero
WARNING - synthesis: Bit 18 of Register add_12612_e3 is stuck at Zero
WARNING - synthesis: Bit 17 of Register add_12612_e3 is stuck at Zero
WARNING - synthesis: Bit 16 of Register add_12612_e3 is stuck at Zero
WARNING - synthesis: Bit 15 of Register add_12612_e3 is stuck at Zero
WARNING - synthesis: Bit 14 of Register add_12612_e3 is stuck at Zero
WARNING - synthesis: Bit 13 of Register add_12612_e3 is stuck at Zero
WARNING - synthesis: Bit 12 of Register add_12612_e3 is stuck at Zero
WARNING - synthesis: Bit 11 of Register add_12612_e3 is stuck at Zero
WARNING - synthesis: Bit 10 of Register add_12612_e3 is stuck at Zero
WARNING - synthesis: Bit 9 of Register add_12612_e3 is stuck at Zero
WARNING - synthesis: Bit 8 of Register add_12612_e3 is stuck at Zero
WARNING - synthesis: Bit 7 of Register add_12612_e3 is stuck at Zero
WARNING - synthesis: Bit 6 of Register add_12612_e3 is stuck at Zero
WARNING - synthesis: Bit 5 of Register add_12612_e3 is stuck at Zero
WARNING - synthesis: Bit 4 of Register add_12612_e3 is stuck at Zero
WARNING - synthesis: Bit 3 of Register add_12612_e3 is stuck at Zero
WARNING - synthesis: Bit 2 of Register add_12612_e3 is stuck at Zero
WARNING - synthesis: Bit 1 of Register add_12612_e3 is stuck at Zero
WARNING - synthesis: Bit 0 of Register add_12612_e3 is stuck at Zero
WARNING - synthesis: Bit 31 of Register add_12612_e2 is stuck at Zero
WARNING - synthesis: Bit 30 of Register add_12612_e2 is stuck at Zero
WARNING - synthesis: Bit 29 of Register add_12612_e2 is stuck at Zero
WARNING - synthesis: Bit 28 of Register add_12612_e2 is stuck at Zero
WARNING - synthesis: Bit 27 of Register add_12612_e2 is stuck at Zero
WARNING - synthesis: Bit 26 of Register add_12612_e2 is stuck at Zero
WARNING - synthesis: Bit 25 of Register add_12612_e2 is stuck at Zero
WARNING - synthesis: Bit 24 of Register add_12612_e2 is stuck at Zero
WARNING - synthesis: Bit 23 of Register add_12612_e2 is stuck at Zero
WARNING - synthesis: Bit 22 of Register add_12612_e2 is stuck at Zero
WARNING - synthesis: Bit 21 of Register add_12612_e2 is stuck at Zero
WARNING - synthesis: Bit 20 of Register add_12612_e2 is stuck at Zero
WARNING - synthesis: Bit 19 of Register add_12612_e2 is stuck at Zero
WARNING - synthesis: Bit 18 of Register add_12612_e2 is stuck at Zero
WARNING - synthesis: Bit 17 of Register add_12612_e2 is stuck at Zero
WARNING - synthesis: Bit 16 of Register add_12612_e2 is stuck at Zero
WARNING - synthesis: Bit 15 of Register add_12612_e2 is stuck at Zero
WARNING - synthesis: Bit 14 of Register add_12612_e2 is stuck at Zero
WARNING - synthesis: Bit 13 of Register add_12612_e2 is stuck at Zero
WARNING - synthesis: Bit 12 of Register add_12612_e2 is stuck at Zero
WARNING - synthesis: Bit 11 of Register add_12612_e2 is stuck at Zero
WARNING - synthesis: Bit 10 of Register add_12612_e2 is stuck at Zero
WARNING - synthesis: Bit 9 of Register add_12612_e2 is stuck at Zero
WARNING - synthesis: Bit 8 of Register add_12612_e2 is stuck at Zero
WARNING - synthesis: Bit 7 of Register add_12612_e2 is stuck at Zero
WARNING - synthesis: Bit 6 of Register add_12612_e2 is stuck at Zero
WARNING - synthesis: Bit 5 of Register add_12612_e2 is stuck at Zero
WARNING - synthesis: Bit 4 of Register add_12612_e2 is stuck at Zero
WARNING - synthesis: Bit 3 of Register add_12612_e2 is stuck at Zero
WARNING - synthesis: Bit 2 of Register add_12612_e2 is stuck at Zero
WARNING - synthesis: Bit 1 of Register add_12612_e2 is stuck at Zero
WARNING - synthesis: Bit 0 of Register add_12612_e2 is stuck at Zero
WARNING - synthesis: Bit 16 of Register \u_sched/u_cnn/mult_54_e3 is stuck at Zero
WARNING - synthesis: Bit 15 of Register \u_sched/u_cnn/mult_54_e3 is stuck at Zero
WARNING - synthesis: Bit 14 of Register \u_sched/u_cnn/mult_54_e3 is stuck at Zero
WARNING - synthesis: Bit 13 of Register \u_sched/u_cnn/mult_54_e3 is stuck at Zero
WARNING - synthesis: Bit 12 of Register \u_sched/u_cnn/mult_54_e3 is stuck at Zero
WARNING - synthesis: Bit 11 of Register \u_sched/u_cnn/mult_54_e3 is stuck at Zero
WARNING - synthesis: Bit 10 of Register \u_sched/u_cnn/mult_54_e3 is stuck at Zero
WARNING - synthesis: Bit 9 of Register \u_sched/u_cnn/mult_54_e3 is stuck at Zero
WARNING - synthesis: Bit 8 of Register \u_sched/u_cnn/mult_54_e3 is stuck at Zero
WARNING - synthesis: Bit 7 of Register \u_sched/u_cnn/mult_54_e3 is stuck at Zero
WARNING - synthesis: Bit 6 of Register \u_sched/u_cnn/mult_54_e3 is stuck at Zero
WARNING - synthesis: Bit 5 of Register \u_sched/u_cnn/mult_54_e3 is stuck at Zero
WARNING - synthesis: Bit 4 of Register \u_sched/u_cnn/mult_54_e3 is stuck at Zero
WARNING - synthesis: Bit 3 of Register \u_sched/u_cnn/mult_54_e3 is stuck at Zero
WARNING - synthesis: Bit 2 of Register \u_sched/u_cnn/mult_54_e3 is stuck at Zero
WARNING - synthesis: Bit 1 of Register \u_sched/u_cnn/mult_54_e3 is stuck at Zero
WARNING - synthesis: Bit 0 of Register \u_sched/u_cnn/mult_54_e3 is stuck at Zero
WARNING - synthesis: Bit 7 of Register \u_sched/u_cnn/mult_54_e2 is stuck at Zero
WARNING - synthesis: Bit 6 of Register \u_sched/u_cnn/mult_54_e2 is stuck at Zero
WARNING - synthesis: Bit 5 of Register \u_sched/u_cnn/mult_54_e2 is stuck at Zero
WARNING - synthesis: Bit 4 of Register \u_sched/u_cnn/mult_54_e2 is stuck at Zero
WARNING - synthesis: Bit 3 of Register \u_sched/u_cnn/mult_54_e2 is stuck at Zero
WARNING - synthesis: Bit 2 of Register \u_sched/u_cnn/mult_54_e2 is stuck at Zero
WARNING - synthesis: Bit 1 of Register \u_sched/u_cnn/mult_54_e2 is stuck at Zero
WARNING - synthesis: Bit 0 of Register \u_sched/u_cnn/mult_54_e2 is stuck at Zero
WARNING - synthesis: Bit 8 of Register \u_sched/u_cnn/mult_54_e1 is stuck at Zero
WARNING - synthesis: Bit 7 of Register \u_sched/u_cnn/mult_54_e1 is stuck at Zero
WARNING - synthesis: Bit 6 of Register \u_sched/u_cnn/mult_54_e1 is stuck at Zero
WARNING - synthesis: Bit 5 of Register \u_sched/u_cnn/mult_54_e1 is stuck at Zero
WARNING - synthesis: Bit 4 of Register \u_sched/u_cnn/mult_54_e1 is stuck at Zero
WARNING - synthesis: Bit 3 of Register \u_sched/u_cnn/mult_54_e1 is stuck at Zero
WARNING - synthesis: Bit 2 of Register \u_sched/u_cnn/mult_54_e1 is stuck at Zero
WARNING - synthesis: Bit 1 of Register \u_sched/u_cnn/mult_54_e1 is stuck at Zero
WARNING - synthesis: Bit 0 of Register \u_sched/u_cnn/mult_54_e1 is stuck at Zero
######## Converting I/O port cam_sda to output.
WARNING - synthesis: I/O Port DIN 's net has no driver and is unused.
WARNING - synthesis: I/O Port CCLK 's net has no driver and is unused.
WARNING - synthesis: I/O Port SSPI_CS_n 's net has no driver and is unused.
WARNING - synthesis: Bit 15 of Register \u_cropper/cand_cx_p_ is stuck at Zero
WARNING - synthesis: c:/users/kunsh/desktop/aicamera/lattice diamond/cropper_128_to_64.v(214): Register \u_cropper/start_tog_p_4507 is stuck at Zero. VDB-5013
WARNING - synthesis: c:/users/kunsh/desktop/aicamera/lattice diamond/cropper_128_to_64.v(223): Register \u_cropper/samp_t1_4510 is stuck at Zero. VDB-5013
WARNING - synthesis: Bit 12 of Register \u_cropper/samp_count_p_4350_ is stuck at Zero
WARNING - synthesis: Bit 11 of Register \u_cropper/samp_count_p_4350_ is stuck at Zero
WARNING - synthesis: Bit 10 of Register \u_cropper/samp_count_p_4350_ is stuck at Zero
WARNING - synthesis: Bit 9 of Register \u_cropper/samp_count_p_4350_ is stuck at Zero
WARNING - synthesis: Bit 8 of Register \u_cropper/samp_count_p_4350_ is stuck at Zero
WARNING - synthesis: Bit 7 of Register \u_cropper/samp_count_p_4350_ is stuck at Zero
WARNING - synthesis: Bit 6 of Register \u_cropper/samp_count_p_4350_ is stuck at Zero
WARNING - synthesis: Bit 5 of Register \u_cropper/samp_count_p_4350_ is stuck at Zero
WARNING - synthesis: Bit 4 of Register \u_cropper/samp_count_p_4350_ is stuck at Zero
WARNING - synthesis: Bit 3 of Register \u_cropper/samp_count_p_4350_ is stuck at Zero
WARNING - synthesis: Bit 2 of Register \u_cropper/samp_count_p_4350_ is stuck at Zero
WARNING - synthesis: Bit 1 of Register \u_cropper/samp_count_p_4350_ is stuck at Zero
WARNING - synthesis: Bit 0 of Register \u_cropper/samp_count_p_4350_ is stuck at Zero
WARNING - synthesis: c:/users/kunsh/desktop/aicamera/lattice diamond/cnn_scheduler.v(71): Register \u_sched/cnn_start_44 is stuck at Zero. VDB-5013
######## Missing driver on net \u_sched/u_cnn/\i280/_Z. Patching with GND.
WARNING - synthesis: c:/users/kunsh/desktop/aicamera/lattice diamond/sdram_ctrl_simple.v(594): Register \u_sdram/st_FSM_i1 is stuck at Zero. VDB-5013
WARNING - synthesis: c:/users/kunsh/desktop/aicamera/lattice diamond/sd_spi_writer.v(575): Register \u_sd/cmd_frame_i0 is stuck at One. VDB-5014
WARNING - synthesis: c:/users/kunsh/desktop/aicamera/lattice diamond/cnn_scheduler.v(69): Register \u_sched/st_FSM_i0 is stuck at One. VDB-5014
WARNING - synthesis: c:/users/kunsh/desktop/aicamera/lattice diamond/sdram_ctrl_simple.v(393): Register \u_sdram/init_wait_cnt_4342__i31 is stuck at Zero. VDB-5013
WARNING - synthesis: c:/users/kunsh/desktop/aicamera/lattice diamond/cnn_scheduler.v(69): Register \u_sched/st_FSM_i2 is stuck at Zero. VDB-5013
WARNING - synthesis: c:/users/kunsh/desktop/aicamera/lattice diamond/candidate_bus.v(149): Register \u_candidate_bus/cand_score_person[3]_i0 is stuck at Zero. VDB-5013
WARNING - synthesis: c:/users/kunsh/desktop/aicamera/lattice diamond/sdram_ctrl_simple.v(587): Register \u_sdram/rd_ptr_ext_4345__i1 is stuck at Zero. VDB-5013
WARNING - synthesis: c:/users/kunsh/desktop/aicamera/lattice diamond/track_count.v(310): Register \u_candidate_bus/u_track_count/pending_valid_752 is stuck at Zero. VDB-5013
Distributed Ram \u_sched/u_cnn/img_mem136 input port DI0 is stuck 0, propagating ...,

Distributed Ram \u_sched/u_cnn/img_mem136 input port DI1 is stuck 0, propagating ...,

Distributed Ram \u_sched/u_cnn/img_mem136 input port DI2 is stuck 0, propagating ...,

Distributed Ram \u_sched/u_cnn/img_mem136 input port DI3 is stuck 0, propagating ...,

All inputs of Distributed Ram \u_sched/u_cnn/img_mem136  are constant

Distributed Ram \u_sched/u_cnn/img_mem60 input port DI0 is stuck 0, propagating ...,

Distributed Ram \u_sched/u_cnn/img_mem60 input port DI1 is stuck 0, propagating ...,

Distributed Ram \u_sched/u_cnn/img_mem60 input port DI2 is stuck 0, propagating ...,

Distributed Ram \u_sched/u_cnn/img_mem60 input port DI3 is stuck 0, propagating ...,

All inputs of Distributed Ram \u_sched/u_cnn/img_mem60  are constant

Distributed Ram \u_sched/u_cnn/img_mem15 input port DI0 is stuck 0, propagating ...,

Distributed Ram \u_sched/u_cnn/img_mem15 input port DI1 is stuck 0, propagating ...,

Distributed Ram \u_sched/u_cnn/img_mem15 input port DI2 is stuck 0, propagating ...,

Distributed Ram \u_sched/u_cnn/img_mem15 input port DI3 is stuck 0, propagating ...,

All inputs of Distributed Ram \u_sched/u_cnn/img_mem15  are constant

Distributed Ram \u_sched/u_cnn/img_mem61 input port DI0 is stuck 0, propagating ...,

Distributed Ram \u_sched/u_cnn/img_mem61 input port DI1 is stuck 0, propagating ...,

Distributed Ram \u_sched/u_cnn/img_mem61 input port DI2 is stuck 0, propagating ...,

Distributed Ram \u_sched/u_cnn/img_mem61 input port DI3 is stuck 0, propagating ...,

All inputs of Distributed Ram \u_sched/u_cnn/img_mem61  are constant

Distributed Ram \u_sched/u_cnn/img_mem393 input port DI0 is stuck 0, propagating ...,

Distributed Ram \u_sched/u_cnn/img_mem393 input port DI1 is stuck 0, propagating ...,

Distributed Ram \u_sched/u_cnn/img_mem393 input port DI2 is stuck 0, propagating ...,

Distributed Ram \u_sched/u_cnn/img_mem393 input port DI3 is stuck 0, propagating ...,

All inputs of Distributed Ram \u_sched/u_cnn/img_mem393  are constant

Distributed Ram \u_sched/u_cnn/img_mem318 input port DI0 is stuck 0, propagating ...,

Distributed Ram \u_sched/u_cnn/img_mem318 input port DI1 is stuck 0, propagating ...,

Distributed Ram \u_sched/u_cnn/img_mem318 input port DI2 is stuck 0, propagating ...,

Distributed Ram \u_sched/u_cnn/img_mem318 input port DI3 is stuck 0, propagating ...,

All inputs of Distributed Ram \u_sched/u_cnn/img_mem318  are constant

Distributed Ram \u_sched/u_cnn/img_mem317 input port DI0 is stuck 0, propagating ...,

Distributed Ram \u_sched/u_cnn/img_mem317 input port DI1 is stuck 0, propagating ...,

Distributed Ram \u_sched/u_cnn/img_mem317 input port DI2 is stuck 0, propagating ...,

Distributed Ram \u_sched/u_cnn/img_mem317 input port DI3 is stuck 0, propagating ...,

All inputs of Distributed Ram \u_sched/u_cnn/img_mem317  are constant

Distributed Ram \u_sched/u_cnn/img_mem277 input port DI0 is stuck 0, propagating ...,

Distributed Ram \u_sched/u_cnn/img_mem277 input port DI1 is stuck 0, propagating ...,

Distributed Ram \u_sched/u_cnn/img_mem277 input port DI2 is stuck 0, propagating ...,

Distributed Ram \u_sched/u_cnn/img_mem277 input port DI3 is stuck 0, propagating ...,

All inputs of Distributed Ram \u_sched/u_cnn/img_mem277  are constant

Distributed Ram \u_sched/u_cnn/img_mem272 input port DI0 is stuck 0, propagating ...,

Distributed Ram \u_sched/u_cnn/img_mem272 input port DI1 is stuck 0, propagating ...,

Distributed Ram \u_sched/u_cnn/img_mem272 input port DI2 is stuck 0, propagating ...,

Distributed Ram \u_sched/u_cnn/img_mem272 input port DI3 is stuck 0, propagating ...,

All inputs of Distributed Ram \u_sched/u_cnn/img_mem272  are constant

Distributed Ram \u_sched/u_cnn/img_mem258 input port DI0 is stuck 0, propagating ...,

Distributed Ram \u_sched/u_cnn/img_mem258 input port DI1 is stuck 0, propagating ...,

Distributed Ram \u_sched/u_cnn/img_mem258 input port DI2 is stuck 0, propagating ...,

Distributed Ram \u_sched/u_cnn/img_mem258 input port DI3 is stuck 0, propagating ...,

All inputs of Distributed Ram \u_sched/u_cnn/img_mem258  are constant

Distributed Ram \u_sched/u_cnn/img_mem134 input port DI0 is stuck 0, propagating ...,

Distributed Ram \u_sched/u_cnn/img_mem134 input port DI1 is stuck 0, propagating ...,

Distributed Ram \u_sched/u_cnn/img_mem134 input port DI2 is stuck 0, propagating ...,

Distributed Ram \u_sched/u_cnn/img_mem134 input port DI3 is stuck 0, propagating ...,

All inputs of Distributed Ram \u_sched/u_cnn/img_mem134  are constant

Distributed Ram \u_sched/u_cnn/img_mem69 input port DI0 is stuck 0, propagating ...,

Distributed Ram \u_sched/u_cnn/img_mem69 input port DI1 is stuck 0, propagating ...,

Distributed Ram \u_sched/u_cnn/img_mem69 input port DI2 is stuck 0, propagating ...,

Distributed Ram \u_sched/u_cnn/img_mem69 input port DI3 is stuck 0, propagating ...,

All inputs of Distributed Ram \u_sched/u_cnn/img_mem69  are constant

Distributed Ram \u_sched/u_cnn/img_mem145 input port DI0 is stuck 0, propagating ...,

Distributed Ram \u_sched/u_cnn/img_mem145 input port DI1 is stuck 0, propagating ...,

Distributed Ram \u_sched/u_cnn/img_mem145 input port DI2 is stuck 0, propagating ...,

Distributed Ram \u_sched/u_cnn/img_mem145 input port DI3 is stuck 0, propagating ...,

All inputs of Distributed Ram \u_sched/u_cnn/img_mem145  are constant

Distributed Ram \u_sched/u_cnn/img_mem66 input port DI0 is stuck 0, propagating ...,

Distributed Ram \u_sched/u_cnn/img_mem66 input port DI1 is stuck 0, propagating ...,

Distributed Ram \u_sched/u_cnn/img_mem66 input port DI2 is stuck 0, propagating ...,

Distributed Ram \u_sched/u_cnn/img_mem66 input port DI3 is stuck 0, propagating ...,

All inputs of Distributed Ram \u_sched/u_cnn/img_mem66  are constant

Distributed Ram \u_sched/u_cnn/img_mem144 input port DI0 is stuck 0, propagating ...,

Distributed Ram \u_sched/u_cnn/img_mem144 input port DI1 is stuck 0, propagating ...,

Distributed Ram \u_sched/u_cnn/img_mem144 input port DI2 is stuck 0, propagating ...,

Distributed Ram \u_sched/u_cnn/img_mem144 input port DI3 is stuck 0, propagating ...,

All inputs of Distributed Ram \u_sched/u_cnn/img_mem144  are constant

Distributed Ram \u_sched/u_cnn/img_mem211 input port DI0 is stuck 0, propagating ...,

Distributed Ram \u_sched/u_cnn/img_mem211 input port DI1 is stuck 0, propagating ...,

Distributed Ram \u_sched/u_cnn/img_mem211 input port DI2 is stuck 0, propagating ...,

Distributed Ram \u_sched/u_cnn/img_mem211 input port DI3 is stuck 0, propagating ...,

All inputs of Distributed Ram \u_sched/u_cnn/img_mem211  are constant

Distributed Ram \u_sched/u_cnn/img_mem135 input port DI0 is stuck 0, propagating ...,

Distributed Ram \u_sched/u_cnn/img_mem135 input port DI1 is stuck 0, propagating ...,

Distributed Ram \u_sched/u_cnn/img_mem135 input port DI2 is stuck 0, propagating ...,

Distributed Ram \u_sched/u_cnn/img_mem135 input port DI3 is stuck 0, propagating ...,

All inputs of Distributed Ram \u_sched/u_cnn/img_mem135  are constant

Distributed Ram \u_sched/u_cnn/img_mem59 input port DI0 is stuck 0, propagating ...,

Distributed Ram \u_sched/u_cnn/img_mem59 input port DI1 is stuck 0, propagating ...,

Distributed Ram \u_sched/u_cnn/img_mem59 input port DI2 is stuck 0, propagating ...,

Distributed Ram \u_sched/u_cnn/img_mem59 input port DI3 is stuck 0, propagating ...,

All inputs of Distributed Ram \u_sched/u_cnn/img_mem59  are constant

Distributed Ram \u_sched/u_cnn/img_mem206 input port DI0 is stuck 0, propagating ...,

Distributed Ram \u_sched/u_cnn/img_mem206 input port DI1 is stuck 0, propagating ...,

Distributed Ram \u_sched/u_cnn/img_mem206 input port DI2 is stuck 0, propagating ...,

Distributed Ram \u_sched/u_cnn/img_mem206 input port DI3 is stuck 0, propagating ...,

All inputs of Distributed Ram \u_sched/u_cnn/img_mem206  are constant

Distributed Ram \u_sched/u_cnn/img_mem146 input port DI0 is stuck 0, propagating ...,

Distributed Ram \u_sched/u_cnn/img_mem146 input port DI1 is stuck 0, propagating ...,

Distributed Ram \u_sched/u_cnn/img_mem146 input port DI2 is stuck 0, propagating ...,

Distributed Ram \u_sched/u_cnn/img_mem146 input port DI3 is stuck 0, propagating ...,

All inputs of Distributed Ram \u_sched/u_cnn/img_mem146  are constant

Distributed Ram \u_sched/u_cnn/img_mem20 input port DI0 is stuck 0, propagating ...,

Distributed Ram \u_sched/u_cnn/img_mem20 input port DI1 is stuck 0, propagating ...,

Distributed Ram \u_sched/u_cnn/img_mem20 input port DI2 is stuck 0, propagating ...,

Distributed Ram \u_sched/u_cnn/img_mem20 input port DI3 is stuck 0, propagating ...,

All inputs of Distributed Ram \u_sched/u_cnn/img_mem20  are constant

Distributed Ram \u_sched/u_cnn/img_mem1 input port DI0 is stuck 0, propagating ...,

Distributed Ram \u_sched/u_cnn/img_mem1 input port DI1 is stuck 0, propagating ...,

Distributed Ram \u_sched/u_cnn/img_mem1 input port DI2 is stuck 0, propagating ...,

Distributed Ram \u_sched/u_cnn/img_mem1 input port DI3 is stuck 0, propagating ...,

All inputs of Distributed Ram \u_sched/u_cnn/img_mem1  are constant

Distributed Ram \u_sched/u_cnn/img_mem143 input port DI0 is stuck 0, propagating ...,

Distributed Ram \u_sched/u_cnn/img_mem143 input port DI1 is stuck 0, propagating ...,

Distributed Ram \u_sched/u_cnn/img_mem143 input port DI2 is stuck 0, propagating ...,

Distributed Ram \u_sched/u_cnn/img_mem143 input port DI3 is stuck 0, propagating ...,

All inputs of Distributed Ram \u_sched/u_cnn/img_mem143  are constant

Distributed Ram \u_sched/u_cnn/img_mem71 input port DI0 is stuck 0, propagating ...,

Distributed Ram \u_sched/u_cnn/img_mem71 input port DI1 is stuck 0, propagating ...,

Distributed Ram \u_sched/u_cnn/img_mem71 input port DI2 is stuck 0, propagating ...,

Distributed Ram \u_sched/u_cnn/img_mem71 input port DI3 is stuck 0, propagating ...,

All inputs of Distributed Ram \u_sched/u_cnn/img_mem71  are constant

Distributed Ram \u_sched/u_cnn/img_mem68 input port DI0 is stuck 0, propagating ...,

Distributed Ram \u_sched/u_cnn/img_mem68 input port DI1 is stuck 0, propagating ...,

Distributed Ram \u_sched/u_cnn/img_mem68 input port DI2 is stuck 0, propagating ...,

Distributed Ram \u_sched/u_cnn/img_mem68 input port DI3 is stuck 0, propagating ...,

All inputs of Distributed Ram \u_sched/u_cnn/img_mem68  are constant

Distributed Ram \u_sched/u_cnn/img_mem19 input port DI0 is stuck 0, propagating ...,

Distributed Ram \u_sched/u_cnn/img_mem19 input port DI1 is stuck 0, propagating ...,

Distributed Ram \u_sched/u_cnn/img_mem19 input port DI2 is stuck 0, propagating ...,

Distributed Ram \u_sched/u_cnn/img_mem19 input port DI3 is stuck 0, propagating ...,

All inputs of Distributed Ram \u_sched/u_cnn/img_mem19  are constant

Distributed Ram \u_sched/u_cnn/img_mem67 input port DI0 is stuck 0, propagating ...,

Distributed Ram \u_sched/u_cnn/img_mem67 input port DI1 is stuck 0, propagating ...,

Distributed Ram \u_sched/u_cnn/img_mem67 input port DI2 is stuck 0, propagating ...,

Distributed Ram \u_sched/u_cnn/img_mem67 input port DI3 is stuck 0, propagating ...,

All inputs of Distributed Ram \u_sched/u_cnn/img_mem67  are constant

Distributed Ram \u_sched/u_cnn/img_mem17 input port DI0 is stuck 0, propagating ...,

Distributed Ram \u_sched/u_cnn/img_mem17 input port DI1 is stuck 0, propagating ...,

Distributed Ram \u_sched/u_cnn/img_mem17 input port DI2 is stuck 0, propagating ...,

Distributed Ram \u_sched/u_cnn/img_mem17 input port DI3 is stuck 0, propagating ...,

All inputs of Distributed Ram \u_sched/u_cnn/img_mem17  are constant

Distributed Ram \u_sched/u_cnn/img_mem468 input port DI0 is stuck 0, propagating ...,

Distributed Ram \u_sched/u_cnn/img_mem468 input port DI1 is stuck 0, propagating ...,

Distributed Ram \u_sched/u_cnn/img_mem468 input port DI2 is stuck 0, propagating ...,

Distributed Ram \u_sched/u_cnn/img_mem468 input port DI3 is stuck 0, propagating ...,

All inputs of Distributed Ram \u_sched/u_cnn/img_mem468  are constant

Distributed Ram \u_sched/u_cnn/img_mem463 input port DI0 is stuck 0, propagating ...,

Distributed Ram \u_sched/u_cnn/img_mem463 input port DI1 is stuck 0, propagating ...,

Distributed Ram \u_sched/u_cnn/img_mem463 input port DI2 is stuck 0, propagating ...,

Distributed Ram \u_sched/u_cnn/img_mem463 input port DI3 is stuck 0, propagating ...,

All inputs of Distributed Ram \u_sched/u_cnn/img_mem463  are constant

Distributed Ram \u_sched/u_cnn/img_mem403 input port DI0 is stuck 0, propagating ...,

Distributed Ram \u_sched/u_cnn/img_mem403 input port DI1 is stuck 0, propagating ...,

Distributed Ram \u_sched/u_cnn/img_mem403 input port DI2 is stuck 0, propagating ...,

Distributed Ram \u_sched/u_cnn/img_mem403 input port DI3 is stuck 0, propagating ...,

All inputs of Distributed Ram \u_sched/u_cnn/img_mem403  are constant

Distributed Ram \u_sched/u_cnn/img_mem402 input port DI0 is stuck 0, propagating ...,

Distributed Ram \u_sched/u_cnn/img_mem402 input port DI1 is stuck 0, propagating ...,

Distributed Ram \u_sched/u_cnn/img_mem402 input port DI2 is stuck 0, propagating ...,

Distributed Ram \u_sched/u_cnn/img_mem402 input port DI3 is stuck 0, propagating ...,

All inputs of Distributed Ram \u_sched/u_cnn/img_mem402  are constant

Distributed Ram \u_sched/u_cnn/img_mem401 input port DI0 is stuck 0, propagating ...,

Distributed Ram \u_sched/u_cnn/img_mem401 input port DI1 is stuck 0, propagating ...,

Distributed Ram \u_sched/u_cnn/img_mem401 input port DI2 is stuck 0, propagating ...,

Distributed Ram \u_sched/u_cnn/img_mem401 input port DI3 is stuck 0, propagating ...,

All inputs of Distributed Ram \u_sched/u_cnn/img_mem401  are constant

Distributed Ram \u_sched/u_cnn/img_mem400 input port DI0 is stuck 0, propagating ...,

Distributed Ram \u_sched/u_cnn/img_mem400 input port DI1 is stuck 0, propagating ...,

Distributed Ram \u_sched/u_cnn/img_mem400 input port DI2 is stuck 0, propagating ...,

Distributed Ram \u_sched/u_cnn/img_mem400 input port DI3 is stuck 0, propagating ...,

All inputs of Distributed Ram \u_sched/u_cnn/img_mem400  are constant

Distributed Ram \u_sched/u_cnn/img_mem392 input port DI0 is stuck 0, propagating ...,

Distributed Ram \u_sched/u_cnn/img_mem392 input port DI1 is stuck 0, propagating ...,

Distributed Ram \u_sched/u_cnn/img_mem392 input port DI2 is stuck 0, propagating ...,

Distributed Ram \u_sched/u_cnn/img_mem392 input port DI3 is stuck 0, propagating ...,

All inputs of Distributed Ram \u_sched/u_cnn/img_mem392  are constant

Distributed Ram \u_sched/u_cnn/img_mem391 input port DI0 is stuck 0, propagating ...,

Distributed Ram \u_sched/u_cnn/img_mem391 input port DI1 is stuck 0, propagating ...,

Distributed Ram \u_sched/u_cnn/img_mem391 input port DI2 is stuck 0, propagating ...,

Distributed Ram \u_sched/u_cnn/img_mem391 input port DI3 is stuck 0, propagating ...,

All inputs of Distributed Ram \u_sched/u_cnn/img_mem391  are constant

Distributed Ram \u_sched/u_cnn/img_mem328 input port DI0 is stuck 0, propagating ...,

Distributed Ram \u_sched/u_cnn/img_mem328 input port DI1 is stuck 0, propagating ...,

Distributed Ram \u_sched/u_cnn/img_mem328 input port DI2 is stuck 0, propagating ...,

Distributed Ram \u_sched/u_cnn/img_mem328 input port DI3 is stuck 0, propagating ...,

All inputs of Distributed Ram \u_sched/u_cnn/img_mem328  are constant

Distributed Ram \u_sched/u_cnn/img_mem327 input port DI0 is stuck 0, propagating ...,

Distributed Ram \u_sched/u_cnn/img_mem327 input port DI1 is stuck 0, propagating ...,

Distributed Ram \u_sched/u_cnn/img_mem327 input port DI2 is stuck 0, propagating ...,

Distributed Ram \u_sched/u_cnn/img_mem327 input port DI3 is stuck 0, propagating ...,

All inputs of Distributed Ram \u_sched/u_cnn/img_mem327  are constant

Distributed Ram \u_sched/u_cnn/img_mem326 input port DI0 is stuck 0, propagating ...,

Distributed Ram \u_sched/u_cnn/img_mem326 input port DI1 is stuck 0, propagating ...,

Distributed Ram \u_sched/u_cnn/img_mem326 input port DI2 is stuck 0, propagating ...,

Distributed Ram \u_sched/u_cnn/img_mem326 input port DI3 is stuck 0, propagating ...,

All inputs of Distributed Ram \u_sched/u_cnn/img_mem326  are constant

Distributed Ram \u_sched/u_cnn/img_mem325 input port DI0 is stuck 0, propagating ...,

Distributed Ram \u_sched/u_cnn/img_mem325 input port DI1 is stuck 0, propagating ...,

Distributed Ram \u_sched/u_cnn/img_mem325 input port DI2 is stuck 0, propagating ...,

Distributed Ram \u_sched/u_cnn/img_mem325 input port DI3 is stuck 0, propagating ...,

All inputs of Distributed Ram \u_sched/u_cnn/img_mem325  are constant

Distributed Ram \u_sched/u_cnn/img_mem324 input port DI0 is stuck 0, propagating ...,

Distributed Ram \u_sched/u_cnn/img_mem324 input port DI1 is stuck 0, propagating ...,

Distributed Ram \u_sched/u_cnn/img_mem324 input port DI2 is stuck 0, propagating ...,

Distributed Ram \u_sched/u_cnn/img_mem324 input port DI3 is stuck 0, propagating ...,

All inputs of Distributed Ram \u_sched/u_cnn/img_mem324  are constant

Distributed Ram \u_sched/u_cnn/img_mem323 input port DI0 is stuck 0, propagating ...,

Distributed Ram \u_sched/u_cnn/img_mem323 input port DI1 is stuck 0, propagating ...,

Distributed Ram \u_sched/u_cnn/img_mem323 input port DI2 is stuck 0, propagating ...,

Distributed Ram \u_sched/u_cnn/img_mem323 input port DI3 is stuck 0, propagating ...,

All inputs of Distributed Ram \u_sched/u_cnn/img_mem323  are constant

Distributed Ram \u_sched/u_cnn/img_mem322 input port DI0 is stuck 0, propagating ...,

Distributed Ram \u_sched/u_cnn/img_mem322 input port DI1 is stuck 0, propagating ...,

Distributed Ram \u_sched/u_cnn/img_mem322 input port DI2 is stuck 0, propagating ...,

Distributed Ram \u_sched/u_cnn/img_mem322 input port DI3 is stuck 0, propagating ...,

All inputs of Distributed Ram \u_sched/u_cnn/img_mem322  are constant

Distributed Ram \u_sched/u_cnn/img_mem316 input port DI0 is stuck 0, propagating ...,

Distributed Ram \u_sched/u_cnn/img_mem316 input port DI1 is stuck 0, propagating ...,

Distributed Ram \u_sched/u_cnn/img_mem316 input port DI2 is stuck 0, propagating ...,

Distributed Ram \u_sched/u_cnn/img_mem316 input port DI3 is stuck 0, propagating ...,

All inputs of Distributed Ram \u_sched/u_cnn/img_mem316  are constant

Distributed Ram \u_sched/u_cnn/img_mem276 input port DI0 is stuck 0, propagating ...,

Distributed Ram \u_sched/u_cnn/img_mem276 input port DI1 is stuck 0, propagating ...,

Distributed Ram \u_sched/u_cnn/img_mem276 input port DI2 is stuck 0, propagating ...,

Distributed Ram \u_sched/u_cnn/img_mem276 input port DI3 is stuck 0, propagating ...,

All inputs of Distributed Ram \u_sched/u_cnn/img_mem276  are constant

Distributed Ram \u_sched/u_cnn/img_mem275 input port DI0 is stuck 0, propagating ...,

Distributed Ram \u_sched/u_cnn/img_mem275 input port DI1 is stuck 0, propagating ...,

Distributed Ram \u_sched/u_cnn/img_mem275 input port DI2 is stuck 0, propagating ...,

Distributed Ram \u_sched/u_cnn/img_mem275 input port DI3 is stuck 0, propagating ...,

All inputs of Distributed Ram \u_sched/u_cnn/img_mem275  are constant

Distributed Ram \u_sched/u_cnn/img_mem274 input port DI0 is stuck 0, propagating ...,

Distributed Ram \u_sched/u_cnn/img_mem274 input port DI1 is stuck 0, propagating ...,

Distributed Ram \u_sched/u_cnn/img_mem274 input port DI2 is stuck 0, propagating ...,

Distributed Ram \u_sched/u_cnn/img_mem274 input port DI3 is stuck 0, propagating ...,

All inputs of Distributed Ram \u_sched/u_cnn/img_mem274  are constant

Distributed Ram \u_sched/u_cnn/img_mem221 input port DI0 is stuck 0, propagating ...,

Distributed Ram \u_sched/u_cnn/img_mem221 input port DI1 is stuck 0, propagating ...,

Distributed Ram \u_sched/u_cnn/img_mem221 input port DI2 is stuck 0, propagating ...,

Distributed Ram \u_sched/u_cnn/img_mem221 input port DI3 is stuck 0, propagating ...,

All inputs of Distributed Ram \u_sched/u_cnn/img_mem221  are constant

Distributed Ram \u_sched/u_cnn/img_mem244 input port DI0 is stuck 0, propagating ...,

Distributed Ram \u_sched/u_cnn/img_mem244 input port DI1 is stuck 0, propagating ...,

Distributed Ram \u_sched/u_cnn/img_mem244 input port DI2 is stuck 0, propagating ...,

Distributed Ram \u_sched/u_cnn/img_mem244 input port DI3 is stuck 0, propagating ...,

All inputs of Distributed Ram \u_sched/u_cnn/img_mem244  are constant

Distributed Ram \u_sched/u_cnn/img_mem249 input port DI0 is stuck 0, propagating ...,

Distributed Ram \u_sched/u_cnn/img_mem249 input port DI1 is stuck 0, propagating ...,

Distributed Ram \u_sched/u_cnn/img_mem249 input port DI2 is stuck 0, propagating ...,

Distributed Ram \u_sched/u_cnn/img_mem249 input port DI3 is stuck 0, propagating ...,

All inputs of Distributed Ram \u_sched/u_cnn/img_mem249  are constant

Distributed Ram \u_sched/u_cnn/img_mem248 input port DI0 is stuck 0, propagating ...,

Distributed Ram \u_sched/u_cnn/img_mem248 input port DI1 is stuck 0, propagating ...,

Distributed Ram \u_sched/u_cnn/img_mem248 input port DI2 is stuck 0, propagating ...,

Distributed Ram \u_sched/u_cnn/img_mem248 input port DI3 is stuck 0, propagating ...,

All inputs of Distributed Ram \u_sched/u_cnn/img_mem248  are constant

Distributed Ram \u_sched/u_cnn/img_mem169 input port DI0 is stuck 0, propagating ...,

Distributed Ram \u_sched/u_cnn/img_mem169 input port DI1 is stuck 0, propagating ...,

Distributed Ram \u_sched/u_cnn/img_mem169 input port DI2 is stuck 0, propagating ...,

Distributed Ram \u_sched/u_cnn/img_mem169 input port DI3 is stuck 0, propagating ...,

All inputs of Distributed Ram \u_sched/u_cnn/img_mem169  are constant

Distributed Ram \u_sched/u_cnn/img_mem226 input port DI0 is stuck 0, propagating ...,

Distributed Ram \u_sched/u_cnn/img_mem226 input port DI1 is stuck 0, propagating ...,

Distributed Ram \u_sched/u_cnn/img_mem226 input port DI2 is stuck 0, propagating ...,

Distributed Ram \u_sched/u_cnn/img_mem226 input port DI3 is stuck 0, propagating ...,

All inputs of Distributed Ram \u_sched/u_cnn/img_mem226  are constant

Distributed Ram \u_sched/u_cnn/img_mem166 input port DI0 is stuck 0, propagating ...,

Distributed Ram \u_sched/u_cnn/img_mem166 input port DI1 is stuck 0, propagating ...,

Distributed Ram \u_sched/u_cnn/img_mem166 input port DI2 is stuck 0, propagating ...,

Distributed Ram \u_sched/u_cnn/img_mem166 input port DI3 is stuck 0, propagating ...,

All inputs of Distributed Ram \u_sched/u_cnn/img_mem166  are constant

Distributed Ram \u_sched/u_cnn/img_mem223 input port DI0 is stuck 0, propagating ...,

Distributed Ram \u_sched/u_cnn/img_mem223 input port DI1 is stuck 0, propagating ...,

Distributed Ram \u_sched/u_cnn/img_mem223 input port DI2 is stuck 0, propagating ...,

Distributed Ram \u_sched/u_cnn/img_mem223 input port DI3 is stuck 0, propagating ...,

All inputs of Distributed Ram \u_sched/u_cnn/img_mem223  are constant

Distributed Ram \u_sched/u_cnn/img_mem225 input port DI0 is stuck 0, propagating ...,

Distributed Ram \u_sched/u_cnn/img_mem225 input port DI1 is stuck 0, propagating ...,

Distributed Ram \u_sched/u_cnn/img_mem225 input port DI2 is stuck 0, propagating ...,

Distributed Ram \u_sched/u_cnn/img_mem225 input port DI3 is stuck 0, propagating ...,

All inputs of Distributed Ram \u_sched/u_cnn/img_mem225  are constant

Distributed Ram \u_sched/u_cnn/img_mem220 input port DI0 is stuck 0, propagating ...,

Distributed Ram \u_sched/u_cnn/img_mem220 input port DI1 is stuck 0, propagating ...,

Distributed Ram \u_sched/u_cnn/img_mem220 input port DI2 is stuck 0, propagating ...,

Distributed Ram \u_sched/u_cnn/img_mem220 input port DI3 is stuck 0, propagating ...,

All inputs of Distributed Ram \u_sched/u_cnn/img_mem220  are constant

Distributed Ram \u_sched/u_cnn/img_mem164 input port DI0 is stuck 0, propagating ...,

Distributed Ram \u_sched/u_cnn/img_mem164 input port DI1 is stuck 0, propagating ...,

Distributed Ram \u_sched/u_cnn/img_mem164 input port DI2 is stuck 0, propagating ...,

Distributed Ram \u_sched/u_cnn/img_mem164 input port DI3 is stuck 0, propagating ...,

All inputs of Distributed Ram \u_sched/u_cnn/img_mem164  are constant

Distributed Ram \u_sched/u_cnn/img_mem250 input port DI0 is stuck 0, propagating ...,

Distributed Ram \u_sched/u_cnn/img_mem250 input port DI1 is stuck 0, propagating ...,

Distributed Ram \u_sched/u_cnn/img_mem250 input port DI2 is stuck 0, propagating ...,

Distributed Ram \u_sched/u_cnn/img_mem250 input port DI3 is stuck 0, propagating ...,

All inputs of Distributed Ram \u_sched/u_cnn/img_mem250  are constant

Distributed Ram \u_sched/u_cnn/img_mem140 input port DI0 is stuck 0, propagating ...,

Distributed Ram \u_sched/u_cnn/img_mem140 input port DI1 is stuck 0, propagating ...,

Distributed Ram \u_sched/u_cnn/img_mem140 input port DI2 is stuck 0, propagating ...,

Distributed Ram \u_sched/u_cnn/img_mem140 input port DI3 is stuck 0, propagating ...,

All inputs of Distributed Ram \u_sched/u_cnn/img_mem140  are constant

Distributed Ram \u_sched/u_cnn/img_mem209 input port DI0 is stuck 0, propagating ...,

Distributed Ram \u_sched/u_cnn/img_mem209 input port DI1 is stuck 0, propagating ...,

Distributed Ram \u_sched/u_cnn/img_mem209 input port DI2 is stuck 0, propagating ...,

Distributed Ram \u_sched/u_cnn/img_mem209 input port DI3 is stuck 0, propagating ...,

All inputs of Distributed Ram \u_sched/u_cnn/img_mem209  are constant

Distributed Ram \u_sched/u_cnn/img_mem205 input port DI0 is stuck 0, propagating ...,

Distributed Ram \u_sched/u_cnn/img_mem205 input port DI1 is stuck 0, propagating ...,

Distributed Ram \u_sched/u_cnn/img_mem205 input port DI2 is stuck 0, propagating ...,

Distributed Ram \u_sched/u_cnn/img_mem205 input port DI3 is stuck 0, propagating ...,

All inputs of Distributed Ram \u_sched/u_cnn/img_mem205  are constant

Distributed Ram \u_sched/u_cnn/img_mem131 input port DI0 is stuck 0, propagating ...,

Distributed Ram \u_sched/u_cnn/img_mem131 input port DI1 is stuck 0, propagating ...,

Distributed Ram \u_sched/u_cnn/img_mem131 input port DI2 is stuck 0, propagating ...,

Distributed Ram \u_sched/u_cnn/img_mem131 input port DI3 is stuck 0, propagating ...,

All inputs of Distributed Ram \u_sched/u_cnn/img_mem131  are constant

Distributed Ram \u_sched/u_cnn/img_mem204 input port DI0 is stuck 0, propagating ...,

Distributed Ram \u_sched/u_cnn/img_mem204 input port DI1 is stuck 0, propagating ...,

Distributed Ram \u_sched/u_cnn/img_mem204 input port DI2 is stuck 0, propagating ...,

Distributed Ram \u_sched/u_cnn/img_mem204 input port DI3 is stuck 0, propagating ...,

All inputs of Distributed Ram \u_sched/u_cnn/img_mem204  are constant

Distributed Ram \u_sched/u_cnn/img_mem243 input port DI0 is stuck 0, propagating ...,

Distributed Ram \u_sched/u_cnn/img_mem243 input port DI1 is stuck 0, propagating ...,

Distributed Ram \u_sched/u_cnn/img_mem243 input port DI2 is stuck 0, propagating ...,

Distributed Ram \u_sched/u_cnn/img_mem243 input port DI3 is stuck 0, propagating ...,

All inputs of Distributed Ram \u_sched/u_cnn/img_mem243  are constant

Distributed Ram \u_sched/u_cnn/img_mem120 input port DI0 is stuck 0, propagating ...,

Distributed Ram \u_sched/u_cnn/img_mem120 input port DI1 is stuck 0, propagating ...,

Distributed Ram \u_sched/u_cnn/img_mem120 input port DI2 is stuck 0, propagating ...,

Distributed Ram \u_sched/u_cnn/img_mem120 input port DI3 is stuck 0, propagating ...,

All inputs of Distributed Ram \u_sched/u_cnn/img_mem120  are constant

Distributed Ram \u_sched/u_cnn/img_mem194 input port DI0 is stuck 0, propagating ...,

Distributed Ram \u_sched/u_cnn/img_mem194 input port DI1 is stuck 0, propagating ...,

Distributed Ram \u_sched/u_cnn/img_mem194 input port DI2 is stuck 0, propagating ...,

Distributed Ram \u_sched/u_cnn/img_mem194 input port DI3 is stuck 0, propagating ...,

All inputs of Distributed Ram \u_sched/u_cnn/img_mem194  are constant

Distributed Ram \u_sched/u_cnn/img_mem171 input port DI0 is stuck 0, propagating ...,

Distributed Ram \u_sched/u_cnn/img_mem171 input port DI1 is stuck 0, propagating ...,

Distributed Ram \u_sched/u_cnn/img_mem171 input port DI2 is stuck 0, propagating ...,

Distributed Ram \u_sched/u_cnn/img_mem171 input port DI3 is stuck 0, propagating ...,

All inputs of Distributed Ram \u_sched/u_cnn/img_mem171  are constant

Distributed Ram \u_sched/u_cnn/img_mem168 input port DI0 is stuck 0, propagating ...,

Distributed Ram \u_sched/u_cnn/img_mem168 input port DI1 is stuck 0, propagating ...,

Distributed Ram \u_sched/u_cnn/img_mem168 input port DI2 is stuck 0, propagating ...,

Distributed Ram \u_sched/u_cnn/img_mem168 input port DI3 is stuck 0, propagating ...,

All inputs of Distributed Ram \u_sched/u_cnn/img_mem168  are constant

Distributed Ram \u_sched/u_cnn/img_mem95 input port DI0 is stuck 0, propagating ...,

Distributed Ram \u_sched/u_cnn/img_mem95 input port DI1 is stuck 0, propagating ...,

Distributed Ram \u_sched/u_cnn/img_mem95 input port DI2 is stuck 0, propagating ...,

Distributed Ram \u_sched/u_cnn/img_mem95 input port DI3 is stuck 0, propagating ...,

All inputs of Distributed Ram \u_sched/u_cnn/img_mem95  are constant

Distributed Ram \u_sched/u_cnn/img_mem170 input port DI0 is stuck 0, propagating ...,

Distributed Ram \u_sched/u_cnn/img_mem170 input port DI1 is stuck 0, propagating ...,

Distributed Ram \u_sched/u_cnn/img_mem170 input port DI2 is stuck 0, propagating ...,

Distributed Ram \u_sched/u_cnn/img_mem170 input port DI3 is stuck 0, propagating ...,

All inputs of Distributed Ram \u_sched/u_cnn/img_mem170  are constant

Distributed Ram \u_sched/u_cnn/img_mem165 input port DI0 is stuck 0, propagating ...,

Distributed Ram \u_sched/u_cnn/img_mem165 input port DI1 is stuck 0, propagating ...,

Distributed Ram \u_sched/u_cnn/img_mem165 input port DI2 is stuck 0, propagating ...,

Distributed Ram \u_sched/u_cnn/img_mem165 input port DI3 is stuck 0, propagating ...,

All inputs of Distributed Ram \u_sched/u_cnn/img_mem165  are constant

Distributed Ram \u_sched/u_cnn/img_mem94 input port DI0 is stuck 0, propagating ...,

Distributed Ram \u_sched/u_cnn/img_mem94 input port DI1 is stuck 0, propagating ...,

Distributed Ram \u_sched/u_cnn/img_mem94 input port DI2 is stuck 0, propagating ...,

Distributed Ram \u_sched/u_cnn/img_mem94 input port DI3 is stuck 0, propagating ...,

All inputs of Distributed Ram \u_sched/u_cnn/img_mem94  are constant

Distributed Ram \u_sched/u_cnn/img_mem227 input port DI0 is stuck 0, propagating ...,

Distributed Ram \u_sched/u_cnn/img_mem227 input port DI1 is stuck 0, propagating ...,

Distributed Ram \u_sched/u_cnn/img_mem227 input port DI2 is stuck 0, propagating ...,

Distributed Ram \u_sched/u_cnn/img_mem227 input port DI3 is stuck 0, propagating ...,

All inputs of Distributed Ram \u_sched/u_cnn/img_mem227  are constant

Distributed Ram \u_sched/u_cnn/img_mem222 input port DI0 is stuck 0, propagating ...,

Distributed Ram \u_sched/u_cnn/img_mem222 input port DI1 is stuck 0, propagating ...,

Distributed Ram \u_sched/u_cnn/img_mem222 input port DI2 is stuck 0, propagating ...,

Distributed Ram \u_sched/u_cnn/img_mem222 input port DI3 is stuck 0, propagating ...,

All inputs of Distributed Ram \u_sched/u_cnn/img_mem222  are constant

Distributed Ram \u_sched/u_cnn/img_mem65 input port DI0 is stuck 0, propagating ...,

Distributed Ram \u_sched/u_cnn/img_mem65 input port DI1 is stuck 0, propagating ...,

Distributed Ram \u_sched/u_cnn/img_mem65 input port DI2 is stuck 0, propagating ...,

Distributed Ram \u_sched/u_cnn/img_mem65 input port DI3 is stuck 0, propagating ...,

All inputs of Distributed Ram \u_sched/u_cnn/img_mem65  are constant

Distributed Ram \u_sched/u_cnn/img_mem18 input port DI0 is stuck 0, propagating ...,

Distributed Ram \u_sched/u_cnn/img_mem18 input port DI1 is stuck 0, propagating ...,

Distributed Ram \u_sched/u_cnn/img_mem18 input port DI2 is stuck 0, propagating ...,

Distributed Ram \u_sched/u_cnn/img_mem18 input port DI3 is stuck 0, propagating ...,

All inputs of Distributed Ram \u_sched/u_cnn/img_mem18  are constant

Distributed Ram \u_sched/u_cnn/img_mem247 input port DI0 is stuck 0, propagating ...,

Distributed Ram \u_sched/u_cnn/img_mem247 input port DI1 is stuck 0, propagating ...,

Distributed Ram \u_sched/u_cnn/img_mem247 input port DI2 is stuck 0, propagating ...,

Distributed Ram \u_sched/u_cnn/img_mem247 input port DI3 is stuck 0, propagating ...,

All inputs of Distributed Ram \u_sched/u_cnn/img_mem247  are constant

Distributed Ram \u_sched/u_cnn/img_mem195 input port DI0 is stuck 0, propagating ...,

Distributed Ram \u_sched/u_cnn/img_mem195 input port DI1 is stuck 0, propagating ...,

Distributed Ram \u_sched/u_cnn/img_mem195 input port DI2 is stuck 0, propagating ...,

Distributed Ram \u_sched/u_cnn/img_mem195 input port DI3 is stuck 0, propagating ...,

All inputs of Distributed Ram \u_sched/u_cnn/img_mem195  are constant

Distributed Ram \u_sched/u_cnn/img_mem203 input port DI0 is stuck 0, propagating ...,

Distributed Ram \u_sched/u_cnn/img_mem203 input port DI1 is stuck 0, propagating ...,

Distributed Ram \u_sched/u_cnn/img_mem203 input port DI2 is stuck 0, propagating ...,

Distributed Ram \u_sched/u_cnn/img_mem203 input port DI3 is stuck 0, propagating ...,

All inputs of Distributed Ram \u_sched/u_cnn/img_mem203  are constant

Distributed Ram \u_sched/u_cnn/img_mem142 input port DI0 is stuck 0, propagating ...,

Distributed Ram \u_sched/u_cnn/img_mem142 input port DI1 is stuck 0, propagating ...,

Distributed Ram \u_sched/u_cnn/img_mem142 input port DI2 is stuck 0, propagating ...,

Distributed Ram \u_sched/u_cnn/img_mem142 input port DI3 is stuck 0, propagating ...,

All inputs of Distributed Ram \u_sched/u_cnn/img_mem142  are constant

Distributed Ram \u_sched/u_cnn/img_mem139 input port DI0 is stuck 0, propagating ...,

Distributed Ram \u_sched/u_cnn/img_mem139 input port DI1 is stuck 0, propagating ...,

Distributed Ram \u_sched/u_cnn/img_mem139 input port DI2 is stuck 0, propagating ...,

Distributed Ram \u_sched/u_cnn/img_mem139 input port DI3 is stuck 0, propagating ...,

All inputs of Distributed Ram \u_sched/u_cnn/img_mem139  are constant

Distributed Ram \u_sched/u_cnn/img_mem64 input port DI0 is stuck 0, propagating ...,

Distributed Ram \u_sched/u_cnn/img_mem64 input port DI1 is stuck 0, propagating ...,

Distributed Ram \u_sched/u_cnn/img_mem64 input port DI2 is stuck 0, propagating ...,

Distributed Ram \u_sched/u_cnn/img_mem64 input port DI3 is stuck 0, propagating ...,

All inputs of Distributed Ram \u_sched/u_cnn/img_mem64  are constant

Distributed Ram \u_sched/u_cnn/img_mem62 input port DI0 is stuck 0, propagating ...,

Distributed Ram \u_sched/u_cnn/img_mem62 input port DI1 is stuck 0, propagating ...,

Distributed Ram \u_sched/u_cnn/img_mem62 input port DI2 is stuck 0, propagating ...,

Distributed Ram \u_sched/u_cnn/img_mem62 input port DI3 is stuck 0, propagating ...,

All inputs of Distributed Ram \u_sched/u_cnn/img_mem62  are constant

Distributed Ram \u_sched/u_cnn/img_mem138 input port DI0 is stuck 0, propagating ...,

Distributed Ram \u_sched/u_cnn/img_mem138 input port DI1 is stuck 0, propagating ...,

Distributed Ram \u_sched/u_cnn/img_mem138 input port DI2 is stuck 0, propagating ...,

Distributed Ram \u_sched/u_cnn/img_mem138 input port DI3 is stuck 0, propagating ...,

All inputs of Distributed Ram \u_sched/u_cnn/img_mem138  are constant

Distributed Ram \u_sched/u_cnn/img_mem133 input port DI0 is stuck 0, propagating ...,

Distributed Ram \u_sched/u_cnn/img_mem133 input port DI1 is stuck 0, propagating ...,

Distributed Ram \u_sched/u_cnn/img_mem133 input port DI2 is stuck 0, propagating ...,

Distributed Ram \u_sched/u_cnn/img_mem133 input port DI3 is stuck 0, propagating ...,

All inputs of Distributed Ram \u_sched/u_cnn/img_mem133  are constant

Distributed Ram \u_sched/u_cnn/img_mem207 input port DI0 is stuck 0, propagating ...,

Distributed Ram \u_sched/u_cnn/img_mem207 input port DI1 is stuck 0, propagating ...,

Distributed Ram \u_sched/u_cnn/img_mem207 input port DI2 is stuck 0, propagating ...,

Distributed Ram \u_sched/u_cnn/img_mem207 input port DI3 is stuck 0, propagating ...,

All inputs of Distributed Ram \u_sched/u_cnn/img_mem207  are constant

Distributed Ram \u_sched/u_cnn/img_mem54 input port DI0 is stuck 0, propagating ...,

Distributed Ram \u_sched/u_cnn/img_mem54 input port DI1 is stuck 0, propagating ...,

Distributed Ram \u_sched/u_cnn/img_mem54 input port DI2 is stuck 0, propagating ...,

Distributed Ram \u_sched/u_cnn/img_mem54 input port DI3 is stuck 0, propagating ...,

All inputs of Distributed Ram \u_sched/u_cnn/img_mem54  are constant

Distributed Ram \u_sched/u_cnn/img_mem122 input port DI0 is stuck 0, propagating ...,

Distributed Ram \u_sched/u_cnn/img_mem122 input port DI1 is stuck 0, propagating ...,

Distributed Ram \u_sched/u_cnn/img_mem122 input port DI2 is stuck 0, propagating ...,

Distributed Ram \u_sched/u_cnn/img_mem122 input port DI3 is stuck 0, propagating ...,

All inputs of Distributed Ram \u_sched/u_cnn/img_mem122  are constant

Distributed Ram \u_sched/u_cnn/img_mem119 input port DI0 is stuck 0, propagating ...,

Distributed Ram \u_sched/u_cnn/img_mem119 input port DI1 is stuck 0, propagating ...,

Distributed Ram \u_sched/u_cnn/img_mem119 input port DI2 is stuck 0, propagating ...,

Distributed Ram \u_sched/u_cnn/img_mem119 input port DI3 is stuck 0, propagating ...,

All inputs of Distributed Ram \u_sched/u_cnn/img_mem119  are constant

Distributed Ram \u_sched/u_cnn/img_mem49 input port DI0 is stuck 0, propagating ...,

Distributed Ram \u_sched/u_cnn/img_mem49 input port DI1 is stuck 0, propagating ...,

Distributed Ram \u_sched/u_cnn/img_mem49 input port DI2 is stuck 0, propagating ...,

Distributed Ram \u_sched/u_cnn/img_mem49 input port DI3 is stuck 0, propagating ...,

All inputs of Distributed Ram \u_sched/u_cnn/img_mem49  are constant

Distributed Ram \u_sched/u_cnn/img_mem47 input port DI0 is stuck 0, propagating ...,

Distributed Ram \u_sched/u_cnn/img_mem47 input port DI1 is stuck 0, propagating ...,

Distributed Ram \u_sched/u_cnn/img_mem47 input port DI2 is stuck 0, propagating ...,

Distributed Ram \u_sched/u_cnn/img_mem47 input port DI3 is stuck 0, propagating ...,

All inputs of Distributed Ram \u_sched/u_cnn/img_mem47  are constant

Distributed Ram \u_sched/u_cnn/img_mem118 input port DI0 is stuck 0, propagating ...,

Distributed Ram \u_sched/u_cnn/img_mem118 input port DI1 is stuck 0, propagating ...,

Distributed Ram \u_sched/u_cnn/img_mem118 input port DI2 is stuck 0, propagating ...,

Distributed Ram \u_sched/u_cnn/img_mem118 input port DI3 is stuck 0, propagating ...,

All inputs of Distributed Ram \u_sched/u_cnn/img_mem118  are constant

Distributed Ram \u_sched/u_cnn/img_mem192 input port DI0 is stuck 0, propagating ...,

Distributed Ram \u_sched/u_cnn/img_mem192 input port DI1 is stuck 0, propagating ...,

Distributed Ram \u_sched/u_cnn/img_mem192 input port DI2 is stuck 0, propagating ...,

Distributed Ram \u_sched/u_cnn/img_mem192 input port DI3 is stuck 0, propagating ...,

All inputs of Distributed Ram \u_sched/u_cnn/img_mem192  are constant

Distributed Ram \u_sched/u_cnn/img_mem93 input port DI0 is stuck 0, propagating ...,

Distributed Ram \u_sched/u_cnn/img_mem93 input port DI1 is stuck 0, propagating ...,

Distributed Ram \u_sched/u_cnn/img_mem93 input port DI2 is stuck 0, propagating ...,

Distributed Ram \u_sched/u_cnn/img_mem93 input port DI3 is stuck 0, propagating ...,

All inputs of Distributed Ram \u_sched/u_cnn/img_mem93  are constant

Distributed Ram \u_sched/u_cnn/img_mem121 input port DI0 is stuck 0, propagating ...,

Distributed Ram \u_sched/u_cnn/img_mem121 input port DI1 is stuck 0, propagating ...,

Distributed Ram \u_sched/u_cnn/img_mem121 input port DI2 is stuck 0, propagating ...,

Distributed Ram \u_sched/u_cnn/img_mem121 input port DI3 is stuck 0, propagating ...,

All inputs of Distributed Ram \u_sched/u_cnn/img_mem121  are constant

Distributed Ram \u_sched/u_cnn/img_mem48 input port DI0 is stuck 0, propagating ...,

Distributed Ram \u_sched/u_cnn/img_mem48 input port DI1 is stuck 0, propagating ...,

Distributed Ram \u_sched/u_cnn/img_mem48 input port DI2 is stuck 0, propagating ...,

Distributed Ram \u_sched/u_cnn/img_mem48 input port DI3 is stuck 0, propagating ...,

All inputs of Distributed Ram \u_sched/u_cnn/img_mem48  are constant

Distributed Ram \u_sched/u_cnn/img_mem96 input port DI0 is stuck 0, propagating ...,

Distributed Ram \u_sched/u_cnn/img_mem96 input port DI1 is stuck 0, propagating ...,

Distributed Ram \u_sched/u_cnn/img_mem96 input port DI2 is stuck 0, propagating ...,

Distributed Ram \u_sched/u_cnn/img_mem96 input port DI3 is stuck 0, propagating ...,

All inputs of Distributed Ram \u_sched/u_cnn/img_mem96  are constant

Distributed Ram \u_sched/u_cnn/img_mem117 input port DI0 is stuck 0, propagating ...,

Distributed Ram \u_sched/u_cnn/img_mem117 input port DI1 is stuck 0, propagating ...,

Distributed Ram \u_sched/u_cnn/img_mem117 input port DI2 is stuck 0, propagating ...,

Distributed Ram \u_sched/u_cnn/img_mem117 input port DI3 is stuck 0, propagating ...,

All inputs of Distributed Ram \u_sched/u_cnn/img_mem117  are constant

Distributed Ram \u_sched/u_cnn/img_mem224 input port DI0 is stuck 0, propagating ...,

Distributed Ram \u_sched/u_cnn/img_mem224 input port DI1 is stuck 0, propagating ...,

Distributed Ram \u_sched/u_cnn/img_mem224 input port DI2 is stuck 0, propagating ...,

Distributed Ram \u_sched/u_cnn/img_mem224 input port DI3 is stuck 0, propagating ...,

All inputs of Distributed Ram \u_sched/u_cnn/img_mem224  are constant

Distributed Ram \u_sched/u_cnn/img_mem219 input port DI0 is stuck 0, propagating ...,

Distributed Ram \u_sched/u_cnn/img_mem219 input port DI1 is stuck 0, propagating ...,

Distributed Ram \u_sched/u_cnn/img_mem219 input port DI2 is stuck 0, propagating ...,

Distributed Ram \u_sched/u_cnn/img_mem219 input port DI3 is stuck 0, propagating ...,

All inputs of Distributed Ram \u_sched/u_cnn/img_mem219  are constant

Distributed Ram \u_sched/u_cnn/img_mem36 input port DI0 is stuck 0, propagating ...,

Distributed Ram \u_sched/u_cnn/img_mem36 input port DI1 is stuck 0, propagating ...,

Distributed Ram \u_sched/u_cnn/img_mem36 input port DI2 is stuck 0, propagating ...,

Distributed Ram \u_sched/u_cnn/img_mem36 input port DI3 is stuck 0, propagating ...,

All inputs of Distributed Ram \u_sched/u_cnn/img_mem36  are constant

Distributed Ram \u_sched/u_cnn/img_mem254 input port DI0 is stuck 0, propagating ...,

Distributed Ram \u_sched/u_cnn/img_mem254 input port DI1 is stuck 0, propagating ...,

Distributed Ram \u_sched/u_cnn/img_mem254 input port DI2 is stuck 0, propagating ...,

Distributed Ram \u_sched/u_cnn/img_mem254 input port DI3 is stuck 0, propagating ...,

All inputs of Distributed Ram \u_sched/u_cnn/img_mem254  are constant

Distributed Ram \u_sched/u_cnn/img_mem167 input port DI0 is stuck 0, propagating ...,

Distributed Ram \u_sched/u_cnn/img_mem167 input port DI1 is stuck 0, propagating ...,

Distributed Ram \u_sched/u_cnn/img_mem167 input port DI2 is stuck 0, propagating ...,

Distributed Ram \u_sched/u_cnn/img_mem167 input port DI3 is stuck 0, propagating ...,

All inputs of Distributed Ram \u_sched/u_cnn/img_mem167  are constant

Distributed Ram \u_sched/u_cnn/img_mem238 input port DI0 is stuck 0, propagating ...,

Distributed Ram \u_sched/u_cnn/img_mem238 input port DI1 is stuck 0, propagating ...,

Distributed Ram \u_sched/u_cnn/img_mem238 input port DI2 is stuck 0, propagating ...,

Distributed Ram \u_sched/u_cnn/img_mem238 input port DI3 is stuck 0, propagating ...,

All inputs of Distributed Ram \u_sched/u_cnn/img_mem238  are constant

Distributed Ram \u_sched/u_cnn/img_mem81 input port DI0 is stuck 0, propagating ...,

Distributed Ram \u_sched/u_cnn/img_mem81 input port DI1 is stuck 0, propagating ...,

Distributed Ram \u_sched/u_cnn/img_mem81 input port DI2 is stuck 0, propagating ...,

Distributed Ram \u_sched/u_cnn/img_mem81 input port DI3 is stuck 0, propagating ...,

All inputs of Distributed Ram \u_sched/u_cnn/img_mem81  are constant

Distributed Ram \u_sched/u_cnn/img_mem24 input port DI0 is stuck 0, propagating ...,

Distributed Ram \u_sched/u_cnn/img_mem24 input port DI1 is stuck 0, propagating ...,

Distributed Ram \u_sched/u_cnn/img_mem24 input port DI2 is stuck 0, propagating ...,

Distributed Ram \u_sched/u_cnn/img_mem24 input port DI3 is stuck 0, propagating ...,

All inputs of Distributed Ram \u_sched/u_cnn/img_mem24  are constant

Distributed Ram \u_sched/u_cnn/img_mem70 input port DI0 is stuck 0, propagating ...,

Distributed Ram \u_sched/u_cnn/img_mem70 input port DI1 is stuck 0, propagating ...,

Distributed Ram \u_sched/u_cnn/img_mem70 input port DI2 is stuck 0, propagating ...,

Distributed Ram \u_sched/u_cnn/img_mem70 input port DI3 is stuck 0, propagating ...,

All inputs of Distributed Ram \u_sched/u_cnn/img_mem70  are constant

Distributed Ram \u_sched/u_cnn/img_mem218 input port DI0 is stuck 0, propagating ...,

Distributed Ram \u_sched/u_cnn/img_mem218 input port DI1 is stuck 0, propagating ...,

Distributed Ram \u_sched/u_cnn/img_mem218 input port DI2 is stuck 0, propagating ...,

Distributed Ram \u_sched/u_cnn/img_mem218 input port DI3 is stuck 0, propagating ...,

All inputs of Distributed Ram \u_sched/u_cnn/img_mem218  are constant

Distributed Ram \u_sched/u_cnn/img_mem210 input port DI0 is stuck 0, propagating ...,

Distributed Ram \u_sched/u_cnn/img_mem210 input port DI1 is stuck 0, propagating ...,

Distributed Ram \u_sched/u_cnn/img_mem210 input port DI2 is stuck 0, propagating ...,

Distributed Ram \u_sched/u_cnn/img_mem210 input port DI3 is stuck 0, propagating ...,

All inputs of Distributed Ram \u_sched/u_cnn/img_mem210  are constant

Distributed Ram \u_sched/u_cnn/img_mem193 input port DI0 is stuck 0, propagating ...,

Distributed Ram \u_sched/u_cnn/img_mem193 input port DI1 is stuck 0, propagating ...,

Distributed Ram \u_sched/u_cnn/img_mem193 input port DI2 is stuck 0, propagating ...,

Distributed Ram \u_sched/u_cnn/img_mem193 input port DI3 is stuck 0, propagating ...,

All inputs of Distributed Ram \u_sched/u_cnn/img_mem193  are constant

Distributed Ram \u_sched/u_cnn/img_mem246 input port DI0 is stuck 0, propagating ...,

Distributed Ram \u_sched/u_cnn/img_mem246 input port DI1 is stuck 0, propagating ...,

Distributed Ram \u_sched/u_cnn/img_mem246 input port DI2 is stuck 0, propagating ...,

Distributed Ram \u_sched/u_cnn/img_mem246 input port DI3 is stuck 0, propagating ...,

All inputs of Distributed Ram \u_sched/u_cnn/img_mem246  are constant

Distributed Ram \u_sched/u_cnn/img_mem63 input port DI0 is stuck 0, propagating ...,

Distributed Ram \u_sched/u_cnn/img_mem63 input port DI1 is stuck 0, propagating ...,

Distributed Ram \u_sched/u_cnn/img_mem63 input port DI2 is stuck 0, propagating ...,

Distributed Ram \u_sched/u_cnn/img_mem63 input port DI3 is stuck 0, propagating ...,

All inputs of Distributed Ram \u_sched/u_cnn/img_mem63  are constant

Distributed Ram \u_sched/u_cnn/img_mem132 input port DI0 is stuck 0, propagating ...,

Distributed Ram \u_sched/u_cnn/img_mem132 input port DI1 is stuck 0, propagating ...,

Distributed Ram \u_sched/u_cnn/img_mem132 input port DI2 is stuck 0, propagating ...,

Distributed Ram \u_sched/u_cnn/img_mem132 input port DI3 is stuck 0, propagating ...,

All inputs of Distributed Ram \u_sched/u_cnn/img_mem132  are constant

Distributed Ram \u_sched/u_cnn/img_mem92 input port DI0 is stuck 0, propagating ...,

Distributed Ram \u_sched/u_cnn/img_mem92 input port DI1 is stuck 0, propagating ...,

Distributed Ram \u_sched/u_cnn/img_mem92 input port DI2 is stuck 0, propagating ...,

Distributed Ram \u_sched/u_cnn/img_mem92 input port DI3 is stuck 0, propagating ...,

All inputs of Distributed Ram \u_sched/u_cnn/img_mem92  are constant

Distributed Ram \u_sched/u_cnn/img_mem163 input port DI0 is stuck 0, propagating ...,

Distributed Ram \u_sched/u_cnn/img_mem163 input port DI1 is stuck 0, propagating ...,

Distributed Ram \u_sched/u_cnn/img_mem163 input port DI2 is stuck 0, propagating ...,

Distributed Ram \u_sched/u_cnn/img_mem163 input port DI3 is stuck 0, propagating ...,

All inputs of Distributed Ram \u_sched/u_cnn/img_mem163  are constant

Distributed Ram \u_sched/u_cnn/img_mem137 input port DI0 is stuck 0, propagating ...,

Distributed Ram \u_sched/u_cnn/img_mem137 input port DI1 is stuck 0, propagating ...,

Distributed Ram \u_sched/u_cnn/img_mem137 input port DI2 is stuck 0, propagating ...,

Distributed Ram \u_sched/u_cnn/img_mem137 input port DI3 is stuck 0, propagating ...,

All inputs of Distributed Ram \u_sched/u_cnn/img_mem137  are constant

Distributed Ram \u_sched/u_cnn/img_mem56 input port DI0 is stuck 0, propagating ...,

Distributed Ram \u_sched/u_cnn/img_mem56 input port DI1 is stuck 0, propagating ...,

Distributed Ram \u_sched/u_cnn/img_mem56 input port DI2 is stuck 0, propagating ...,

Distributed Ram \u_sched/u_cnn/img_mem56 input port DI3 is stuck 0, propagating ...,

All inputs of Distributed Ram \u_sched/u_cnn/img_mem56  are constant

Distributed Ram \u_sched/u_cnn/img_mem58 input port DI0 is stuck 0, propagating ...,

Distributed Ram \u_sched/u_cnn/img_mem58 input port DI1 is stuck 0, propagating ...,

Distributed Ram \u_sched/u_cnn/img_mem58 input port DI2 is stuck 0, propagating ...,

Distributed Ram \u_sched/u_cnn/img_mem58 input port DI3 is stuck 0, propagating ...,

All inputs of Distributed Ram \u_sched/u_cnn/img_mem58  are constant

Distributed Ram \u_sched/u_cnn/img_mem141 input port DI0 is stuck 0, propagating ...,

Distributed Ram \u_sched/u_cnn/img_mem141 input port DI1 is stuck 0, propagating ...,

Distributed Ram \u_sched/u_cnn/img_mem141 input port DI2 is stuck 0, propagating ...,

Distributed Ram \u_sched/u_cnn/img_mem141 input port DI3 is stuck 0, propagating ...,

All inputs of Distributed Ram \u_sched/u_cnn/img_mem141  are constant

Distributed Ram \u_sched/u_cnn/img_mem511 input port DI0 is stuck 0, propagating ...,

Distributed Ram \u_sched/u_cnn/img_mem511 input port DI1 is stuck 0, propagating ...,

Distributed Ram \u_sched/u_cnn/img_mem511 input port DI2 is stuck 0, propagating ...,

Distributed Ram \u_sched/u_cnn/img_mem511 input port DI3 is stuck 0, propagating ...,

All inputs of Distributed Ram \u_sched/u_cnn/img_mem511  are constant

Distributed Ram \u_sched/u_cnn/img_mem2 input port DI0 is stuck 0, propagating ...,

Distributed Ram \u_sched/u_cnn/img_mem2 input port DI1 is stuck 0, propagating ...,

Distributed Ram \u_sched/u_cnn/img_mem2 input port DI2 is stuck 0, propagating ...,

Distributed Ram \u_sched/u_cnn/img_mem2 input port DI3 is stuck 0, propagating ...,

All inputs of Distributed Ram \u_sched/u_cnn/img_mem2  are constant

Distributed Ram \u_sched/u_cnn/img_mem13 input port DI0 is stuck 0, propagating ...,

Distributed Ram \u_sched/u_cnn/img_mem13 input port DI1 is stuck 0, propagating ...,

Distributed Ram \u_sched/u_cnn/img_mem13 input port DI2 is stuck 0, propagating ...,

Distributed Ram \u_sched/u_cnn/img_mem13 input port DI3 is stuck 0, propagating ...,

All inputs of Distributed Ram \u_sched/u_cnn/img_mem13  are constant

Distributed Ram \u_sched/u_cnn/img_mem507 input port DI0 is stuck 0, propagating ...,

Distributed Ram \u_sched/u_cnn/img_mem507 input port DI1 is stuck 0, propagating ...,

Distributed Ram \u_sched/u_cnn/img_mem507 input port DI2 is stuck 0, propagating ...,

Distributed Ram \u_sched/u_cnn/img_mem507 input port DI3 is stuck 0, propagating ...,

All inputs of Distributed Ram \u_sched/u_cnn/img_mem507  are constant

Distributed Ram \u_sched/u_cnn/img_mem506 input port DI0 is stuck 0, propagating ...,

Distributed Ram \u_sched/u_cnn/img_mem506 input port DI1 is stuck 0, propagating ...,

Distributed Ram \u_sched/u_cnn/img_mem506 input port DI2 is stuck 0, propagating ...,

Distributed Ram \u_sched/u_cnn/img_mem506 input port DI3 is stuck 0, propagating ...,

All inputs of Distributed Ram \u_sched/u_cnn/img_mem506  are constant

Distributed Ram \u_sched/u_cnn/img_mem505 input port DI0 is stuck 0, propagating ...,

Distributed Ram \u_sched/u_cnn/img_mem505 input port DI1 is stuck 0, propagating ...,

Distributed Ram \u_sched/u_cnn/img_mem505 input port DI2 is stuck 0, propagating ...,

Distributed Ram \u_sched/u_cnn/img_mem505 input port DI3 is stuck 0, propagating ...,

All inputs of Distributed Ram \u_sched/u_cnn/img_mem505  are constant

Distributed Ram \u_sched/u_cnn/img_mem504 input port DI0 is stuck 0, propagating ...,

Distributed Ram \u_sched/u_cnn/img_mem504 input port DI1 is stuck 0, propagating ...,

Distributed Ram \u_sched/u_cnn/img_mem504 input port DI2 is stuck 0, propagating ...,

Distributed Ram \u_sched/u_cnn/img_mem504 input port DI3 is stuck 0, propagating ...,

All inputs of Distributed Ram \u_sched/u_cnn/img_mem504  are constant

Distributed Ram \u_sched/u_cnn/img_mem503 input port DI0 is stuck 0, propagating ...,

Distributed Ram \u_sched/u_cnn/img_mem503 input port DI1 is stuck 0, propagating ...,

Distributed Ram \u_sched/u_cnn/img_mem503 input port DI2 is stuck 0, propagating ...,

Distributed Ram \u_sched/u_cnn/img_mem503 input port DI3 is stuck 0, propagating ...,

All inputs of Distributed Ram \u_sched/u_cnn/img_mem503  are constant

Distributed Ram \u_sched/u_cnn/img_mem501 input port DI0 is stuck 0, propagating ...,

Distributed Ram \u_sched/u_cnn/img_mem501 input port DI1 is stuck 0, propagating ...,

Distributed Ram \u_sched/u_cnn/img_mem501 input port DI2 is stuck 0, propagating ...,

Distributed Ram \u_sched/u_cnn/img_mem501 input port DI3 is stuck 0, propagating ...,

All inputs of Distributed Ram \u_sched/u_cnn/img_mem501  are constant

Distributed Ram \u_sched/u_cnn/img_mem500 input port DI0 is stuck 0, propagating ...,

Distributed Ram \u_sched/u_cnn/img_mem500 input port DI1 is stuck 0, propagating ...,

Distributed Ram \u_sched/u_cnn/img_mem500 input port DI2 is stuck 0, propagating ...,

Distributed Ram \u_sched/u_cnn/img_mem500 input port DI3 is stuck 0, propagating ...,

All inputs of Distributed Ram \u_sched/u_cnn/img_mem500  are constant

Distributed Ram \u_sched/u_cnn/img_mem495 input port DI0 is stuck 0, propagating ...,

Distributed Ram \u_sched/u_cnn/img_mem495 input port DI1 is stuck 0, propagating ...,

Distributed Ram \u_sched/u_cnn/img_mem495 input port DI2 is stuck 0, propagating ...,

Distributed Ram \u_sched/u_cnn/img_mem495 input port DI3 is stuck 0, propagating ...,

All inputs of Distributed Ram \u_sched/u_cnn/img_mem495  are constant

Distributed Ram \u_sched/u_cnn/img_mem484 input port DI0 is stuck 0, propagating ...,

Distributed Ram \u_sched/u_cnn/img_mem484 input port DI1 is stuck 0, propagating ...,

Distributed Ram \u_sched/u_cnn/img_mem484 input port DI2 is stuck 0, propagating ...,

Distributed Ram \u_sched/u_cnn/img_mem484 input port DI3 is stuck 0, propagating ...,

All inputs of Distributed Ram \u_sched/u_cnn/img_mem484  are constant

Distributed Ram \u_sched/u_cnn/img_mem483 input port DI0 is stuck 0, propagating ...,

Distributed Ram \u_sched/u_cnn/img_mem483 input port DI1 is stuck 0, propagating ...,

Distributed Ram \u_sched/u_cnn/img_mem483 input port DI2 is stuck 0, propagating ...,

Distributed Ram \u_sched/u_cnn/img_mem483 input port DI3 is stuck 0, propagating ...,

All inputs of Distributed Ram \u_sched/u_cnn/img_mem483  are constant

Distributed Ram \u_sched/u_cnn/img_mem482 input port DI0 is stuck 0, propagating ...,

Distributed Ram \u_sched/u_cnn/img_mem482 input port DI1 is stuck 0, propagating ...,

Distributed Ram \u_sched/u_cnn/img_mem482 input port DI2 is stuck 0, propagating ...,

Distributed Ram \u_sched/u_cnn/img_mem482 input port DI3 is stuck 0, propagating ...,

All inputs of Distributed Ram \u_sched/u_cnn/img_mem482  are constant

Distributed Ram \u_sched/u_cnn/img_mem481 input port DI0 is stuck 0, propagating ...,

Distributed Ram \u_sched/u_cnn/img_mem481 input port DI1 is stuck 0, propagating ...,

Distributed Ram \u_sched/u_cnn/img_mem481 input port DI2 is stuck 0, propagating ...,

Distributed Ram \u_sched/u_cnn/img_mem481 input port DI3 is stuck 0, propagating ...,

All inputs of Distributed Ram \u_sched/u_cnn/img_mem481  are constant

Distributed Ram \u_sched/u_cnn/img_mem480 input port DI0 is stuck 0, propagating ...,

Distributed Ram \u_sched/u_cnn/img_mem480 input port DI1 is stuck 0, propagating ...,

Distributed Ram \u_sched/u_cnn/img_mem480 input port DI2 is stuck 0, propagating ...,

Distributed Ram \u_sched/u_cnn/img_mem480 input port DI3 is stuck 0, propagating ...,

All inputs of Distributed Ram \u_sched/u_cnn/img_mem480  are constant

Distributed Ram \u_sched/u_cnn/img_mem479 input port DI0 is stuck 0, propagating ...,

Distributed Ram \u_sched/u_cnn/img_mem479 input port DI1 is stuck 0, propagating ...,

Distributed Ram \u_sched/u_cnn/img_mem479 input port DI2 is stuck 0, propagating ...,

Distributed Ram \u_sched/u_cnn/img_mem479 input port DI3 is stuck 0, propagating ...,

All inputs of Distributed Ram \u_sched/u_cnn/img_mem479  are constant

Distributed Ram \u_sched/u_cnn/img_mem478 input port DI0 is stuck 0, propagating ...,

Distributed Ram \u_sched/u_cnn/img_mem478 input port DI1 is stuck 0, propagating ...,

Distributed Ram \u_sched/u_cnn/img_mem478 input port DI2 is stuck 0, propagating ...,

Distributed Ram \u_sched/u_cnn/img_mem478 input port DI3 is stuck 0, propagating ...,

All inputs of Distributed Ram \u_sched/u_cnn/img_mem478  are constant

Distributed Ram \u_sched/u_cnn/img_mem477 input port DI0 is stuck 0, propagating ...,

Distributed Ram \u_sched/u_cnn/img_mem477 input port DI1 is stuck 0, propagating ...,

Distributed Ram \u_sched/u_cnn/img_mem477 input port DI2 is stuck 0, propagating ...,

Distributed Ram \u_sched/u_cnn/img_mem477 input port DI3 is stuck 0, propagating ...,

All inputs of Distributed Ram \u_sched/u_cnn/img_mem477  are constant

Distributed Ram \u_sched/u_cnn/img_mem476 input port DI0 is stuck 0, propagating ...,

Distributed Ram \u_sched/u_cnn/img_mem476 input port DI1 is stuck 0, propagating ...,

Distributed Ram \u_sched/u_cnn/img_mem476 input port DI2 is stuck 0, propagating ...,

Distributed Ram \u_sched/u_cnn/img_mem476 input port DI3 is stuck 0, propagating ...,

All inputs of Distributed Ram \u_sched/u_cnn/img_mem476  are constant

Distributed Ram \u_sched/u_cnn/img_mem475 input port DI0 is stuck 0, propagating ...,

Distributed Ram \u_sched/u_cnn/img_mem475 input port DI1 is stuck 0, propagating ...,

Distributed Ram \u_sched/u_cnn/img_mem475 input port DI2 is stuck 0, propagating ...,

Distributed Ram \u_sched/u_cnn/img_mem475 input port DI3 is stuck 0, propagating ...,

All inputs of Distributed Ram \u_sched/u_cnn/img_mem475  are constant

Distributed Ram \u_sched/u_cnn/img_mem467 input port DI0 is stuck 0, propagating ...,

Distributed Ram \u_sched/u_cnn/img_mem467 input port DI1 is stuck 0, propagating ...,

Distributed Ram \u_sched/u_cnn/img_mem467 input port DI2 is stuck 0, propagating ...,

Distributed Ram \u_sched/u_cnn/img_mem467 input port DI3 is stuck 0, propagating ...,

All inputs of Distributed Ram \u_sched/u_cnn/img_mem467  are constant

Distributed Ram \u_sched/u_cnn/img_mem466 input port DI0 is stuck 0, propagating ...,

Distributed Ram \u_sched/u_cnn/img_mem466 input port DI1 is stuck 0, propagating ...,

Distributed Ram \u_sched/u_cnn/img_mem466 input port DI2 is stuck 0, propagating ...,

Distributed Ram \u_sched/u_cnn/img_mem466 input port DI3 is stuck 0, propagating ...,

All inputs of Distributed Ram \u_sched/u_cnn/img_mem466  are constant

Distributed Ram \u_sched/u_cnn/img_mem465 input port DI0 is stuck 0, propagating ...,

Distributed Ram \u_sched/u_cnn/img_mem465 input port DI1 is stuck 0, propagating ...,

Distributed Ram \u_sched/u_cnn/img_mem465 input port DI2 is stuck 0, propagating ...,

Distributed Ram \u_sched/u_cnn/img_mem465 input port DI3 is stuck 0, propagating ...,

All inputs of Distributed Ram \u_sched/u_cnn/img_mem465  are constant

Distributed Ram \u_sched/u_cnn/img_mem464 input port DI0 is stuck 0, propagating ...,

Distributed Ram \u_sched/u_cnn/img_mem464 input port DI1 is stuck 0, propagating ...,

Distributed Ram \u_sched/u_cnn/img_mem464 input port DI2 is stuck 0, propagating ...,

Distributed Ram \u_sched/u_cnn/img_mem464 input port DI3 is stuck 0, propagating ...,

All inputs of Distributed Ram \u_sched/u_cnn/img_mem464  are constant

Distributed Ram \u_sched/u_cnn/img_mem462 input port DI0 is stuck 0, propagating ...,

Distributed Ram \u_sched/u_cnn/img_mem462 input port DI1 is stuck 0, propagating ...,

Distributed Ram \u_sched/u_cnn/img_mem462 input port DI2 is stuck 0, propagating ...,

Distributed Ram \u_sched/u_cnn/img_mem462 input port DI3 is stuck 0, propagating ...,

All inputs of Distributed Ram \u_sched/u_cnn/img_mem462  are constant

Distributed Ram \u_sched/u_cnn/img_mem461 input port DI0 is stuck 0, propagating ...,

Distributed Ram \u_sched/u_cnn/img_mem461 input port DI1 is stuck 0, propagating ...,

Distributed Ram \u_sched/u_cnn/img_mem461 input port DI2 is stuck 0, propagating ...,

Distributed Ram \u_sched/u_cnn/img_mem461 input port DI3 is stuck 0, propagating ...,

All inputs of Distributed Ram \u_sched/u_cnn/img_mem461  are constant

Distributed Ram \u_sched/u_cnn/img_mem460 input port DI0 is stuck 0, propagating ...,

Distributed Ram \u_sched/u_cnn/img_mem460 input port DI1 is stuck 0, propagating ...,

Distributed Ram \u_sched/u_cnn/img_mem460 input port DI2 is stuck 0, propagating ...,

Distributed Ram \u_sched/u_cnn/img_mem460 input port DI3 is stuck 0, propagating ...,

All inputs of Distributed Ram \u_sched/u_cnn/img_mem460  are constant

Distributed Ram \u_sched/u_cnn/img_mem452 input port DI0 is stuck 0, propagating ...,

Distributed Ram \u_sched/u_cnn/img_mem452 input port DI1 is stuck 0, propagating ...,

Distributed Ram \u_sched/u_cnn/img_mem452 input port DI2 is stuck 0, propagating ...,

Distributed Ram \u_sched/u_cnn/img_mem452 input port DI3 is stuck 0, propagating ...,

All inputs of Distributed Ram \u_sched/u_cnn/img_mem452  are constant

Distributed Ram \u_sched/u_cnn/img_mem451 input port DI0 is stuck 0, propagating ...,

Distributed Ram \u_sched/u_cnn/img_mem451 input port DI1 is stuck 0, propagating ...,

Distributed Ram \u_sched/u_cnn/img_mem451 input port DI2 is stuck 0, propagating ...,

Distributed Ram \u_sched/u_cnn/img_mem451 input port DI3 is stuck 0, propagating ...,

All inputs of Distributed Ram \u_sched/u_cnn/img_mem451  are constant

Distributed Ram \u_sched/u_cnn/img_mem450 input port DI0 is stuck 0, propagating ...,

Distributed Ram \u_sched/u_cnn/img_mem450 input port DI1 is stuck 0, propagating ...,

Distributed Ram \u_sched/u_cnn/img_mem450 input port DI2 is stuck 0, propagating ...,

Distributed Ram \u_sched/u_cnn/img_mem450 input port DI3 is stuck 0, propagating ...,

All inputs of Distributed Ram \u_sched/u_cnn/img_mem450  are constant

Distributed Ram \u_sched/u_cnn/img_mem449 input port DI0 is stuck 0, propagating ...,

Distributed Ram \u_sched/u_cnn/img_mem449 input port DI1 is stuck 0, propagating ...,

Distributed Ram \u_sched/u_cnn/img_mem449 input port DI2 is stuck 0, propagating ...,

Distributed Ram \u_sched/u_cnn/img_mem449 input port DI3 is stuck 0, propagating ...,

All inputs of Distributed Ram \u_sched/u_cnn/img_mem449  are constant

Distributed Ram \u_sched/u_cnn/img_mem428 input port DI0 is stuck 0, propagating ...,

Distributed Ram \u_sched/u_cnn/img_mem428 input port DI1 is stuck 0, propagating ...,

Distributed Ram \u_sched/u_cnn/img_mem428 input port DI2 is stuck 0, propagating ...,

Distributed Ram \u_sched/u_cnn/img_mem428 input port DI3 is stuck 0, propagating ...,

All inputs of Distributed Ram \u_sched/u_cnn/img_mem428  are constant

Distributed Ram \u_sched/u_cnn/img_mem427 input port DI0 is stuck 0, propagating ...,

Distributed Ram \u_sched/u_cnn/img_mem427 input port DI1 is stuck 0, propagating ...,

Distributed Ram \u_sched/u_cnn/img_mem427 input port DI2 is stuck 0, propagating ...,

Distributed Ram \u_sched/u_cnn/img_mem427 input port DI3 is stuck 0, propagating ...,

All inputs of Distributed Ram \u_sched/u_cnn/img_mem427  are constant

Distributed Ram \u_sched/u_cnn/img_mem426 input port DI0 is stuck 0, propagating ...,

Distributed Ram \u_sched/u_cnn/img_mem426 input port DI1 is stuck 0, propagating ...,

Distributed Ram \u_sched/u_cnn/img_mem426 input port DI2 is stuck 0, propagating ...,

Distributed Ram \u_sched/u_cnn/img_mem426 input port DI3 is stuck 0, propagating ...,

All inputs of Distributed Ram \u_sched/u_cnn/img_mem426  are constant

Distributed Ram \u_sched/u_cnn/img_mem425 input port DI0 is stuck 0, propagating ...,

Distributed Ram \u_sched/u_cnn/img_mem425 input port DI1 is stuck 0, propagating ...,

Distributed Ram \u_sched/u_cnn/img_mem425 input port DI2 is stuck 0, propagating ...,

Distributed Ram \u_sched/u_cnn/img_mem425 input port DI3 is stuck 0, propagating ...,

All inputs of Distributed Ram \u_sched/u_cnn/img_mem425  are constant

Distributed Ram \u_sched/u_cnn/img_mem424 input port DI0 is stuck 0, propagating ...,

Distributed Ram \u_sched/u_cnn/img_mem424 input port DI1 is stuck 0, propagating ...,

Distributed Ram \u_sched/u_cnn/img_mem424 input port DI2 is stuck 0, propagating ...,

Distributed Ram \u_sched/u_cnn/img_mem424 input port DI3 is stuck 0, propagating ...,

All inputs of Distributed Ram \u_sched/u_cnn/img_mem424  are constant

Distributed Ram \u_sched/u_cnn/img_mem423 input port DI0 is stuck 0, propagating ...,

Distributed Ram \u_sched/u_cnn/img_mem423 input port DI1 is stuck 0, propagating ...,

Distributed Ram \u_sched/u_cnn/img_mem423 input port DI2 is stuck 0, propagating ...,

Distributed Ram \u_sched/u_cnn/img_mem423 input port DI3 is stuck 0, propagating ...,

All inputs of Distributed Ram \u_sched/u_cnn/img_mem423  are constant

Distributed Ram \u_sched/u_cnn/img_mem422 input port DI0 is stuck 0, propagating ...,

Distributed Ram \u_sched/u_cnn/img_mem422 input port DI1 is stuck 0, propagating ...,

Distributed Ram \u_sched/u_cnn/img_mem422 input port DI2 is stuck 0, propagating ...,

Distributed Ram \u_sched/u_cnn/img_mem422 input port DI3 is stuck 0, propagating ...,

All inputs of Distributed Ram \u_sched/u_cnn/img_mem422  are constant

Distributed Ram \u_sched/u_cnn/img_mem421 input port DI0 is stuck 0, propagating ...,

Distributed Ram \u_sched/u_cnn/img_mem421 input port DI1 is stuck 0, propagating ...,

Distributed Ram \u_sched/u_cnn/img_mem421 input port DI2 is stuck 0, propagating ...,

Distributed Ram \u_sched/u_cnn/img_mem421 input port DI3 is stuck 0, propagating ...,

All inputs of Distributed Ram \u_sched/u_cnn/img_mem421  are constant

Distributed Ram \u_sched/u_cnn/img_mem420 input port DI0 is stuck 0, propagating ...,

Distributed Ram \u_sched/u_cnn/img_mem420 input port DI1 is stuck 0, propagating ...,

Distributed Ram \u_sched/u_cnn/img_mem420 input port DI2 is stuck 0, propagating ...,

Distributed Ram \u_sched/u_cnn/img_mem420 input port DI3 is stuck 0, propagating ...,

All inputs of Distributed Ram \u_sched/u_cnn/img_mem420  are constant

Distributed Ram \u_sched/u_cnn/img_mem419 input port DI0 is stuck 0, propagating ...,

Distributed Ram \u_sched/u_cnn/img_mem419 input port DI1 is stuck 0, propagating ...,

Distributed Ram \u_sched/u_cnn/img_mem419 input port DI2 is stuck 0, propagating ...,

Distributed Ram \u_sched/u_cnn/img_mem419 input port DI3 is stuck 0, propagating ...,

All inputs of Distributed Ram \u_sched/u_cnn/img_mem419  are constant

Distributed Ram \u_sched/u_cnn/img_mem399 input port DI0 is stuck 0, propagating ...,

Distributed Ram \u_sched/u_cnn/img_mem399 input port DI1 is stuck 0, propagating ...,

Distributed Ram \u_sched/u_cnn/img_mem399 input port DI2 is stuck 0, propagating ...,

Distributed Ram \u_sched/u_cnn/img_mem399 input port DI3 is stuck 0, propagating ...,

All inputs of Distributed Ram \u_sched/u_cnn/img_mem399  are constant

Distributed Ram \u_sched/u_cnn/img_mem398 input port DI0 is stuck 0, propagating ...,

Distributed Ram \u_sched/u_cnn/img_mem398 input port DI1 is stuck 0, propagating ...,

Distributed Ram \u_sched/u_cnn/img_mem398 input port DI2 is stuck 0, propagating ...,

Distributed Ram \u_sched/u_cnn/img_mem398 input port DI3 is stuck 0, propagating ...,

All inputs of Distributed Ram \u_sched/u_cnn/img_mem398  are constant

Distributed Ram \u_sched/u_cnn/img_mem397 input port DI0 is stuck 0, propagating ...,

Distributed Ram \u_sched/u_cnn/img_mem397 input port DI1 is stuck 0, propagating ...,

Distributed Ram \u_sched/u_cnn/img_mem397 input port DI2 is stuck 0, propagating ...,

Distributed Ram \u_sched/u_cnn/img_mem397 input port DI3 is stuck 0, propagating ...,

All inputs of Distributed Ram \u_sched/u_cnn/img_mem397  are constant

Distributed Ram \u_sched/u_cnn/img_mem396 input port DI0 is stuck 0, propagating ...,

Distributed Ram \u_sched/u_cnn/img_mem396 input port DI1 is stuck 0, propagating ...,

Distributed Ram \u_sched/u_cnn/img_mem396 input port DI2 is stuck 0, propagating ...,

Distributed Ram \u_sched/u_cnn/img_mem396 input port DI3 is stuck 0, propagating ...,

All inputs of Distributed Ram \u_sched/u_cnn/img_mem396  are constant

Distributed Ram \u_sched/u_cnn/img_mem395 input port DI0 is stuck 0, propagating ...,

Distributed Ram \u_sched/u_cnn/img_mem395 input port DI1 is stuck 0, propagating ...,

Distributed Ram \u_sched/u_cnn/img_mem395 input port DI2 is stuck 0, propagating ...,

Distributed Ram \u_sched/u_cnn/img_mem395 input port DI3 is stuck 0, propagating ...,

All inputs of Distributed Ram \u_sched/u_cnn/img_mem395  are constant

Distributed Ram \u_sched/u_cnn/img_mem394 input port DI0 is stuck 0, propagating ...,

Distributed Ram \u_sched/u_cnn/img_mem394 input port DI1 is stuck 0, propagating ...,

Distributed Ram \u_sched/u_cnn/img_mem394 input port DI2 is stuck 0, propagating ...,

Distributed Ram \u_sched/u_cnn/img_mem394 input port DI3 is stuck 0, propagating ...,

All inputs of Distributed Ram \u_sched/u_cnn/img_mem394  are constant

Distributed Ram \u_sched/u_cnn/img_mem390 input port DI0 is stuck 0, propagating ...,

Distributed Ram \u_sched/u_cnn/img_mem390 input port DI1 is stuck 0, propagating ...,

Distributed Ram \u_sched/u_cnn/img_mem390 input port DI2 is stuck 0, propagating ...,

Distributed Ram \u_sched/u_cnn/img_mem390 input port DI3 is stuck 0, propagating ...,

All inputs of Distributed Ram \u_sched/u_cnn/img_mem390  are constant

Distributed Ram \u_sched/u_cnn/img_mem389 input port DI0 is stuck 0, propagating ...,

Distributed Ram \u_sched/u_cnn/img_mem389 input port DI1 is stuck 0, propagating ...,

Distributed Ram \u_sched/u_cnn/img_mem389 input port DI2 is stuck 0, propagating ...,

Distributed Ram \u_sched/u_cnn/img_mem389 input port DI3 is stuck 0, propagating ...,

All inputs of Distributed Ram \u_sched/u_cnn/img_mem389  are constant

Distributed Ram \u_sched/u_cnn/img_mem388 input port DI0 is stuck 0, propagating ...,

Distributed Ram \u_sched/u_cnn/img_mem388 input port DI1 is stuck 0, propagating ...,

Distributed Ram \u_sched/u_cnn/img_mem388 input port DI2 is stuck 0, propagating ...,

Distributed Ram \u_sched/u_cnn/img_mem388 input port DI3 is stuck 0, propagating ...,

All inputs of Distributed Ram \u_sched/u_cnn/img_mem388  are constant

Distributed Ram \u_sched/u_cnn/img_mem383 input port DI0 is stuck 0, propagating ...,

Distributed Ram \u_sched/u_cnn/img_mem383 input port DI1 is stuck 0, propagating ...,

Distributed Ram \u_sched/u_cnn/img_mem383 input port DI2 is stuck 0, propagating ...,

Distributed Ram \u_sched/u_cnn/img_mem383 input port DI3 is stuck 0, propagating ...,

All inputs of Distributed Ram \u_sched/u_cnn/img_mem383  are constant

Distributed Ram \u_sched/u_cnn/img_mem379 input port DI0 is stuck 0, propagating ...,

Distributed Ram \u_sched/u_cnn/img_mem379 input port DI1 is stuck 0, propagating ...,

Distributed Ram \u_sched/u_cnn/img_mem379 input port DI2 is stuck 0, propagating ...,

Distributed Ram \u_sched/u_cnn/img_mem379 input port DI3 is stuck 0, propagating ...,

All inputs of Distributed Ram \u_sched/u_cnn/img_mem379  are constant

Distributed Ram \u_sched/u_cnn/img_mem378 input port DI0 is stuck 0, propagating ...,

Distributed Ram \u_sched/u_cnn/img_mem378 input port DI1 is stuck 0, propagating ...,

Distributed Ram \u_sched/u_cnn/img_mem378 input port DI2 is stuck 0, propagating ...,

Distributed Ram \u_sched/u_cnn/img_mem378 input port DI3 is stuck 0, propagating ...,

All inputs of Distributed Ram \u_sched/u_cnn/img_mem378  are constant

Distributed Ram \u_sched/u_cnn/img_mem377 input port DI0 is stuck 0, propagating ...,

Distributed Ram \u_sched/u_cnn/img_mem377 input port DI1 is stuck 0, propagating ...,

Distributed Ram \u_sched/u_cnn/img_mem377 input port DI2 is stuck 0, propagating ...,

Distributed Ram \u_sched/u_cnn/img_mem377 input port DI3 is stuck 0, propagating ...,

All inputs of Distributed Ram \u_sched/u_cnn/img_mem377  are constant

Distributed Ram \u_sched/u_cnn/img_mem376 input port DI0 is stuck 0, propagating ...,

Distributed Ram \u_sched/u_cnn/img_mem376 input port DI1 is stuck 0, propagating ...,

Distributed Ram \u_sched/u_cnn/img_mem376 input port DI2 is stuck 0, propagating ...,

Distributed Ram \u_sched/u_cnn/img_mem376 input port DI3 is stuck 0, propagating ...,

All inputs of Distributed Ram \u_sched/u_cnn/img_mem376  are constant

Distributed Ram \u_sched/u_cnn/img_mem375 input port DI0 is stuck 0, propagating ...,

Distributed Ram \u_sched/u_cnn/img_mem375 input port DI1 is stuck 0, propagating ...,

Distributed Ram \u_sched/u_cnn/img_mem375 input port DI2 is stuck 0, propagating ...,

Distributed Ram \u_sched/u_cnn/img_mem375 input port DI3 is stuck 0, propagating ...,

All inputs of Distributed Ram \u_sched/u_cnn/img_mem375  are constant

Distributed Ram \u_sched/u_cnn/img_mem374 input port DI0 is stuck 0, propagating ...,

Distributed Ram \u_sched/u_cnn/img_mem374 input port DI1 is stuck 0, propagating ...,

Distributed Ram \u_sched/u_cnn/img_mem374 input port DI2 is stuck 0, propagating ...,

Distributed Ram \u_sched/u_cnn/img_mem374 input port DI3 is stuck 0, propagating ...,

All inputs of Distributed Ram \u_sched/u_cnn/img_mem374  are constant

Distributed Ram \u_sched/u_cnn/img_mem353 input port DI0 is stuck 0, propagating ...,

Distributed Ram \u_sched/u_cnn/img_mem353 input port DI1 is stuck 0, propagating ...,

Distributed Ram \u_sched/u_cnn/img_mem353 input port DI2 is stuck 0, propagating ...,

Distributed Ram \u_sched/u_cnn/img_mem353 input port DI3 is stuck 0, propagating ...,

All inputs of Distributed Ram \u_sched/u_cnn/img_mem353  are constant

Distributed Ram \u_sched/u_cnn/img_mem352 input port DI0 is stuck 0, propagating ...,

Distributed Ram \u_sched/u_cnn/img_mem352 input port DI1 is stuck 0, propagating ...,

Distributed Ram \u_sched/u_cnn/img_mem352 input port DI2 is stuck 0, propagating ...,

Distributed Ram \u_sched/u_cnn/img_mem352 input port DI3 is stuck 0, propagating ...,

All inputs of Distributed Ram \u_sched/u_cnn/img_mem352  are constant

Distributed Ram \u_sched/u_cnn/img_mem351 input port DI0 is stuck 0, propagating ...,

Distributed Ram \u_sched/u_cnn/img_mem351 input port DI1 is stuck 0, propagating ...,

Distributed Ram \u_sched/u_cnn/img_mem351 input port DI2 is stuck 0, propagating ...,

Distributed Ram \u_sched/u_cnn/img_mem351 input port DI3 is stuck 0, propagating ...,

All inputs of Distributed Ram \u_sched/u_cnn/img_mem351  are constant

Distributed Ram \u_sched/u_cnn/img_mem350 input port DI0 is stuck 0, propagating ...,

Distributed Ram \u_sched/u_cnn/img_mem350 input port DI1 is stuck 0, propagating ...,

Distributed Ram \u_sched/u_cnn/img_mem350 input port DI2 is stuck 0, propagating ...,

Distributed Ram \u_sched/u_cnn/img_mem350 input port DI3 is stuck 0, propagating ...,

All inputs of Distributed Ram \u_sched/u_cnn/img_mem350  are constant

Distributed Ram \u_sched/u_cnn/img_mem349 input port DI0 is stuck 0, propagating ...,

Distributed Ram \u_sched/u_cnn/img_mem349 input port DI1 is stuck 0, propagating ...,

Distributed Ram \u_sched/u_cnn/img_mem349 input port DI2 is stuck 0, propagating ...,

Distributed Ram \u_sched/u_cnn/img_mem349 input port DI3 is stuck 0, propagating ...,

All inputs of Distributed Ram \u_sched/u_cnn/img_mem349  are constant

Distributed Ram \u_sched/u_cnn/img_mem338 input port DI0 is stuck 0, propagating ...,

Distributed Ram \u_sched/u_cnn/img_mem338 input port DI1 is stuck 0, propagating ...,

Distributed Ram \u_sched/u_cnn/img_mem338 input port DI2 is stuck 0, propagating ...,

Distributed Ram \u_sched/u_cnn/img_mem338 input port DI3 is stuck 0, propagating ...,

All inputs of Distributed Ram \u_sched/u_cnn/img_mem338  are constant

Distributed Ram \u_sched/u_cnn/img_mem321 input port DI0 is stuck 0, propagating ...,

Distributed Ram \u_sched/u_cnn/img_mem321 input port DI1 is stuck 0, propagating ...,

Distributed Ram \u_sched/u_cnn/img_mem321 input port DI2 is stuck 0, propagating ...,

Distributed Ram \u_sched/u_cnn/img_mem321 input port DI3 is stuck 0, propagating ...,

All inputs of Distributed Ram \u_sched/u_cnn/img_mem321  are constant

Distributed Ram \u_sched/u_cnn/img_mem320 input port DI0 is stuck 0, propagating ...,

Distributed Ram \u_sched/u_cnn/img_mem320 input port DI1 is stuck 0, propagating ...,

Distributed Ram \u_sched/u_cnn/img_mem320 input port DI2 is stuck 0, propagating ...,

Distributed Ram \u_sched/u_cnn/img_mem320 input port DI3 is stuck 0, propagating ...,

All inputs of Distributed Ram \u_sched/u_cnn/img_mem320  are constant

Distributed Ram \u_sched/u_cnn/img_mem319 input port DI0 is stuck 0, propagating ...,

Distributed Ram \u_sched/u_cnn/img_mem319 input port DI1 is stuck 0, propagating ...,

Distributed Ram \u_sched/u_cnn/img_mem319 input port DI2 is stuck 0, propagating ...,

Distributed Ram \u_sched/u_cnn/img_mem319 input port DI3 is stuck 0, propagating ...,

All inputs of Distributed Ram \u_sched/u_cnn/img_mem319  are constant

Distributed Ram \u_sched/u_cnn/img_mem315 input port DI0 is stuck 0, propagating ...,

Distributed Ram \u_sched/u_cnn/img_mem315 input port DI1 is stuck 0, propagating ...,

Distributed Ram \u_sched/u_cnn/img_mem315 input port DI2 is stuck 0, propagating ...,

Distributed Ram \u_sched/u_cnn/img_mem315 input port DI3 is stuck 0, propagating ...,

All inputs of Distributed Ram \u_sched/u_cnn/img_mem315  are constant

Distributed Ram \u_sched/u_cnn/img_mem313 input port DI0 is stuck 0, propagating ...,

Distributed Ram \u_sched/u_cnn/img_mem313 input port DI1 is stuck 0, propagating ...,

Distributed Ram \u_sched/u_cnn/img_mem313 input port DI2 is stuck 0, propagating ...,

Distributed Ram \u_sched/u_cnn/img_mem313 input port DI3 is stuck 0, propagating ...,

All inputs of Distributed Ram \u_sched/u_cnn/img_mem313  are constant

Distributed Ram \u_sched/u_cnn/img_mem311 input port DI0 is stuck 0, propagating ...,

Distributed Ram \u_sched/u_cnn/img_mem311 input port DI1 is stuck 0, propagating ...,

Distributed Ram \u_sched/u_cnn/img_mem311 input port DI2 is stuck 0, propagating ...,

Distributed Ram \u_sched/u_cnn/img_mem311 input port DI3 is stuck 0, propagating ...,

All inputs of Distributed Ram \u_sched/u_cnn/img_mem311  are constant

Distributed Ram \u_sched/u_cnn/img_mem307 input port DI0 is stuck 0, propagating ...,

Distributed Ram \u_sched/u_cnn/img_mem307 input port DI1 is stuck 0, propagating ...,

Distributed Ram \u_sched/u_cnn/img_mem307 input port DI2 is stuck 0, propagating ...,

Distributed Ram \u_sched/u_cnn/img_mem307 input port DI3 is stuck 0, propagating ...,

All inputs of Distributed Ram \u_sched/u_cnn/img_mem307  are constant

Distributed Ram \u_sched/u_cnn/img_mem306 input port DI0 is stuck 0, propagating ...,

Distributed Ram \u_sched/u_cnn/img_mem306 input port DI1 is stuck 0, propagating ...,

Distributed Ram \u_sched/u_cnn/img_mem306 input port DI2 is stuck 0, propagating ...,

Distributed Ram \u_sched/u_cnn/img_mem306 input port DI3 is stuck 0, propagating ...,

All inputs of Distributed Ram \u_sched/u_cnn/img_mem306  are constant

Distributed Ram \u_sched/u_cnn/img_mem305 input port DI0 is stuck 0, propagating ...,

Distributed Ram \u_sched/u_cnn/img_mem305 input port DI1 is stuck 0, propagating ...,

Distributed Ram \u_sched/u_cnn/img_mem305 input port DI2 is stuck 0, propagating ...,

Distributed Ram \u_sched/u_cnn/img_mem305 input port DI3 is stuck 0, propagating ...,

All inputs of Distributed Ram \u_sched/u_cnn/img_mem305  are constant

Distributed Ram \u_sched/u_cnn/img_mem304 input port DI0 is stuck 0, propagating ...,

Distributed Ram \u_sched/u_cnn/img_mem304 input port DI1 is stuck 0, propagating ...,

Distributed Ram \u_sched/u_cnn/img_mem304 input port DI2 is stuck 0, propagating ...,

Distributed Ram \u_sched/u_cnn/img_mem304 input port DI3 is stuck 0, propagating ...,

All inputs of Distributed Ram \u_sched/u_cnn/img_mem304  are constant

Distributed Ram \u_sched/u_cnn/img_mem293 input port DI0 is stuck 0, propagating ...,

Distributed Ram \u_sched/u_cnn/img_mem293 input port DI1 is stuck 0, propagating ...,

Distributed Ram \u_sched/u_cnn/img_mem293 input port DI2 is stuck 0, propagating ...,

Distributed Ram \u_sched/u_cnn/img_mem293 input port DI3 is stuck 0, propagating ...,

All inputs of Distributed Ram \u_sched/u_cnn/img_mem293  are constant

Distributed Ram \u_sched/u_cnn/img_mem282 input port DI0 is stuck 0, propagating ...,

Distributed Ram \u_sched/u_cnn/img_mem282 input port DI1 is stuck 0, propagating ...,

Distributed Ram \u_sched/u_cnn/img_mem282 input port DI2 is stuck 0, propagating ...,

Distributed Ram \u_sched/u_cnn/img_mem282 input port DI3 is stuck 0, propagating ...,

All inputs of Distributed Ram \u_sched/u_cnn/img_mem282  are constant

Distributed Ram \u_sched/u_cnn/img_mem281 input port DI0 is stuck 0, propagating ...,

Distributed Ram \u_sched/u_cnn/img_mem281 input port DI1 is stuck 0, propagating ...,

Distributed Ram \u_sched/u_cnn/img_mem281 input port DI2 is stuck 0, propagating ...,

Distributed Ram \u_sched/u_cnn/img_mem281 input port DI3 is stuck 0, propagating ...,

All inputs of Distributed Ram \u_sched/u_cnn/img_mem281  are constant

Distributed Ram \u_sched/u_cnn/img_mem273 input port DI0 is stuck 0, propagating ...,

Distributed Ram \u_sched/u_cnn/img_mem273 input port DI1 is stuck 0, propagating ...,

Distributed Ram \u_sched/u_cnn/img_mem273 input port DI2 is stuck 0, propagating ...,

Distributed Ram \u_sched/u_cnn/img_mem273 input port DI3 is stuck 0, propagating ...,

All inputs of Distributed Ram \u_sched/u_cnn/img_mem273  are constant

Distributed Ram \u_sched/u_cnn/img_mem270 input port DI0 is stuck 0, propagating ...,

Distributed Ram \u_sched/u_cnn/img_mem270 input port DI1 is stuck 0, propagating ...,

Distributed Ram \u_sched/u_cnn/img_mem270 input port DI2 is stuck 0, propagating ...,

Distributed Ram \u_sched/u_cnn/img_mem270 input port DI3 is stuck 0, propagating ...,

All inputs of Distributed Ram \u_sched/u_cnn/img_mem270  are constant

Distributed Ram \u_sched/u_cnn/img_mem259 input port DI0 is stuck 0, propagating ...,

Distributed Ram \u_sched/u_cnn/img_mem259 input port DI1 is stuck 0, propagating ...,

Distributed Ram \u_sched/u_cnn/img_mem259 input port DI2 is stuck 0, propagating ...,

Distributed Ram \u_sched/u_cnn/img_mem259 input port DI3 is stuck 0, propagating ...,

All inputs of Distributed Ram \u_sched/u_cnn/img_mem259  are constant

Distributed Ram \u_sched/u_cnn/img_mem200 input port DI0 is stuck 0, propagating ...,

Distributed Ram \u_sched/u_cnn/img_mem200 input port DI1 is stuck 0, propagating ...,

Distributed Ram \u_sched/u_cnn/img_mem200 input port DI2 is stuck 0, propagating ...,

Distributed Ram \u_sched/u_cnn/img_mem200 input port DI3 is stuck 0, propagating ...,

All inputs of Distributed Ram \u_sched/u_cnn/img_mem200  are constant

Distributed Ram \u_sched/u_cnn/img_mem208 input port DI0 is stuck 0, propagating ...,

Distributed Ram \u_sched/u_cnn/img_mem208 input port DI1 is stuck 0, propagating ...,

Distributed Ram \u_sched/u_cnn/img_mem208 input port DI2 is stuck 0, propagating ...,

Distributed Ram \u_sched/u_cnn/img_mem208 input port DI3 is stuck 0, propagating ...,

All inputs of Distributed Ram \u_sched/u_cnn/img_mem208  are constant

Distributed Ram \u_sched/u_cnn/img_mem162 input port DI0 is stuck 0, propagating ...,

Distributed Ram \u_sched/u_cnn/img_mem162 input port DI1 is stuck 0, propagating ...,

Distributed Ram \u_sched/u_cnn/img_mem162 input port DI2 is stuck 0, propagating ...,

Distributed Ram \u_sched/u_cnn/img_mem162 input port DI3 is stuck 0, propagating ...,

All inputs of Distributed Ram \u_sched/u_cnn/img_mem162  are constant

Distributed Ram \u_sched/u_cnn/img_mem241 input port DI0 is stuck 0, propagating ...,

Distributed Ram \u_sched/u_cnn/img_mem241 input port DI1 is stuck 0, propagating ...,

Distributed Ram \u_sched/u_cnn/img_mem241 input port DI2 is stuck 0, propagating ...,

Distributed Ram \u_sched/u_cnn/img_mem241 input port DI3 is stuck 0, propagating ...,

All inputs of Distributed Ram \u_sched/u_cnn/img_mem241  are constant

Distributed Ram \u_sched/u_cnn/img_mem185 input port DI0 is stuck 0, propagating ...,

Distributed Ram \u_sched/u_cnn/img_mem185 input port DI1 is stuck 0, propagating ...,

Distributed Ram \u_sched/u_cnn/img_mem185 input port DI2 is stuck 0, propagating ...,

Distributed Ram \u_sched/u_cnn/img_mem185 input port DI3 is stuck 0, propagating ...,

All inputs of Distributed Ram \u_sched/u_cnn/img_mem185  are constant

Distributed Ram \u_sched/u_cnn/img_mem235 input port DI0 is stuck 0, propagating ...,

Distributed Ram \u_sched/u_cnn/img_mem235 input port DI1 is stuck 0, propagating ...,

Distributed Ram \u_sched/u_cnn/img_mem235 input port DI2 is stuck 0, propagating ...,

Distributed Ram \u_sched/u_cnn/img_mem235 input port DI3 is stuck 0, propagating ...,

All inputs of Distributed Ram \u_sched/u_cnn/img_mem235  are constant

Distributed Ram \u_sched/u_cnn/img_mem175 input port DI0 is stuck 0, propagating ...,

Distributed Ram \u_sched/u_cnn/img_mem175 input port DI1 is stuck 0, propagating ...,

Distributed Ram \u_sched/u_cnn/img_mem175 input port DI2 is stuck 0, propagating ...,

Distributed Ram \u_sched/u_cnn/img_mem175 input port DI3 is stuck 0, propagating ...,

All inputs of Distributed Ram \u_sched/u_cnn/img_mem175  are constant

Distributed Ram \u_sched/u_cnn/img_mem230 input port DI0 is stuck 0, propagating ...,

Distributed Ram \u_sched/u_cnn/img_mem230 input port DI1 is stuck 0, propagating ...,

Distributed Ram \u_sched/u_cnn/img_mem230 input port DI2 is stuck 0, propagating ...,

Distributed Ram \u_sched/u_cnn/img_mem230 input port DI3 is stuck 0, propagating ...,

All inputs of Distributed Ram \u_sched/u_cnn/img_mem230  are constant

Distributed Ram \u_sched/u_cnn/img_mem150 input port DI0 is stuck 0, propagating ...,

Distributed Ram \u_sched/u_cnn/img_mem150 input port DI1 is stuck 0, propagating ...,

Distributed Ram \u_sched/u_cnn/img_mem150 input port DI2 is stuck 0, propagating ...,

Distributed Ram \u_sched/u_cnn/img_mem150 input port DI3 is stuck 0, propagating ...,

All inputs of Distributed Ram \u_sched/u_cnn/img_mem150  are constant

Distributed Ram \u_sched/u_cnn/img_mem214 input port DI0 is stuck 0, propagating ...,

Distributed Ram \u_sched/u_cnn/img_mem214 input port DI1 is stuck 0, propagating ...,

Distributed Ram \u_sched/u_cnn/img_mem214 input port DI2 is stuck 0, propagating ...,

Distributed Ram \u_sched/u_cnn/img_mem214 input port DI3 is stuck 0, propagating ...,

All inputs of Distributed Ram \u_sched/u_cnn/img_mem214  are constant

Distributed Ram \u_sched/u_cnn/img_mem202 input port DI0 is stuck 0, propagating ...,

Distributed Ram \u_sched/u_cnn/img_mem202 input port DI1 is stuck 0, propagating ...,

Distributed Ram \u_sched/u_cnn/img_mem202 input port DI2 is stuck 0, propagating ...,

Distributed Ram \u_sched/u_cnn/img_mem202 input port DI3 is stuck 0, propagating ...,

All inputs of Distributed Ram \u_sched/u_cnn/img_mem202  are constant

Distributed Ram \u_sched/u_cnn/img_mem199 input port DI0 is stuck 0, propagating ...,

Distributed Ram \u_sched/u_cnn/img_mem199 input port DI1 is stuck 0, propagating ...,

Distributed Ram \u_sched/u_cnn/img_mem199 input port DI2 is stuck 0, propagating ...,

Distributed Ram \u_sched/u_cnn/img_mem199 input port DI3 is stuck 0, propagating ...,

All inputs of Distributed Ram \u_sched/u_cnn/img_mem199  are constant

Distributed Ram \u_sched/u_cnn/img_mem129 input port DI0 is stuck 0, propagating ...,

Distributed Ram \u_sched/u_cnn/img_mem129 input port DI1 is stuck 0, propagating ...,

Distributed Ram \u_sched/u_cnn/img_mem129 input port DI2 is stuck 0, propagating ...,

Distributed Ram \u_sched/u_cnn/img_mem129 input port DI3 is stuck 0, propagating ...,

All inputs of Distributed Ram \u_sched/u_cnn/img_mem129  are constant

Distributed Ram \u_sched/u_cnn/img_mem16 input port DI0 is stuck 0, propagating ...,

Distributed Ram \u_sched/u_cnn/img_mem16 input port DI1 is stuck 0, propagating ...,

Distributed Ram \u_sched/u_cnn/img_mem16 input port DI2 is stuck 0, propagating ...,

Distributed Ram \u_sched/u_cnn/img_mem16 input port DI3 is stuck 0, propagating ...,

All inputs of Distributed Ram \u_sched/u_cnn/img_mem16  are constant

Distributed Ram \u_sched/u_cnn/img_mem114 input port DI0 is stuck 0, propagating ...,

Distributed Ram \u_sched/u_cnn/img_mem114 input port DI1 is stuck 0, propagating ...,

Distributed Ram \u_sched/u_cnn/img_mem114 input port DI2 is stuck 0, propagating ...,

Distributed Ram \u_sched/u_cnn/img_mem114 input port DI3 is stuck 0, propagating ...,

All inputs of Distributed Ram \u_sched/u_cnn/img_mem114  are constant

Distributed Ram \u_sched/u_cnn/img_mem190 input port DI0 is stuck 0, propagating ...,

Distributed Ram \u_sched/u_cnn/img_mem190 input port DI1 is stuck 0, propagating ...,

Distributed Ram \u_sched/u_cnn/img_mem190 input port DI2 is stuck 0, propagating ...,

Distributed Ram \u_sched/u_cnn/img_mem190 input port DI3 is stuck 0, propagating ...,

All inputs of Distributed Ram \u_sched/u_cnn/img_mem190  are constant

Distributed Ram \u_sched/u_cnn/img_mem111 input port DI0 is stuck 0, propagating ...,

Distributed Ram \u_sched/u_cnn/img_mem111 input port DI1 is stuck 0, propagating ...,

Distributed Ram \u_sched/u_cnn/img_mem111 input port DI2 is stuck 0, propagating ...,

Distributed Ram \u_sched/u_cnn/img_mem111 input port DI3 is stuck 0, propagating ...,

All inputs of Distributed Ram \u_sched/u_cnn/img_mem111  are constant

Distributed Ram \u_sched/u_cnn/img_mem187 input port DI0 is stuck 0, propagating ...,

Distributed Ram \u_sched/u_cnn/img_mem187 input port DI1 is stuck 0, propagating ...,

Distributed Ram \u_sched/u_cnn/img_mem187 input port DI2 is stuck 0, propagating ...,

Distributed Ram \u_sched/u_cnn/img_mem187 input port DI3 is stuck 0, propagating ...,

All inputs of Distributed Ram \u_sched/u_cnn/img_mem187  are constant

Distributed Ram \u_sched/u_cnn/img_mem189 input port DI0 is stuck 0, propagating ...,

Distributed Ram \u_sched/u_cnn/img_mem189 input port DI1 is stuck 0, propagating ...,

Distributed Ram \u_sched/u_cnn/img_mem189 input port DI2 is stuck 0, propagating ...,

Distributed Ram \u_sched/u_cnn/img_mem189 input port DI3 is stuck 0, propagating ...,

All inputs of Distributed Ram \u_sched/u_cnn/img_mem189  are constant

Distributed Ram \u_sched/u_cnn/img_mem184 input port DI0 is stuck 0, propagating ...,

Distributed Ram \u_sched/u_cnn/img_mem184 input port DI1 is stuck 0, propagating ...,

Distributed Ram \u_sched/u_cnn/img_mem184 input port DI2 is stuck 0, propagating ...,

Distributed Ram \u_sched/u_cnn/img_mem184 input port DI3 is stuck 0, propagating ...,

All inputs of Distributed Ram \u_sched/u_cnn/img_mem184  are constant

Distributed Ram \u_sched/u_cnn/img_mem109 input port DI0 is stuck 0, propagating ...,

Distributed Ram \u_sched/u_cnn/img_mem109 input port DI1 is stuck 0, propagating ...,

Distributed Ram \u_sched/u_cnn/img_mem109 input port DI2 is stuck 0, propagating ...,

Distributed Ram \u_sched/u_cnn/img_mem109 input port DI3 is stuck 0, propagating ...,

All inputs of Distributed Ram \u_sched/u_cnn/img_mem109  are constant

Distributed Ram \u_sched/u_cnn/img_mem237 input port DI0 is stuck 0, propagating ...,

Distributed Ram \u_sched/u_cnn/img_mem237 input port DI1 is stuck 0, propagating ...,

Distributed Ram \u_sched/u_cnn/img_mem237 input port DI2 is stuck 0, propagating ...,

Distributed Ram \u_sched/u_cnn/img_mem237 input port DI3 is stuck 0, propagating ...,

All inputs of Distributed Ram \u_sched/u_cnn/img_mem237  are constant

Distributed Ram \u_sched/u_cnn/img_mem104 input port DI0 is stuck 0, propagating ...,

Distributed Ram \u_sched/u_cnn/img_mem104 input port DI1 is stuck 0, propagating ...,

Distributed Ram \u_sched/u_cnn/img_mem104 input port DI2 is stuck 0, propagating ...,

Distributed Ram \u_sched/u_cnn/img_mem104 input port DI3 is stuck 0, propagating ...,

All inputs of Distributed Ram \u_sched/u_cnn/img_mem104  are constant

Distributed Ram \u_sched/u_cnn/img_mem180 input port DI0 is stuck 0, propagating ...,

Distributed Ram \u_sched/u_cnn/img_mem180 input port DI1 is stuck 0, propagating ...,

Distributed Ram \u_sched/u_cnn/img_mem180 input port DI2 is stuck 0, propagating ...,

Distributed Ram \u_sched/u_cnn/img_mem180 input port DI3 is stuck 0, propagating ...,

All inputs of Distributed Ram \u_sched/u_cnn/img_mem180  are constant

Distributed Ram \u_sched/u_cnn/img_mem101 input port DI0 is stuck 0, propagating ...,

Distributed Ram \u_sched/u_cnn/img_mem101 input port DI1 is stuck 0, propagating ...,

Distributed Ram \u_sched/u_cnn/img_mem101 input port DI2 is stuck 0, propagating ...,

Distributed Ram \u_sched/u_cnn/img_mem101 input port DI3 is stuck 0, propagating ...,

All inputs of Distributed Ram \u_sched/u_cnn/img_mem101  are constant

Distributed Ram \u_sched/u_cnn/img_mem177 input port DI0 is stuck 0, propagating ...,

Distributed Ram \u_sched/u_cnn/img_mem177 input port DI1 is stuck 0, propagating ...,

Distributed Ram \u_sched/u_cnn/img_mem177 input port DI2 is stuck 0, propagating ...,

Distributed Ram \u_sched/u_cnn/img_mem177 input port DI3 is stuck 0, propagating ...,

All inputs of Distributed Ram \u_sched/u_cnn/img_mem177  are constant

Distributed Ram \u_sched/u_cnn/img_mem179 input port DI0 is stuck 0, propagating ...,

Distributed Ram \u_sched/u_cnn/img_mem179 input port DI1 is stuck 0, propagating ...,

Distributed Ram \u_sched/u_cnn/img_mem179 input port DI2 is stuck 0, propagating ...,

Distributed Ram \u_sched/u_cnn/img_mem179 input port DI3 is stuck 0, propagating ...,

All inputs of Distributed Ram \u_sched/u_cnn/img_mem179  are constant

Distributed Ram \u_sched/u_cnn/img_mem174 input port DI0 is stuck 0, propagating ...,

Distributed Ram \u_sched/u_cnn/img_mem174 input port DI1 is stuck 0, propagating ...,

Distributed Ram \u_sched/u_cnn/img_mem174 input port DI2 is stuck 0, propagating ...,

Distributed Ram \u_sched/u_cnn/img_mem174 input port DI3 is stuck 0, propagating ...,

All inputs of Distributed Ram \u_sched/u_cnn/img_mem174  are constant

Distributed Ram \u_sched/u_cnn/img_mem99 input port DI0 is stuck 0, propagating ...,

Distributed Ram \u_sched/u_cnn/img_mem99 input port DI1 is stuck 0, propagating ...,

Distributed Ram \u_sched/u_cnn/img_mem99 input port DI2 is stuck 0, propagating ...,

Distributed Ram \u_sched/u_cnn/img_mem99 input port DI3 is stuck 0, propagating ...,

All inputs of Distributed Ram \u_sched/u_cnn/img_mem99  are constant

Distributed Ram \u_sched/u_cnn/img_mem232 input port DI0 is stuck 0, propagating ...,

Distributed Ram \u_sched/u_cnn/img_mem232 input port DI1 is stuck 0, propagating ...,

Distributed Ram \u_sched/u_cnn/img_mem232 input port DI2 is stuck 0, propagating ...,

Distributed Ram \u_sched/u_cnn/img_mem232 input port DI3 is stuck 0, propagating ...,

All inputs of Distributed Ram \u_sched/u_cnn/img_mem232  are constant

Distributed Ram \u_sched/u_cnn/img_mem97 input port DI0 is stuck 0, propagating ...,

Distributed Ram \u_sched/u_cnn/img_mem97 input port DI1 is stuck 0, propagating ...,

Distributed Ram \u_sched/u_cnn/img_mem97 input port DI2 is stuck 0, propagating ...,

Distributed Ram \u_sched/u_cnn/img_mem97 input port DI3 is stuck 0, propagating ...,

All inputs of Distributed Ram \u_sched/u_cnn/img_mem97  are constant

Distributed Ram \u_sched/u_cnn/img_mem173 input port DI0 is stuck 0, propagating ...,

Distributed Ram \u_sched/u_cnn/img_mem173 input port DI1 is stuck 0, propagating ...,

Distributed Ram \u_sched/u_cnn/img_mem173 input port DI2 is stuck 0, propagating ...,

Distributed Ram \u_sched/u_cnn/img_mem173 input port DI3 is stuck 0, propagating ...,

All inputs of Distributed Ram \u_sched/u_cnn/img_mem173  are constant

Distributed Ram \u_sched/u_cnn/img_mem228 input port DI0 is stuck 0, propagating ...,

Distributed Ram \u_sched/u_cnn/img_mem228 input port DI1 is stuck 0, propagating ...,

Distributed Ram \u_sched/u_cnn/img_mem228 input port DI2 is stuck 0, propagating ...,

Distributed Ram \u_sched/u_cnn/img_mem228 input port DI3 is stuck 0, propagating ...,

All inputs of Distributed Ram \u_sched/u_cnn/img_mem228  are constant

Distributed Ram \u_sched/u_cnn/img_mem252 input port DI0 is stuck 0, propagating ...,

Distributed Ram \u_sched/u_cnn/img_mem252 input port DI1 is stuck 0, propagating ...,

Distributed Ram \u_sched/u_cnn/img_mem252 input port DI2 is stuck 0, propagating ...,

Distributed Ram \u_sched/u_cnn/img_mem252 input port DI3 is stuck 0, propagating ...,

All inputs of Distributed Ram \u_sched/u_cnn/img_mem252  are constant

Distributed Ram \u_sched/u_cnn/img_mem85 input port DI0 is stuck 0, propagating ...,

Distributed Ram \u_sched/u_cnn/img_mem85 input port DI1 is stuck 0, propagating ...,

Distributed Ram \u_sched/u_cnn/img_mem85 input port DI2 is stuck 0, propagating ...,

Distributed Ram \u_sched/u_cnn/img_mem85 input port DI3 is stuck 0, propagating ...,

All inputs of Distributed Ram \u_sched/u_cnn/img_mem85  are constant

Distributed Ram \u_sched/u_cnn/img_mem159 input port DI0 is stuck 0, propagating ...,

Distributed Ram \u_sched/u_cnn/img_mem159 input port DI1 is stuck 0, propagating ...,

Distributed Ram \u_sched/u_cnn/img_mem159 input port DI2 is stuck 0, propagating ...,

Distributed Ram \u_sched/u_cnn/img_mem159 input port DI3 is stuck 0, propagating ...,

All inputs of Distributed Ram \u_sched/u_cnn/img_mem159  are constant

Distributed Ram \u_sched/u_cnn/img_mem79 input port DI0 is stuck 0, propagating ...,

Distributed Ram \u_sched/u_cnn/img_mem79 input port DI1 is stuck 0, propagating ...,

Distributed Ram \u_sched/u_cnn/img_mem79 input port DI2 is stuck 0, propagating ...,

Distributed Ram \u_sched/u_cnn/img_mem79 input port DI3 is stuck 0, propagating ...,

All inputs of Distributed Ram \u_sched/u_cnn/img_mem79  are constant

Distributed Ram \u_sched/u_cnn/img_mem128 input port DI0 is stuck 0, propagating ...,

Distributed Ram \u_sched/u_cnn/img_mem128 input port DI1 is stuck 0, propagating ...,

Distributed Ram \u_sched/u_cnn/img_mem128 input port DI2 is stuck 0, propagating ...,

Distributed Ram \u_sched/u_cnn/img_mem128 input port DI3 is stuck 0, propagating ...,

All inputs of Distributed Ram \u_sched/u_cnn/img_mem128  are constant

Distributed Ram \u_sched/u_cnn/img_mem155 input port DI0 is stuck 0, propagating ...,

Distributed Ram \u_sched/u_cnn/img_mem155 input port DI1 is stuck 0, propagating ...,

Distributed Ram \u_sched/u_cnn/img_mem155 input port DI2 is stuck 0, propagating ...,

Distributed Ram \u_sched/u_cnn/img_mem155 input port DI3 is stuck 0, propagating ...,

All inputs of Distributed Ram \u_sched/u_cnn/img_mem155  are constant

Distributed Ram \u_sched/u_cnn/img_mem76 input port DI0 is stuck 0, propagating ...,

Distributed Ram \u_sched/u_cnn/img_mem76 input port DI1 is stuck 0, propagating ...,

Distributed Ram \u_sched/u_cnn/img_mem76 input port DI2 is stuck 0, propagating ...,

Distributed Ram \u_sched/u_cnn/img_mem76 input port DI3 is stuck 0, propagating ...,

All inputs of Distributed Ram \u_sched/u_cnn/img_mem76  are constant

Distributed Ram \u_sched/u_cnn/img_mem50 input port DI0 is stuck 0, propagating ...,

Distributed Ram \u_sched/u_cnn/img_mem50 input port DI1 is stuck 0, propagating ...,

Distributed Ram \u_sched/u_cnn/img_mem50 input port DI2 is stuck 0, propagating ...,

Distributed Ram \u_sched/u_cnn/img_mem50 input port DI3 is stuck 0, propagating ...,

All inputs of Distributed Ram \u_sched/u_cnn/img_mem50  are constant

Distributed Ram \u_sched/u_cnn/img_mem198 input port DI0 is stuck 0, propagating ...,

Distributed Ram \u_sched/u_cnn/img_mem198 input port DI1 is stuck 0, propagating ...,

Distributed Ram \u_sched/u_cnn/img_mem198 input port DI2 is stuck 0, propagating ...,

Distributed Ram \u_sched/u_cnn/img_mem198 input port DI3 is stuck 0, propagating ...,

All inputs of Distributed Ram \u_sched/u_cnn/img_mem198  are constant

Distributed Ram \u_sched/u_cnn/img_mem152 input port DI0 is stuck 0, propagating ...,

Distributed Ram \u_sched/u_cnn/img_mem152 input port DI1 is stuck 0, propagating ...,

Distributed Ram \u_sched/u_cnn/img_mem152 input port DI2 is stuck 0, propagating ...,

Distributed Ram \u_sched/u_cnn/img_mem152 input port DI3 is stuck 0, propagating ...,

All inputs of Distributed Ram \u_sched/u_cnn/img_mem152  are constant

Distributed Ram \u_sched/u_cnn/img_mem154 input port DI0 is stuck 0, propagating ...,

Distributed Ram \u_sched/u_cnn/img_mem154 input port DI1 is stuck 0, propagating ...,

Distributed Ram \u_sched/u_cnn/img_mem154 input port DI2 is stuck 0, propagating ...,

Distributed Ram \u_sched/u_cnn/img_mem154 input port DI3 is stuck 0, propagating ...,

All inputs of Distributed Ram \u_sched/u_cnn/img_mem154  are constant

Distributed Ram \u_sched/u_cnn/img_mem149 input port DI0 is stuck 0, propagating ...,

Distributed Ram \u_sched/u_cnn/img_mem149 input port DI1 is stuck 0, propagating ...,

Distributed Ram \u_sched/u_cnn/img_mem149 input port DI2 is stuck 0, propagating ...,

Distributed Ram \u_sched/u_cnn/img_mem149 input port DI3 is stuck 0, propagating ...,

All inputs of Distributed Ram \u_sched/u_cnn/img_mem149  are constant

Distributed Ram \u_sched/u_cnn/img_mem74 input port DI0 is stuck 0, propagating ...,

Distributed Ram \u_sched/u_cnn/img_mem74 input port DI1 is stuck 0, propagating ...,

Distributed Ram \u_sched/u_cnn/img_mem74 input port DI2 is stuck 0, propagating ...,

Distributed Ram \u_sched/u_cnn/img_mem74 input port DI3 is stuck 0, propagating ...,

All inputs of Distributed Ram \u_sched/u_cnn/img_mem74  are constant

Distributed Ram \u_sched/u_cnn/img_mem126 input port DI0 is stuck 0, propagating ...,

Distributed Ram \u_sched/u_cnn/img_mem126 input port DI1 is stuck 0, propagating ...,

Distributed Ram \u_sched/u_cnn/img_mem126 input port DI2 is stuck 0, propagating ...,

Distributed Ram \u_sched/u_cnn/img_mem126 input port DI3 is stuck 0, propagating ...,

All inputs of Distributed Ram \u_sched/u_cnn/img_mem126  are constant

Distributed Ram \u_sched/u_cnn/img_mem216 input port DI0 is stuck 0, propagating ...,

Distributed Ram \u_sched/u_cnn/img_mem216 input port DI1 is stuck 0, propagating ...,

Distributed Ram \u_sched/u_cnn/img_mem216 input port DI2 is stuck 0, propagating ...,

Distributed Ram \u_sched/u_cnn/img_mem216 input port DI3 is stuck 0, propagating ...,

All inputs of Distributed Ram \u_sched/u_cnn/img_mem216  are constant

Distributed Ram \u_sched/u_cnn/img_mem130 input port DI0 is stuck 0, propagating ...,

Distributed Ram \u_sched/u_cnn/img_mem130 input port DI1 is stuck 0, propagating ...,

Distributed Ram \u_sched/u_cnn/img_mem130 input port DI2 is stuck 0, propagating ...,

Distributed Ram \u_sched/u_cnn/img_mem130 input port DI3 is stuck 0, propagating ...,

All inputs of Distributed Ram \u_sched/u_cnn/img_mem130  are constant

Distributed Ram \u_sched/u_cnn/img_mem245 input port DI0 is stuck 0, propagating ...,

Distributed Ram \u_sched/u_cnn/img_mem245 input port DI1 is stuck 0, propagating ...,

Distributed Ram \u_sched/u_cnn/img_mem245 input port DI2 is stuck 0, propagating ...,

Distributed Ram \u_sched/u_cnn/img_mem245 input port DI3 is stuck 0, propagating ...,

All inputs of Distributed Ram \u_sched/u_cnn/img_mem245  are constant

Distributed Ram \u_sched/u_cnn/img_mem201 input port DI0 is stuck 0, propagating ...,

Distributed Ram \u_sched/u_cnn/img_mem201 input port DI1 is stuck 0, propagating ...,

Distributed Ram \u_sched/u_cnn/img_mem201 input port DI2 is stuck 0, propagating ...,

Distributed Ram \u_sched/u_cnn/img_mem201 input port DI3 is stuck 0, propagating ...,

All inputs of Distributed Ram \u_sched/u_cnn/img_mem201  are constant

Distributed Ram \u_sched/u_cnn/img_mem125 input port DI0 is stuck 0, propagating ...,

Distributed Ram \u_sched/u_cnn/img_mem125 input port DI1 is stuck 0, propagating ...,

Distributed Ram \u_sched/u_cnn/img_mem125 input port DI2 is stuck 0, propagating ...,

Distributed Ram \u_sched/u_cnn/img_mem125 input port DI3 is stuck 0, propagating ...,

All inputs of Distributed Ram \u_sched/u_cnn/img_mem125  are constant

Distributed Ram \u_sched/u_cnn/img_mem51 input port DI0 is stuck 0, propagating ...,

Distributed Ram \u_sched/u_cnn/img_mem51 input port DI1 is stuck 0, propagating ...,

Distributed Ram \u_sched/u_cnn/img_mem51 input port DI2 is stuck 0, propagating ...,

Distributed Ram \u_sched/u_cnn/img_mem51 input port DI3 is stuck 0, propagating ...,

All inputs of Distributed Ram \u_sched/u_cnn/img_mem51  are constant

Distributed Ram \u_sched/u_cnn/img_mem124 input port DI0 is stuck 0, propagating ...,

Distributed Ram \u_sched/u_cnn/img_mem124 input port DI1 is stuck 0, propagating ...,

Distributed Ram \u_sched/u_cnn/img_mem124 input port DI2 is stuck 0, propagating ...,

Distributed Ram \u_sched/u_cnn/img_mem124 input port DI3 is stuck 0, propagating ...,

All inputs of Distributed Ram \u_sched/u_cnn/img_mem124  are constant

Distributed Ram \u_sched/u_cnn/img_mem196 input port DI0 is stuck 0, propagating ...,

Distributed Ram \u_sched/u_cnn/img_mem196 input port DI1 is stuck 0, propagating ...,

Distributed Ram \u_sched/u_cnn/img_mem196 input port DI2 is stuck 0, propagating ...,

Distributed Ram \u_sched/u_cnn/img_mem196 input port DI3 is stuck 0, propagating ...,

All inputs of Distributed Ram \u_sched/u_cnn/img_mem196  are constant

Distributed Ram \u_sched/u_cnn/img_mem116 input port DI0 is stuck 0, propagating ...,

Distributed Ram \u_sched/u_cnn/img_mem116 input port DI1 is stuck 0, propagating ...,

Distributed Ram \u_sched/u_cnn/img_mem116 input port DI2 is stuck 0, propagating ...,

Distributed Ram \u_sched/u_cnn/img_mem116 input port DI3 is stuck 0, propagating ...,

All inputs of Distributed Ram \u_sched/u_cnn/img_mem116  are constant

Distributed Ram \u_sched/u_cnn/img_mem113 input port DI0 is stuck 0, propagating ...,

Distributed Ram \u_sched/u_cnn/img_mem113 input port DI1 is stuck 0, propagating ...,

Distributed Ram \u_sched/u_cnn/img_mem113 input port DI2 is stuck 0, propagating ...,

Distributed Ram \u_sched/u_cnn/img_mem113 input port DI3 is stuck 0, propagating ...,

All inputs of Distributed Ram \u_sched/u_cnn/img_mem113  are constant

Distributed Ram \u_sched/u_cnn/img_mem45 input port DI0 is stuck 0, propagating ...,

Distributed Ram \u_sched/u_cnn/img_mem45 input port DI1 is stuck 0, propagating ...,

Distributed Ram \u_sched/u_cnn/img_mem45 input port DI2 is stuck 0, propagating ...,

Distributed Ram \u_sched/u_cnn/img_mem45 input port DI3 is stuck 0, propagating ...,

All inputs of Distributed Ram \u_sched/u_cnn/img_mem45  are constant

Distributed Ram \u_sched/u_cnn/img_mem115 input port DI0 is stuck 0, propagating ...,

Distributed Ram \u_sched/u_cnn/img_mem115 input port DI1 is stuck 0, propagating ...,

Distributed Ram \u_sched/u_cnn/img_mem115 input port DI2 is stuck 0, propagating ...,

Distributed Ram \u_sched/u_cnn/img_mem115 input port DI3 is stuck 0, propagating ...,

All inputs of Distributed Ram \u_sched/u_cnn/img_mem115  are constant

Distributed Ram \u_sched/u_cnn/img_mem110 input port DI0 is stuck 0, propagating ...,

Distributed Ram \u_sched/u_cnn/img_mem110 input port DI1 is stuck 0, propagating ...,

Distributed Ram \u_sched/u_cnn/img_mem110 input port DI2 is stuck 0, propagating ...,

Distributed Ram \u_sched/u_cnn/img_mem110 input port DI3 is stuck 0, propagating ...,

All inputs of Distributed Ram \u_sched/u_cnn/img_mem110  are constant

Distributed Ram \u_sched/u_cnn/img_mem44 input port DI0 is stuck 0, propagating ...,

Distributed Ram \u_sched/u_cnn/img_mem44 input port DI1 is stuck 0, propagating ...,

Distributed Ram \u_sched/u_cnn/img_mem44 input port DI2 is stuck 0, propagating ...,

Distributed Ram \u_sched/u_cnn/img_mem44 input port DI3 is stuck 0, propagating ...,

All inputs of Distributed Ram \u_sched/u_cnn/img_mem44  are constant

Distributed Ram \u_sched/u_cnn/img_mem239 input port DI0 is stuck 0, propagating ...,

Distributed Ram \u_sched/u_cnn/img_mem239 input port DI1 is stuck 0, propagating ...,

Distributed Ram \u_sched/u_cnn/img_mem239 input port DI2 is stuck 0, propagating ...,

Distributed Ram \u_sched/u_cnn/img_mem239 input port DI3 is stuck 0, propagating ...,

All inputs of Distributed Ram \u_sched/u_cnn/img_mem239  are constant

Distributed Ram \u_sched/u_cnn/img_mem191 input port DI0 is stuck 0, propagating ...,

Distributed Ram \u_sched/u_cnn/img_mem191 input port DI1 is stuck 0, propagating ...,

Distributed Ram \u_sched/u_cnn/img_mem191 input port DI2 is stuck 0, propagating ...,

Distributed Ram \u_sched/u_cnn/img_mem191 input port DI3 is stuck 0, propagating ...,

All inputs of Distributed Ram \u_sched/u_cnn/img_mem191  are constant

Distributed Ram \u_sched/u_cnn/img_mem107 input port DI0 is stuck 0, propagating ...,

Distributed Ram \u_sched/u_cnn/img_mem107 input port DI1 is stuck 0, propagating ...,

Distributed Ram \u_sched/u_cnn/img_mem107 input port DI2 is stuck 0, propagating ...,

Distributed Ram \u_sched/u_cnn/img_mem107 input port DI3 is stuck 0, propagating ...,

All inputs of Distributed Ram \u_sched/u_cnn/img_mem107  are constant

Distributed Ram \u_sched/u_cnn/img_mem57 input port DI0 is stuck 0, propagating ...,

Distributed Ram \u_sched/u_cnn/img_mem57 input port DI1 is stuck 0, propagating ...,

Distributed Ram \u_sched/u_cnn/img_mem57 input port DI2 is stuck 0, propagating ...,

Distributed Ram \u_sched/u_cnn/img_mem57 input port DI3 is stuck 0, propagating ...,

All inputs of Distributed Ram \u_sched/u_cnn/img_mem57  are constant

Distributed Ram \u_sched/u_cnn/img_mem186 input port DI0 is stuck 0, propagating ...,

Distributed Ram \u_sched/u_cnn/img_mem186 input port DI1 is stuck 0, propagating ...,

Distributed Ram \u_sched/u_cnn/img_mem186 input port DI2 is stuck 0, propagating ...,

Distributed Ram \u_sched/u_cnn/img_mem186 input port DI3 is stuck 0, propagating ...,

All inputs of Distributed Ram \u_sched/u_cnn/img_mem186  are constant

Distributed Ram \u_sched/u_cnn/img_mem42 input port DI0 is stuck 0, propagating ...,

Distributed Ram \u_sched/u_cnn/img_mem42 input port DI1 is stuck 0, propagating ...,

Distributed Ram \u_sched/u_cnn/img_mem42 input port DI2 is stuck 0, propagating ...,

Distributed Ram \u_sched/u_cnn/img_mem42 input port DI3 is stuck 0, propagating ...,

All inputs of Distributed Ram \u_sched/u_cnn/img_mem42  are constant

Distributed Ram \u_sched/u_cnn/img_mem242 input port DI0 is stuck 0, propagating ...,

Distributed Ram \u_sched/u_cnn/img_mem242 input port DI1 is stuck 0, propagating ...,

Distributed Ram \u_sched/u_cnn/img_mem242 input port DI2 is stuck 0, propagating ...,

Distributed Ram \u_sched/u_cnn/img_mem242 input port DI3 is stuck 0, propagating ...,

All inputs of Distributed Ram \u_sched/u_cnn/img_mem242  are constant

Distributed Ram \u_sched/u_cnn/img_mem106 input port DI0 is stuck 0, propagating ...,

Distributed Ram \u_sched/u_cnn/img_mem106 input port DI1 is stuck 0, propagating ...,

Distributed Ram \u_sched/u_cnn/img_mem106 input port DI2 is stuck 0, propagating ...,

Distributed Ram \u_sched/u_cnn/img_mem106 input port DI3 is stuck 0, propagating ...,

All inputs of Distributed Ram \u_sched/u_cnn/img_mem106  are constant

Distributed Ram \u_sched/u_cnn/img_mem108 input port DI0 is stuck 0, propagating ...,

Distributed Ram \u_sched/u_cnn/img_mem108 input port DI1 is stuck 0, propagating ...,

Distributed Ram \u_sched/u_cnn/img_mem108 input port DI2 is stuck 0, propagating ...,

Distributed Ram \u_sched/u_cnn/img_mem108 input port DI3 is stuck 0, propagating ...,

All inputs of Distributed Ram \u_sched/u_cnn/img_mem108  are constant

Distributed Ram \u_sched/u_cnn/img_mem103 input port DI0 is stuck 0, propagating ...,

Distributed Ram \u_sched/u_cnn/img_mem103 input port DI1 is stuck 0, propagating ...,

Distributed Ram \u_sched/u_cnn/img_mem103 input port DI2 is stuck 0, propagating ...,

Distributed Ram \u_sched/u_cnn/img_mem103 input port DI3 is stuck 0, propagating ...,

All inputs of Distributed Ram \u_sched/u_cnn/img_mem103  are constant

Distributed Ram \u_sched/u_cnn/img_mem40 input port DI0 is stuck 0, propagating ...,

Distributed Ram \u_sched/u_cnn/img_mem40 input port DI1 is stuck 0, propagating ...,

Distributed Ram \u_sched/u_cnn/img_mem40 input port DI2 is stuck 0, propagating ...,

Distributed Ram \u_sched/u_cnn/img_mem40 input port DI3 is stuck 0, propagating ...,

All inputs of Distributed Ram \u_sched/u_cnn/img_mem40  are constant

Distributed Ram \u_sched/u_cnn/img_mem213 input port DI0 is stuck 0, propagating ...,

Distributed Ram \u_sched/u_cnn/img_mem213 input port DI1 is stuck 0, propagating ...,

Distributed Ram \u_sched/u_cnn/img_mem213 input port DI2 is stuck 0, propagating ...,

Distributed Ram \u_sched/u_cnn/img_mem213 input port DI3 is stuck 0, propagating ...,

All inputs of Distributed Ram \u_sched/u_cnn/img_mem213  are constant

Distributed Ram \u_sched/u_cnn/img_mem46 input port DI0 is stuck 0, propagating ...,

Distributed Ram \u_sched/u_cnn/img_mem46 input port DI1 is stuck 0, propagating ...,

Distributed Ram \u_sched/u_cnn/img_mem46 input port DI2 is stuck 0, propagating ...,

Distributed Ram \u_sched/u_cnn/img_mem46 input port DI3 is stuck 0, propagating ...,

All inputs of Distributed Ram \u_sched/u_cnn/img_mem46  are constant

Distributed Ram \u_sched/u_cnn/img_mem197 input port DI0 is stuck 0, propagating ...,

Distributed Ram \u_sched/u_cnn/img_mem197 input port DI1 is stuck 0, propagating ...,

Distributed Ram \u_sched/u_cnn/img_mem197 input port DI2 is stuck 0, propagating ...,

Distributed Ram \u_sched/u_cnn/img_mem197 input port DI3 is stuck 0, propagating ...,

All inputs of Distributed Ram \u_sched/u_cnn/img_mem197  are constant

Distributed Ram \u_sched/u_cnn/img_mem182 input port DI0 is stuck 0, propagating ...,

Distributed Ram \u_sched/u_cnn/img_mem182 input port DI1 is stuck 0, propagating ...,

Distributed Ram \u_sched/u_cnn/img_mem182 input port DI2 is stuck 0, propagating ...,

Distributed Ram \u_sched/u_cnn/img_mem182 input port DI3 is stuck 0, propagating ...,

All inputs of Distributed Ram \u_sched/u_cnn/img_mem182  are constant

Distributed Ram \u_sched/u_cnn/img_mem105 input port DI0 is stuck 0, propagating ...,

Distributed Ram \u_sched/u_cnn/img_mem105 input port DI1 is stuck 0, propagating ...,

Distributed Ram \u_sched/u_cnn/img_mem105 input port DI2 is stuck 0, propagating ...,

Distributed Ram \u_sched/u_cnn/img_mem105 input port DI3 is stuck 0, propagating ...,

All inputs of Distributed Ram \u_sched/u_cnn/img_mem105  are constant

Distributed Ram \u_sched/u_cnn/img_mem100 input port DI0 is stuck 0, propagating ...,

Distributed Ram \u_sched/u_cnn/img_mem100 input port DI1 is stuck 0, propagating ...,

Distributed Ram \u_sched/u_cnn/img_mem100 input port DI2 is stuck 0, propagating ...,

Distributed Ram \u_sched/u_cnn/img_mem100 input port DI3 is stuck 0, propagating ...,

All inputs of Distributed Ram \u_sched/u_cnn/img_mem100  are constant

Distributed Ram \u_sched/u_cnn/img_mem39 input port DI0 is stuck 0, propagating ...,

Distributed Ram \u_sched/u_cnn/img_mem39 input port DI1 is stuck 0, propagating ...,

Distributed Ram \u_sched/u_cnn/img_mem39 input port DI2 is stuck 0, propagating ...,

Distributed Ram \u_sched/u_cnn/img_mem39 input port DI3 is stuck 0, propagating ...,

All inputs of Distributed Ram \u_sched/u_cnn/img_mem39  are constant

Distributed Ram \u_sched/u_cnn/img_mem234 input port DI0 is stuck 0, propagating ...,

Distributed Ram \u_sched/u_cnn/img_mem234 input port DI1 is stuck 0, propagating ...,

Distributed Ram \u_sched/u_cnn/img_mem234 input port DI2 is stuck 0, propagating ...,

Distributed Ram \u_sched/u_cnn/img_mem234 input port DI3 is stuck 0, propagating ...,

All inputs of Distributed Ram \u_sched/u_cnn/img_mem234  are constant

Distributed Ram \u_sched/u_cnn/img_mem181 input port DI0 is stuck 0, propagating ...,

Distributed Ram \u_sched/u_cnn/img_mem181 input port DI1 is stuck 0, propagating ...,

Distributed Ram \u_sched/u_cnn/img_mem181 input port DI2 is stuck 0, propagating ...,

Distributed Ram \u_sched/u_cnn/img_mem181 input port DI3 is stuck 0, propagating ...,

All inputs of Distributed Ram \u_sched/u_cnn/img_mem181  are constant

Distributed Ram \u_sched/u_cnn/img_mem112 input port DI0 is stuck 0, propagating ...,

Distributed Ram \u_sched/u_cnn/img_mem112 input port DI1 is stuck 0, propagating ...,

Distributed Ram \u_sched/u_cnn/img_mem112 input port DI2 is stuck 0, propagating ...,

Distributed Ram \u_sched/u_cnn/img_mem112 input port DI3 is stuck 0, propagating ...,

All inputs of Distributed Ram \u_sched/u_cnn/img_mem112  are constant

Distributed Ram \u_sched/u_cnn/img_mem176 input port DI0 is stuck 0, propagating ...,

Distributed Ram \u_sched/u_cnn/img_mem176 input port DI1 is stuck 0, propagating ...,

Distributed Ram \u_sched/u_cnn/img_mem176 input port DI2 is stuck 0, propagating ...,

Distributed Ram \u_sched/u_cnn/img_mem176 input port DI3 is stuck 0, propagating ...,

All inputs of Distributed Ram \u_sched/u_cnn/img_mem176  are constant

Distributed Ram \u_sched/u_cnn/img_mem183 input port DI0 is stuck 0, propagating ...,

Distributed Ram \u_sched/u_cnn/img_mem183 input port DI1 is stuck 0, propagating ...,

Distributed Ram \u_sched/u_cnn/img_mem183 input port DI2 is stuck 0, propagating ...,

Distributed Ram \u_sched/u_cnn/img_mem183 input port DI3 is stuck 0, propagating ...,

All inputs of Distributed Ram \u_sched/u_cnn/img_mem183  are constant

Distributed Ram \u_sched/u_cnn/img_mem123 input port DI0 is stuck 0, propagating ...,

Distributed Ram \u_sched/u_cnn/img_mem123 input port DI1 is stuck 0, propagating ...,

Distributed Ram \u_sched/u_cnn/img_mem123 input port DI2 is stuck 0, propagating ...,

Distributed Ram \u_sched/u_cnn/img_mem123 input port DI3 is stuck 0, propagating ...,

All inputs of Distributed Ram \u_sched/u_cnn/img_mem123  are constant

Distributed Ram \u_sched/u_cnn/img_mem240 input port DI0 is stuck 0, propagating ...,

Distributed Ram \u_sched/u_cnn/img_mem240 input port DI1 is stuck 0, propagating ...,

Distributed Ram \u_sched/u_cnn/img_mem240 input port DI2 is stuck 0, propagating ...,

Distributed Ram \u_sched/u_cnn/img_mem240 input port DI3 is stuck 0, propagating ...,

All inputs of Distributed Ram \u_sched/u_cnn/img_mem240  are constant

Distributed Ram \u_sched/u_cnn/img_mem215 input port DI0 is stuck 0, propagating ...,

Distributed Ram \u_sched/u_cnn/img_mem215 input port DI1 is stuck 0, propagating ...,

Distributed Ram \u_sched/u_cnn/img_mem215 input port DI2 is stuck 0, propagating ...,

Distributed Ram \u_sched/u_cnn/img_mem215 input port DI3 is stuck 0, propagating ...,

All inputs of Distributed Ram \u_sched/u_cnn/img_mem215  are constant

Distributed Ram \u_sched/u_cnn/img_mem77 input port DI0 is stuck 0, propagating ...,

Distributed Ram \u_sched/u_cnn/img_mem77 input port DI1 is stuck 0, propagating ...,

Distributed Ram \u_sched/u_cnn/img_mem77 input port DI2 is stuck 0, propagating ...,

Distributed Ram \u_sched/u_cnn/img_mem77 input port DI3 is stuck 0, propagating ...,

All inputs of Distributed Ram \u_sched/u_cnn/img_mem77  are constant

Distributed Ram \u_sched/u_cnn/img_mem38 input port DI0 is stuck 0, propagating ...,

Distributed Ram \u_sched/u_cnn/img_mem38 input port DI1 is stuck 0, propagating ...,

Distributed Ram \u_sched/u_cnn/img_mem38 input port DI2 is stuck 0, propagating ...,

Distributed Ram \u_sched/u_cnn/img_mem38 input port DI3 is stuck 0, propagating ...,

All inputs of Distributed Ram \u_sched/u_cnn/img_mem38  are constant

Distributed Ram \u_sched/u_cnn/img_mem153 input port DI0 is stuck 0, propagating ...,

Distributed Ram \u_sched/u_cnn/img_mem153 input port DI1 is stuck 0, propagating ...,

Distributed Ram \u_sched/u_cnn/img_mem153 input port DI2 is stuck 0, propagating ...,

Distributed Ram \u_sched/u_cnn/img_mem153 input port DI3 is stuck 0, propagating ...,

All inputs of Distributed Ram \u_sched/u_cnn/img_mem153  are constant

Distributed Ram \u_sched/u_cnn/img_mem41 input port DI0 is stuck 0, propagating ...,

Distributed Ram \u_sched/u_cnn/img_mem41 input port DI1 is stuck 0, propagating ...,

Distributed Ram \u_sched/u_cnn/img_mem41 input port DI2 is stuck 0, propagating ...,

Distributed Ram \u_sched/u_cnn/img_mem41 input port DI3 is stuck 0, propagating ...,

All inputs of Distributed Ram \u_sched/u_cnn/img_mem41  are constant

Distributed Ram \u_sched/u_cnn/img_mem178 input port DI0 is stuck 0, propagating ...,

Distributed Ram \u_sched/u_cnn/img_mem178 input port DI1 is stuck 0, propagating ...,

Distributed Ram \u_sched/u_cnn/img_mem178 input port DI2 is stuck 0, propagating ...,

Distributed Ram \u_sched/u_cnn/img_mem178 input port DI3 is stuck 0, propagating ...,

All inputs of Distributed Ram \u_sched/u_cnn/img_mem178  are constant

Distributed Ram \u_sched/u_cnn/img_mem10 input port DI0 is stuck 0, propagating ...,

Distributed Ram \u_sched/u_cnn/img_mem10 input port DI1 is stuck 0, propagating ...,

Distributed Ram \u_sched/u_cnn/img_mem10 input port DI2 is stuck 0, propagating ...,

Distributed Ram \u_sched/u_cnn/img_mem10 input port DI3 is stuck 0, propagating ...,

All inputs of Distributed Ram \u_sched/u_cnn/img_mem10  are constant

Distributed Ram \u_sched/u_cnn/img_mem9 input port DI0 is stuck 0, propagating ...,

Distributed Ram \u_sched/u_cnn/img_mem9 input port DI1 is stuck 0, propagating ...,

Distributed Ram \u_sched/u_cnn/img_mem9 input port DI2 is stuck 0, propagating ...,

Distributed Ram \u_sched/u_cnn/img_mem9 input port DI3 is stuck 0, propagating ...,

All inputs of Distributed Ram \u_sched/u_cnn/img_mem9  are constant

Distributed Ram \u_sched/u_cnn/img_mem236 input port DI0 is stuck 0, propagating ...,

Distributed Ram \u_sched/u_cnn/img_mem236 input port DI1 is stuck 0, propagating ...,

Distributed Ram \u_sched/u_cnn/img_mem236 input port DI2 is stuck 0, propagating ...,

Distributed Ram \u_sched/u_cnn/img_mem236 input port DI3 is stuck 0, propagating ...,

All inputs of Distributed Ram \u_sched/u_cnn/img_mem236  are constant

Distributed Ram \u_sched/u_cnn/img_mem188 input port DI0 is stuck 0, propagating ...,

Distributed Ram \u_sched/u_cnn/img_mem188 input port DI1 is stuck 0, propagating ...,

Distributed Ram \u_sched/u_cnn/img_mem188 input port DI2 is stuck 0, propagating ...,

Distributed Ram \u_sched/u_cnn/img_mem188 input port DI3 is stuck 0, propagating ...,

All inputs of Distributed Ram \u_sched/u_cnn/img_mem188  are constant

Distributed Ram \u_sched/u_cnn/img_mem160 input port DI0 is stuck 0, propagating ...,

Distributed Ram \u_sched/u_cnn/img_mem160 input port DI1 is stuck 0, propagating ...,

Distributed Ram \u_sched/u_cnn/img_mem160 input port DI2 is stuck 0, propagating ...,

Distributed Ram \u_sched/u_cnn/img_mem160 input port DI3 is stuck 0, propagating ...,

All inputs of Distributed Ram \u_sched/u_cnn/img_mem160  are constant

Distributed Ram \u_sched/u_cnn/img_mem229 input port DI0 is stuck 0, propagating ...,

Distributed Ram \u_sched/u_cnn/img_mem229 input port DI1 is stuck 0, propagating ...,

Distributed Ram \u_sched/u_cnn/img_mem229 input port DI2 is stuck 0, propagating ...,

Distributed Ram \u_sched/u_cnn/img_mem229 input port DI3 is stuck 0, propagating ...,

All inputs of Distributed Ram \u_sched/u_cnn/img_mem229  are constant

Distributed Ram \u_sched/u_cnn/img_mem102 input port DI0 is stuck 0, propagating ...,

Distributed Ram \u_sched/u_cnn/img_mem102 input port DI1 is stuck 0, propagating ...,

Distributed Ram \u_sched/u_cnn/img_mem102 input port DI2 is stuck 0, propagating ...,

Distributed Ram \u_sched/u_cnn/img_mem102 input port DI3 is stuck 0, propagating ...,

All inputs of Distributed Ram \u_sched/u_cnn/img_mem102  are constant

Distributed Ram \u_sched/u_cnn/img_mem43 input port DI0 is stuck 0, propagating ...,

Distributed Ram \u_sched/u_cnn/img_mem43 input port DI1 is stuck 0, propagating ...,

Distributed Ram \u_sched/u_cnn/img_mem43 input port DI2 is stuck 0, propagating ...,

Distributed Ram \u_sched/u_cnn/img_mem43 input port DI3 is stuck 0, propagating ...,

All inputs of Distributed Ram \u_sched/u_cnn/img_mem43  are constant

Distributed Ram \u_sched/u_cnn/img_mem82 input port DI0 is stuck 0, propagating ...,

Distributed Ram \u_sched/u_cnn/img_mem82 input port DI1 is stuck 0, propagating ...,

Distributed Ram \u_sched/u_cnn/img_mem82 input port DI2 is stuck 0, propagating ...,

Distributed Ram \u_sched/u_cnn/img_mem82 input port DI3 is stuck 0, propagating ...,

All inputs of Distributed Ram \u_sched/u_cnn/img_mem82  are constant

Distributed Ram \u_sched/u_cnn/img_mem72 input port DI0 is stuck 0, propagating ...,

Distributed Ram \u_sched/u_cnn/img_mem72 input port DI1 is stuck 0, propagating ...,

Distributed Ram \u_sched/u_cnn/img_mem72 input port DI2 is stuck 0, propagating ...,

Distributed Ram \u_sched/u_cnn/img_mem72 input port DI3 is stuck 0, propagating ...,

All inputs of Distributed Ram \u_sched/u_cnn/img_mem72  are constant

Distributed Ram \u_sched/u_cnn/img_mem88 input port DI0 is stuck 0, propagating ...,

Distributed Ram \u_sched/u_cnn/img_mem88 input port DI1 is stuck 0, propagating ...,

Distributed Ram \u_sched/u_cnn/img_mem88 input port DI2 is stuck 0, propagating ...,

Distributed Ram \u_sched/u_cnn/img_mem88 input port DI3 is stuck 0, propagating ...,

All inputs of Distributed Ram \u_sched/u_cnn/img_mem88  are constant

Distributed Ram \u_sched/u_cnn/img_mem233 input port DI0 is stuck 0, propagating ...,

Distributed Ram \u_sched/u_cnn/img_mem233 input port DI1 is stuck 0, propagating ...,

Distributed Ram \u_sched/u_cnn/img_mem233 input port DI2 is stuck 0, propagating ...,

Distributed Ram \u_sched/u_cnn/img_mem233 input port DI3 is stuck 0, propagating ...,

All inputs of Distributed Ram \u_sched/u_cnn/img_mem233  are constant

Distributed Ram \u_sched/u_cnn/img_mem98 input port DI0 is stuck 0, propagating ...,

Distributed Ram \u_sched/u_cnn/img_mem98 input port DI1 is stuck 0, propagating ...,

Distributed Ram \u_sched/u_cnn/img_mem98 input port DI2 is stuck 0, propagating ...,

Distributed Ram \u_sched/u_cnn/img_mem98 input port DI3 is stuck 0, propagating ...,

All inputs of Distributed Ram \u_sched/u_cnn/img_mem98  are constant

Distributed Ram \u_sched/u_cnn/img_mem231 input port DI0 is stuck 0, propagating ...,

Distributed Ram \u_sched/u_cnn/img_mem231 input port DI1 is stuck 0, propagating ...,

Distributed Ram \u_sched/u_cnn/img_mem231 input port DI2 is stuck 0, propagating ...,

Distributed Ram \u_sched/u_cnn/img_mem231 input port DI3 is stuck 0, propagating ...,

All inputs of Distributed Ram \u_sched/u_cnn/img_mem231  are constant

Distributed Ram \u_sched/u_cnn/img_mem253 input port DI0 is stuck 0, propagating ...,

Distributed Ram \u_sched/u_cnn/img_mem253 input port DI1 is stuck 0, propagating ...,

Distributed Ram \u_sched/u_cnn/img_mem253 input port DI2 is stuck 0, propagating ...,

Distributed Ram \u_sched/u_cnn/img_mem253 input port DI3 is stuck 0, propagating ...,

All inputs of Distributed Ram \u_sched/u_cnn/img_mem253  are constant

Distributed Ram \u_sched/u_cnn/img_mem33 input port DI0 is stuck 0, propagating ...,

Distributed Ram \u_sched/u_cnn/img_mem33 input port DI1 is stuck 0, propagating ...,

Distributed Ram \u_sched/u_cnn/img_mem33 input port DI2 is stuck 0, propagating ...,

Distributed Ram \u_sched/u_cnn/img_mem33 input port DI3 is stuck 0, propagating ...,

All inputs of Distributed Ram \u_sched/u_cnn/img_mem33  are constant

Distributed Ram \u_sched/u_cnn/img_mem90 input port DI0 is stuck 0, propagating ...,

Distributed Ram \u_sched/u_cnn/img_mem90 input port DI1 is stuck 0, propagating ...,

Distributed Ram \u_sched/u_cnn/img_mem90 input port DI2 is stuck 0, propagating ...,

Distributed Ram \u_sched/u_cnn/img_mem90 input port DI3 is stuck 0, propagating ...,

All inputs of Distributed Ram \u_sched/u_cnn/img_mem90  are constant

Distributed Ram \u_sched/u_cnn/img_mem30 input port DI0 is stuck 0, propagating ...,

Distributed Ram \u_sched/u_cnn/img_mem30 input port DI1 is stuck 0, propagating ...,

Distributed Ram \u_sched/u_cnn/img_mem30 input port DI2 is stuck 0, propagating ...,

Distributed Ram \u_sched/u_cnn/img_mem30 input port DI3 is stuck 0, propagating ...,

All inputs of Distributed Ram \u_sched/u_cnn/img_mem30  are constant

Distributed Ram \u_sched/u_cnn/img_mem87 input port DI0 is stuck 0, propagating ...,

Distributed Ram \u_sched/u_cnn/img_mem87 input port DI1 is stuck 0, propagating ...,

Distributed Ram \u_sched/u_cnn/img_mem87 input port DI2 is stuck 0, propagating ...,

Distributed Ram \u_sched/u_cnn/img_mem87 input port DI3 is stuck 0, propagating ...,

All inputs of Distributed Ram \u_sched/u_cnn/img_mem87  are constant

Distributed Ram \u_sched/u_cnn/img_mem89 input port DI0 is stuck 0, propagating ...,

Distributed Ram \u_sched/u_cnn/img_mem89 input port DI1 is stuck 0, propagating ...,

Distributed Ram \u_sched/u_cnn/img_mem89 input port DI2 is stuck 0, propagating ...,

Distributed Ram \u_sched/u_cnn/img_mem89 input port DI3 is stuck 0, propagating ...,

All inputs of Distributed Ram \u_sched/u_cnn/img_mem89  are constant

Distributed Ram \u_sched/u_cnn/img_mem86 input port DI0 is stuck 0, propagating ...,

Distributed Ram \u_sched/u_cnn/img_mem86 input port DI1 is stuck 0, propagating ...,

Distributed Ram \u_sched/u_cnn/img_mem86 input port DI2 is stuck 0, propagating ...,

Distributed Ram \u_sched/u_cnn/img_mem86 input port DI3 is stuck 0, propagating ...,

All inputs of Distributed Ram \u_sched/u_cnn/img_mem86  are constant

Distributed Ram \u_sched/u_cnn/img_mem84 input port DI0 is stuck 0, propagating ...,

Distributed Ram \u_sched/u_cnn/img_mem84 input port DI1 is stuck 0, propagating ...,

Distributed Ram \u_sched/u_cnn/img_mem84 input port DI2 is stuck 0, propagating ...,

Distributed Ram \u_sched/u_cnn/img_mem84 input port DI3 is stuck 0, propagating ...,

All inputs of Distributed Ram \u_sched/u_cnn/img_mem84  are constant

Distributed Ram \u_sched/u_cnn/img_mem28 input port DI0 is stuck 0, propagating ...,

Distributed Ram \u_sched/u_cnn/img_mem28 input port DI1 is stuck 0, propagating ...,

Distributed Ram \u_sched/u_cnn/img_mem28 input port DI2 is stuck 0, propagating ...,

Distributed Ram \u_sched/u_cnn/img_mem28 input port DI3 is stuck 0, propagating ...,

All inputs of Distributed Ram \u_sched/u_cnn/img_mem28  are constant

Distributed Ram \u_sched/u_cnn/img_mem212 input port DI0 is stuck 0, propagating ...,

Distributed Ram \u_sched/u_cnn/img_mem212 input port DI1 is stuck 0, propagating ...,

Distributed Ram \u_sched/u_cnn/img_mem212 input port DI2 is stuck 0, propagating ...,

Distributed Ram \u_sched/u_cnn/img_mem212 input port DI3 is stuck 0, propagating ...,

All inputs of Distributed Ram \u_sched/u_cnn/img_mem212  are constant

Distributed Ram \u_sched/u_cnn/img_mem161 input port DI0 is stuck 0, propagating ...,

Distributed Ram \u_sched/u_cnn/img_mem161 input port DI1 is stuck 0, propagating ...,

Distributed Ram \u_sched/u_cnn/img_mem161 input port DI2 is stuck 0, propagating ...,

Distributed Ram \u_sched/u_cnn/img_mem161 input port DI3 is stuck 0, propagating ...,

All inputs of Distributed Ram \u_sched/u_cnn/img_mem161  are constant

Distributed Ram \u_sched/u_cnn/img_mem26 input port DI0 is stuck 0, propagating ...,

Distributed Ram \u_sched/u_cnn/img_mem26 input port DI1 is stuck 0, propagating ...,

Distributed Ram \u_sched/u_cnn/img_mem26 input port DI2 is stuck 0, propagating ...,

Distributed Ram \u_sched/u_cnn/img_mem26 input port DI3 is stuck 0, propagating ...,

All inputs of Distributed Ram \u_sched/u_cnn/img_mem26  are constant

Distributed Ram \u_sched/u_cnn/img_mem251 input port DI0 is stuck 0, propagating ...,

Distributed Ram \u_sched/u_cnn/img_mem251 input port DI1 is stuck 0, propagating ...,

Distributed Ram \u_sched/u_cnn/img_mem251 input port DI2 is stuck 0, propagating ...,

Distributed Ram \u_sched/u_cnn/img_mem251 input port DI3 is stuck 0, propagating ...,

All inputs of Distributed Ram \u_sched/u_cnn/img_mem251  are constant

Distributed Ram \u_sched/u_cnn/img_mem83 input port DI0 is stuck 0, propagating ...,

Distributed Ram \u_sched/u_cnn/img_mem83 input port DI1 is stuck 0, propagating ...,

Distributed Ram \u_sched/u_cnn/img_mem83 input port DI2 is stuck 0, propagating ...,

Distributed Ram \u_sched/u_cnn/img_mem83 input port DI3 is stuck 0, propagating ...,

All inputs of Distributed Ram \u_sched/u_cnn/img_mem83  are constant

Distributed Ram \u_sched/u_cnn/img_mem78 input port DI0 is stuck 0, propagating ...,

Distributed Ram \u_sched/u_cnn/img_mem78 input port DI1 is stuck 0, propagating ...,

Distributed Ram \u_sched/u_cnn/img_mem78 input port DI2 is stuck 0, propagating ...,

Distributed Ram \u_sched/u_cnn/img_mem78 input port DI3 is stuck 0, propagating ...,

All inputs of Distributed Ram \u_sched/u_cnn/img_mem78  are constant

Distributed Ram \u_sched/u_cnn/img_mem147 input port DI0 is stuck 0, propagating ...,

Distributed Ram \u_sched/u_cnn/img_mem147 input port DI1 is stuck 0, propagating ...,

Distributed Ram \u_sched/u_cnn/img_mem147 input port DI2 is stuck 0, propagating ...,

Distributed Ram \u_sched/u_cnn/img_mem147 input port DI3 is stuck 0, propagating ...,

All inputs of Distributed Ram \u_sched/u_cnn/img_mem147  are constant

Distributed Ram \u_sched/u_cnn/img_mem157 input port DI0 is stuck 0, propagating ...,

Distributed Ram \u_sched/u_cnn/img_mem157 input port DI1 is stuck 0, propagating ...,

Distributed Ram \u_sched/u_cnn/img_mem157 input port DI2 is stuck 0, propagating ...,

Distributed Ram \u_sched/u_cnn/img_mem157 input port DI3 is stuck 0, propagating ...,

All inputs of Distributed Ram \u_sched/u_cnn/img_mem157  are constant

Distributed Ram \u_sched/u_cnn/img_mem80 input port DI0 is stuck 0, propagating ...,

Distributed Ram \u_sched/u_cnn/img_mem80 input port DI1 is stuck 0, propagating ...,

Distributed Ram \u_sched/u_cnn/img_mem80 input port DI2 is stuck 0, propagating ...,

Distributed Ram \u_sched/u_cnn/img_mem80 input port DI3 is stuck 0, propagating ...,

All inputs of Distributed Ram \u_sched/u_cnn/img_mem80  are constant

Distributed Ram \u_sched/u_cnn/img_mem75 input port DI0 is stuck 0, propagating ...,

Distributed Ram \u_sched/u_cnn/img_mem75 input port DI1 is stuck 0, propagating ...,

Distributed Ram \u_sched/u_cnn/img_mem75 input port DI2 is stuck 0, propagating ...,

Distributed Ram \u_sched/u_cnn/img_mem75 input port DI3 is stuck 0, propagating ...,

All inputs of Distributed Ram \u_sched/u_cnn/img_mem75  are constant

Distributed Ram \u_sched/u_cnn/img_mem23 input port DI0 is stuck 0, propagating ...,

Distributed Ram \u_sched/u_cnn/img_mem23 input port DI1 is stuck 0, propagating ...,

Distributed Ram \u_sched/u_cnn/img_mem23 input port DI2 is stuck 0, propagating ...,

Distributed Ram \u_sched/u_cnn/img_mem23 input port DI3 is stuck 0, propagating ...,

All inputs of Distributed Ram \u_sched/u_cnn/img_mem23  are constant

Distributed Ram \u_sched/u_cnn/img_mem156 input port DI0 is stuck 0, propagating ...,

Distributed Ram \u_sched/u_cnn/img_mem156 input port DI1 is stuck 0, propagating ...,

Distributed Ram \u_sched/u_cnn/img_mem156 input port DI2 is stuck 0, propagating ...,

Distributed Ram \u_sched/u_cnn/img_mem156 input port DI3 is stuck 0, propagating ...,

All inputs of Distributed Ram \u_sched/u_cnn/img_mem156  are constant

Distributed Ram \u_sched/u_cnn/img_mem151 input port DI0 is stuck 0, propagating ...,

Distributed Ram \u_sched/u_cnn/img_mem151 input port DI1 is stuck 0, propagating ...,

Distributed Ram \u_sched/u_cnn/img_mem151 input port DI2 is stuck 0, propagating ...,

Distributed Ram \u_sched/u_cnn/img_mem151 input port DI3 is stuck 0, propagating ...,

All inputs of Distributed Ram \u_sched/u_cnn/img_mem151  are constant

Distributed Ram \u_sched/u_cnn/img_mem21 input port DI0 is stuck 0, propagating ...,

Distributed Ram \u_sched/u_cnn/img_mem21 input port DI1 is stuck 0, propagating ...,

Distributed Ram \u_sched/u_cnn/img_mem21 input port DI2 is stuck 0, propagating ...,

Distributed Ram \u_sched/u_cnn/img_mem21 input port DI3 is stuck 0, propagating ...,

All inputs of Distributed Ram \u_sched/u_cnn/img_mem21  are constant

Distributed Ram \u_sched/u_cnn/img_mem73 input port DI0 is stuck 0, propagating ...,

Distributed Ram \u_sched/u_cnn/img_mem73 input port DI1 is stuck 0, propagating ...,

Distributed Ram \u_sched/u_cnn/img_mem73 input port DI2 is stuck 0, propagating ...,

Distributed Ram \u_sched/u_cnn/img_mem73 input port DI3 is stuck 0, propagating ...,

All inputs of Distributed Ram \u_sched/u_cnn/img_mem73  are constant

Distributed Ram \u_sched/u_cnn/img_mem217 input port DI0 is stuck 0, propagating ...,

Distributed Ram \u_sched/u_cnn/img_mem217 input port DI1 is stuck 0, propagating ...,

Distributed Ram \u_sched/u_cnn/img_mem217 input port DI2 is stuck 0, propagating ...,

Distributed Ram \u_sched/u_cnn/img_mem217 input port DI3 is stuck 0, propagating ...,

All inputs of Distributed Ram \u_sched/u_cnn/img_mem217  are constant

Distributed Ram \u_sched/u_cnn/img_mem25 input port DI0 is stuck 0, propagating ...,

Distributed Ram \u_sched/u_cnn/img_mem25 input port DI1 is stuck 0, propagating ...,

Distributed Ram \u_sched/u_cnn/img_mem25 input port DI2 is stuck 0, propagating ...,

Distributed Ram \u_sched/u_cnn/img_mem25 input port DI3 is stuck 0, propagating ...,

All inputs of Distributed Ram \u_sched/u_cnn/img_mem25  are constant

Distributed Ram \u_sched/u_cnn/img_mem158 input port DI0 is stuck 0, propagating ...,

Distributed Ram \u_sched/u_cnn/img_mem158 input port DI1 is stuck 0, propagating ...,

Distributed Ram \u_sched/u_cnn/img_mem158 input port DI2 is stuck 0, propagating ...,

Distributed Ram \u_sched/u_cnn/img_mem158 input port DI3 is stuck 0, propagating ...,

All inputs of Distributed Ram \u_sched/u_cnn/img_mem158  are constant

Distributed Ram \u_sched/u_cnn/img_mem172 input port DI0 is stuck 0, propagating ...,

Distributed Ram \u_sched/u_cnn/img_mem172 input port DI1 is stuck 0, propagating ...,

Distributed Ram \u_sched/u_cnn/img_mem172 input port DI2 is stuck 0, propagating ...,

Distributed Ram \u_sched/u_cnn/img_mem172 input port DI3 is stuck 0, propagating ...,

All inputs of Distributed Ram \u_sched/u_cnn/img_mem172  are constant

Distributed Ram \u_sched/u_cnn/img_mem8 input port DI0 is stuck 0, propagating ...,

Distributed Ram \u_sched/u_cnn/img_mem8 input port DI1 is stuck 0, propagating ...,

Distributed Ram \u_sched/u_cnn/img_mem8 input port DI2 is stuck 0, propagating ...,

Distributed Ram \u_sched/u_cnn/img_mem8 input port DI3 is stuck 0, propagating ...,

All inputs of Distributed Ram \u_sched/u_cnn/img_mem8  are constant

Distributed Ram \u_sched/u_cnn/img_mem35 input port DI0 is stuck 0, propagating ...,

Distributed Ram \u_sched/u_cnn/img_mem35 input port DI1 is stuck 0, propagating ...,

Distributed Ram \u_sched/u_cnn/img_mem35 input port DI2 is stuck 0, propagating ...,

Distributed Ram \u_sched/u_cnn/img_mem35 input port DI3 is stuck 0, propagating ...,

All inputs of Distributed Ram \u_sched/u_cnn/img_mem35  are constant

Distributed Ram \u_sched/u_cnn/img_mem37 input port DI0 is stuck 0, propagating ...,

Distributed Ram \u_sched/u_cnn/img_mem37 input port DI1 is stuck 0, propagating ...,

Distributed Ram \u_sched/u_cnn/img_mem37 input port DI2 is stuck 0, propagating ...,

Distributed Ram \u_sched/u_cnn/img_mem37 input port DI3 is stuck 0, propagating ...,

All inputs of Distributed Ram \u_sched/u_cnn/img_mem37  are constant

Distributed Ram \u_sched/u_cnn/img_mem32 input port DI0 is stuck 0, propagating ...,

Distributed Ram \u_sched/u_cnn/img_mem32 input port DI1 is stuck 0, propagating ...,

Distributed Ram \u_sched/u_cnn/img_mem32 input port DI2 is stuck 0, propagating ...,

Distributed Ram \u_sched/u_cnn/img_mem32 input port DI3 is stuck 0, propagating ...,

All inputs of Distributed Ram \u_sched/u_cnn/img_mem32  are constant

Distributed Ram \u_sched/u_cnn/img_mem6 input port DI0 is stuck 0, propagating ...,

Distributed Ram \u_sched/u_cnn/img_mem6 input port DI1 is stuck 0, propagating ...,

Distributed Ram \u_sched/u_cnn/img_mem6 input port DI2 is stuck 0, propagating ...,

Distributed Ram \u_sched/u_cnn/img_mem6 input port DI3 is stuck 0, propagating ...,

All inputs of Distributed Ram \u_sched/u_cnn/img_mem6  are constant

Distributed Ram \u_sched/u_cnn/img_mem34 input port DI0 is stuck 0, propagating ...,

Distributed Ram \u_sched/u_cnn/img_mem34 input port DI1 is stuck 0, propagating ...,

Distributed Ram \u_sched/u_cnn/img_mem34 input port DI2 is stuck 0, propagating ...,

Distributed Ram \u_sched/u_cnn/img_mem34 input port DI3 is stuck 0, propagating ...,

All inputs of Distributed Ram \u_sched/u_cnn/img_mem34  are constant

Distributed Ram \u_sched/u_cnn/img_mem29 input port DI0 is stuck 0, propagating ...,

Distributed Ram \u_sched/u_cnn/img_mem29 input port DI1 is stuck 0, propagating ...,

Distributed Ram \u_sched/u_cnn/img_mem29 input port DI2 is stuck 0, propagating ...,

Distributed Ram \u_sched/u_cnn/img_mem29 input port DI3 is stuck 0, propagating ...,

All inputs of Distributed Ram \u_sched/u_cnn/img_mem29  are constant

Distributed Ram \u_sched/u_cnn/img_mem5 input port DI0 is stuck 0, propagating ...,

Distributed Ram \u_sched/u_cnn/img_mem5 input port DI1 is stuck 0, propagating ...,

Distributed Ram \u_sched/u_cnn/img_mem5 input port DI2 is stuck 0, propagating ...,

Distributed Ram \u_sched/u_cnn/img_mem5 input port DI3 is stuck 0, propagating ...,

All inputs of Distributed Ram \u_sched/u_cnn/img_mem5  are constant

Distributed Ram \u_sched/u_cnn/img_mem91 input port DI0 is stuck 0, propagating ...,

Distributed Ram \u_sched/u_cnn/img_mem91 input port DI1 is stuck 0, propagating ...,

Distributed Ram \u_sched/u_cnn/img_mem91 input port DI2 is stuck 0, propagating ...,

Distributed Ram \u_sched/u_cnn/img_mem91 input port DI3 is stuck 0, propagating ...,

All inputs of Distributed Ram \u_sched/u_cnn/img_mem91  are constant

Distributed Ram \u_sched/u_cnn/img_mem148 input port DI0 is stuck 0, propagating ...,

Distributed Ram \u_sched/u_cnn/img_mem148 input port DI1 is stuck 0, propagating ...,

Distributed Ram \u_sched/u_cnn/img_mem148 input port DI2 is stuck 0, propagating ...,

Distributed Ram \u_sched/u_cnn/img_mem148 input port DI3 is stuck 0, propagating ...,

All inputs of Distributed Ram \u_sched/u_cnn/img_mem148  are constant

Distributed Ram \u_sched/u_cnn/img_mem22 input port DI0 is stuck 0, propagating ...,

Distributed Ram \u_sched/u_cnn/img_mem22 input port DI1 is stuck 0, propagating ...,

Distributed Ram \u_sched/u_cnn/img_mem22 input port DI2 is stuck 0, propagating ...,

Distributed Ram \u_sched/u_cnn/img_mem22 input port DI3 is stuck 0, propagating ...,

All inputs of Distributed Ram \u_sched/u_cnn/img_mem22  are constant

Distributed Ram \u_sched/u_cnn/img_mem53 input port DI0 is stuck 0, propagating ...,

Distributed Ram \u_sched/u_cnn/img_mem53 input port DI1 is stuck 0, propagating ...,

Distributed Ram \u_sched/u_cnn/img_mem53 input port DI2 is stuck 0, propagating ...,

Distributed Ram \u_sched/u_cnn/img_mem53 input port DI3 is stuck 0, propagating ...,

All inputs of Distributed Ram \u_sched/u_cnn/img_mem53  are constant

Distributed Ram \u_sched/u_cnn/img_mem14 input port DI0 is stuck 0, propagating ...,

Distributed Ram \u_sched/u_cnn/img_mem14 input port DI1 is stuck 0, propagating ...,

Distributed Ram \u_sched/u_cnn/img_mem14 input port DI2 is stuck 0, propagating ...,

Distributed Ram \u_sched/u_cnn/img_mem14 input port DI3 is stuck 0, propagating ...,

All inputs of Distributed Ram \u_sched/u_cnn/img_mem14  are constant

Distributed Ram \u_sched/u_cnn/img_mem510 input port DI0 is stuck 0, propagating ...,

Distributed Ram \u_sched/u_cnn/img_mem510 input port DI1 is stuck 0, propagating ...,

Distributed Ram \u_sched/u_cnn/img_mem510 input port DI2 is stuck 0, propagating ...,

Distributed Ram \u_sched/u_cnn/img_mem510 input port DI3 is stuck 0, propagating ...,

All inputs of Distributed Ram \u_sched/u_cnn/img_mem510  are constant

Distributed Ram \u_sched/u_cnn/img_mem509 input port DI0 is stuck 0, propagating ...,

Distributed Ram \u_sched/u_cnn/img_mem509 input port DI1 is stuck 0, propagating ...,

Distributed Ram \u_sched/u_cnn/img_mem509 input port DI2 is stuck 0, propagating ...,

Distributed Ram \u_sched/u_cnn/img_mem509 input port DI3 is stuck 0, propagating ...,

All inputs of Distributed Ram \u_sched/u_cnn/img_mem509  are constant

Distributed Ram \u_sched/u_cnn/img_mem508 input port DI0 is stuck 0, propagating ...,

Distributed Ram \u_sched/u_cnn/img_mem508 input port DI1 is stuck 0, propagating ...,

Distributed Ram \u_sched/u_cnn/img_mem508 input port DI2 is stuck 0, propagating ...,

Distributed Ram \u_sched/u_cnn/img_mem508 input port DI3 is stuck 0, propagating ...,

All inputs of Distributed Ram \u_sched/u_cnn/img_mem508  are constant

Distributed Ram \u_sched/u_cnn/img_mem502 input port DI0 is stuck 0, propagating ...,

Distributed Ram \u_sched/u_cnn/img_mem502 input port DI1 is stuck 0, propagating ...,

Distributed Ram \u_sched/u_cnn/img_mem502 input port DI2 is stuck 0, propagating ...,

Distributed Ram \u_sched/u_cnn/img_mem502 input port DI3 is stuck 0, propagating ...,

All inputs of Distributed Ram \u_sched/u_cnn/img_mem502  are constant

Distributed Ram \u_sched/u_cnn/img_mem499 input port DI0 is stuck 0, propagating ...,

Distributed Ram \u_sched/u_cnn/img_mem499 input port DI1 is stuck 0, propagating ...,

Distributed Ram \u_sched/u_cnn/img_mem499 input port DI2 is stuck 0, propagating ...,

Distributed Ram \u_sched/u_cnn/img_mem499 input port DI3 is stuck 0, propagating ...,

All inputs of Distributed Ram \u_sched/u_cnn/img_mem499  are constant

Distributed Ram \u_sched/u_cnn/img_mem498 input port DI0 is stuck 0, propagating ...,

Distributed Ram \u_sched/u_cnn/img_mem498 input port DI1 is stuck 0, propagating ...,

Distributed Ram \u_sched/u_cnn/img_mem498 input port DI2 is stuck 0, propagating ...,

Distributed Ram \u_sched/u_cnn/img_mem498 input port DI3 is stuck 0, propagating ...,

All inputs of Distributed Ram \u_sched/u_cnn/img_mem498  are constant

Distributed Ram \u_sched/u_cnn/img_mem497 input port DI0 is stuck 0, propagating ...,

Distributed Ram \u_sched/u_cnn/img_mem497 input port DI1 is stuck 0, propagating ...,

Distributed Ram \u_sched/u_cnn/img_mem497 input port DI2 is stuck 0, propagating ...,

Distributed Ram \u_sched/u_cnn/img_mem497 input port DI3 is stuck 0, propagating ...,

All inputs of Distributed Ram \u_sched/u_cnn/img_mem497  are constant

Distributed Ram \u_sched/u_cnn/img_mem496 input port DI0 is stuck 0, propagating ...,

Distributed Ram \u_sched/u_cnn/img_mem496 input port DI1 is stuck 0, propagating ...,

Distributed Ram \u_sched/u_cnn/img_mem496 input port DI2 is stuck 0, propagating ...,

Distributed Ram \u_sched/u_cnn/img_mem496 input port DI3 is stuck 0, propagating ...,

All inputs of Distributed Ram \u_sched/u_cnn/img_mem496  are constant

Distributed Ram \u_sched/u_cnn/img_mem494 input port DI0 is stuck 0, propagating ...,

Distributed Ram \u_sched/u_cnn/img_mem494 input port DI1 is stuck 0, propagating ...,

Distributed Ram \u_sched/u_cnn/img_mem494 input port DI2 is stuck 0, propagating ...,

Distributed Ram \u_sched/u_cnn/img_mem494 input port DI3 is stuck 0, propagating ...,

All inputs of Distributed Ram \u_sched/u_cnn/img_mem494  are constant

Distributed Ram \u_sched/u_cnn/img_mem493 input port DI0 is stuck 0, propagating ...,

Distributed Ram \u_sched/u_cnn/img_mem493 input port DI1 is stuck 0, propagating ...,

Distributed Ram \u_sched/u_cnn/img_mem493 input port DI2 is stuck 0, propagating ...,

Distributed Ram \u_sched/u_cnn/img_mem493 input port DI3 is stuck 0, propagating ...,

All inputs of Distributed Ram \u_sched/u_cnn/img_mem493  are constant

Distributed Ram \u_sched/u_cnn/img_mem492 input port DI0 is stuck 0, propagating ...,

Distributed Ram \u_sched/u_cnn/img_mem492 input port DI1 is stuck 0, propagating ...,

Distributed Ram \u_sched/u_cnn/img_mem492 input port DI2 is stuck 0, propagating ...,

Distributed Ram \u_sched/u_cnn/img_mem492 input port DI3 is stuck 0, propagating ...,

All inputs of Distributed Ram \u_sched/u_cnn/img_mem492  are constant

Distributed Ram \u_sched/u_cnn/img_mem491 input port DI0 is stuck 0, propagating ...,

Distributed Ram \u_sched/u_cnn/img_mem491 input port DI1 is stuck 0, propagating ...,

Distributed Ram \u_sched/u_cnn/img_mem491 input port DI2 is stuck 0, propagating ...,

Distributed Ram \u_sched/u_cnn/img_mem491 input port DI3 is stuck 0, propagating ...,

All inputs of Distributed Ram \u_sched/u_cnn/img_mem491  are constant

Distributed Ram \u_sched/u_cnn/img_mem490 input port DI0 is stuck 0, propagating ...,

Distributed Ram \u_sched/u_cnn/img_mem490 input port DI1 is stuck 0, propagating ...,

Distributed Ram \u_sched/u_cnn/img_mem490 input port DI2 is stuck 0, propagating ...,

Distributed Ram \u_sched/u_cnn/img_mem490 input port DI3 is stuck 0, propagating ...,

All inputs of Distributed Ram \u_sched/u_cnn/img_mem490  are constant

Distributed Ram \u_sched/u_cnn/img_mem489 input port DI0 is stuck 0, propagating ...,

Distributed Ram \u_sched/u_cnn/img_mem489 input port DI1 is stuck 0, propagating ...,

Distributed Ram \u_sched/u_cnn/img_mem489 input port DI2 is stuck 0, propagating ...,

Distributed Ram \u_sched/u_cnn/img_mem489 input port DI3 is stuck 0, propagating ...,

All inputs of Distributed Ram \u_sched/u_cnn/img_mem489  are constant

Distributed Ram \u_sched/u_cnn/img_mem488 input port DI0 is stuck 0, propagating ...,

Distributed Ram \u_sched/u_cnn/img_mem488 input port DI1 is stuck 0, propagating ...,

Distributed Ram \u_sched/u_cnn/img_mem488 input port DI2 is stuck 0, propagating ...,

Distributed Ram \u_sched/u_cnn/img_mem488 input port DI3 is stuck 0, propagating ...,

All inputs of Distributed Ram \u_sched/u_cnn/img_mem488  are constant

Distributed Ram \u_sched/u_cnn/img_mem487 input port DI0 is stuck 0, propagating ...,

Distributed Ram \u_sched/u_cnn/img_mem487 input port DI1 is stuck 0, propagating ...,

Distributed Ram \u_sched/u_cnn/img_mem487 input port DI2 is stuck 0, propagating ...,

Distributed Ram \u_sched/u_cnn/img_mem487 input port DI3 is stuck 0, propagating ...,

All inputs of Distributed Ram \u_sched/u_cnn/img_mem487  are constant

Distributed Ram \u_sched/u_cnn/img_mem486 input port DI0 is stuck 0, propagating ...,

Distributed Ram \u_sched/u_cnn/img_mem486 input port DI1 is stuck 0, propagating ...,

Distributed Ram \u_sched/u_cnn/img_mem486 input port DI2 is stuck 0, propagating ...,

Distributed Ram \u_sched/u_cnn/img_mem486 input port DI3 is stuck 0, propagating ...,

All inputs of Distributed Ram \u_sched/u_cnn/img_mem486  are constant

Distributed Ram \u_sched/u_cnn/img_mem485 input port DI0 is stuck 0, propagating ...,

Distributed Ram \u_sched/u_cnn/img_mem485 input port DI1 is stuck 0, propagating ...,

Distributed Ram \u_sched/u_cnn/img_mem485 input port DI2 is stuck 0, propagating ...,

Distributed Ram \u_sched/u_cnn/img_mem485 input port DI3 is stuck 0, propagating ...,

All inputs of Distributed Ram \u_sched/u_cnn/img_mem485  are constant

Distributed Ram \u_sched/u_cnn/img_mem474 input port DI0 is stuck 0, propagating ...,

Distributed Ram \u_sched/u_cnn/img_mem474 input port DI1 is stuck 0, propagating ...,

Distributed Ram \u_sched/u_cnn/img_mem474 input port DI2 is stuck 0, propagating ...,

Distributed Ram \u_sched/u_cnn/img_mem474 input port DI3 is stuck 0, propagating ...,

All inputs of Distributed Ram \u_sched/u_cnn/img_mem474  are constant

Distributed Ram \u_sched/u_cnn/img_mem473 input port DI0 is stuck 0, propagating ...,

Distributed Ram \u_sched/u_cnn/img_mem473 input port DI1 is stuck 0, propagating ...,

Distributed Ram \u_sched/u_cnn/img_mem473 input port DI2 is stuck 0, propagating ...,

Distributed Ram \u_sched/u_cnn/img_mem473 input port DI3 is stuck 0, propagating ...,

All inputs of Distributed Ram \u_sched/u_cnn/img_mem473  are constant

Distributed Ram \u_sched/u_cnn/img_mem472 input port DI0 is stuck 0, propagating ...,

Distributed Ram \u_sched/u_cnn/img_mem472 input port DI1 is stuck 0, propagating ...,

Distributed Ram \u_sched/u_cnn/img_mem472 input port DI2 is stuck 0, propagating ...,

Distributed Ram \u_sched/u_cnn/img_mem472 input port DI3 is stuck 0, propagating ...,

All inputs of Distributed Ram \u_sched/u_cnn/img_mem472  are constant

Distributed Ram \u_sched/u_cnn/img_mem471 input port DI0 is stuck 0, propagating ...,

Distributed Ram \u_sched/u_cnn/img_mem471 input port DI1 is stuck 0, propagating ...,

Distributed Ram \u_sched/u_cnn/img_mem471 input port DI2 is stuck 0, propagating ...,

Distributed Ram \u_sched/u_cnn/img_mem471 input port DI3 is stuck 0, propagating ...,

All inputs of Distributed Ram \u_sched/u_cnn/img_mem471  are constant

Distributed Ram \u_sched/u_cnn/img_mem470 input port DI0 is stuck 0, propagating ...,

Distributed Ram \u_sched/u_cnn/img_mem470 input port DI1 is stuck 0, propagating ...,

Distributed Ram \u_sched/u_cnn/img_mem470 input port DI2 is stuck 0, propagating ...,

Distributed Ram \u_sched/u_cnn/img_mem470 input port DI3 is stuck 0, propagating ...,

All inputs of Distributed Ram \u_sched/u_cnn/img_mem470  are constant

Distributed Ram \u_sched/u_cnn/img_mem469 input port DI0 is stuck 0, propagating ...,

Distributed Ram \u_sched/u_cnn/img_mem469 input port DI1 is stuck 0, propagating ...,

Distributed Ram \u_sched/u_cnn/img_mem469 input port DI2 is stuck 0, propagating ...,

Distributed Ram \u_sched/u_cnn/img_mem469 input port DI3 is stuck 0, propagating ...,

All inputs of Distributed Ram \u_sched/u_cnn/img_mem469  are constant

Distributed Ram \u_sched/u_cnn/img_mem459 input port DI0 is stuck 0, propagating ...,

Distributed Ram \u_sched/u_cnn/img_mem459 input port DI1 is stuck 0, propagating ...,

Distributed Ram \u_sched/u_cnn/img_mem459 input port DI2 is stuck 0, propagating ...,

Distributed Ram \u_sched/u_cnn/img_mem459 input port DI3 is stuck 0, propagating ...,

All inputs of Distributed Ram \u_sched/u_cnn/img_mem459  are constant

Distributed Ram \u_sched/u_cnn/img_mem458 input port DI0 is stuck 0, propagating ...,

Distributed Ram \u_sched/u_cnn/img_mem458 input port DI1 is stuck 0, propagating ...,

Distributed Ram \u_sched/u_cnn/img_mem458 input port DI2 is stuck 0, propagating ...,

Distributed Ram \u_sched/u_cnn/img_mem458 input port DI3 is stuck 0, propagating ...,

All inputs of Distributed Ram \u_sched/u_cnn/img_mem458  are constant

Distributed Ram \u_sched/u_cnn/img_mem457 input port DI0 is stuck 0, propagating ...,

Distributed Ram \u_sched/u_cnn/img_mem457 input port DI1 is stuck 0, propagating ...,

Distributed Ram \u_sched/u_cnn/img_mem457 input port DI2 is stuck 0, propagating ...,

Distributed Ram \u_sched/u_cnn/img_mem457 input port DI3 is stuck 0, propagating ...,

All inputs of Distributed Ram \u_sched/u_cnn/img_mem457  are constant

Distributed Ram \u_sched/u_cnn/img_mem456 input port DI0 is stuck 0, propagating ...,

Distributed Ram \u_sched/u_cnn/img_mem456 input port DI1 is stuck 0, propagating ...,

Distributed Ram \u_sched/u_cnn/img_mem456 input port DI2 is stuck 0, propagating ...,

Distributed Ram \u_sched/u_cnn/img_mem456 input port DI3 is stuck 0, propagating ...,

All inputs of Distributed Ram \u_sched/u_cnn/img_mem456  are constant

Distributed Ram \u_sched/u_cnn/img_mem455 input port DI0 is stuck 0, propagating ...,

Distributed Ram \u_sched/u_cnn/img_mem455 input port DI1 is stuck 0, propagating ...,

Distributed Ram \u_sched/u_cnn/img_mem455 input port DI2 is stuck 0, propagating ...,

Distributed Ram \u_sched/u_cnn/img_mem455 input port DI3 is stuck 0, propagating ...,

All inputs of Distributed Ram \u_sched/u_cnn/img_mem455  are constant

Distributed Ram \u_sched/u_cnn/img_mem454 input port DI0 is stuck 0, propagating ...,

Distributed Ram \u_sched/u_cnn/img_mem454 input port DI1 is stuck 0, propagating ...,

Distributed Ram \u_sched/u_cnn/img_mem454 input port DI2 is stuck 0, propagating ...,

Distributed Ram \u_sched/u_cnn/img_mem454 input port DI3 is stuck 0, propagating ...,

All inputs of Distributed Ram \u_sched/u_cnn/img_mem454  are constant

Distributed Ram \u_sched/u_cnn/img_mem453 input port DI0 is stuck 0, propagating ...,

Distributed Ram \u_sched/u_cnn/img_mem453 input port DI1 is stuck 0, propagating ...,

Distributed Ram \u_sched/u_cnn/img_mem453 input port DI2 is stuck 0, propagating ...,

Distributed Ram \u_sched/u_cnn/img_mem453 input port DI3 is stuck 0, propagating ...,

All inputs of Distributed Ram \u_sched/u_cnn/img_mem453  are constant

Distributed Ram \u_sched/u_cnn/img_mem448 input port DI0 is stuck 0, propagating ...,

Distributed Ram \u_sched/u_cnn/img_mem448 input port DI1 is stuck 0, propagating ...,

Distributed Ram \u_sched/u_cnn/img_mem448 input port DI2 is stuck 0, propagating ...,

Distributed Ram \u_sched/u_cnn/img_mem448 input port DI3 is stuck 0, propagating ...,

All inputs of Distributed Ram \u_sched/u_cnn/img_mem448  are constant

Distributed Ram \u_sched/u_cnn/img_mem447 input port DI0 is stuck 0, propagating ...,

Distributed Ram \u_sched/u_cnn/img_mem447 input port DI1 is stuck 0, propagating ...,

Distributed Ram \u_sched/u_cnn/img_mem447 input port DI2 is stuck 0, propagating ...,

Distributed Ram \u_sched/u_cnn/img_mem447 input port DI3 is stuck 0, propagating ...,

All inputs of Distributed Ram \u_sched/u_cnn/img_mem447  are constant

Distributed Ram \u_sched/u_cnn/img_mem446 input port DI0 is stuck 0, propagating ...,

Distributed Ram \u_sched/u_cnn/img_mem446 input port DI1 is stuck 0, propagating ...,

Distributed Ram \u_sched/u_cnn/img_mem446 input port DI2 is stuck 0, propagating ...,

Distributed Ram \u_sched/u_cnn/img_mem446 input port DI3 is stuck 0, propagating ...,

All inputs of Distributed Ram \u_sched/u_cnn/img_mem446  are constant

Distributed Ram \u_sched/u_cnn/img_mem445 input port DI0 is stuck 0, propagating ...,

Distributed Ram \u_sched/u_cnn/img_mem445 input port DI1 is stuck 0, propagating ...,

Distributed Ram \u_sched/u_cnn/img_mem445 input port DI2 is stuck 0, propagating ...,

Distributed Ram \u_sched/u_cnn/img_mem445 input port DI3 is stuck 0, propagating ...,

All inputs of Distributed Ram \u_sched/u_cnn/img_mem445  are constant

Distributed Ram \u_sched/u_cnn/img_mem444 input port DI0 is stuck 0, propagating ...,

Distributed Ram \u_sched/u_cnn/img_mem444 input port DI1 is stuck 0, propagating ...,

Distributed Ram \u_sched/u_cnn/img_mem444 input port DI2 is stuck 0, propagating ...,

Distributed Ram \u_sched/u_cnn/img_mem444 input port DI3 is stuck 0, propagating ...,

All inputs of Distributed Ram \u_sched/u_cnn/img_mem444  are constant

Distributed Ram \u_sched/u_cnn/img_mem443 input port DI0 is stuck 0, propagating ...,

Distributed Ram \u_sched/u_cnn/img_mem443 input port DI1 is stuck 0, propagating ...,

Distributed Ram \u_sched/u_cnn/img_mem443 input port DI2 is stuck 0, propagating ...,

Distributed Ram \u_sched/u_cnn/img_mem443 input port DI3 is stuck 0, propagating ...,

All inputs of Distributed Ram \u_sched/u_cnn/img_mem443  are constant

Distributed Ram \u_sched/u_cnn/img_mem442 input port DI0 is stuck 0, propagating ...,

Distributed Ram \u_sched/u_cnn/img_mem442 input port DI1 is stuck 0, propagating ...,

Distributed Ram \u_sched/u_cnn/img_mem442 input port DI2 is stuck 0, propagating ...,

Distributed Ram \u_sched/u_cnn/img_mem442 input port DI3 is stuck 0, propagating ...,

All inputs of Distributed Ram \u_sched/u_cnn/img_mem442  are constant

Distributed Ram \u_sched/u_cnn/img_mem441 input port DI0 is stuck 0, propagating ...,

Distributed Ram \u_sched/u_cnn/img_mem441 input port DI1 is stuck 0, propagating ...,

Distributed Ram \u_sched/u_cnn/img_mem441 input port DI2 is stuck 0, propagating ...,

Distributed Ram \u_sched/u_cnn/img_mem441 input port DI3 is stuck 0, propagating ...,

All inputs of Distributed Ram \u_sched/u_cnn/img_mem441  are constant

Distributed Ram \u_sched/u_cnn/img_mem440 input port DI0 is stuck 0, propagating ...,

Distributed Ram \u_sched/u_cnn/img_mem440 input port DI1 is stuck 0, propagating ...,

Distributed Ram \u_sched/u_cnn/img_mem440 input port DI2 is stuck 0, propagating ...,

Distributed Ram \u_sched/u_cnn/img_mem440 input port DI3 is stuck 0, propagating ...,

All inputs of Distributed Ram \u_sched/u_cnn/img_mem440  are constant

Distributed Ram \u_sched/u_cnn/img_mem439 input port DI0 is stuck 0, propagating ...,

Distributed Ram \u_sched/u_cnn/img_mem439 input port DI1 is stuck 0, propagating ...,

Distributed Ram \u_sched/u_cnn/img_mem439 input port DI2 is stuck 0, propagating ...,

Distributed Ram \u_sched/u_cnn/img_mem439 input port DI3 is stuck 0, propagating ...,

All inputs of Distributed Ram \u_sched/u_cnn/img_mem439  are constant

Distributed Ram \u_sched/u_cnn/img_mem438 input port DI0 is stuck 0, propagating ...,

Distributed Ram \u_sched/u_cnn/img_mem438 input port DI1 is stuck 0, propagating ...,

Distributed Ram \u_sched/u_cnn/img_mem438 input port DI2 is stuck 0, propagating ...,

Distributed Ram \u_sched/u_cnn/img_mem438 input port DI3 is stuck 0, propagating ...,

All inputs of Distributed Ram \u_sched/u_cnn/img_mem438  are constant

Distributed Ram \u_sched/u_cnn/img_mem437 input port DI0 is stuck 0, propagating ...,

Distributed Ram \u_sched/u_cnn/img_mem437 input port DI1 is stuck 0, propagating ...,

Distributed Ram \u_sched/u_cnn/img_mem437 input port DI2 is stuck 0, propagating ...,

Distributed Ram \u_sched/u_cnn/img_mem437 input port DI3 is stuck 0, propagating ...,

All inputs of Distributed Ram \u_sched/u_cnn/img_mem437  are constant

Distributed Ram \u_sched/u_cnn/img_mem436 input port DI0 is stuck 0, propagating ...,

Distributed Ram \u_sched/u_cnn/img_mem436 input port DI1 is stuck 0, propagating ...,

Distributed Ram \u_sched/u_cnn/img_mem436 input port DI2 is stuck 0, propagating ...,

Distributed Ram \u_sched/u_cnn/img_mem436 input port DI3 is stuck 0, propagating ...,

All inputs of Distributed Ram \u_sched/u_cnn/img_mem436  are constant

Distributed Ram \u_sched/u_cnn/img_mem435 input port DI0 is stuck 0, propagating ...,

Distributed Ram \u_sched/u_cnn/img_mem435 input port DI1 is stuck 0, propagating ...,

Distributed Ram \u_sched/u_cnn/img_mem435 input port DI2 is stuck 0, propagating ...,

Distributed Ram \u_sched/u_cnn/img_mem435 input port DI3 is stuck 0, propagating ...,

All inputs of Distributed Ram \u_sched/u_cnn/img_mem435  are constant

Distributed Ram \u_sched/u_cnn/img_mem434 input port DI0 is stuck 0, propagating ...,

Distributed Ram \u_sched/u_cnn/img_mem434 input port DI1 is stuck 0, propagating ...,

Distributed Ram \u_sched/u_cnn/img_mem434 input port DI2 is stuck 0, propagating ...,

Distributed Ram \u_sched/u_cnn/img_mem434 input port DI3 is stuck 0, propagating ...,

All inputs of Distributed Ram \u_sched/u_cnn/img_mem434  are constant

Distributed Ram \u_sched/u_cnn/img_mem433 input port DI0 is stuck 0, propagating ...,

Distributed Ram \u_sched/u_cnn/img_mem433 input port DI1 is stuck 0, propagating ...,

Distributed Ram \u_sched/u_cnn/img_mem433 input port DI2 is stuck 0, propagating ...,

Distributed Ram \u_sched/u_cnn/img_mem433 input port DI3 is stuck 0, propagating ...,

All inputs of Distributed Ram \u_sched/u_cnn/img_mem433  are constant

Distributed Ram \u_sched/u_cnn/img_mem432 input port DI0 is stuck 0, propagating ...,

Distributed Ram \u_sched/u_cnn/img_mem432 input port DI1 is stuck 0, propagating ...,

Distributed Ram \u_sched/u_cnn/img_mem432 input port DI2 is stuck 0, propagating ...,

Distributed Ram \u_sched/u_cnn/img_mem432 input port DI3 is stuck 0, propagating ...,

All inputs of Distributed Ram \u_sched/u_cnn/img_mem432  are constant

Distributed Ram \u_sched/u_cnn/img_mem431 input port DI0 is stuck 0, propagating ...,

Distributed Ram \u_sched/u_cnn/img_mem431 input port DI1 is stuck 0, propagating ...,

Distributed Ram \u_sched/u_cnn/img_mem431 input port DI2 is stuck 0, propagating ...,

Distributed Ram \u_sched/u_cnn/img_mem431 input port DI3 is stuck 0, propagating ...,

All inputs of Distributed Ram \u_sched/u_cnn/img_mem431  are constant

Distributed Ram \u_sched/u_cnn/img_mem430 input port DI0 is stuck 0, propagating ...,

Distributed Ram \u_sched/u_cnn/img_mem430 input port DI1 is stuck 0, propagating ...,

Distributed Ram \u_sched/u_cnn/img_mem430 input port DI2 is stuck 0, propagating ...,

Distributed Ram \u_sched/u_cnn/img_mem430 input port DI3 is stuck 0, propagating ...,

All inputs of Distributed Ram \u_sched/u_cnn/img_mem430  are constant

Distributed Ram \u_sched/u_cnn/img_mem429 input port DI0 is stuck 0, propagating ...,

Distributed Ram \u_sched/u_cnn/img_mem429 input port DI1 is stuck 0, propagating ...,

Distributed Ram \u_sched/u_cnn/img_mem429 input port DI2 is stuck 0, propagating ...,

Distributed Ram \u_sched/u_cnn/img_mem429 input port DI3 is stuck 0, propagating ...,

All inputs of Distributed Ram \u_sched/u_cnn/img_mem429  are constant

Distributed Ram \u_sched/u_cnn/img_mem418 input port DI0 is stuck 0, propagating ...,

Distributed Ram \u_sched/u_cnn/img_mem418 input port DI1 is stuck 0, propagating ...,

Distributed Ram \u_sched/u_cnn/img_mem418 input port DI2 is stuck 0, propagating ...,

Distributed Ram \u_sched/u_cnn/img_mem418 input port DI3 is stuck 0, propagating ...,

All inputs of Distributed Ram \u_sched/u_cnn/img_mem418  are constant

Distributed Ram \u_sched/u_cnn/img_mem417 input port DI0 is stuck 0, propagating ...,

Distributed Ram \u_sched/u_cnn/img_mem417 input port DI1 is stuck 0, propagating ...,

Distributed Ram \u_sched/u_cnn/img_mem417 input port DI2 is stuck 0, propagating ...,

Distributed Ram \u_sched/u_cnn/img_mem417 input port DI3 is stuck 0, propagating ...,

All inputs of Distributed Ram \u_sched/u_cnn/img_mem417  are constant

Distributed Ram \u_sched/u_cnn/img_mem416 input port DI0 is stuck 0, propagating ...,

Distributed Ram \u_sched/u_cnn/img_mem416 input port DI1 is stuck 0, propagating ...,

Distributed Ram \u_sched/u_cnn/img_mem416 input port DI2 is stuck 0, propagating ...,

Distributed Ram \u_sched/u_cnn/img_mem416 input port DI3 is stuck 0, propagating ...,

All inputs of Distributed Ram \u_sched/u_cnn/img_mem416  are constant

Distributed Ram \u_sched/u_cnn/img_mem415 input port DI0 is stuck 0, propagating ...,

Distributed Ram \u_sched/u_cnn/img_mem415 input port DI1 is stuck 0, propagating ...,

Distributed Ram \u_sched/u_cnn/img_mem415 input port DI2 is stuck 0, propagating ...,

Distributed Ram \u_sched/u_cnn/img_mem415 input port DI3 is stuck 0, propagating ...,

All inputs of Distributed Ram \u_sched/u_cnn/img_mem415  are constant

Distributed Ram \u_sched/u_cnn/img_mem414 input port DI0 is stuck 0, propagating ...,

Distributed Ram \u_sched/u_cnn/img_mem414 input port DI1 is stuck 0, propagating ...,

Distributed Ram \u_sched/u_cnn/img_mem414 input port DI2 is stuck 0, propagating ...,

Distributed Ram \u_sched/u_cnn/img_mem414 input port DI3 is stuck 0, propagating ...,

All inputs of Distributed Ram \u_sched/u_cnn/img_mem414  are constant

Distributed Ram \u_sched/u_cnn/img_mem413 input port DI0 is stuck 0, propagating ...,

Distributed Ram \u_sched/u_cnn/img_mem413 input port DI1 is stuck 0, propagating ...,

Distributed Ram \u_sched/u_cnn/img_mem413 input port DI2 is stuck 0, propagating ...,

Distributed Ram \u_sched/u_cnn/img_mem413 input port DI3 is stuck 0, propagating ...,

All inputs of Distributed Ram \u_sched/u_cnn/img_mem413  are constant

Distributed Ram \u_sched/u_cnn/img_mem412 input port DI0 is stuck 0, propagating ...,

Distributed Ram \u_sched/u_cnn/img_mem412 input port DI1 is stuck 0, propagating ...,

Distributed Ram \u_sched/u_cnn/img_mem412 input port DI2 is stuck 0, propagating ...,

Distributed Ram \u_sched/u_cnn/img_mem412 input port DI3 is stuck 0, propagating ...,

All inputs of Distributed Ram \u_sched/u_cnn/img_mem412  are constant

Distributed Ram \u_sched/u_cnn/img_mem411 input port DI0 is stuck 0, propagating ...,

Distributed Ram \u_sched/u_cnn/img_mem411 input port DI1 is stuck 0, propagating ...,

Distributed Ram \u_sched/u_cnn/img_mem411 input port DI2 is stuck 0, propagating ...,

Distributed Ram \u_sched/u_cnn/img_mem411 input port DI3 is stuck 0, propagating ...,

All inputs of Distributed Ram \u_sched/u_cnn/img_mem411  are constant

Distributed Ram \u_sched/u_cnn/img_mem410 input port DI0 is stuck 0, propagating ...,

Distributed Ram \u_sched/u_cnn/img_mem410 input port DI1 is stuck 0, propagating ...,

Distributed Ram \u_sched/u_cnn/img_mem410 input port DI2 is stuck 0, propagating ...,

Distributed Ram \u_sched/u_cnn/img_mem410 input port DI3 is stuck 0, propagating ...,

All inputs of Distributed Ram \u_sched/u_cnn/img_mem410  are constant

Distributed Ram \u_sched/u_cnn/img_mem409 input port DI0 is stuck 0, propagating ...,

Distributed Ram \u_sched/u_cnn/img_mem409 input port DI1 is stuck 0, propagating ...,

Distributed Ram \u_sched/u_cnn/img_mem409 input port DI2 is stuck 0, propagating ...,

Distributed Ram \u_sched/u_cnn/img_mem409 input port DI3 is stuck 0, propagating ...,

All inputs of Distributed Ram \u_sched/u_cnn/img_mem409  are constant

Distributed Ram \u_sched/u_cnn/img_mem408 input port DI0 is stuck 0, propagating ...,

Distributed Ram \u_sched/u_cnn/img_mem408 input port DI1 is stuck 0, propagating ...,

Distributed Ram \u_sched/u_cnn/img_mem408 input port DI2 is stuck 0, propagating ...,

Distributed Ram \u_sched/u_cnn/img_mem408 input port DI3 is stuck 0, propagating ...,

All inputs of Distributed Ram \u_sched/u_cnn/img_mem408  are constant

Distributed Ram \u_sched/u_cnn/img_mem407 input port DI0 is stuck 0, propagating ...,

Distributed Ram \u_sched/u_cnn/img_mem407 input port DI1 is stuck 0, propagating ...,

Distributed Ram \u_sched/u_cnn/img_mem407 input port DI2 is stuck 0, propagating ...,

Distributed Ram \u_sched/u_cnn/img_mem407 input port DI3 is stuck 0, propagating ...,

All inputs of Distributed Ram \u_sched/u_cnn/img_mem407  are constant

Distributed Ram \u_sched/u_cnn/img_mem406 input port DI0 is stuck 0, propagating ...,

Distributed Ram \u_sched/u_cnn/img_mem406 input port DI1 is stuck 0, propagating ...,

Distributed Ram \u_sched/u_cnn/img_mem406 input port DI2 is stuck 0, propagating ...,

Distributed Ram \u_sched/u_cnn/img_mem406 input port DI3 is stuck 0, propagating ...,

All inputs of Distributed Ram \u_sched/u_cnn/img_mem406  are constant

Distributed Ram \u_sched/u_cnn/img_mem405 input port DI0 is stuck 0, propagating ...,

Distributed Ram \u_sched/u_cnn/img_mem405 input port DI1 is stuck 0, propagating ...,

Distributed Ram \u_sched/u_cnn/img_mem405 input port DI2 is stuck 0, propagating ...,

Distributed Ram \u_sched/u_cnn/img_mem405 input port DI3 is stuck 0, propagating ...,

All inputs of Distributed Ram \u_sched/u_cnn/img_mem405  are constant

Distributed Ram \u_sched/u_cnn/img_mem404 input port DI0 is stuck 0, propagating ...,

Distributed Ram \u_sched/u_cnn/img_mem404 input port DI1 is stuck 0, propagating ...,

Distributed Ram \u_sched/u_cnn/img_mem404 input port DI2 is stuck 0, propagating ...,

Distributed Ram \u_sched/u_cnn/img_mem404 input port DI3 is stuck 0, propagating ...,

All inputs of Distributed Ram \u_sched/u_cnn/img_mem404  are constant

Distributed Ram \u_sched/u_cnn/img_mem387 input port DI0 is stuck 0, propagating ...,

Distributed Ram \u_sched/u_cnn/img_mem387 input port DI1 is stuck 0, propagating ...,

Distributed Ram \u_sched/u_cnn/img_mem387 input port DI2 is stuck 0, propagating ...,

Distributed Ram \u_sched/u_cnn/img_mem387 input port DI3 is stuck 0, propagating ...,

All inputs of Distributed Ram \u_sched/u_cnn/img_mem387  are constant

Distributed Ram \u_sched/u_cnn/img_mem386 input port DI0 is stuck 0, propagating ...,

Distributed Ram \u_sched/u_cnn/img_mem386 input port DI1 is stuck 0, propagating ...,

Distributed Ram \u_sched/u_cnn/img_mem386 input port DI2 is stuck 0, propagating ...,

Distributed Ram \u_sched/u_cnn/img_mem386 input port DI3 is stuck 0, propagating ...,

All inputs of Distributed Ram \u_sched/u_cnn/img_mem386  are constant

Distributed Ram \u_sched/u_cnn/img_mem385 input port DI0 is stuck 0, propagating ...,

Distributed Ram \u_sched/u_cnn/img_mem385 input port DI1 is stuck 0, propagating ...,

Distributed Ram \u_sched/u_cnn/img_mem385 input port DI2 is stuck 0, propagating ...,

Distributed Ram \u_sched/u_cnn/img_mem385 input port DI3 is stuck 0, propagating ...,

All inputs of Distributed Ram \u_sched/u_cnn/img_mem385  are constant

Distributed Ram \u_sched/u_cnn/img_mem384 input port DI0 is stuck 0, propagating ...,

Distributed Ram \u_sched/u_cnn/img_mem384 input port DI1 is stuck 0, propagating ...,

Distributed Ram \u_sched/u_cnn/img_mem384 input port DI2 is stuck 0, propagating ...,

Distributed Ram \u_sched/u_cnn/img_mem384 input port DI3 is stuck 0, propagating ...,

All inputs of Distributed Ram \u_sched/u_cnn/img_mem384  are constant

Distributed Ram \u_sched/u_cnn/img_mem382 input port DI0 is stuck 0, propagating ...,

Distributed Ram \u_sched/u_cnn/img_mem382 input port DI1 is stuck 0, propagating ...,

Distributed Ram \u_sched/u_cnn/img_mem382 input port DI2 is stuck 0, propagating ...,

Distributed Ram \u_sched/u_cnn/img_mem382 input port DI3 is stuck 0, propagating ...,

All inputs of Distributed Ram \u_sched/u_cnn/img_mem382  are constant

Distributed Ram \u_sched/u_cnn/img_mem381 input port DI0 is stuck 0, propagating ...,

Distributed Ram \u_sched/u_cnn/img_mem381 input port DI1 is stuck 0, propagating ...,

Distributed Ram \u_sched/u_cnn/img_mem381 input port DI2 is stuck 0, propagating ...,

Distributed Ram \u_sched/u_cnn/img_mem381 input port DI3 is stuck 0, propagating ...,

All inputs of Distributed Ram \u_sched/u_cnn/img_mem381  are constant

Distributed Ram \u_sched/u_cnn/img_mem380 input port DI0 is stuck 0, propagating ...,

Distributed Ram \u_sched/u_cnn/img_mem380 input port DI1 is stuck 0, propagating ...,

Distributed Ram \u_sched/u_cnn/img_mem380 input port DI2 is stuck 0, propagating ...,

Distributed Ram \u_sched/u_cnn/img_mem380 input port DI3 is stuck 0, propagating ...,

All inputs of Distributed Ram \u_sched/u_cnn/img_mem380  are constant

Distributed Ram \u_sched/u_cnn/img_mem373 input port DI0 is stuck 0, propagating ...,

Distributed Ram \u_sched/u_cnn/img_mem373 input port DI1 is stuck 0, propagating ...,

Distributed Ram \u_sched/u_cnn/img_mem373 input port DI2 is stuck 0, propagating ...,

Distributed Ram \u_sched/u_cnn/img_mem373 input port DI3 is stuck 0, propagating ...,

All inputs of Distributed Ram \u_sched/u_cnn/img_mem373  are constant

Distributed Ram \u_sched/u_cnn/img_mem372 input port DI0 is stuck 0, propagating ...,

Distributed Ram \u_sched/u_cnn/img_mem372 input port DI1 is stuck 0, propagating ...,

Distributed Ram \u_sched/u_cnn/img_mem372 input port DI2 is stuck 0, propagating ...,

Distributed Ram \u_sched/u_cnn/img_mem372 input port DI3 is stuck 0, propagating ...,

All inputs of Distributed Ram \u_sched/u_cnn/img_mem372  are constant

Distributed Ram \u_sched/u_cnn/img_mem371 input port DI0 is stuck 0, propagating ...,

Distributed Ram \u_sched/u_cnn/img_mem371 input port DI1 is stuck 0, propagating ...,

Distributed Ram \u_sched/u_cnn/img_mem371 input port DI2 is stuck 0, propagating ...,

Distributed Ram \u_sched/u_cnn/img_mem371 input port DI3 is stuck 0, propagating ...,

All inputs of Distributed Ram \u_sched/u_cnn/img_mem371  are constant

Distributed Ram \u_sched/u_cnn/img_mem370 input port DI0 is stuck 0, propagating ...,

Distributed Ram \u_sched/u_cnn/img_mem370 input port DI1 is stuck 0, propagating ...,

Distributed Ram \u_sched/u_cnn/img_mem370 input port DI2 is stuck 0, propagating ...,

Distributed Ram \u_sched/u_cnn/img_mem370 input port DI3 is stuck 0, propagating ...,

All inputs of Distributed Ram \u_sched/u_cnn/img_mem370  are constant

Distributed Ram \u_sched/u_cnn/img_mem369 input port DI0 is stuck 0, propagating ...,

Distributed Ram \u_sched/u_cnn/img_mem369 input port DI1 is stuck 0, propagating ...,

Distributed Ram \u_sched/u_cnn/img_mem369 input port DI2 is stuck 0, propagating ...,

Distributed Ram \u_sched/u_cnn/img_mem369 input port DI3 is stuck 0, propagating ...,

All inputs of Distributed Ram \u_sched/u_cnn/img_mem369  are constant

Distributed Ram \u_sched/u_cnn/img_mem368 input port DI0 is stuck 0, propagating ...,

Distributed Ram \u_sched/u_cnn/img_mem368 input port DI1 is stuck 0, propagating ...,

Distributed Ram \u_sched/u_cnn/img_mem368 input port DI2 is stuck 0, propagating ...,

Distributed Ram \u_sched/u_cnn/img_mem368 input port DI3 is stuck 0, propagating ...,

All inputs of Distributed Ram \u_sched/u_cnn/img_mem368  are constant

Distributed Ram \u_sched/u_cnn/img_mem367 input port DI0 is stuck 0, propagating ...,

Distributed Ram \u_sched/u_cnn/img_mem367 input port DI1 is stuck 0, propagating ...,

Distributed Ram \u_sched/u_cnn/img_mem367 input port DI2 is stuck 0, propagating ...,

Distributed Ram \u_sched/u_cnn/img_mem367 input port DI3 is stuck 0, propagating ...,

All inputs of Distributed Ram \u_sched/u_cnn/img_mem367  are constant

Distributed Ram \u_sched/u_cnn/img_mem366 input port DI0 is stuck 0, propagating ...,

Distributed Ram \u_sched/u_cnn/img_mem366 input port DI1 is stuck 0, propagating ...,

Distributed Ram \u_sched/u_cnn/img_mem366 input port DI2 is stuck 0, propagating ...,

Distributed Ram \u_sched/u_cnn/img_mem366 input port DI3 is stuck 0, propagating ...,

All inputs of Distributed Ram \u_sched/u_cnn/img_mem366  are constant

Distributed Ram \u_sched/u_cnn/img_mem365 input port DI0 is stuck 0, propagating ...,

Distributed Ram \u_sched/u_cnn/img_mem365 input port DI1 is stuck 0, propagating ...,

Distributed Ram \u_sched/u_cnn/img_mem365 input port DI2 is stuck 0, propagating ...,

Distributed Ram \u_sched/u_cnn/img_mem365 input port DI3 is stuck 0, propagating ...,

All inputs of Distributed Ram \u_sched/u_cnn/img_mem365  are constant

Distributed Ram \u_sched/u_cnn/img_mem364 input port DI0 is stuck 0, propagating ...,

Distributed Ram \u_sched/u_cnn/img_mem364 input port DI1 is stuck 0, propagating ...,

Distributed Ram \u_sched/u_cnn/img_mem364 input port DI2 is stuck 0, propagating ...,

Distributed Ram \u_sched/u_cnn/img_mem364 input port DI3 is stuck 0, propagating ...,

All inputs of Distributed Ram \u_sched/u_cnn/img_mem364  are constant

Distributed Ram \u_sched/u_cnn/img_mem363 input port DI0 is stuck 0, propagating ...,

Distributed Ram \u_sched/u_cnn/img_mem363 input port DI1 is stuck 0, propagating ...,

Distributed Ram \u_sched/u_cnn/img_mem363 input port DI2 is stuck 0, propagating ...,

Distributed Ram \u_sched/u_cnn/img_mem363 input port DI3 is stuck 0, propagating ...,

All inputs of Distributed Ram \u_sched/u_cnn/img_mem363  are constant

Distributed Ram \u_sched/u_cnn/img_mem362 input port DI0 is stuck 0, propagating ...,

Distributed Ram \u_sched/u_cnn/img_mem362 input port DI1 is stuck 0, propagating ...,

Distributed Ram \u_sched/u_cnn/img_mem362 input port DI2 is stuck 0, propagating ...,

Distributed Ram \u_sched/u_cnn/img_mem362 input port DI3 is stuck 0, propagating ...,

All inputs of Distributed Ram \u_sched/u_cnn/img_mem362  are constant

Distributed Ram \u_sched/u_cnn/img_mem361 input port DI0 is stuck 0, propagating ...,

Distributed Ram \u_sched/u_cnn/img_mem361 input port DI1 is stuck 0, propagating ...,

Distributed Ram \u_sched/u_cnn/img_mem361 input port DI2 is stuck 0, propagating ...,

Distributed Ram \u_sched/u_cnn/img_mem361 input port DI3 is stuck 0, propagating ...,

All inputs of Distributed Ram \u_sched/u_cnn/img_mem361  are constant

Distributed Ram \u_sched/u_cnn/img_mem360 input port DI0 is stuck 0, propagating ...,

Distributed Ram \u_sched/u_cnn/img_mem360 input port DI1 is stuck 0, propagating ...,

Distributed Ram \u_sched/u_cnn/img_mem360 input port DI2 is stuck 0, propagating ...,

Distributed Ram \u_sched/u_cnn/img_mem360 input port DI3 is stuck 0, propagating ...,

All inputs of Distributed Ram \u_sched/u_cnn/img_mem360  are constant

Distributed Ram \u_sched/u_cnn/img_mem359 input port DI0 is stuck 0, propagating ...,

Distributed Ram \u_sched/u_cnn/img_mem359 input port DI1 is stuck 0, propagating ...,

Distributed Ram \u_sched/u_cnn/img_mem359 input port DI2 is stuck 0, propagating ...,

Distributed Ram \u_sched/u_cnn/img_mem359 input port DI3 is stuck 0, propagating ...,

All inputs of Distributed Ram \u_sched/u_cnn/img_mem359  are constant

Distributed Ram \u_sched/u_cnn/img_mem358 input port DI0 is stuck 0, propagating ...,

Distributed Ram \u_sched/u_cnn/img_mem358 input port DI1 is stuck 0, propagating ...,

Distributed Ram \u_sched/u_cnn/img_mem358 input port DI2 is stuck 0, propagating ...,

Distributed Ram \u_sched/u_cnn/img_mem358 input port DI3 is stuck 0, propagating ...,

All inputs of Distributed Ram \u_sched/u_cnn/img_mem358  are constant

Distributed Ram \u_sched/u_cnn/img_mem357 input port DI0 is stuck 0, propagating ...,

Distributed Ram \u_sched/u_cnn/img_mem357 input port DI1 is stuck 0, propagating ...,

Distributed Ram \u_sched/u_cnn/img_mem357 input port DI2 is stuck 0, propagating ...,

Distributed Ram \u_sched/u_cnn/img_mem357 input port DI3 is stuck 0, propagating ...,

All inputs of Distributed Ram \u_sched/u_cnn/img_mem357  are constant

Distributed Ram \u_sched/u_cnn/img_mem356 input port DI0 is stuck 0, propagating ...,

Distributed Ram \u_sched/u_cnn/img_mem356 input port DI1 is stuck 0, propagating ...,

Distributed Ram \u_sched/u_cnn/img_mem356 input port DI2 is stuck 0, propagating ...,

Distributed Ram \u_sched/u_cnn/img_mem356 input port DI3 is stuck 0, propagating ...,

All inputs of Distributed Ram \u_sched/u_cnn/img_mem356  are constant

Distributed Ram \u_sched/u_cnn/img_mem355 input port DI0 is stuck 0, propagating ...,

Distributed Ram \u_sched/u_cnn/img_mem355 input port DI1 is stuck 0, propagating ...,

Distributed Ram \u_sched/u_cnn/img_mem355 input port DI2 is stuck 0, propagating ...,

Distributed Ram \u_sched/u_cnn/img_mem355 input port DI3 is stuck 0, propagating ...,

All inputs of Distributed Ram \u_sched/u_cnn/img_mem355  are constant

Distributed Ram \u_sched/u_cnn/img_mem354 input port DI0 is stuck 0, propagating ...,

Distributed Ram \u_sched/u_cnn/img_mem354 input port DI1 is stuck 0, propagating ...,

Distributed Ram \u_sched/u_cnn/img_mem354 input port DI2 is stuck 0, propagating ...,

Distributed Ram \u_sched/u_cnn/img_mem354 input port DI3 is stuck 0, propagating ...,

All inputs of Distributed Ram \u_sched/u_cnn/img_mem354  are constant

Distributed Ram \u_sched/u_cnn/img_mem348 input port DI0 is stuck 0, propagating ...,

Distributed Ram \u_sched/u_cnn/img_mem348 input port DI1 is stuck 0, propagating ...,

Distributed Ram \u_sched/u_cnn/img_mem348 input port DI2 is stuck 0, propagating ...,

Distributed Ram \u_sched/u_cnn/img_mem348 input port DI3 is stuck 0, propagating ...,

All inputs of Distributed Ram \u_sched/u_cnn/img_mem348  are constant

Distributed Ram \u_sched/u_cnn/img_mem347 input port DI0 is stuck 0, propagating ...,

Distributed Ram \u_sched/u_cnn/img_mem347 input port DI1 is stuck 0, propagating ...,

Distributed Ram \u_sched/u_cnn/img_mem347 input port DI2 is stuck 0, propagating ...,

Distributed Ram \u_sched/u_cnn/img_mem347 input port DI3 is stuck 0, propagating ...,

All inputs of Distributed Ram \u_sched/u_cnn/img_mem347  are constant

Distributed Ram \u_sched/u_cnn/img_mem346 input port DI0 is stuck 0, propagating ...,

Distributed Ram \u_sched/u_cnn/img_mem346 input port DI1 is stuck 0, propagating ...,

Distributed Ram \u_sched/u_cnn/img_mem346 input port DI2 is stuck 0, propagating ...,

Distributed Ram \u_sched/u_cnn/img_mem346 input port DI3 is stuck 0, propagating ...,

All inputs of Distributed Ram \u_sched/u_cnn/img_mem346  are constant

Distributed Ram \u_sched/u_cnn/img_mem345 input port DI0 is stuck 0, propagating ...,

Distributed Ram \u_sched/u_cnn/img_mem345 input port DI1 is stuck 0, propagating ...,

Distributed Ram \u_sched/u_cnn/img_mem345 input port DI2 is stuck 0, propagating ...,

Distributed Ram \u_sched/u_cnn/img_mem345 input port DI3 is stuck 0, propagating ...,

All inputs of Distributed Ram \u_sched/u_cnn/img_mem345  are constant

Distributed Ram \u_sched/u_cnn/img_mem344 input port DI0 is stuck 0, propagating ...,

Distributed Ram \u_sched/u_cnn/img_mem344 input port DI1 is stuck 0, propagating ...,

Distributed Ram \u_sched/u_cnn/img_mem344 input port DI2 is stuck 0, propagating ...,

Distributed Ram \u_sched/u_cnn/img_mem344 input port DI3 is stuck 0, propagating ...,

All inputs of Distributed Ram \u_sched/u_cnn/img_mem344  are constant

Distributed Ram \u_sched/u_cnn/img_mem343 input port DI0 is stuck 0, propagating ...,

Distributed Ram \u_sched/u_cnn/img_mem343 input port DI1 is stuck 0, propagating ...,

Distributed Ram \u_sched/u_cnn/img_mem343 input port DI2 is stuck 0, propagating ...,

Distributed Ram \u_sched/u_cnn/img_mem343 input port DI3 is stuck 0, propagating ...,

All inputs of Distributed Ram \u_sched/u_cnn/img_mem343  are constant

Distributed Ram \u_sched/u_cnn/img_mem342 input port DI0 is stuck 0, propagating ...,

Distributed Ram \u_sched/u_cnn/img_mem342 input port DI1 is stuck 0, propagating ...,

Distributed Ram \u_sched/u_cnn/img_mem342 input port DI2 is stuck 0, propagating ...,

Distributed Ram \u_sched/u_cnn/img_mem342 input port DI3 is stuck 0, propagating ...,

All inputs of Distributed Ram \u_sched/u_cnn/img_mem342  are constant

Distributed Ram \u_sched/u_cnn/img_mem341 input port DI0 is stuck 0, propagating ...,

Distributed Ram \u_sched/u_cnn/img_mem341 input port DI1 is stuck 0, propagating ...,

Distributed Ram \u_sched/u_cnn/img_mem341 input port DI2 is stuck 0, propagating ...,

Distributed Ram \u_sched/u_cnn/img_mem341 input port DI3 is stuck 0, propagating ...,

All inputs of Distributed Ram \u_sched/u_cnn/img_mem341  are constant

Distributed Ram \u_sched/u_cnn/img_mem340 input port DI0 is stuck 0, propagating ...,

Distributed Ram \u_sched/u_cnn/img_mem340 input port DI1 is stuck 0, propagating ...,

Distributed Ram \u_sched/u_cnn/img_mem340 input port DI2 is stuck 0, propagating ...,

Distributed Ram \u_sched/u_cnn/img_mem340 input port DI3 is stuck 0, propagating ...,

All inputs of Distributed Ram \u_sched/u_cnn/img_mem340  are constant

Distributed Ram \u_sched/u_cnn/img_mem339 input port DI0 is stuck 0, propagating ...,

Distributed Ram \u_sched/u_cnn/img_mem339 input port DI1 is stuck 0, propagating ...,

Distributed Ram \u_sched/u_cnn/img_mem339 input port DI2 is stuck 0, propagating ...,

Distributed Ram \u_sched/u_cnn/img_mem339 input port DI3 is stuck 0, propagating ...,

All inputs of Distributed Ram \u_sched/u_cnn/img_mem339  are constant

Distributed Ram \u_sched/u_cnn/img_mem337 input port DI0 is stuck 0, propagating ...,

Distributed Ram \u_sched/u_cnn/img_mem337 input port DI1 is stuck 0, propagating ...,

Distributed Ram \u_sched/u_cnn/img_mem337 input port DI2 is stuck 0, propagating ...,

Distributed Ram \u_sched/u_cnn/img_mem337 input port DI3 is stuck 0, propagating ...,

All inputs of Distributed Ram \u_sched/u_cnn/img_mem337  are constant

Distributed Ram \u_sched/u_cnn/img_mem336 input port DI0 is stuck 0, propagating ...,

Distributed Ram \u_sched/u_cnn/img_mem336 input port DI1 is stuck 0, propagating ...,

Distributed Ram \u_sched/u_cnn/img_mem336 input port DI2 is stuck 0, propagating ...,

Distributed Ram \u_sched/u_cnn/img_mem336 input port DI3 is stuck 0, propagating ...,

All inputs of Distributed Ram \u_sched/u_cnn/img_mem336  are constant

Distributed Ram \u_sched/u_cnn/img_mem335 input port DI0 is stuck 0, propagating ...,

Distributed Ram \u_sched/u_cnn/img_mem335 input port DI1 is stuck 0, propagating ...,

Distributed Ram \u_sched/u_cnn/img_mem335 input port DI2 is stuck 0, propagating ...,

Distributed Ram \u_sched/u_cnn/img_mem335 input port DI3 is stuck 0, propagating ...,

All inputs of Distributed Ram \u_sched/u_cnn/img_mem335  are constant

Distributed Ram \u_sched/u_cnn/img_mem334 input port DI0 is stuck 0, propagating ...,

Distributed Ram \u_sched/u_cnn/img_mem334 input port DI1 is stuck 0, propagating ...,

Distributed Ram \u_sched/u_cnn/img_mem334 input port DI2 is stuck 0, propagating ...,

Distributed Ram \u_sched/u_cnn/img_mem334 input port DI3 is stuck 0, propagating ...,

All inputs of Distributed Ram \u_sched/u_cnn/img_mem334  are constant

Distributed Ram \u_sched/u_cnn/img_mem333 input port DI0 is stuck 0, propagating ...,

Distributed Ram \u_sched/u_cnn/img_mem333 input port DI1 is stuck 0, propagating ...,

Distributed Ram \u_sched/u_cnn/img_mem333 input port DI2 is stuck 0, propagating ...,

Distributed Ram \u_sched/u_cnn/img_mem333 input port DI3 is stuck 0, propagating ...,

All inputs of Distributed Ram \u_sched/u_cnn/img_mem333  are constant

Distributed Ram \u_sched/u_cnn/img_mem332 input port DI0 is stuck 0, propagating ...,

Distributed Ram \u_sched/u_cnn/img_mem332 input port DI1 is stuck 0, propagating ...,

Distributed Ram \u_sched/u_cnn/img_mem332 input port DI2 is stuck 0, propagating ...,

Distributed Ram \u_sched/u_cnn/img_mem332 input port DI3 is stuck 0, propagating ...,

All inputs of Distributed Ram \u_sched/u_cnn/img_mem332  are constant

Distributed Ram \u_sched/u_cnn/img_mem331 input port DI0 is stuck 0, propagating ...,

Distributed Ram \u_sched/u_cnn/img_mem331 input port DI1 is stuck 0, propagating ...,

Distributed Ram \u_sched/u_cnn/img_mem331 input port DI2 is stuck 0, propagating ...,

Distributed Ram \u_sched/u_cnn/img_mem331 input port DI3 is stuck 0, propagating ...,

All inputs of Distributed Ram \u_sched/u_cnn/img_mem331  are constant

Distributed Ram \u_sched/u_cnn/img_mem330 input port DI0 is stuck 0, propagating ...,

Distributed Ram \u_sched/u_cnn/img_mem330 input port DI1 is stuck 0, propagating ...,

Distributed Ram \u_sched/u_cnn/img_mem330 input port DI2 is stuck 0, propagating ...,

Distributed Ram \u_sched/u_cnn/img_mem330 input port DI3 is stuck 0, propagating ...,

All inputs of Distributed Ram \u_sched/u_cnn/img_mem330  are constant

Distributed Ram \u_sched/u_cnn/img_mem329 input port DI0 is stuck 0, propagating ...,

Distributed Ram \u_sched/u_cnn/img_mem329 input port DI1 is stuck 0, propagating ...,

Distributed Ram \u_sched/u_cnn/img_mem329 input port DI2 is stuck 0, propagating ...,

Distributed Ram \u_sched/u_cnn/img_mem329 input port DI3 is stuck 0, propagating ...,

All inputs of Distributed Ram \u_sched/u_cnn/img_mem329  are constant

Distributed Ram \u_sched/u_cnn/img_mem314 input port DI0 is stuck 0, propagating ...,

Distributed Ram \u_sched/u_cnn/img_mem314 input port DI1 is stuck 0, propagating ...,

Distributed Ram \u_sched/u_cnn/img_mem314 input port DI2 is stuck 0, propagating ...,

Distributed Ram \u_sched/u_cnn/img_mem314 input port DI3 is stuck 0, propagating ...,

All inputs of Distributed Ram \u_sched/u_cnn/img_mem314  are constant

Distributed Ram \u_sched/u_cnn/img_mem312 input port DI0 is stuck 0, propagating ...,

Distributed Ram \u_sched/u_cnn/img_mem312 input port DI1 is stuck 0, propagating ...,

Distributed Ram \u_sched/u_cnn/img_mem312 input port DI2 is stuck 0, propagating ...,

Distributed Ram \u_sched/u_cnn/img_mem312 input port DI3 is stuck 0, propagating ...,

All inputs of Distributed Ram \u_sched/u_cnn/img_mem312  are constant

Distributed Ram \u_sched/u_cnn/img_mem310 input port DI0 is stuck 0, propagating ...,

Distributed Ram \u_sched/u_cnn/img_mem310 input port DI1 is stuck 0, propagating ...,

Distributed Ram \u_sched/u_cnn/img_mem310 input port DI2 is stuck 0, propagating ...,

Distributed Ram \u_sched/u_cnn/img_mem310 input port DI3 is stuck 0, propagating ...,

All inputs of Distributed Ram \u_sched/u_cnn/img_mem310  are constant

Distributed Ram \u_sched/u_cnn/img_mem309 input port DI0 is stuck 0, propagating ...,

Distributed Ram \u_sched/u_cnn/img_mem309 input port DI1 is stuck 0, propagating ...,

Distributed Ram \u_sched/u_cnn/img_mem309 input port DI2 is stuck 0, propagating ...,

Distributed Ram \u_sched/u_cnn/img_mem309 input port DI3 is stuck 0, propagating ...,

All inputs of Distributed Ram \u_sched/u_cnn/img_mem309  are constant

Distributed Ram \u_sched/u_cnn/img_mem308 input port DI0 is stuck 0, propagating ...,

Distributed Ram \u_sched/u_cnn/img_mem308 input port DI1 is stuck 0, propagating ...,

Distributed Ram \u_sched/u_cnn/img_mem308 input port DI2 is stuck 0, propagating ...,

Distributed Ram \u_sched/u_cnn/img_mem308 input port DI3 is stuck 0, propagating ...,

All inputs of Distributed Ram \u_sched/u_cnn/img_mem308  are constant

Distributed Ram \u_sched/u_cnn/img_mem303 input port DI0 is stuck 0, propagating ...,

Distributed Ram \u_sched/u_cnn/img_mem303 input port DI1 is stuck 0, propagating ...,

Distributed Ram \u_sched/u_cnn/img_mem303 input port DI2 is stuck 0, propagating ...,

Distributed Ram \u_sched/u_cnn/img_mem303 input port DI3 is stuck 0, propagating ...,

All inputs of Distributed Ram \u_sched/u_cnn/img_mem303  are constant

Distributed Ram \u_sched/u_cnn/img_mem302 input port DI0 is stuck 0, propagating ...,

Distributed Ram \u_sched/u_cnn/img_mem302 input port DI1 is stuck 0, propagating ...,

Distributed Ram \u_sched/u_cnn/img_mem302 input port DI2 is stuck 0, propagating ...,

Distributed Ram \u_sched/u_cnn/img_mem302 input port DI3 is stuck 0, propagating ...,

All inputs of Distributed Ram \u_sched/u_cnn/img_mem302  are constant

Distributed Ram \u_sched/u_cnn/img_mem301 input port DI0 is stuck 0, propagating ...,

Distributed Ram \u_sched/u_cnn/img_mem301 input port DI1 is stuck 0, propagating ...,

Distributed Ram \u_sched/u_cnn/img_mem301 input port DI2 is stuck 0, propagating ...,

Distributed Ram \u_sched/u_cnn/img_mem301 input port DI3 is stuck 0, propagating ...,

All inputs of Distributed Ram \u_sched/u_cnn/img_mem301  are constant

Distributed Ram \u_sched/u_cnn/img_mem300 input port DI0 is stuck 0, propagating ...,

Distributed Ram \u_sched/u_cnn/img_mem300 input port DI1 is stuck 0, propagating ...,

Distributed Ram \u_sched/u_cnn/img_mem300 input port DI2 is stuck 0, propagating ...,

Distributed Ram \u_sched/u_cnn/img_mem300 input port DI3 is stuck 0, propagating ...,

All inputs of Distributed Ram \u_sched/u_cnn/img_mem300  are constant

Distributed Ram \u_sched/u_cnn/img_mem299 input port DI0 is stuck 0, propagating ...,

Distributed Ram \u_sched/u_cnn/img_mem299 input port DI1 is stuck 0, propagating ...,

Distributed Ram \u_sched/u_cnn/img_mem299 input port DI2 is stuck 0, propagating ...,

Distributed Ram \u_sched/u_cnn/img_mem299 input port DI3 is stuck 0, propagating ...,

All inputs of Distributed Ram \u_sched/u_cnn/img_mem299  are constant

Distributed Ram \u_sched/u_cnn/img_mem298 input port DI0 is stuck 0, propagating ...,

Distributed Ram \u_sched/u_cnn/img_mem298 input port DI1 is stuck 0, propagating ...,

Distributed Ram \u_sched/u_cnn/img_mem298 input port DI2 is stuck 0, propagating ...,

Distributed Ram \u_sched/u_cnn/img_mem298 input port DI3 is stuck 0, propagating ...,

All inputs of Distributed Ram \u_sched/u_cnn/img_mem298  are constant

Distributed Ram \u_sched/u_cnn/img_mem297 input port DI0 is stuck 0, propagating ...,

Distributed Ram \u_sched/u_cnn/img_mem297 input port DI1 is stuck 0, propagating ...,

Distributed Ram \u_sched/u_cnn/img_mem297 input port DI2 is stuck 0, propagating ...,

Distributed Ram \u_sched/u_cnn/img_mem297 input port DI3 is stuck 0, propagating ...,

All inputs of Distributed Ram \u_sched/u_cnn/img_mem297  are constant

Distributed Ram \u_sched/u_cnn/img_mem296 input port DI0 is stuck 0, propagating ...,

Distributed Ram \u_sched/u_cnn/img_mem296 input port DI1 is stuck 0, propagating ...,

Distributed Ram \u_sched/u_cnn/img_mem296 input port DI2 is stuck 0, propagating ...,

Distributed Ram \u_sched/u_cnn/img_mem296 input port DI3 is stuck 0, propagating ...,

All inputs of Distributed Ram \u_sched/u_cnn/img_mem296  are constant

Distributed Ram \u_sched/u_cnn/img_mem295 input port DI0 is stuck 0, propagating ...,

Distributed Ram \u_sched/u_cnn/img_mem295 input port DI1 is stuck 0, propagating ...,

Distributed Ram \u_sched/u_cnn/img_mem295 input port DI2 is stuck 0, propagating ...,

Distributed Ram \u_sched/u_cnn/img_mem295 input port DI3 is stuck 0, propagating ...,

All inputs of Distributed Ram \u_sched/u_cnn/img_mem295  are constant

Distributed Ram \u_sched/u_cnn/img_mem294 input port DI0 is stuck 0, propagating ...,

Distributed Ram \u_sched/u_cnn/img_mem294 input port DI1 is stuck 0, propagating ...,

Distributed Ram \u_sched/u_cnn/img_mem294 input port DI2 is stuck 0, propagating ...,

Distributed Ram \u_sched/u_cnn/img_mem294 input port DI3 is stuck 0, propagating ...,

All inputs of Distributed Ram \u_sched/u_cnn/img_mem294  are constant

Distributed Ram \u_sched/u_cnn/img_mem292 input port DI0 is stuck 0, propagating ...,

Distributed Ram \u_sched/u_cnn/img_mem292 input port DI1 is stuck 0, propagating ...,

Distributed Ram \u_sched/u_cnn/img_mem292 input port DI2 is stuck 0, propagating ...,

Distributed Ram \u_sched/u_cnn/img_mem292 input port DI3 is stuck 0, propagating ...,

All inputs of Distributed Ram \u_sched/u_cnn/img_mem292  are constant

Distributed Ram \u_sched/u_cnn/img_mem291 input port DI0 is stuck 0, propagating ...,

Distributed Ram \u_sched/u_cnn/img_mem291 input port DI1 is stuck 0, propagating ...,

Distributed Ram \u_sched/u_cnn/img_mem291 input port DI2 is stuck 0, propagating ...,

Distributed Ram \u_sched/u_cnn/img_mem291 input port DI3 is stuck 0, propagating ...,

All inputs of Distributed Ram \u_sched/u_cnn/img_mem291  are constant

Distributed Ram \u_sched/u_cnn/img_mem290 input port DI0 is stuck 0, propagating ...,

Distributed Ram \u_sched/u_cnn/img_mem290 input port DI1 is stuck 0, propagating ...,

Distributed Ram \u_sched/u_cnn/img_mem290 input port DI2 is stuck 0, propagating ...,

Distributed Ram \u_sched/u_cnn/img_mem290 input port DI3 is stuck 0, propagating ...,

All inputs of Distributed Ram \u_sched/u_cnn/img_mem290  are constant

Distributed Ram \u_sched/u_cnn/img_mem289 input port DI0 is stuck 0, propagating ...,

Distributed Ram \u_sched/u_cnn/img_mem289 input port DI1 is stuck 0, propagating ...,

Distributed Ram \u_sched/u_cnn/img_mem289 input port DI2 is stuck 0, propagating ...,

Distributed Ram \u_sched/u_cnn/img_mem289 input port DI3 is stuck 0, propagating ...,

All inputs of Distributed Ram \u_sched/u_cnn/img_mem289  are constant

Distributed Ram \u_sched/u_cnn/img_mem288 input port DI0 is stuck 0, propagating ...,

Distributed Ram \u_sched/u_cnn/img_mem288 input port DI1 is stuck 0, propagating ...,

Distributed Ram \u_sched/u_cnn/img_mem288 input port DI2 is stuck 0, propagating ...,

Distributed Ram \u_sched/u_cnn/img_mem288 input port DI3 is stuck 0, propagating ...,

All inputs of Distributed Ram \u_sched/u_cnn/img_mem288  are constant

Distributed Ram \u_sched/u_cnn/img_mem287 input port DI0 is stuck 0, propagating ...,

Distributed Ram \u_sched/u_cnn/img_mem287 input port DI1 is stuck 0, propagating ...,

Distributed Ram \u_sched/u_cnn/img_mem287 input port DI2 is stuck 0, propagating ...,

Distributed Ram \u_sched/u_cnn/img_mem287 input port DI3 is stuck 0, propagating ...,

All inputs of Distributed Ram \u_sched/u_cnn/img_mem287  are constant

Distributed Ram \u_sched/u_cnn/img_mem286 input port DI0 is stuck 0, propagating ...,

Distributed Ram \u_sched/u_cnn/img_mem286 input port DI1 is stuck 0, propagating ...,

Distributed Ram \u_sched/u_cnn/img_mem286 input port DI2 is stuck 0, propagating ...,

Distributed Ram \u_sched/u_cnn/img_mem286 input port DI3 is stuck 0, propagating ...,

All inputs of Distributed Ram \u_sched/u_cnn/img_mem286  are constant

Distributed Ram \u_sched/u_cnn/img_mem285 input port DI0 is stuck 0, propagating ...,

Distributed Ram \u_sched/u_cnn/img_mem285 input port DI1 is stuck 0, propagating ...,

Distributed Ram \u_sched/u_cnn/img_mem285 input port DI2 is stuck 0, propagating ...,

Distributed Ram \u_sched/u_cnn/img_mem285 input port DI3 is stuck 0, propagating ...,

All inputs of Distributed Ram \u_sched/u_cnn/img_mem285  are constant

Distributed Ram \u_sched/u_cnn/img_mem284 input port DI0 is stuck 0, propagating ...,

Distributed Ram \u_sched/u_cnn/img_mem284 input port DI1 is stuck 0, propagating ...,

Distributed Ram \u_sched/u_cnn/img_mem284 input port DI2 is stuck 0, propagating ...,

Distributed Ram \u_sched/u_cnn/img_mem284 input port DI3 is stuck 0, propagating ...,

All inputs of Distributed Ram \u_sched/u_cnn/img_mem284  are constant

Distributed Ram \u_sched/u_cnn/img_mem283 input port DI0 is stuck 0, propagating ...,

Distributed Ram \u_sched/u_cnn/img_mem283 input port DI1 is stuck 0, propagating ...,

Distributed Ram \u_sched/u_cnn/img_mem283 input port DI2 is stuck 0, propagating ...,

Distributed Ram \u_sched/u_cnn/img_mem283 input port DI3 is stuck 0, propagating ...,

All inputs of Distributed Ram \u_sched/u_cnn/img_mem283  are constant

Distributed Ram \u_sched/u_cnn/img_mem280 input port DI0 is stuck 0, propagating ...,

Distributed Ram \u_sched/u_cnn/img_mem280 input port DI1 is stuck 0, propagating ...,

Distributed Ram \u_sched/u_cnn/img_mem280 input port DI2 is stuck 0, propagating ...,

Distributed Ram \u_sched/u_cnn/img_mem280 input port DI3 is stuck 0, propagating ...,

All inputs of Distributed Ram \u_sched/u_cnn/img_mem280  are constant

Distributed Ram \u_sched/u_cnn/img_mem279 input port DI0 is stuck 0, propagating ...,

Distributed Ram \u_sched/u_cnn/img_mem279 input port DI1 is stuck 0, propagating ...,

Distributed Ram \u_sched/u_cnn/img_mem279 input port DI2 is stuck 0, propagating ...,

Distributed Ram \u_sched/u_cnn/img_mem279 input port DI3 is stuck 0, propagating ...,

All inputs of Distributed Ram \u_sched/u_cnn/img_mem279  are constant

Distributed Ram \u_sched/u_cnn/img_mem278 input port DI0 is stuck 0, propagating ...,

Distributed Ram \u_sched/u_cnn/img_mem278 input port DI1 is stuck 0, propagating ...,

Distributed Ram \u_sched/u_cnn/img_mem278 input port DI2 is stuck 0, propagating ...,

Distributed Ram \u_sched/u_cnn/img_mem278 input port DI3 is stuck 0, propagating ...,

All inputs of Distributed Ram \u_sched/u_cnn/img_mem278  are constant

Distributed Ram \u_sched/u_cnn/img_mem271 input port DI0 is stuck 0, propagating ...,

Distributed Ram \u_sched/u_cnn/img_mem271 input port DI1 is stuck 0, propagating ...,

Distributed Ram \u_sched/u_cnn/img_mem271 input port DI2 is stuck 0, propagating ...,

Distributed Ram \u_sched/u_cnn/img_mem271 input port DI3 is stuck 0, propagating ...,

All inputs of Distributed Ram \u_sched/u_cnn/img_mem271  are constant

Distributed Ram \u_sched/u_cnn/img_mem269 input port DI0 is stuck 0, propagating ...,

Distributed Ram \u_sched/u_cnn/img_mem269 input port DI1 is stuck 0, propagating ...,

Distributed Ram \u_sched/u_cnn/img_mem269 input port DI2 is stuck 0, propagating ...,

Distributed Ram \u_sched/u_cnn/img_mem269 input port DI3 is stuck 0, propagating ...,

All inputs of Distributed Ram \u_sched/u_cnn/img_mem269  are constant

Distributed Ram \u_sched/u_cnn/img_mem268 input port DI0 is stuck 0, propagating ...,

Distributed Ram \u_sched/u_cnn/img_mem268 input port DI1 is stuck 0, propagating ...,

Distributed Ram \u_sched/u_cnn/img_mem268 input port DI2 is stuck 0, propagating ...,

Distributed Ram \u_sched/u_cnn/img_mem268 input port DI3 is stuck 0, propagating ...,

All inputs of Distributed Ram \u_sched/u_cnn/img_mem268  are constant

Distributed Ram \u_sched/u_cnn/img_mem267 input port DI0 is stuck 0, propagating ...,

Distributed Ram \u_sched/u_cnn/img_mem267 input port DI1 is stuck 0, propagating ...,

Distributed Ram \u_sched/u_cnn/img_mem267 input port DI2 is stuck 0, propagating ...,

Distributed Ram \u_sched/u_cnn/img_mem267 input port DI3 is stuck 0, propagating ...,

All inputs of Distributed Ram \u_sched/u_cnn/img_mem267  are constant

Distributed Ram \u_sched/u_cnn/img_mem266 input port DI0 is stuck 0, propagating ...,

Distributed Ram \u_sched/u_cnn/img_mem266 input port DI1 is stuck 0, propagating ...,

Distributed Ram \u_sched/u_cnn/img_mem266 input port DI2 is stuck 0, propagating ...,

Distributed Ram \u_sched/u_cnn/img_mem266 input port DI3 is stuck 0, propagating ...,

All inputs of Distributed Ram \u_sched/u_cnn/img_mem266  are constant

Distributed Ram \u_sched/u_cnn/img_mem265 input port DI0 is stuck 0, propagating ...,

Distributed Ram \u_sched/u_cnn/img_mem265 input port DI1 is stuck 0, propagating ...,

Distributed Ram \u_sched/u_cnn/img_mem265 input port DI2 is stuck 0, propagating ...,

Distributed Ram \u_sched/u_cnn/img_mem265 input port DI3 is stuck 0, propagating ...,

All inputs of Distributed Ram \u_sched/u_cnn/img_mem265  are constant

Distributed Ram \u_sched/u_cnn/img_mem263 input port DI0 is stuck 0, propagating ...,

Distributed Ram \u_sched/u_cnn/img_mem263 input port DI1 is stuck 0, propagating ...,

Distributed Ram \u_sched/u_cnn/img_mem263 input port DI2 is stuck 0, propagating ...,

Distributed Ram \u_sched/u_cnn/img_mem263 input port DI3 is stuck 0, propagating ...,

All inputs of Distributed Ram \u_sched/u_cnn/img_mem263  are constant

Distributed Ram \u_sched/u_cnn/img_mem262 input port DI0 is stuck 0, propagating ...,

Distributed Ram \u_sched/u_cnn/img_mem262 input port DI1 is stuck 0, propagating ...,

Distributed Ram \u_sched/u_cnn/img_mem262 input port DI2 is stuck 0, propagating ...,

Distributed Ram \u_sched/u_cnn/img_mem262 input port DI3 is stuck 0, propagating ...,

All inputs of Distributed Ram \u_sched/u_cnn/img_mem262  are constant

Distributed Ram \u_sched/u_cnn/img_mem261 input port DI0 is stuck 0, propagating ...,

Distributed Ram \u_sched/u_cnn/img_mem261 input port DI1 is stuck 0, propagating ...,

Distributed Ram \u_sched/u_cnn/img_mem261 input port DI2 is stuck 0, propagating ...,

Distributed Ram \u_sched/u_cnn/img_mem261 input port DI3 is stuck 0, propagating ...,

All inputs of Distributed Ram \u_sched/u_cnn/img_mem261  are constant

Distributed Ram \u_sched/u_cnn/img_mem260 input port DI0 is stuck 0, propagating ...,

Distributed Ram \u_sched/u_cnn/img_mem260 input port DI1 is stuck 0, propagating ...,

Distributed Ram \u_sched/u_cnn/img_mem260 input port DI2 is stuck 0, propagating ...,

Distributed Ram \u_sched/u_cnn/img_mem260 input port DI3 is stuck 0, propagating ...,

All inputs of Distributed Ram \u_sched/u_cnn/img_mem260  are constant

Distributed Ram \u_sched/u_cnn/img_mem257 input port DI0 is stuck 0, propagating ...,

Distributed Ram \u_sched/u_cnn/img_mem257 input port DI1 is stuck 0, propagating ...,

Distributed Ram \u_sched/u_cnn/img_mem257 input port DI2 is stuck 0, propagating ...,

Distributed Ram \u_sched/u_cnn/img_mem257 input port DI3 is stuck 0, propagating ...,

All inputs of Distributed Ram \u_sched/u_cnn/img_mem257  are constant

Distributed Ram \u_sched/u_cnn/img_mem0 input port DI0 is stuck 0, propagating ...,

Distributed Ram \u_sched/u_cnn/img_mem0 input port DI1 is stuck 0, propagating ...,

Distributed Ram \u_sched/u_cnn/img_mem0 input port DI2 is stuck 0, propagating ...,

Distributed Ram \u_sched/u_cnn/img_mem0 input port DI3 is stuck 0, propagating ...,

All inputs of Distributed Ram \u_sched/u_cnn/img_mem0  are constant

Distributed Ram \u_sched/u_cnn/img_mem127 input port DI0 is stuck 0, propagating ...,

Distributed Ram \u_sched/u_cnn/img_mem127 input port DI1 is stuck 0, propagating ...,

Distributed Ram \u_sched/u_cnn/img_mem127 input port DI2 is stuck 0, propagating ...,

Distributed Ram \u_sched/u_cnn/img_mem127 input port DI3 is stuck 0, propagating ...,

All inputs of Distributed Ram \u_sched/u_cnn/img_mem127  are constant

Distributed Ram \u_sched/u_cnn/img_mem55 input port DI0 is stuck 0, propagating ...,

Distributed Ram \u_sched/u_cnn/img_mem55 input port DI1 is stuck 0, propagating ...,

Distributed Ram \u_sched/u_cnn/img_mem55 input port DI2 is stuck 0, propagating ...,

Distributed Ram \u_sched/u_cnn/img_mem55 input port DI3 is stuck 0, propagating ...,

All inputs of Distributed Ram \u_sched/u_cnn/img_mem55  are constant

Distributed Ram \u_sched/u_cnn/img_mem52 input port DI0 is stuck 0, propagating ...,

Distributed Ram \u_sched/u_cnn/img_mem52 input port DI1 is stuck 0, propagating ...,

Distributed Ram \u_sched/u_cnn/img_mem52 input port DI2 is stuck 0, propagating ...,

Distributed Ram \u_sched/u_cnn/img_mem52 input port DI3 is stuck 0, propagating ...,

All inputs of Distributed Ram \u_sched/u_cnn/img_mem52  are constant

Distributed Ram \u_sched/u_cnn/img_mem12 input port DI0 is stuck 0, propagating ...,

Distributed Ram \u_sched/u_cnn/img_mem12 input port DI1 is stuck 0, propagating ...,

Distributed Ram \u_sched/u_cnn/img_mem12 input port DI2 is stuck 0, propagating ...,

Distributed Ram \u_sched/u_cnn/img_mem12 input port DI3 is stuck 0, propagating ...,

All inputs of Distributed Ram \u_sched/u_cnn/img_mem12  are constant

WARNING - synthesis: c:/users/kunsh/desktop/aicamera/lattice diamond/frame_packer.v(293): Register \u_pack/cur_word_i0 is stuck at Zero. VDB-5013
Distributed Ram \u_sched/u_cnn/img_mem11 input port DI0 is stuck 0, propagating ...,

Distributed Ram \u_sched/u_cnn/img_mem11 input port DI1 is stuck 0, propagating ...,

Distributed Ram \u_sched/u_cnn/img_mem11 input port DI2 is stuck 0, propagating ...,

Distributed Ram \u_sched/u_cnn/img_mem11 input port DI3 is stuck 0, propagating ...,

All inputs of Distributed Ram \u_sched/u_cnn/img_mem11  are constant

Distributed Ram \u_sched/u_cnn/img_mem255 input port DI0 is stuck 0, propagating ...,

Distributed Ram \u_sched/u_cnn/img_mem255 input port DI1 is stuck 0, propagating ...,

Distributed Ram \u_sched/u_cnn/img_mem255 input port DI2 is stuck 0, propagating ...,

Distributed Ram \u_sched/u_cnn/img_mem255 input port DI3 is stuck 0, propagating ...,

All inputs of Distributed Ram \u_sched/u_cnn/img_mem255  are constant

Distributed Ram \u_sched/u_cnn/img_mem3 input port DI0 is stuck 0, propagating ...,

Distributed Ram \u_sched/u_cnn/img_mem3 input port DI1 is stuck 0, propagating ...,

Distributed Ram \u_sched/u_cnn/img_mem3 input port DI2 is stuck 0, propagating ...,

Distributed Ram \u_sched/u_cnn/img_mem3 input port DI3 is stuck 0, propagating ...,

All inputs of Distributed Ram \u_sched/u_cnn/img_mem3  are constant

Distributed Ram \u_sched/u_cnn/img_mem7 input port DI0 is stuck 0, propagating ...,

Distributed Ram \u_sched/u_cnn/img_mem7 input port DI1 is stuck 0, propagating ...,

Distributed Ram \u_sched/u_cnn/img_mem7 input port DI2 is stuck 0, propagating ...,

Distributed Ram \u_sched/u_cnn/img_mem7 input port DI3 is stuck 0, propagating ...,

All inputs of Distributed Ram \u_sched/u_cnn/img_mem7  are constant

Distributed Ram \u_sched/u_cnn/img_mem27 input port DI0 is stuck 0, propagating ...,

Distributed Ram \u_sched/u_cnn/img_mem27 input port DI1 is stuck 0, propagating ...,

Distributed Ram \u_sched/u_cnn/img_mem27 input port DI2 is stuck 0, propagating ...,

Distributed Ram \u_sched/u_cnn/img_mem27 input port DI3 is stuck 0, propagating ...,

All inputs of Distributed Ram \u_sched/u_cnn/img_mem27  are constant

Distributed Ram \u_sched/u_cnn/img_mem31 input port DI0 is stuck 0, propagating ...,

Distributed Ram \u_sched/u_cnn/img_mem31 input port DI1 is stuck 0, propagating ...,

Distributed Ram \u_sched/u_cnn/img_mem31 input port DI2 is stuck 0, propagating ...,

Distributed Ram \u_sched/u_cnn/img_mem31 input port DI3 is stuck 0, propagating ...,

All inputs of Distributed Ram \u_sched/u_cnn/img_mem31  are constant

Distributed Ram \u_sched/u_cnn/img_mem4 input port DI0 is stuck 0, propagating ...,

Distributed Ram \u_sched/u_cnn/img_mem4 input port DI1 is stuck 0, propagating ...,

Distributed Ram \u_sched/u_cnn/img_mem4 input port DI2 is stuck 0, propagating ...,

Distributed Ram \u_sched/u_cnn/img_mem4 input port DI3 is stuck 0, propagating ...,

All inputs of Distributed Ram \u_sched/u_cnn/img_mem4  are constant

Distributed Ram \u_sched/u_cnn/img_mem256 input port DI0 is stuck 0, propagating ...,

Distributed Ram \u_sched/u_cnn/img_mem256 input port DI1 is stuck 0, propagating ...,

Distributed Ram \u_sched/u_cnn/img_mem256 input port DI2 is stuck 0, propagating ...,

Distributed Ram \u_sched/u_cnn/img_mem256 input port DI3 is stuck 0, propagating ...,

All inputs of Distributed Ram \u_sched/u_cnn/img_mem256  are constant

Distributed Ram \u_sched/u_cnn/img_mem264 input port DI0 is stuck 0, propagating ...,

Distributed Ram \u_sched/u_cnn/img_mem264 input port DI1 is stuck 0, propagating ...,

Distributed Ram \u_sched/u_cnn/img_mem264 input port DI2 is stuck 0, propagating ...,

Distributed Ram \u_sched/u_cnn/img_mem264 input port DI3 is stuck 0, propagating ...,

All inputs of Distributed Ram \u_sched/u_cnn/img_mem264  are constant

WARNING - synthesis: c:/users/kunsh/desktop/aicamera/lattice diamond/frame_packer.v(293): Register \u_pack/lat_cand_y1[3]_i21 is stuck at One. VDB-5014
WARNING - synthesis: c:/users/kunsh/desktop/aicamera/lattice diamond/fpga_uart_cmd_parser.v(60): Register \u_ctrl/u_cmd/bytes[7]__i64 is stuck at One. VDB-5014
WARNING - synthesis: c:/users/kunsh/desktop/aicamera/lattice diamond/fpga_uart_cmd_parser.v(60): Register \u_ctrl/u_cmd/bytes[7]__i63 is stuck at Zero. VDB-5013
WARNING - synthesis: c:/users/kunsh/desktop/aicamera/lattice diamond/ov5640_sccb.v(328): Register \u_cam_cfg/byte_idx_i0_i2 is stuck at Zero. VDB-5013
Duplicate register/latch removal. \u_candidate_bus/cand_flags[3]_i12 is a one-to-one match with \u_candidate_bus/cand_flags[3]_i11.
Duplicate register/latch removal. \u_candidate_bus/cand_flags[3]_i9 is a one-to-one match with \u_candidate_bus/cand_flags[3]_i8.
Duplicate register/latch removal. \u_candidate_bus/cand_flags[3]_i6 is a one-to-one match with \u_candidate_bus/cand_flags[3]_i5.
Duplicate register/latch removal. \u_candidate_bus/cand_flags[3]_i3 is a one-to-one match with \u_candidate_bus/cand_flags[3]_i2.
WARNING - synthesis: c:/users/kunsh/desktop/aicamera/lattice diamond/sd_spi_writer.v(575): Register \u_sd/wr_lba_lat_i31 is stuck at Zero. VDB-5013
GSR will not be inferred because no asynchronous signal was found in the netlist.
WARNING - synthesis: Initial value found on instance \u_dbg_status/start_data__i1 will be ignored.
WARNING - synthesis: Initial value found on instance \u_dbg_status/start_data__i7 will be ignored.
WARNING - synthesis: Initial value found on instance \u_dbg_status/start_data__i5 will be ignored.
WARNING - synthesis: Initial value found on instance \u_dbg_status/start_data__i4 will be ignored.
Duplicate register/latch removal. \u_ctrl/u_ack/pkt[7]__i33 is a one-to-one match with \u_ctrl/u_ack/pkt[7]__i30.
Duplicate register/latch removal. \u_ctrl/u_ack/pkt[7]__i32 is a one-to-one match with \u_ctrl/u_ack/pkt[7]__i31.
Duplicate register/latch removal. \u_ctrl/u_ack/pkt[7]__i29 is a one-to-one match with \u_ctrl/u_ack/pkt[7]__i28.
Duplicate register/latch removal. \u_ctrl/u_ack/pkt[7]__i27 is a one-to-one match with \u_ctrl/u_ack/pkt[7]__i32.
Duplicate register/latch removal. \u_ctrl/u_ack/pkt[7]__i26 is a one-to-one match with \u_ctrl/u_ack/pkt[7]__i29.
Duplicate register/latch removal. \u_ctrl/u_ack/pkt[7]__i25 is a one-to-one match with \u_ctrl/u_ack/pkt[7]__i27.
Duplicate register/latch removal. \u_ctrl/u_ack/pkt[7]__i24 is a one-to-one match with \u_ctrl/u_ack/pkt[7]__i26.
Duplicate register/latch removal. \u_ctrl/u_ack/pkt[7]__i23 is a one-to-one match with \u_ctrl/u_ack/pkt[7]__i33.
Duplicate register/latch removal. \u_ctrl/u_ack/pkt[7]__i22 is a one-to-one match with \u_ctrl/u_ack/pkt[7]__i24.
Duplicate register/latch removal. \u_ctrl/u_ack/pkt[7]__i21 is a one-to-one match with \u_ctrl/u_ack/pkt[7]__i23.
Duplicate register/latch removal. \u_ctrl/u_ack/pkt[7]__i20 is a one-to-one match with \u_ctrl/u_ack/pkt[7]__i22.
Duplicate register/latch removal. \u_ctrl/u_ack/pkt[7]__i19 is a one-to-one match with \u_ctrl/u_ack/pkt[7]__i25.
Duplicate register/latch removal. \u_ctrl/u_ack/pkt[7]__i18 is a one-to-one match with \u_ctrl/u_ack/pkt[7]__i20.
Duplicate register/latch removal. \u_ctrl/u_ack/pkt[7]__i17 is a one-to-one match with \u_ctrl/u_ack/pkt[7]__i18.
Applying 200.000000 MHz constraint to all clocks

WARNING - synthesis: No user .sdc file.
Results of NGD DRC are available in fpga_top_drc.log.
Loading NGL library 'C:/lscc/diamond/3.14/ispfpga/sa5p00/data/sa5plib.ngl'...
Loading NGL library 'C:/lscc/diamond/3.14/ispfpga/xo2c00/data/xo2clib.ngl'...
Loading NGL library 'C:/lscc/diamond/3.14/ispfpga/mg5g00/data/mg5glib.ngl'...
Loading NGL library 'C:/lscc/diamond/3.14/ispfpga/or5g00/data/orc5glib.ngl'...
WARNING - synthesis: logical net 'DIN' has no load.
WARNING - synthesis: input pad net 'DIN' has no legal load.
WARNING - synthesis: logical net 'CCLK' has no load.
WARNING - synthesis: input pad net 'CCLK' has no legal load.
WARNING - synthesis: logical net 'SSPI_CS_n' has no load.
WARNING - synthesis: input pad net 'SSPI_CS_n' has no legal load.
WARNING - synthesis: logical net 'SD_DQ_out_7' has no load.
WARNING - synthesis: logical net 'SD_DQ_out_8' has no load.
WARNING - synthesis: logical net 'SD_DQ_out_9' has no load.
WARNING - synthesis: logical net 'SD_DQ_out_10' has no load.
WARNING - synthesis: logical net 'SD_DQ_out_11' has no load.
WARNING - synthesis: logical net 'SD_DQ_out_12' has no load.
WARNING - synthesis: logical net 'Y2_c_0' has no load.
WARNING - synthesis: logical net 'Y3_c_1' has no load.
WARNING - synthesis: logical net 'Y4_c_2' has no load.
WARNING - synthesis: logical net 'Y5_c_3' has no load.
WARNING - synthesis: logical net 'Y6_c_4' has no load.
WARNING - synthesis: logical net 'Y7_c_5' has no load.
WARNING - synthesis: logical net 'Y8_c_6' has no load.
WARNING - synthesis: logical net 'Y9_c_7' has no load.
WARNING - synthesis: logical net 'HREF_c' has no load.
WARNING - synthesis: logical net 'SD_DQ_out_0' has no load.
WARNING - synthesis: logical net 'SD_DQ_out_1' has no load.
WARNING - synthesis: logical net 'SD_DQ_out_2' has no load.
WARNING - synthesis: logical net 'SD_DQ_out_3' has no load.
WARNING - synthesis: logical net 'SD_DQ_out_4' has no load.
WARNING - synthesis: logical net 'SD_DQ_out_5' has no load.
WARNING - synthesis: logical net 'SD_DQ_out_6' has no load.
WARNING - synthesis: logical net 'SD_DQ_out_13' has no load.
WARNING - synthesis: logical net 'SD_DQ_out_14' has no load.
WARNING - synthesis: logical net 'SD_DQ_out_15' has no load.
WARNING - synthesis: DRC complete with 31 warnings.
All blocks are expanded and NGD expansion is successful.
Writing NGD file AICAM_impl1.ngd.

################### Begin Area Report (fpga_top)######################
Number of register bits => 585 of 24879 (2 % )
BB => 16
CCU2C => 139
DPR16X4C => 1
EHXPLLL => 1
FD1P3AX => 240
FD1P3AY => 9
FD1P3IX => 106
FD1P3JX => 14
FD1S3AX => 88
FD1S3IX => 118
FD1S3JX => 10
GSR => 1
IB => 14
L6MUX21 => 7
LUT4 => 1174
OB => 30
OBZ => 10
PDPW16KD => 5
PFUMX => 113
################### End Area Report ##################

################### Begin Clock Report ######################
Clock Nets
Number of Clocks: 4
  Net : SD_CLK_c, loads : 488
  Net : MCLK_c, loads : 81
  Net : PCLK_c, loads : 25
  Net : CRYSTAL_c, loads : 1
Clock Enable Nets
Number of Clock Enables: 62
Top 10 highest fanout Clock Enables:
  Net : u_sd/SD_CLK_c_enable_234, loads : 47
  Net : u_ctrl/u_ack/SD_CLK_c_enable_238, loads : 35
  Net : u_ctrl/SD_CLK_c_enable_249, loads : 33
  Net : u_cam_cfg/tick, loads : 26
  Net : u_dbg_status/MCLK_c_enable_25, loads : 24
  Net : u_ctrl/u_cmd/SD_CLK_c_enable_237, loads : 24
  Net : u_cam_cfg/SD_CLK_c_enable_244, loads : 23
  Net : u_sd/bit_cnt_0, loads : 17
  Net : u_dbg_status/MCLK_c_enable_17, loads : 16
  Net : u_ctrl/u_rx/SD_CLK_c_enable_213, loads : 16
Highest fanout non-clock nets
Top 10 highest fanout non-clock nets:
  Net : u_sd/st_2, loads : 144
  Net : u_sd/st_1, loads : 136
  Net : u_sd/st_0, loads : 123
  Net : u_sd/st_3, loads : 114
  Net : u_sd/st_4, loads : 83
  Net : u_sd/spi_done, loads : 67
  Net : u_sd/n78014, loads : 52
  Net : u_cam_cfg/st_0, loads : 50
  Net : u_sd/SD_CLK_c_enable_234, loads : 47
  Net : n309, loads : 45
################### End Clock Report ##################

Timing Report Summary
--------------
--------------------------------------------------------------------------------
Constraint                              |   Constraint|       Actual|Levels
--------------------------------------------------------------------------------
                                        |             |             |
create_clock -period 5.000000 -name     |             |             |
clk2 [get_nets PCLK_c]                  |  200.000 MHz|  174.338 MHz|     4 *
                                        |             |             |
create_clock -period 5.000000 -name     |             |             |
clk1 [get_nets SD_CLK_c]                |  200.000 MHz|   69.367 MHz|    16 *
                                        |             |             |
create_clock -period 5.000000 -name     |             |             |
clk0 [get_nets MCLK_c]                  |  200.000 MHz|  114.116 MHz|     7 *
                                        |             |             |
--------------------------------------------------------------------------------


3 constraints not met.


Peak Memory Usage: 297.043  MB

--------------------------------------------------------------
Elapsed CPU time for LSE flow : 18.547  secs
--------------------------------------------------------------
