image,x,y,score,hit
orange_pos_001721_20260510_221828_918.png,0,0,0.674,0
orange_pos_001721_20260510_221828_918.png,20,0,0.674,0
orange_pos_001721_20260510_221828_918.png,40,0,0.674,0
orange_pos_001721_20260510_221828_918.png,60,0,0.674,0
orange_pos_001721_20260510_221828_918.png,80,0,0.674,0
orange_pos_001721_20260510_221828_918.png,100,0,0.674,0
orange_pos_001721_20260510_221828_918.png,120,0,0.674,0
orange_pos_001721_20260510_221828_918.png,140,0,0.674,0
orange_pos_001721_20260510_221828_918.png,0,20,0.674,0
orange_pos_001721_20260510_221828_918.png,20,20,0.674,0
orange_pos_001721_20260510_221828_918.png,40,20,0.674,0
orange_pos_001721_20260510_221828_918.png,60,20,0.674,0
orange_pos_001721_20260510_221828_918.png,80,20,0.674,0
orange_pos_001721_20260510_221828_918.png,100,20,0.674,0
orange_pos_001721_20260510_221828_918.png,120,20,0.674,0
orange_pos_001721_20260510_221828_918.png,140,20,0.674,0
orange_pos_001721_20260510_221828_918.png,0,40,0.674,0
orange_pos_001721_20260510_221828_918.png,20,40,0.674,0
orange_pos_001721_20260510_221828_918.png,40,40,0.674,0
orange_pos_001721_20260510_221828_918.png,60,40,0.674,0
orange_pos_001721_20260510_221828_918.png,80,40,0.674,0
orange_pos_001721_20260510_221828_918.png,100,40,0.674,0
orange_pos_001721_20260510_221828_918.png,120,40,0.674,0
orange_pos_001721_20260510_221828_918.png,140,40,0.674,0
orange_pos_001721_20260510_221828_918.png,0,60,0.674,0
orange_pos_001721_20260510_221828_918.png,20,60,0.674,0
orange_pos_001721_20260510_221828_918.png,40,60,0.674,0
orange_pos_001721_20260510_221828_918.png,60,60,0.674,0
orange_pos_001721_20260510_221828_918.png,80,60,0.674,0
orange_pos_001721_20260510_221828_918.png,100,60,0.674,0
orange_pos_001721_20260510_221828_918.png,120,60,0.674,0
orange_pos_001721_20260510_221828_918.png,140,60,0.674,0
orange_pos_001721_20260510_221828_918.png,0,80,0.674,0
orange_pos_001721_20260510_221828_918.png,20,80,0.674,0
orange_pos_001721_20260510_221828_918.png,40,80,0.674,0
orange_pos_001721_20260510_221828_918.png,60,80,0.674,0
orange_pos_001721_20260510_221828_918.png,80,80,0.674,0
orange_pos_001721_20260510_221828_918.png,100,80,0.674,0
orange_pos_001721_20260510_221828_918.png,120,80,0.674,0
orange_pos_001721_20260510_221828_918.png,140,80,0.674,0
orange_pos_001721_20260510_221828_918.png,0,100,0.674,0
orange_pos_001721_20260510_221828_918.png,20,100,0.674,0
orange_pos_001721_20260510_221828_918.png,40,100,0.674,0
orange_pos_001721_20260510_221828_918.png,60,100,0.674,0
orange_pos_001721_20260510_221828_918.png,80,100,0.674,0
orange_pos_001721_20260510_221828_918.png,100,100,0.674,0
orange_pos_001721_20260510_221828_918.png,120,100,0.674,0
orange_pos_001721_20260510_221828_918.png,140,100,0.674,0
orange_pos_001722_20260510_221830_889.png,0,0,4.515,0
orange_pos_001722_20260510_221830_889.png,20,0,4.113,0
orange_pos_001722_20260510_221830_889.png,40,0,11.493,0
orange_pos_001722_20260510_221830_889.png,60,0,5.672,0
orange_pos_001722_20260510_221830_889.png,80,0,0.675,0
orange_pos_001722_20260510_221830_889.png,100,0,0.674,0
orange_pos_001722_20260510_221830_889.png,120,0,0.674,0
orange_pos_001722_20260510_221830_889.png,140,0,1.155,0
orange_pos_001722_20260510_221830_889.png,0,20,6.718,0
orange_pos_001722_20260510_221830_889.png,20,20,4.513,0
orange_pos_001722_20260510_221830_889.png,40,20,6.126,0
orange_pos_001722_20260510_221830_889.png,60,20,1.214,0
orange_pos_001722_20260510_221830_889.png,80,20,0.674,0
orange_pos_001722_20260510_221830_889.png,100,20,0.674,0
orange_pos_001722_20260510_221830_889.png,120,20,0.674,0
orange_pos_001722_20260510_221830_889.png,140,20,0.674,0
orange_pos_001722_20260510_221830_889.png,0,40,7.776,0
orange_pos_001722_20260510_221830_889.png,20,40,7.300,0
orange_pos_001722_20260510_221830_889.png,40,40,5.427,0
orange_pos_001722_20260510_221830_889.png,60,40,0.784,0
orange_pos_001722_20260510_221830_889.png,80,40,0.674,0
orange_pos_001722_20260510_221830_889.png,100,40,0.674,0
orange_pos_001722_20260510_221830_889.png,120,40,0.674,0
orange_pos_001722_20260510_221830_889.png,140,40,1.018,0
orange_pos_001722_20260510_221830_889.png,0,60,6.288,0
orange_pos_001722_20260510_221830_889.png,20,60,5.310,0
orange_pos_001722_20260510_221830_889.png,40,60,6.158,0
orange_pos_001722_20260510_221830_889.png,60,60,0.875,0
orange_pos_001722_20260510_221830_889.png,80,60,0.674,0
orange_pos_001722_20260510_221830_889.png,100,60,0.674,0
orange_pos_001722_20260510_221830_889.png,120,60,0.674,0
orange_pos_001722_20260510_221830_889.png,140,60,1.726,0
orange_pos_001722_20260510_221830_889.png,0,80,6.370,0
orange_pos_001722_20260510_221830_889.png,20,80,5.763,0
orange_pos_001722_20260510_221830_889.png,40,80,9.273,0
orange_pos_001722_20260510_221830_889.png,60,80,3.560,0
orange_pos_001722_20260510_221830_889.png,80,80,1.557,0
orange_pos_001722_20260510_221830_889.png,100,80,1.024,0
orange_pos_001722_20260510_221830_889.png,120,80,1.249,0
orange_pos_001722_20260510_221830_889.png,140,80,4.821,0
orange_pos_001722_20260510_221830_889.png,0,100,2.006,0
orange_pos_001722_20260510_221830_889.png,20,100,6.687,0
orange_pos_001722_20260510_221830_889.png,40,100,17.238,0
orange_pos_001722_20260510_221830_889.png,60,100,11.054,0
orange_pos_001722_20260510_221830_889.png,80,100,6.894,0
orange_pos_001722_20260510_221830_889.png,100,100,5.862,0
orange_pos_001722_20260510_221830_889.png,120,100,6.539,0
orange_pos_001722_20260510_221830_889.png,140,100,9.545,0
orange_pos_001723_20260510_221831_276.png,0,0,0.692,0
orange_pos_001723_20260510_221831_276.png,20,0,0.682,0
orange_pos_001723_20260510_221831_276.png,40,0,5.796,0
orange_pos_001723_20260510_221831_276.png,60,0,2.728,0
orange_pos_001723_20260510_221831_276.png,80,0,0.691,0
orange_pos_001723_20260510_221831_276.png,100,0,0.674,0
orange_pos_001723_20260510_221831_276.png,120,0,0.674,0
orange_pos_001723_20260510_221831_276.png,140,0,0.674,0
orange_pos_001723_20260510_221831_276.png,0,20,2.301,0
orange_pos_001723_20260510_221831_276.png,20,20,0.954,0
orange_pos_001723_20260510_221831_276.png,40,20,1.851,0
orange_pos_001723_20260510_221831_276.png,60,20,0.879,0
orange_pos_001723_20260510_221831_276.png,80,20,0.674,0
orange_pos_001723_20260510_221831_276.png,100,20,0.674,0
orange_pos_001723_20260510_221831_276.png,120,20,0.674,0
orange_pos_001723_20260510_221831_276.png,140,20,0.707,0
orange_pos_001723_20260510_221831_276.png,0,40,9.996,0
orange_pos_001723_20260510_221831_276.png,20,40,8.047,0
orange_pos_001723_20260510_221831_276.png,40,40,16.150,0
orange_pos_001723_20260510_221831_276.png,60,40,2.117,0
orange_pos_001723_20260510_221831_276.png,80,40,0.674,0
orange_pos_001723_20260510_221831_276.png,100,40,0.674,0
orange_pos_001723_20260510_221831_276.png,120,40,0.674,0
orange_pos_001723_20260510_221831_276.png,140,40,3.510,0
orange_pos_001723_20260510_221831_276.png,0,60,8.333,0
orange_pos_001723_20260510_221831_276.png,20,60,8.418,0
orange_pos_001723_20260510_221831_276.png,40,60,13.049,0
orange_pos_001723_20260510_221831_276.png,60,60,2.226,0
orange_pos_001723_20260510_221831_276.png,80,60,0.674,0
orange_pos_001723_20260510_221831_276.png,100,60,0.674,0
orange_pos_001723_20260510_221831_276.png,120,60,0.674,0
orange_pos_001723_20260510_221831_276.png,140,60,4.612,0
orange_pos_001723_20260510_221831_276.png,0,80,8.268,0
orange_pos_001723_20260510_221831_276.png,20,80,4.553,0
orange_pos_001723_20260510_221831_276.png,40,80,14.343,0
orange_pos_001723_20260510_221831_276.png,60,80,6.321,0
orange_pos_001723_20260510_221831_276.png,80,80,1.539,0
orange_pos_001723_20260510_221831_276.png,100,80,0.903,0
orange_pos_001723_20260510_221831_276.png,120,80,1.950,0
orange_pos_001723_20260510_221831_276.png,140,80,7.515,0
orange_pos_001723_20260510_221831_276.png,0,100,2.592,0
orange_pos_001723_20260510_221831_276.png,20,100,5.711,0
orange_pos_001723_20260510_221831_276.png,40,100,16.474,0
orange_pos_001723_20260510_221831_276.png,60,100,10.037,0
orange_pos_001723_20260510_221831_276.png,80,100,7.369,0
orange_pos_001723_20260510_221831_276.png,100,100,4.421,0
orange_pos_001723_20260510_221831_276.png,120,100,6.580,0
orange_pos_001723_20260510_221831_276.png,140,100,9.482,0
orange_pos_001724_20260510_221833_387.png,0,0,0.674,0
orange_pos_001724_20260510_221833_387.png,20,0,0.674,0
orange_pos_001724_20260510_221833_387.png,40,0,0.674,0
orange_pos_001724_20260510_221833_387.png,60,0,0.674,0
orange_pos_001724_20260510_221833_387.png,80,0,0.674,0
orange_pos_001724_20260510_221833_387.png,100,0,0.674,0
orange_pos_001724_20260510_221833_387.png,120,0,0.674,0
orange_pos_001724_20260510_221833_387.png,140,0,0.674,0
orange_pos_001724_20260510_221833_387.png,0,20,0.674,0
orange_pos_001724_20260510_221833_387.png,20,20,0.674,0
orange_pos_001724_20260510_221833_387.png,40,20,0.674,0
orange_pos_001724_20260510_221833_387.png,60,20,0.674,0
orange_pos_001724_20260510_221833_387.png,80,20,0.674,0
orange_pos_001724_20260510_221833_387.png,100,20,0.674,0
orange_pos_001724_20260510_221833_387.png,120,20,0.674,0
orange_pos_001724_20260510_221833_387.png,140,20,0.674,0
orange_pos_001724_20260510_221833_387.png,0,40,0.674,0
orange_pos_001724_20260510_221833_387.png,20,40,0.674,0
orange_pos_001724_20260510_221833_387.png,40,40,0.674,0
orange_pos_001724_20260510_221833_387.png,60,40,0.674,0
orange_pos_001724_20260510_221833_387.png,80,40,0.674,0
orange_pos_001724_20260510_221833_387.png,100,40,0.674,0
orange_pos_001724_20260510_221833_387.png,120,40,0.674,0
orange_pos_001724_20260510_221833_387.png,140,40,0.674,0
orange_pos_001724_20260510_221833_387.png,0,60,0.674,0
orange_pos_001724_20260510_221833_387.png,20,60,0.674,0
orange_pos_001724_20260510_221833_387.png,40,60,0.674,0
orange_pos_001724_20260510_221833_387.png,60,60,0.674,0
orange_pos_001724_20260510_221833_387.png,80,60,0.674,0
orange_pos_001724_20260510_221833_387.png,100,60,0.674,0
orange_pos_001724_20260510_221833_387.png,120,60,0.674,0
orange_pos_001724_20260510_221833_387.png,140,60,0.674,0
orange_pos_001724_20260510_221833_387.png,0,80,0.674,0
orange_pos_001724_20260510_221833_387.png,20,80,0.674,0
orange_pos_001724_20260510_221833_387.png,40,80,0.674,0
orange_pos_001724_20260510_221833_387.png,60,80,0.674,0
orange_pos_001724_20260510_221833_387.png,80,80,0.674,0
orange_pos_001724_20260510_221833_387.png,100,80,0.674,0
orange_pos_001724_20260510_221833_387.png,120,80,0.674,0
orange_pos_001724_20260510_221833_387.png,140,80,0.674,0
orange_pos_001724_20260510_221833_387.png,0,100,0.674,0
orange_pos_001724_20260510_221833_387.png,20,100,0.674,0
orange_pos_001724_20260510_221833_387.png,40,100,0.674,0
orange_pos_001724_20260510_221833_387.png,60,100,0.674,0
orange_pos_001724_20260510_221833_387.png,80,100,0.674,0
orange_pos_001724_20260510_221833_387.png,100,100,0.674,0
orange_pos_001724_20260510_221833_387.png,120,100,0.674,0
orange_pos_001724_20260510_221833_387.png,140,100,0.674,0
orange_pos_001725_20260510_221833_772.png,0,0,3.397,0
orange_pos_001725_20260510_221833_772.png,20,0,2.573,0
orange_pos_001725_20260510_221833_772.png,40,0,4.375,0
orange_pos_001725_20260510_221833_772.png,60,0,2.906,0
orange_pos_001725_20260510_221833_772.png,80,0,1.108,0
orange_pos_001725_20260510_221833_772.png,100,0,0.674,0
orange_pos_001725_20260510_221833_772.png,120,0,0.674,0
orange_pos_001725_20260510_221833_772.png,140,0,0.740,0
orange_pos_001725_20260510_221833_772.png,0,20,2.011,0
orange_pos_001725_20260510_221833_772.png,20,20,2.188,0
orange_pos_001725_20260510_221833_772.png,40,20,1.088,0
orange_pos_001725_20260510_221833_772.png,60,20,0.674,0
orange_pos_001725_20260510_221833_772.png,80,20,0.674,0
orange_pos_001725_20260510_221833_772.png,100,20,0.674,0
orange_pos_001725_20260510_221833_772.png,120,20,0.674,0
orange_pos_001725_20260510_221833_772.png,140,20,0.674,0
orange_pos_001725_20260510_221833_772.png,0,40,2.690,0
orange_pos_001725_20260510_221833_772.png,20,40,2.414,0
orange_pos_001725_20260510_221833_772.png,40,40,1.557,0
orange_pos_001725_20260510_221833_772.png,60,40,0.674,0
orange_pos_001725_20260510_221833_772.png,80,40,0.674,0
orange_pos_001725_20260510_221833_772.png,100,40,0.674,0
orange_pos_001725_20260510_221833_772.png,120,40,0.674,0
orange_pos_001725_20260510_221833_772.png,140,40,0.674,0
orange_pos_001725_20260510_221833_772.png,0,60,0.808,0
orange_pos_001725_20260510_221833_772.png,20,60,0.674,0
orange_pos_001725_20260510_221833_772.png,40,60,1.362,0
orange_pos_001725_20260510_221833_772.png,60,60,0.674,0
orange_pos_001725_20260510_221833_772.png,80,60,0.674,0
orange_pos_001725_20260510_221833_772.png,100,60,0.674,0
orange_pos_001725_20260510_221833_772.png,120,60,0.674,0
orange_pos_001725_20260510_221833_772.png,140,60,0.674,0
orange_pos_001725_20260510_221833_772.png,0,80,1.389,0
orange_pos_001725_20260510_221833_772.png,20,80,0.729,0
orange_pos_001725_20260510_221833_772.png,40,80,1.618,0
orange_pos_001725_20260510_221833_772.png,60,80,0.707,0
orange_pos_001725_20260510_221833_772.png,80,80,0.674,0
orange_pos_001725_20260510_221833_772.png,100,80,0.674,0
orange_pos_001725_20260510_221833_772.png,120,80,0.674,0
orange_pos_001725_20260510_221833_772.png,140,80,0.674,0
orange_pos_001725_20260510_221833_772.png,0,100,0.700,0
orange_pos_001725_20260510_221833_772.png,20,100,0.776,0
orange_pos_001725_20260510_221833_772.png,40,100,1.234,0
orange_pos_001725_20260510_221833_772.png,60,100,0.711,0
orange_pos_001725_20260510_221833_772.png,80,100,0.674,0
orange_pos_001725_20260510_221833_772.png,100,100,0.674,0
orange_pos_001725_20260510_221833_772.png,120,100,0.674,0
orange_pos_001725_20260510_221833_772.png,140,100,0.674,0
orange_pos_001726_20260510_221837_557.png,0,0,7.794,0
orange_pos_001726_20260510_221837_557.png,20,0,0.676,0
orange_pos_001726_20260510_221837_557.png,40,0,15.753,0
orange_pos_001726_20260510_221837_557.png,60,0,22.719,0
orange_pos_001726_20260510_221837_557.png,80,0,5.153,0
orange_pos_001726_20260510_221837_557.png,100,0,2.270,0
orange_pos_001726_20260510_221837_557.png,120,0,7.438,0
orange_pos_001726_20260510_221837_557.png,140,0,19.074,0
orange_pos_001726_20260510_221837_557.png,0,20,1.258,0
orange_pos_001726_20260510_221837_557.png,20,20,0.716,0
orange_pos_001726_20260510_221837_557.png,40,20,9.423,0
orange_pos_001726_20260510_221837_557.png,60,20,5.688,0
orange_pos_001726_20260510_221837_557.png,80,20,0.674,0
orange_pos_001726_20260510_221837_557.png,100,20,0.674,0
orange_pos_001726_20260510_221837_557.png,120,20,0.838,0
orange_pos_001726_20260510_221837_557.png,140,20,6.101,0
orange_pos_001726_20260510_221837_557.png,0,40,1.328,0
orange_pos_001726_20260510_221837_557.png,20,40,0.674,0
orange_pos_001726_20260510_221837_557.png,40,40,8.046,0
orange_pos_001726_20260510_221837_557.png,60,40,3.538,0
orange_pos_001726_20260510_221837_557.png,80,40,0.674,0
orange_pos_001726_20260510_221837_557.png,100,40,0.674,0
orange_pos_001726_20260510_221837_557.png,120,40,0.674,0
orange_pos_001726_20260510_221837_557.png,140,40,2.482,0
orange_pos_001726_20260510_221837_557.png,0,60,2.197,0
orange_pos_001726_20260510_221837_557.png,20,60,0.678,0
orange_pos_001726_20260510_221837_557.png,40,60,11.692,0
orange_pos_001726_20260510_221837_557.png,60,60,4.566,0
orange_pos_001726_20260510_221837_557.png,80,60,0.674,0
orange_pos_001726_20260510_221837_557.png,100,60,0.674,0
orange_pos_001726_20260510_221837_557.png,120,60,0.674,0
orange_pos_001726_20260510_221837_557.png,140,60,9.755,0
orange_pos_001726_20260510_221837_557.png,0,80,2.012,0
orange_pos_001726_20260510_221837_557.png,20,80,1.489,0
orange_pos_001726_20260510_221837_557.png,40,80,17.295,0
orange_pos_001726_20260510_221837_557.png,60,80,8.007,0
orange_pos_001726_20260510_221837_557.png,80,80,0.697,0
orange_pos_001726_20260510_221837_557.png,100,80,1.079,0
orange_pos_001726_20260510_221837_557.png,120,80,3.329,0
orange_pos_001726_20260510_221837_557.png,140,80,17.486,0
orange_pos_001726_20260510_221837_557.png,0,100,1.207,0
orange_pos_001726_20260510_221837_557.png,20,100,2.349,0
orange_pos_001726_20260510_221837_557.png,40,100,16.000,0
orange_pos_001726_20260510_221837_557.png,60,100,6.744,0
orange_pos_001726_20260510_221837_557.png,80,100,0.674,0
orange_pos_001726_20260510_221837_557.png,100,100,0.685,0
orange_pos_001726_20260510_221837_557.png,120,100,2.833,0
orange_pos_001726_20260510_221837_557.png,140,100,7.539,0
orange_pos_001727_20260510_221838_137.png,0,0,7.794,0
orange_pos_001727_20260510_221838_137.png,20,0,0.676,0
orange_pos_001727_20260510_221838_137.png,40,0,15.753,0
orange_pos_001727_20260510_221838_137.png,60,0,22.719,0
orange_pos_001727_20260510_221838_137.png,80,0,5.153,0
orange_pos_001727_20260510_221838_137.png,100,0,2.270,0
orange_pos_001727_20260510_221838_137.png,120,0,7.438,0
orange_pos_001727_20260510_221838_137.png,140,0,19.074,0
orange_pos_001727_20260510_221838_137.png,0,20,1.258,0
orange_pos_001727_20260510_221838_137.png,20,20,0.716,0
orange_pos_001727_20260510_221838_137.png,40,20,9.423,0
orange_pos_001727_20260510_221838_137.png,60,20,5.688,0
orange_pos_001727_20260510_221838_137.png,80,20,0.674,0
orange_pos_001727_20260510_221838_137.png,100,20,0.674,0
orange_pos_001727_20260510_221838_137.png,120,20,0.838,0
orange_pos_001727_20260510_221838_137.png,140,20,6.101,0
orange_pos_001727_20260510_221838_137.png,0,40,1.328,0
orange_pos_001727_20260510_221838_137.png,20,40,0.674,0
orange_pos_001727_20260510_221838_137.png,40,40,8.046,0
orange_pos_001727_20260510_221838_137.png,60,40,3.538,0
orange_pos_001727_20260510_221838_137.png,80,40,0.674,0
orange_pos_001727_20260510_221838_137.png,100,40,0.674,0
orange_pos_001727_20260510_221838_137.png,120,40,0.674,0
orange_pos_001727_20260510_221838_137.png,140,40,2.482,0
orange_pos_001727_20260510_221838_137.png,0,60,2.197,0
orange_pos_001727_20260510_221838_137.png,20,60,0.678,0
orange_pos_001727_20260510_221838_137.png,40,60,11.692,0
orange_pos_001727_20260510_221838_137.png,60,60,4.566,0
orange_pos_001727_20260510_221838_137.png,80,60,0.674,0
orange_pos_001727_20260510_221838_137.png,100,60,0.674,0
orange_pos_001727_20260510_221838_137.png,120,60,0.674,0
orange_pos_001727_20260510_221838_137.png,140,60,9.755,0
orange_pos_001727_20260510_221838_137.png,0,80,2.012,0
orange_pos_001727_20260510_221838_137.png,20,80,1.489,0
orange_pos_001727_20260510_221838_137.png,40,80,17.295,0
orange_pos_001727_20260510_221838_137.png,60,80,8.007,0
orange_pos_001727_20260510_221838_137.png,80,80,0.697,0
orange_pos_001727_20260510_221838_137.png,100,80,1.079,0
orange_pos_001727_20260510_221838_137.png,120,80,3.329,0
orange_pos_001727_20260510_221838_137.png,140,80,17.486,0
orange_pos_001727_20260510_221838_137.png,0,100,1.207,0
orange_pos_001727_20260510_221838_137.png,20,100,2.349,0
orange_pos_001727_20260510_221838_137.png,40,100,16.000,0
orange_pos_001727_20260510_221838_137.png,60,100,6.744,0
orange_pos_001727_20260510_221838_137.png,80,100,0.674,0
orange_pos_001727_20260510_221838_137.png,100,100,0.685,0
orange_pos_001727_20260510_221838_137.png,120,100,2.833,0
orange_pos_001727_20260510_221838_137.png,140,100,7.539,0
orange_pos_001728_20260510_221840_362.png,0,0,0.696,0
orange_pos_001728_20260510_221840_362.png,20,0,0.674,0
orange_pos_001728_20260510_221840_362.png,40,0,4.699,0
orange_pos_001728_20260510_221840_362.png,60,0,5.795,0
orange_pos_001728_20260510_221840_362.png,80,0,1.317,0
orange_pos_001728_20260510_221840_362.png,100,0,1.073,0
orange_pos_001728_20260510_221840_362.png,120,0,1.910,0
orange_pos_001728_20260510_221840_362.png,140,0,3.236,0
orange_pos_001728_20260510_221840_362.png,0,20,0.682,0
orange_pos_001728_20260510_221840_362.png,20,20,0.674,0
orange_pos_001728_20260510_221840_362.png,40,20,1.899,0
orange_pos_001728_20260510_221840_362.png,60,20,0.944,0
orange_pos_001728_20260510_221840_362.png,80,20,0.674,0
orange_pos_001728_20260510_221840_362.png,100,20,0.674,0
orange_pos_001728_20260510_221840_362.png,120,20,0.674,0
orange_pos_001728_20260510_221840_362.png,140,20,0.691,0
orange_pos_001728_20260510_221840_362.png,0,40,0.674,0
orange_pos_001728_20260510_221840_362.png,20,40,0.674,0
orange_pos_001728_20260510_221840_362.png,40,40,1.145,0
orange_pos_001728_20260510_221840_362.png,60,40,204.396,1
orange_pos_001728_20260510_221840_362.png,80,40,63.576,0
orange_pos_001728_20260510_221840_362.png,100,40,0.764,0
orange_pos_001728_20260510_221840_362.png,120,40,0.674,0
orange_pos_001728_20260510_221840_362.png,140,40,0.674,0
orange_pos_001728_20260510_221840_362.png,0,60,0.713,0
orange_pos_001728_20260510_221840_362.png,20,60,0.674,0
orange_pos_001728_20260510_221840_362.png,40,60,2.196,0
orange_pos_001728_20260510_221840_362.png,60,60,59.541,0
orange_pos_001728_20260510_221840_362.png,80,60,14.126,0
orange_pos_001728_20260510_221840_362.png,100,60,0.674,0
orange_pos_001728_20260510_221840_362.png,120,60,0.674,0
orange_pos_001728_20260510_221840_362.png,140,60,0.682,0
orange_pos_001728_20260510_221840_362.png,0,80,0.801,0
orange_pos_001728_20260510_221840_362.png,20,80,0.674,0
orange_pos_001728_20260510_221840_362.png,40,80,1.339,0
orange_pos_001728_20260510_221840_362.png,60,80,0.675,0
orange_pos_001728_20260510_221840_362.png,80,80,0.674,0
orange_pos_001728_20260510_221840_362.png,100,80,0.674,0
orange_pos_001728_20260510_221840_362.png,120,80,0.674,0
orange_pos_001728_20260510_221840_362.png,140,80,0.768,0
orange_pos_001728_20260510_221840_362.png,0,100,0.874,0
orange_pos_001728_20260510_221840_362.png,20,100,1.581,0
orange_pos_001728_20260510_221840_362.png,40,100,4.643,0
orange_pos_001728_20260510_221840_362.png,60,100,2.345,0
orange_pos_001728_20260510_221840_362.png,80,100,0.674,0
orange_pos_001728_20260510_221840_362.png,100,100,0.674,0
orange_pos_001728_20260510_221840_362.png,120,100,1.497,0
orange_pos_001728_20260510_221840_362.png,140,100,2.914,0
orange_pos_001729_20260510_221842_258.png,0,0,1.147,0
orange_pos_001729_20260510_221842_258.png,20,0,0.674,0
orange_pos_001729_20260510_221842_258.png,40,0,3.499,0
orange_pos_001729_20260510_221842_258.png,60,0,4.104,0
orange_pos_001729_20260510_221842_258.png,80,0,1.611,0
orange_pos_001729_20260510_221842_258.png,100,0,0.674,0
orange_pos_001729_20260510_221842_258.png,120,0,0.870,0
orange_pos_001729_20260510_221842_258.png,140,0,1.087,0
orange_pos_001729_20260510_221842_258.png,0,20,0.674,0
orange_pos_001729_20260510_221842_258.png,20,20,0.674,0
orange_pos_001729_20260510_221842_258.png,40,20,1.865,0
orange_pos_001729_20260510_221842_258.png,60,20,0.714,0
orange_pos_001729_20260510_221842_258.png,80,20,0.674,0
orange_pos_001729_20260510_221842_258.png,100,20,0.674,0
orange_pos_001729_20260510_221842_258.png,120,20,0.674,0
orange_pos_001729_20260510_221842_258.png,140,20,1.994,0
orange_pos_001729_20260510_221842_258.png,0,40,0.713,0
orange_pos_001729_20260510_221842_258.png,20,40,0.674,0
orange_pos_001729_20260510_221842_258.png,40,40,2.206,0
orange_pos_001729_20260510_221842_258.png,60,40,174.515,1
orange_pos_001729_20260510_221842_258.png,80,40,74.793,1
orange_pos_001729_20260510_221842_258.png,100,40,1.825,0
orange_pos_001729_20260510_221842_258.png,120,40,0.674,0
orange_pos_001729_20260510_221842_258.png,140,40,0.727,0
orange_pos_001729_20260510_221842_258.png,0,60,0.750,0
orange_pos_001729_20260510_221842_258.png,20,60,0.674,0
orange_pos_001729_20260510_221842_258.png,40,60,4.330,0
orange_pos_001729_20260510_221842_258.png,60,60,58.686,0
orange_pos_001729_20260510_221842_258.png,80,60,22.571,0
orange_pos_001729_20260510_221842_258.png,100,60,0.674,0
orange_pos_001729_20260510_221842_258.png,120,60,0.674,0
orange_pos_001729_20260510_221842_258.png,140,60,0.692,0
orange_pos_001729_20260510_221842_258.png,0,80,0.781,0
orange_pos_001729_20260510_221842_258.png,20,80,0.827,0
orange_pos_001729_20260510_221842_258.png,40,80,5.909,0
orange_pos_001729_20260510_221842_258.png,60,80,2.769,0
orange_pos_001729_20260510_221842_258.png,80,80,0.674,0
orange_pos_001729_20260510_221842_258.png,100,80,0.674,0
orange_pos_001729_20260510_221842_258.png,120,80,1.098,0
orange_pos_001729_20260510_221842_258.png,140,80,1.946,0
orange_pos_001729_20260510_221842_258.png,0,100,0.674,0
orange_pos_001729_20260510_221842_258.png,20,100,0.706,0
orange_pos_001729_20260510_221842_258.png,40,100,1.448,0
orange_pos_001729_20260510_221842_258.png,60,100,0.828,0
orange_pos_001729_20260510_221842_258.png,80,100,0.674,0
orange_pos_001729_20260510_221842_258.png,100,100,0.674,0
orange_pos_001729_20260510_221842_258.png,120,100,0.674,0
orange_pos_001729_20260510_221842_258.png,140,100,0.674,0
orange_pos_001730_20260510_221842_638.png,0,0,2.091,0
orange_pos_001730_20260510_221842_638.png,20,0,0.674,0
orange_pos_001730_20260510_221842_638.png,40,0,8.261,0
orange_pos_001730_20260510_221842_638.png,60,0,11.336,0
orange_pos_001730_20260510_221842_638.png,80,0,3.049,0
orange_pos_001730_20260510_221842_638.png,100,0,2.968,0
orange_pos_001730_20260510_221842_638.png,120,0,2.522,0
orange_pos_001730_20260510_221842_638.png,140,0,1.027,0
orange_pos_001730_20260510_221842_638.png,0,20,0.895,0
orange_pos_001730_20260510_221842_638.png,20,20,0.686,0
orange_pos_001730_20260510_221842_638.png,40,20,5.107,0
orange_pos_001730_20260510_221842_638.png,60,20,4.110,0
orange_pos_001730_20260510_221842_638.png,80,20,1.181,0
orange_pos_001730_20260510_221842_638.png,100,20,2.707,0
orange_pos_001730_20260510_221842_638.png,120,20,5.837,0
orange_pos_001730_20260510_221842_638.png,140,20,4.172,0
orange_pos_001730_20260510_221842_638.png,0,40,0.775,0
orange_pos_001730_20260510_221842_638.png,20,40,0.674,0
orange_pos_001730_20260510_221842_638.png,40,40,4.202,0
orange_pos_001730_20260510_221842_638.png,60,40,188.425,1
orange_pos_001730_20260510_221842_638.png,80,40,111.177,1
orange_pos_001730_20260510_221842_638.png,100,40,1.687,0
orange_pos_001730_20260510_221842_638.png,120,40,0.674,0
orange_pos_001730_20260510_221842_638.png,140,40,0.785,0
orange_pos_001730_20260510_221842_638.png,0,60,0.988,0
orange_pos_001730_20260510_221842_638.png,20,60,0.674,0
orange_pos_001730_20260510_221842_638.png,40,60,9.612,0
orange_pos_001730_20260510_221842_638.png,60,60,41.849,0
orange_pos_001730_20260510_221842_638.png,80,60,20.376,0
orange_pos_001730_20260510_221842_638.png,100,60,0.674,0
orange_pos_001730_20260510_221842_638.png,120,60,0.674,0
orange_pos_001730_20260510_221842_638.png,140,60,3.025,0
orange_pos_001730_20260510_221842_638.png,0,80,1.215,0
orange_pos_001730_20260510_221842_638.png,20,80,0.674,0
orange_pos_001730_20260510_221842_638.png,40,80,19.763,0
orange_pos_001730_20260510_221842_638.png,60,80,10.991,0
orange_pos_001730_20260510_221842_638.png,80,80,0.674,0
orange_pos_001730_20260510_221842_638.png,100,80,0.978,0
orange_pos_001730_20260510_221842_638.png,120,80,1.295,0
orange_pos_001730_20260510_221842_638.png,140,80,9.334,0
orange_pos_001730_20260510_221842_638.png,0,100,1.162,0
orange_pos_001730_20260510_221842_638.png,20,100,3.526,0
orange_pos_001730_20260510_221842_638.png,40,100,16.484,0
orange_pos_001730_20260510_221842_638.png,60,100,8.689,0
orange_pos_001730_20260510_221842_638.png,80,100,0.727,0
orange_pos_001730_20260510_221842_638.png,100,100,0.719,0
orange_pos_001730_20260510_221842_638.png,120,100,2.732,0
orange_pos_001730_20260510_221842_638.png,140,100,7.201,0
orange_pos_001731_20260510_221844_255.png,0,0,0.674,0
orange_pos_001731_20260510_221844_255.png,20,0,0.674,0
orange_pos_001731_20260510_221844_255.png,40,0,0.674,0
orange_pos_001731_20260510_221844_255.png,60,0,0.674,0
orange_pos_001731_20260510_221844_255.png,80,0,13.819,0
orange_pos_001731_20260510_221844_255.png,100,0,2.274,0
orange_pos_001731_20260510_221844_255.png,120,0,0.674,0
orange_pos_001731_20260510_221844_255.png,140,0,0.674,0
orange_pos_001731_20260510_221844_255.png,0,20,0.674,0
orange_pos_001731_20260510_221844_255.png,20,20,0.674,0
orange_pos_001731_20260510_221844_255.png,40,20,0.674,0
orange_pos_001731_20260510_221844_255.png,60,20,0.674,0
orange_pos_001731_20260510_221844_255.png,80,20,8.780,0
orange_pos_001731_20260510_221844_255.png,100,20,0.979,0
orange_pos_001731_20260510_221844_255.png,120,20,0.674,0
orange_pos_001731_20260510_221844_255.png,140,20,0.674,0
orange_pos_001731_20260510_221844_255.png,0,40,0.674,0
orange_pos_001731_20260510_221844_255.png,20,40,0.674,0
orange_pos_001731_20260510_221844_255.png,40,40,0.674,0
orange_pos_001731_20260510_221844_255.png,60,40,0.674,0
orange_pos_001731_20260510_221844_255.png,80,40,0.674,0
orange_pos_001731_20260510_221844_255.png,100,40,0.674,0
orange_pos_001731_20260510_221844_255.png,120,40,0.674,0
orange_pos_001731_20260510_221844_255.png,140,40,0.674,0
orange_pos_001731_20260510_221844_255.png,0,60,0.674,0
orange_pos_001731_20260510_221844_255.png,20,60,0.674,0
orange_pos_001731_20260510_221844_255.png,40,60,0.674,0
orange_pos_001731_20260510_221844_255.png,60,60,0.674,0
orange_pos_001731_20260510_221844_255.png,80,60,0.674,0
orange_pos_001731_20260510_221844_255.png,100,60,0.674,0
orange_pos_001731_20260510_221844_255.png,120,60,0.674,0
orange_pos_001731_20260510_221844_255.png,140,60,0.674,0
orange_pos_001731_20260510_221844_255.png,0,80,0.674,0
orange_pos_001731_20260510_221844_255.png,20,80,0.674,0
orange_pos_001731_20260510_221844_255.png,40,80,0.674,0
orange_pos_001731_20260510_221844_255.png,60,80,0.674,0
orange_pos_001731_20260510_221844_255.png,80,80,0.674,0
orange_pos_001731_20260510_221844_255.png,100,80,0.674,0
orange_pos_001731_20260510_221844_255.png,120,80,0.674,0
orange_pos_001731_20260510_221844_255.png,140,80,0.674,0
orange_pos_001731_20260510_221844_255.png,0,100,0.674,0
orange_pos_001731_20260510_221844_255.png,20,100,0.674,0
orange_pos_001731_20260510_221844_255.png,40,100,0.674,0
orange_pos_001731_20260510_221844_255.png,60,100,0.674,0
orange_pos_001731_20260510_221844_255.png,80,100,0.674,0
orange_pos_001731_20260510_221844_255.png,100,100,0.674,0
orange_pos_001731_20260510_221844_255.png,120,100,0.674,0
orange_pos_001731_20260510_221844_255.png,140,100,0.674,0
orange_pos_001732_20260510_221844_664.png,0,0,0.674,0
orange_pos_001732_20260510_221844_664.png,20,0,0.674,0
orange_pos_001732_20260510_221844_664.png,40,0,0.674,0
orange_pos_001732_20260510_221844_664.png,60,0,0.674,0
orange_pos_001732_20260510_221844_664.png,80,0,13.819,0
orange_pos_001732_20260510_221844_664.png,100,0,2.274,0
orange_pos_001732_20260510_221844_664.png,120,0,0.674,0
orange_pos_001732_20260510_221844_664.png,140,0,0.674,0
orange_pos_001732_20260510_221844_664.png,0,20,0.674,0
orange_pos_001732_20260510_221844_664.png,20,20,0.674,0
orange_pos_001732_20260510_221844_664.png,40,20,0.674,0
orange_pos_001732_20260510_221844_664.png,60,20,0.674,0
orange_pos_001732_20260510_221844_664.png,80,20,8.780,0
orange_pos_001732_20260510_221844_664.png,100,20,0.979,0
orange_pos_001732_20260510_221844_664.png,120,20,0.674,0
orange_pos_001732_20260510_221844_664.png,140,20,0.674,0
orange_pos_001732_20260510_221844_664.png,0,40,0.674,0
orange_pos_001732_20260510_221844_664.png,20,40,0.674,0
orange_pos_001732_20260510_221844_664.png,40,40,0.674,0
orange_pos_001732_20260510_221844_664.png,60,40,0.674,0
orange_pos_001732_20260510_221844_664.png,80,40,0.674,0
orange_pos_001732_20260510_221844_664.png,100,40,0.674,0
orange_pos_001732_20260510_221844_664.png,120,40,0.674,0
orange_pos_001732_20260510_221844_664.png,140,40,0.674,0
orange_pos_001732_20260510_221844_664.png,0,60,0.674,0
orange_pos_001732_20260510_221844_664.png,20,60,0.674,0
orange_pos_001732_20260510_221844_664.png,40,60,0.674,0
orange_pos_001732_20260510_221844_664.png,60,60,0.674,0
orange_pos_001732_20260510_221844_664.png,80,60,0.674,0
orange_pos_001732_20260510_221844_664.png,100,60,0.674,0
orange_pos_001732_20260510_221844_664.png,120,60,0.674,0
orange_pos_001732_20260510_221844_664.png,140,60,0.674,0
orange_pos_001732_20260510_221844_664.png,0,80,0.674,0
orange_pos_001732_20260510_221844_664.png,20,80,0.674,0
orange_pos_001732_20260510_221844_664.png,40,80,0.674,0
orange_pos_001732_20260510_221844_664.png,60,80,0.674,0
orange_pos_001732_20260510_221844_664.png,80,80,0.674,0
orange_pos_001732_20260510_221844_664.png,100,80,0.674,0
orange_pos_001732_20260510_221844_664.png,120,80,0.674,0
orange_pos_001732_20260510_221844_664.png,140,80,0.674,0
orange_pos_001732_20260510_221844_664.png,0,100,0.674,0
orange_pos_001732_20260510_221844_664.png,20,100,0.674,0
orange_pos_001732_20260510_221844_664.png,40,100,0.674,0
orange_pos_001732_20260510_221844_664.png,60,100,0.674,0
orange_pos_001732_20260510_221844_664.png,80,100,0.674,0
orange_pos_001732_20260510_221844_664.png,100,100,0.674,0
orange_pos_001732_20260510_221844_664.png,120,100,0.674,0
orange_pos_001732_20260510_221844_664.png,140,100,0.674,0
orange_pos_001733_20260510_221847_055.png,0,0,0.692,0
orange_pos_001733_20260510_221847_055.png,20,0,0.674,0
orange_pos_001733_20260510_221847_055.png,40,0,0.674,0
orange_pos_001733_20260510_221847_055.png,60,0,0.674,0
orange_pos_001733_20260510_221847_055.png,80,0,0.674,0
orange_pos_001733_20260510_221847_055.png,100,0,0.674,0
orange_pos_001733_20260510_221847_055.png,120,0,0.674,0
orange_pos_001733_20260510_221847_055.png,140,0,0.674,0
orange_pos_001733_20260510_221847_055.png,0,20,0.674,0
orange_pos_001733_20260510_221847_055.png,20,20,0.674,0
orange_pos_001733_20260510_221847_055.png,40,20,0.674,0
orange_pos_001733_20260510_221847_055.png,60,20,6.928,0
orange_pos_001733_20260510_221847_055.png,80,20,84.536,1
orange_pos_001733_20260510_221847_055.png,100,20,6.156,0
orange_pos_001733_20260510_221847_055.png,120,20,0.674,0
orange_pos_001733_20260510_221847_055.png,140,20,0.674,0
orange_pos_001733_20260510_221847_055.png,0,40,0.674,0
orange_pos_001733_20260510_221847_055.png,20,40,0.674,0
orange_pos_001733_20260510_221847_055.png,40,40,0.674,0
orange_pos_001733_20260510_221847_055.png,60,40,7.864,0
orange_pos_001733_20260510_221847_055.png,80,40,119.483,1
orange_pos_001733_20260510_221847_055.png,100,40,4.992,0
orange_pos_001733_20260510_221847_055.png,120,40,0.674,0
orange_pos_001733_20260510_221847_055.png,140,40,0.674,0
orange_pos_001733_20260510_221847_055.png,0,60,0.679,0
orange_pos_001733_20260510_221847_055.png,20,60,0.674,0
orange_pos_001733_20260510_221847_055.png,40,60,0.674,0
orange_pos_001733_20260510_221847_055.png,60,60,0.674,0
orange_pos_001733_20260510_221847_055.png,80,60,0.674,0
orange_pos_001733_20260510_221847_055.png,100,60,0.674,0
orange_pos_001733_20260510_221847_055.png,120,60,0.674,0
orange_pos_001733_20260510_221847_055.png,140,60,0.674,0
orange_pos_001733_20260510_221847_055.png,0,80,0.674,0
orange_pos_001733_20260510_221847_055.png,20,80,0.674,0
orange_pos_001733_20260510_221847_055.png,40,80,0.674,0
orange_pos_001733_20260510_221847_055.png,60,80,0.674,0
orange_pos_001733_20260510_221847_055.png,80,80,0.674,0
orange_pos_001733_20260510_221847_055.png,100,80,0.674,0
orange_pos_001733_20260510_221847_055.png,120,80,0.674,0
orange_pos_001733_20260510_221847_055.png,140,80,0.674,0
orange_pos_001733_20260510_221847_055.png,0,100,0.674,0
orange_pos_001733_20260510_221847_055.png,20,100,0.674,0
orange_pos_001733_20260510_221847_055.png,40,100,0.873,0
orange_pos_001733_20260510_221847_055.png,60,100,0.697,0
orange_pos_001733_20260510_221847_055.png,80,100,0.674,0
orange_pos_001733_20260510_221847_055.png,100,100,0.674,0
orange_pos_001733_20260510_221847_055.png,120,100,0.674,0
orange_pos_001733_20260510_221847_055.png,140,100,0.674,0
orange_pos_001734_20260510_221848_950.png,0,0,1.374,0
orange_pos_001734_20260510_221848_950.png,20,0,0.674,0
orange_pos_001734_20260510_221848_950.png,40,0,13.102,0
orange_pos_001734_20260510_221848_950.png,60,0,17.548,0
orange_pos_001734_20260510_221848_950.png,80,0,2.377,0
orange_pos_001734_20260510_221848_950.png,100,0,0.750,0
orange_pos_001734_20260510_221848_950.png,120,0,1.035,0
orange_pos_001734_20260510_221848_950.png,140,0,5.859,0
orange_pos_001734_20260510_221848_950.png,0,20,0.965,0
orange_pos_001734_20260510_221848_950.png,20,20,0.674,0
orange_pos_001734_20260510_221848_950.png,40,20,7.575,0
orange_pos_001734_20260510_221848_950.png,60,20,4.534,0
orange_pos_001734_20260510_221848_950.png,80,20,0.705,0
orange_pos_001734_20260510_221848_950.png,100,20,0.686,0
orange_pos_001734_20260510_221848_950.png,120,20,5.886,0
orange_pos_001734_20260510_221848_950.png,140,20,22.545,0
orange_pos_001734_20260510_221848_950.png,0,40,2.129,0
orange_pos_001734_20260510_221848_950.png,20,40,1.232,0
orange_pos_001734_20260510_221848_950.png,40,40,10.389,0
orange_pos_001734_20260510_221848_950.png,60,40,7.002,0
orange_pos_001734_20260510_221848_950.png,80,40,195.492,1
orange_pos_001734_20260510_221848_950.png,100,40,53.022,0
orange_pos_001734_20260510_221848_950.png,120,40,12.063,0
orange_pos_001734_20260510_221848_950.png,140,40,33.437,0
orange_pos_001734_20260510_221848_950.png,0,60,1.415,0
orange_pos_001734_20260510_221848_950.png,20,60,0.674,0
orange_pos_001734_20260510_221848_950.png,40,60,12.956,0
orange_pos_001734_20260510_221848_950.png,60,60,5.845,0
orange_pos_001734_20260510_221848_950.png,80,60,104.367,1
orange_pos_001734_20260510_221848_950.png,100,60,23.409,0
orange_pos_001734_20260510_221848_950.png,120,60,3.985,0
orange_pos_001734_20260510_221848_950.png,140,60,7.177,0
orange_pos_001734_20260510_221848_950.png,0,80,1.349,0
orange_pos_001734_20260510_221848_950.png,20,80,0.824,0
orange_pos_001734_20260510_221848_950.png,40,80,9.192,0
orange_pos_001734_20260510_221848_950.png,60,80,6.406,0
orange_pos_001734_20260510_221848_950.png,80,80,0.674,0
orange_pos_001734_20260510_221848_950.png,100,80,0.674,0
orange_pos_001734_20260510_221848_950.png,120,80,1.571,0
orange_pos_001734_20260510_221848_950.png,140,80,6.020,0
orange_pos_001734_20260510_221848_950.png,0,100,1.179,0
orange_pos_001734_20260510_221848_950.png,20,100,2.721,0
orange_pos_001734_20260510_221848_950.png,40,100,19.188,0
orange_pos_001734_20260510_221848_950.png,60,100,8.736,0
orange_pos_001734_20260510_221848_950.png,80,100,0.931,0
orange_pos_001734_20260510_221848_950.png,100,100,1.173,0
orange_pos_001734_20260510_221848_950.png,120,100,4.281,0
orange_pos_001734_20260510_221848_950.png,140,100,9.637,0
orange_pos_001735_20260510_221851_244.png,0,0,0.674,0
orange_pos_001735_20260510_221851_244.png,20,0,0.674,0
orange_pos_001735_20260510_221851_244.png,40,0,0.674,0
orange_pos_001735_20260510_221851_244.png,60,0,0.674,0
orange_pos_001735_20260510_221851_244.png,80,0,0.674,0
orange_pos_001735_20260510_221851_244.png,100,0,0.674,0
orange_pos_001735_20260510_221851_244.png,120,0,0.674,0
orange_pos_001735_20260510_221851_244.png,140,0,0.674,0
orange_pos_001735_20260510_221851_244.png,0,20,0.680,0
orange_pos_001735_20260510_221851_244.png,20,20,0.674,0
orange_pos_001735_20260510_221851_244.png,40,20,0.674,0
orange_pos_001735_20260510_221851_244.png,60,20,0.674,0
orange_pos_001735_20260510_221851_244.png,80,20,0.674,0
orange_pos_001735_20260510_221851_244.png,100,20,0.674,0
orange_pos_001735_20260510_221851_244.png,120,20,0.674,0
orange_pos_001735_20260510_221851_244.png,140,20,0.674,0
orange_pos_001735_20260510_221851_244.png,0,40,0.674,0
orange_pos_001735_20260510_221851_244.png,20,40,0.674,0
orange_pos_001735_20260510_221851_244.png,40,40,0.674,0
orange_pos_001735_20260510_221851_244.png,60,40,0.674,0
orange_pos_001735_20260510_221851_244.png,80,40,82.946,1
orange_pos_001735_20260510_221851_244.png,100,40,22.651,0
orange_pos_001735_20260510_221851_244.png,120,40,0.674,0
orange_pos_001735_20260510_221851_244.png,140,40,0.674,0
orange_pos_001735_20260510_221851_244.png,0,60,0.674,0
orange_pos_001735_20260510_221851_244.png,20,60,0.674,0
orange_pos_001735_20260510_221851_244.png,40,60,0.674,0
orange_pos_001735_20260510_221851_244.png,60,60,0.674,0
orange_pos_001735_20260510_221851_244.png,80,60,29.858,0
orange_pos_001735_20260510_221851_244.png,100,60,10.147,0
orange_pos_001735_20260510_221851_244.png,120,60,0.674,0
orange_pos_001735_20260510_221851_244.png,140,60,0.674,0
orange_pos_001735_20260510_221851_244.png,0,80,0.674,0
orange_pos_001735_20260510_221851_244.png,20,80,0.674,0
orange_pos_001735_20260510_221851_244.png,40,80,0.674,0
orange_pos_001735_20260510_221851_244.png,60,80,0.674,0
orange_pos_001735_20260510_221851_244.png,80,80,0.674,0
orange_pos_001735_20260510_221851_244.png,100,80,0.674,0
orange_pos_001735_20260510_221851_244.png,120,80,0.674,0
orange_pos_001735_20260510_221851_244.png,140,80,0.674,0
orange_pos_001735_20260510_221851_244.png,0,100,0.674,0
orange_pos_001735_20260510_221851_244.png,20,100,0.674,0
orange_pos_001735_20260510_221851_244.png,40,100,0.674,0
orange_pos_001735_20260510_221851_244.png,60,100,0.674,0
orange_pos_001735_20260510_221851_244.png,80,100,0.674,0
orange_pos_001735_20260510_221851_244.png,100,100,0.674,0
orange_pos_001735_20260510_221851_244.png,120,100,0.674,0
orange_pos_001735_20260510_221851_244.png,140,100,0.674,0
orange_pos_001736_20260510_221853_277.png,0,0,1.765,0
orange_pos_001736_20260510_221853_277.png,20,0,1.742,0
orange_pos_001736_20260510_221853_277.png,40,0,4.610,0
orange_pos_001736_20260510_221853_277.png,60,0,6.951,0
orange_pos_001736_20260510_221853_277.png,80,0,1.994,0
orange_pos_001736_20260510_221853_277.png,100,0,1.409,0
orange_pos_001736_20260510_221853_277.png,120,0,0.776,0
orange_pos_001736_20260510_221853_277.png,140,0,2.303,0
orange_pos_001736_20260510_221853_277.png,0,20,0.805,0
orange_pos_001736_20260510_221853_277.png,20,20,0.980,0
orange_pos_001736_20260510_221853_277.png,40,20,6.276,0
orange_pos_001736_20260510_221853_277.png,60,20,4.665,0
orange_pos_001736_20260510_221853_277.png,80,20,0.716,0
orange_pos_001736_20260510_221853_277.png,100,20,0.674,0
orange_pos_001736_20260510_221853_277.png,120,20,0.674,0
orange_pos_001736_20260510_221853_277.png,140,20,1.130,0
orange_pos_001736_20260510_221853_277.png,0,40,0.984,0
orange_pos_001736_20260510_221853_277.png,20,40,0.674,0
orange_pos_001736_20260510_221853_277.png,40,40,3.725,0
orange_pos_001736_20260510_221853_277.png,60,40,1.065,0
orange_pos_001736_20260510_221853_277.png,80,40,0.674,0
orange_pos_001736_20260510_221853_277.png,100,40,0.674,0
orange_pos_001736_20260510_221853_277.png,120,40,0.674,0
orange_pos_001736_20260510_221853_277.png,140,40,1.863,0
orange_pos_001736_20260510_221853_277.png,0,60,0.901,0
orange_pos_001736_20260510_221853_277.png,20,60,0.674,0
orange_pos_001736_20260510_221853_277.png,40,60,3.689,0
orange_pos_001736_20260510_221853_277.png,60,60,1.086,0
orange_pos_001736_20260510_221853_277.png,80,60,0.674,0
orange_pos_001736_20260510_221853_277.png,100,60,0.674,0
orange_pos_001736_20260510_221853_277.png,120,60,0.674,0
orange_pos_001736_20260510_221853_277.png,140,60,2.055,0
orange_pos_001736_20260510_221853_277.png,0,80,0.983,0
orange_pos_001736_20260510_221853_277.png,20,80,0.674,0
orange_pos_001736_20260510_221853_277.png,40,80,3.360,0
orange_pos_001736_20260510_221853_277.png,60,80,1.328,0
orange_pos_001736_20260510_221853_277.png,80,80,157.307,1
orange_pos_001736_20260510_221853_277.png,100,80,32.634,0
orange_pos_001736_20260510_221853_277.png,120,80,1.596,0
orange_pos_001736_20260510_221853_277.png,140,80,2.139,0
orange_pos_001736_20260510_221853_277.png,0,100,0.798,0
orange_pos_001736_20260510_221853_277.png,20,100,0.947,0
orange_pos_001736_20260510_221853_277.png,40,100,4.273,0
orange_pos_001736_20260510_221853_277.png,60,100,1.200,0
orange_pos_001736_20260510_221853_277.png,80,100,56.482,0
orange_pos_001736_20260510_221853_277.png,100,100,9.744,0
orange_pos_001736_20260510_221853_277.png,120,100,0.746,0
orange_pos_001736_20260510_221853_277.png,140,100,1.435,0
orange_pos_001737_20260510_221855_501.png,0,0,6.110,0
orange_pos_001737_20260510_221855_501.png,20,0,1.161,0
orange_pos_001737_20260510_221855_501.png,40,0,15.713,0
orange_pos_001737_20260510_221855_501.png,60,0,23.758,0
orange_pos_001737_20260510_221855_501.png,80,0,7.852,0
orange_pos_001737_20260510_221855_501.png,100,0,4.408,0
orange_pos_001737_20260510_221855_501.png,120,0,4.756,0
orange_pos_001737_20260510_221855_501.png,140,0,12.677,0
orange_pos_001737_20260510_221855_501.png,0,20,2.217,0
orange_pos_001737_20260510_221855_501.png,20,20,1.817,0
orange_pos_001737_20260510_221855_501.png,40,20,15.745,0
orange_pos_001737_20260510_221855_501.png,60,20,11.261,0
orange_pos_001737_20260510_221855_501.png,80,20,0.705,0
orange_pos_001737_20260510_221855_501.png,100,20,0.674,0
orange_pos_001737_20260510_221855_501.png,120,20,0.674,0
orange_pos_001737_20260510_221855_501.png,140,20,17.644,0
orange_pos_001737_20260510_221855_501.png,0,40,2.112,0
orange_pos_001737_20260510_221855_501.png,20,40,1.095,0
orange_pos_001737_20260510_221855_501.png,40,40,17.750,0
orange_pos_001737_20260510_221855_501.png,60,40,9.893,0
orange_pos_001737_20260510_221855_501.png,80,40,0.674,0
orange_pos_001737_20260510_221855_501.png,100,40,0.674,0
orange_pos_001737_20260510_221855_501.png,120,40,1.905,0
orange_pos_001737_20260510_221855_501.png,140,40,30.179,0
orange_pos_001737_20260510_221855_501.png,0,60,1.265,0
orange_pos_001737_20260510_221855_501.png,20,60,0.788,0
orange_pos_001737_20260510_221855_501.png,40,60,14.467,0
orange_pos_001737_20260510_221855_501.png,60,60,9.047,0
orange_pos_001737_20260510_221855_501.png,80,60,19.307,0
orange_pos_001737_20260510_221855_501.png,100,60,1.883,0
orange_pos_001737_20260510_221855_501.png,120,60,2.297,0
orange_pos_001737_20260510_221855_501.png,140,60,17.603,0
orange_pos_001737_20260510_221855_501.png,0,80,1.973,0
orange_pos_001737_20260510_221855_501.png,20,80,1.189,0
orange_pos_001737_20260510_221855_501.png,40,80,19.503,0
orange_pos_001737_20260510_221855_501.png,60,80,86.264,1
orange_pos_001737_20260510_221855_501.png,80,80,242.350,1
orange_pos_001737_20260510_221855_501.png,100,80,26.301,0
orange_pos_001737_20260510_221855_501.png,120,80,15.018,0
orange_pos_001737_20260510_221855_501.png,140,80,15.499,0
orange_pos_001737_20260510_221855_501.png,0,100,1.178,0
orange_pos_001737_20260510_221855_501.png,20,100,2.521,0
orange_pos_001737_20260510_221855_501.png,40,100,17.850,0
orange_pos_001737_20260510_221855_501.png,60,100,10.472,0
orange_pos_001737_20260510_221855_501.png,80,100,43.009,0
orange_pos_001737_20260510_221855_501.png,100,100,1.886,0
orange_pos_001737_20260510_221855_501.png,120,100,5.408,0
orange_pos_001737_20260510_221855_501.png,140,100,8.433,0
orange_pos_001738_20260510_221855_897.png,0,0,1.546,0
orange_pos_001738_20260510_221855_897.png,20,0,1.771,0
orange_pos_001738_20260510_221855_897.png,40,0,5.310,0
orange_pos_001738_20260510_221855_897.png,60,0,9.192,0
orange_pos_001738_20260510_221855_897.png,80,0,1.807,0
orange_pos_001738_20260510_221855_897.png,100,0,1.402,0
orange_pos_001738_20260510_221855_897.png,120,0,1.903,0
orange_pos_001738_20260510_221855_897.png,140,0,9.496,0
orange_pos_001738_20260510_221855_897.png,0,20,1.069,0
orange_pos_001738_20260510_221855_897.png,20,20,0.674,0
orange_pos_001738_20260510_221855_897.png,40,20,4.892,0
orange_pos_001738_20260510_221855_897.png,60,20,2.306,0
orange_pos_001738_20260510_221855_897.png,80,20,0.674,0
orange_pos_001738_20260510_221855_897.png,100,20,0.674,0
orange_pos_001738_20260510_221855_897.png,120,20,1.259,0
orange_pos_001738_20260510_221855_897.png,140,20,13.826,0
orange_pos_001738_20260510_221855_897.png,0,40,0.768,0
orange_pos_001738_20260510_221855_897.png,20,40,0.674,0
orange_pos_001738_20260510_221855_897.png,40,40,3.952,0
orange_pos_001738_20260510_221855_897.png,60,40,1.186,0
orange_pos_001738_20260510_221855_897.png,80,40,0.674,0
orange_pos_001738_20260510_221855_897.png,100,40,0.674,0
orange_pos_001738_20260510_221855_897.png,120,40,1.643,0
orange_pos_001738_20260510_221855_897.png,140,40,6.019,0
orange_pos_001738_20260510_221855_897.png,0,60,0.896,0
orange_pos_001738_20260510_221855_897.png,20,60,0.674,0
orange_pos_001738_20260510_221855_897.png,40,60,3.057,0
orange_pos_001738_20260510_221855_897.png,60,60,121.870,1
orange_pos_001738_20260510_221855_897.png,80,60,35.090,0
orange_pos_001738_20260510_221855_897.png,100,60,1.002,0
orange_pos_001738_20260510_221855_897.png,120,60,0.676,0
orange_pos_001738_20260510_221855_897.png,140,60,0.763,0
orange_pos_001738_20260510_221855_897.png,0,80,0.681,0
orange_pos_001738_20260510_221855_897.png,20,80,0.674,0
orange_pos_001738_20260510_221855_897.png,40,80,1.551,0
orange_pos_001738_20260510_221855_897.png,60,80,203.774,1
orange_pos_001738_20260510_221855_897.png,80,80,63.518,0
orange_pos_001738_20260510_221855_897.png,100,80,0.780,0
orange_pos_001738_20260510_221855_897.png,120,80,0.674,0
orange_pos_001738_20260510_221855_897.png,140,80,0.674,0
orange_pos_001738_20260510_221855_897.png,0,100,0.873,0
orange_pos_001738_20260510_221855_897.png,20,100,0.674,0
orange_pos_001738_20260510_221855_897.png,40,100,3.164,0
orange_pos_001738_20260510_221855_897.png,60,100,1.507,0
orange_pos_001738_20260510_221855_897.png,80,100,0.674,0
orange_pos_001738_20260510_221855_897.png,100,100,0.674,0
orange_pos_001738_20260510_221855_897.png,120,100,0.674,0
orange_pos_001738_20260510_221855_897.png,140,100,0.973,0
orange_pos_001739_20260510_221858_114.png,0,0,11.141,0
orange_pos_001739_20260510_221858_114.png,20,0,0.917,0
orange_pos_001739_20260510_221858_114.png,40,0,19.598,0
orange_pos_001739_20260510_221858_114.png,60,0,28.630,0
orange_pos_001739_20260510_221858_114.png,80,0,11.315,0
orange_pos_001739_20260510_221858_114.png,100,0,6.879,0
orange_pos_001739_20260510_221858_114.png,120,0,11.448,0
orange_pos_001739_20260510_221858_114.png,140,0,9.314,0
orange_pos_001739_20260510_221858_114.png,0,20,1.046,0
orange_pos_001739_20260510_221858_114.png,20,20,0.674,0
orange_pos_001739_20260510_221858_114.png,40,20,11.183,0
orange_pos_001739_20260510_221858_114.png,60,20,11.304,0
orange_pos_001739_20260510_221858_114.png,80,20,0.999,0
orange_pos_001739_20260510_221858_114.png,100,20,1.420,0
orange_pos_001739_20260510_221858_114.png,120,20,11.433,0
orange_pos_001739_20260510_221858_114.png,140,20,13.608,0
orange_pos_001739_20260510_221858_114.png,0,40,1.311,0
orange_pos_001739_20260510_221858_114.png,20,40,0.674,0
orange_pos_001739_20260510_221858_114.png,40,40,15.143,0
orange_pos_001739_20260510_221858_114.png,60,40,19.737,0
orange_pos_001739_20260510_221858_114.png,80,40,0.674,0
orange_pos_001739_20260510_221858_114.png,100,40,1.074,0
orange_pos_001739_20260510_221858_114.png,120,40,4.219,0
orange_pos_001739_20260510_221858_114.png,140,40,6.551,0
orange_pos_001739_20260510_221858_114.png,0,60,1.165,0
orange_pos_001739_20260510_221858_114.png,20,60,0.674,0
orange_pos_001739_20260510_221858_114.png,40,60,204.643,1
orange_pos_001739_20260510_221858_114.png,60,60,255.000,1
orange_pos_001739_20260510_221858_114.png,80,60,9.229,0
orange_pos_001739_20260510_221858_114.png,100,60,5.857,0
orange_pos_001739_20260510_221858_114.png,120,60,0.674,0
orange_pos_001739_20260510_221858_114.png,140,60,4.548,0
orange_pos_001739_20260510_221858_114.png,0,80,1.452,0
orange_pos_001739_20260510_221858_114.png,20,80,0.674,0
orange_pos_001739_20260510_221858_114.png,40,80,59.917,0
orange_pos_001739_20260510_221858_114.png,60,80,89.227,1
orange_pos_001739_20260510_221858_114.png,80,80,1.539,0
orange_pos_001739_20260510_221858_114.png,100,80,0.972,0
orange_pos_001739_20260510_221858_114.png,120,80,4.085,0
orange_pos_001739_20260510_221858_114.png,140,80,10.114,0
orange_pos_001739_20260510_221858_114.png,0,100,1.182,0
orange_pos_001739_20260510_221858_114.png,20,100,2.112,0
orange_pos_001739_20260510_221858_114.png,40,100,12.626,0
orange_pos_001739_20260510_221858_114.png,60,100,6.088,0
orange_pos_001739_20260510_221858_114.png,80,100,0.683,0
orange_pos_001739_20260510_221858_114.png,100,100,0.882,0
orange_pos_001739_20260510_221858_114.png,120,100,1.830,0
orange_pos_001739_20260510_221858_114.png,140,100,4.641,0
orange_pos_001740_20260510_221859_808.png,0,0,10.014,0
orange_pos_001740_20260510_221859_808.png,20,0,1.113,0
orange_pos_001740_20260510_221859_808.png,40,0,22.629,0
orange_pos_001740_20260510_221859_808.png,60,0,47.703,0
orange_pos_001740_20260510_221859_808.png,80,0,27.123,0
orange_pos_001740_20260510_221859_808.png,100,0,28.690,0
orange_pos_001740_20260510_221859_808.png,120,0,38.376,0
orange_pos_001740_20260510_221859_808.png,140,0,22.618,0
orange_pos_001740_20260510_221859_808.png,0,20,1.477,0
orange_pos_001740_20260510_221859_808.png,20,20,1.471,0
orange_pos_001740_20260510_221859_808.png,40,20,38.625,0
orange_pos_001740_20260510_221859_808.png,60,20,255.000,1
orange_pos_001740_20260510_221859_808.png,80,20,85.911,1
orange_pos_001740_20260510_221859_808.png,100,20,9.826,0
orange_pos_001740_20260510_221859_808.png,120,20,12.149,0
orange_pos_001740_20260510_221859_808.png,140,20,15.226,0
orange_pos_001740_20260510_221859_808.png,0,40,1.896,0
orange_pos_001740_20260510_221859_808.png,20,40,1.825,0
orange_pos_001740_20260510_221859_808.png,40,40,31.158,0
orange_pos_001740_20260510_221859_808.png,60,40,145.564,1
orange_pos_001740_20260510_221859_808.png,80,40,29.367,0
orange_pos_001740_20260510_221859_808.png,100,40,1.063,0
orange_pos_001740_20260510_221859_808.png,120,40,0.674,0
orange_pos_001740_20260510_221859_808.png,140,40,9.243,0
orange_pos_001740_20260510_221859_808.png,0,60,1.616,0
orange_pos_001740_20260510_221859_808.png,20,60,1.224,0
orange_pos_001740_20260510_221859_808.png,40,60,20.062,0
orange_pos_001740_20260510_221859_808.png,60,60,12.007,0
orange_pos_001740_20260510_221859_808.png,80,60,0.674,0
orange_pos_001740_20260510_221859_808.png,100,60,0.674,0
orange_pos_001740_20260510_221859_808.png,120,60,0.674,0
orange_pos_001740_20260510_221859_808.png,140,60,4.988,0
orange_pos_001740_20260510_221859_808.png,0,80,2.260,0
orange_pos_001740_20260510_221859_808.png,20,80,1.097,0
orange_pos_001740_20260510_221859_808.png,40,80,29.567,0
orange_pos_001740_20260510_221859_808.png,60,80,16.092,0
orange_pos_001740_20260510_221859_808.png,80,80,0.674,0
orange_pos_001740_20260510_221859_808.png,100,80,1.143,0
orange_pos_001740_20260510_221859_808.png,120,80,6.759,0
orange_pos_001740_20260510_221859_808.png,140,80,19.193,0
orange_pos_001740_20260510_221859_808.png,0,100,1.507,0
orange_pos_001740_20260510_221859_808.png,20,100,5.359,0
orange_pos_001740_20260510_221859_808.png,40,100,32.075,0
orange_pos_001740_20260510_221859_808.png,60,100,16.516,0
orange_pos_001740_20260510_221859_808.png,80,100,2.048,0
orange_pos_001740_20260510_221859_808.png,100,100,4.763,0
orange_pos_001740_20260510_221859_808.png,120,100,8.441,0
orange_pos_001740_20260510_221859_808.png,140,100,18.451,0
orange_pos_001741_20260510_221900_214.png,0,0,4.252,0
orange_pos_001741_20260510_221900_214.png,20,0,2.316,0
orange_pos_001741_20260510_221900_214.png,40,0,10.677,0
orange_pos_001741_20260510_221900_214.png,60,0,104.389,1
orange_pos_001741_20260510_221900_214.png,80,0,35.494,0
orange_pos_001741_20260510_221900_214.png,100,0,9.701,0
orange_pos_001741_20260510_221900_214.png,120,0,13.787,0
orange_pos_001741_20260510_221900_214.png,140,0,11.871,0
orange_pos_001741_20260510_221900_214.png,0,20,0.947,0
orange_pos_001741_20260510_221900_214.png,20,20,1.124,0
orange_pos_001741_20260510_221900_214.png,40,20,5.378,0
orange_pos_001741_20260510_221900_214.png,60,20,192.006,1
orange_pos_001741_20260510_221900_214.png,80,20,61.814,0
orange_pos_001741_20260510_221900_214.png,100,20,0.887,0
orange_pos_001741_20260510_221900_214.png,120,20,2.024,0
orange_pos_001741_20260510_221900_214.png,140,20,2.892,0
orange_pos_001741_20260510_221900_214.png,0,40,0.858,0
orange_pos_001741_20260510_221900_214.png,20,40,0.960,0
orange_pos_001741_20260510_221900_214.png,40,40,9.857,0
orange_pos_001741_20260510_221900_214.png,60,40,13.978,0
orange_pos_001741_20260510_221900_214.png,80,40,1.233,0
orange_pos_001741_20260510_221900_214.png,100,40,0.674,0
orange_pos_001741_20260510_221900_214.png,120,40,0.674,0
orange_pos_001741_20260510_221900_214.png,140,40,1.938,0
orange_pos_001741_20260510_221900_214.png,0,60,0.879,0
orange_pos_001741_20260510_221900_214.png,20,60,1.247,0
orange_pos_001741_20260510_221900_214.png,40,60,7.439,0
orange_pos_001741_20260510_221900_214.png,60,60,4.154,0
orange_pos_001741_20260510_221900_214.png,80,60,0.674,0
orange_pos_001741_20260510_221900_214.png,100,60,0.674,0
orange_pos_001741_20260510_221900_214.png,120,60,0.674,0
orange_pos_001741_20260510_221900_214.png,140,60,2.616,0
orange_pos_001741_20260510_221900_214.png,0,80,1.209,0
orange_pos_001741_20260510_221900_214.png,20,80,1.161,0
orange_pos_001741_20260510_221900_214.png,40,80,5.271,0
orange_pos_001741_20260510_221900_214.png,60,80,2.668,0
orange_pos_001741_20260510_221900_214.png,80,80,0.674,0
orange_pos_001741_20260510_221900_214.png,100,80,0.674,0
orange_pos_001741_20260510_221900_214.png,120,80,0.674,0
orange_pos_001741_20260510_221900_214.png,140,80,1.994,0
orange_pos_001741_20260510_221900_214.png,0,100,0.856,0
orange_pos_001741_20260510_221900_214.png,20,100,1.225,0
orange_pos_001741_20260510_221900_214.png,40,100,5.301,0
orange_pos_001741_20260510_221900_214.png,60,100,2.989,0
orange_pos_001741_20260510_221900_214.png,80,100,0.674,0
orange_pos_001741_20260510_221900_214.png,100,100,0.693,0
orange_pos_001741_20260510_221900_214.png,120,100,0.719,0
orange_pos_001741_20260510_221900_214.png,140,100,2.709,0
orange_pos_001742_20260510_221902_127.png,0,0,0.674,0
orange_pos_001742_20260510_221902_127.png,20,0,0.674,0
orange_pos_001742_20260510_221902_127.png,40,0,0.674,0
orange_pos_001742_20260510_221902_127.png,60,0,7.216,0
orange_pos_001742_20260510_221902_127.png,80,0,21.480,0
orange_pos_001742_20260510_221902_127.png,100,0,0.674,0
orange_pos_001742_20260510_221902_127.png,120,0,0.674,0
orange_pos_001742_20260510_221902_127.png,140,0,0.674,0
orange_pos_001742_20260510_221902_127.png,0,20,0.674,0
orange_pos_001742_20260510_221902_127.png,20,20,0.674,0
orange_pos_001742_20260510_221902_127.png,40,20,0.674,0
orange_pos_001742_20260510_221902_127.png,60,20,24.732,0
orange_pos_001742_20260510_221902_127.png,80,20,68.602,1
orange_pos_001742_20260510_221902_127.png,100,20,0.718,0
orange_pos_001742_20260510_221902_127.png,120,20,0.674,0
orange_pos_001742_20260510_221902_127.png,140,20,0.674,0
orange_pos_001742_20260510_221902_127.png,0,40,0.675,0
orange_pos_001742_20260510_221902_127.png,20,40,0.674,0
orange_pos_001742_20260510_221902_127.png,40,40,1.335,0
orange_pos_001742_20260510_221902_127.png,60,40,0.837,0
orange_pos_001742_20260510_221902_127.png,80,40,0.674,0
orange_pos_001742_20260510_221902_127.png,100,40,0.674,0
orange_pos_001742_20260510_221902_127.png,120,40,0.674,0
orange_pos_001742_20260510_221902_127.png,140,40,0.674,0
orange_pos_001742_20260510_221902_127.png,0,60,0.674,0
orange_pos_001742_20260510_221902_127.png,20,60,0.674,0
orange_pos_001742_20260510_221902_127.png,40,60,0.674,0
orange_pos_001742_20260510_221902_127.png,60,60,0.674,0
orange_pos_001742_20260510_221902_127.png,80,60,0.674,0
orange_pos_001742_20260510_221902_127.png,100,60,0.674,0
orange_pos_001742_20260510_221902_127.png,120,60,0.674,0
orange_pos_001742_20260510_221902_127.png,140,60,0.674,0
orange_pos_001742_20260510_221902_127.png,0,80,0.698,0
orange_pos_001742_20260510_221902_127.png,20,80,0.674,0
orange_pos_001742_20260510_221902_127.png,40,80,0.705,0
orange_pos_001742_20260510_221902_127.png,60,80,0.680,0
orange_pos_001742_20260510_221902_127.png,80,80,0.674,0
orange_pos_001742_20260510_221902_127.png,100,80,0.674,0
orange_pos_001742_20260510_221902_127.png,120,80,0.674,0
orange_pos_001742_20260510_221902_127.png,140,80,0.674,0
orange_pos_001742_20260510_221902_127.png,0,100,0.674,0
orange_pos_001742_20260510_221902_127.png,20,100,0.674,0
orange_pos_001742_20260510_221902_127.png,40,100,0.725,0
orange_pos_001742_20260510_221902_127.png,60,100,0.720,0
orange_pos_001742_20260510_221902_127.png,80,100,0.674,0
orange_pos_001742_20260510_221902_127.png,100,100,0.674,0
orange_pos_001742_20260510_221902_127.png,120,100,0.674,0
orange_pos_001742_20260510_221902_127.png,140,100,0.674,0
orange_pos_001743_20260510_221906_537.png,0,0,2.433,0
orange_pos_001743_20260510_221906_537.png,20,0,0.872,0
orange_pos_001743_20260510_221906_537.png,40,0,12.780,0
orange_pos_001743_20260510_221906_537.png,60,0,15.040,0
orange_pos_001743_20260510_221906_537.png,80,0,1.207,0
orange_pos_001743_20260510_221906_537.png,100,0,0.674,0
orange_pos_001743_20260510_221906_537.png,120,0,7.407,0
orange_pos_001743_20260510_221906_537.png,140,0,20.668,0
orange_pos_001743_20260510_221906_537.png,0,20,2.019,0
orange_pos_001743_20260510_221906_537.png,20,20,3.230,0
orange_pos_001743_20260510_221906_537.png,40,20,11.113,0
orange_pos_001743_20260510_221906_537.png,60,20,10.418,0
orange_pos_001743_20260510_221906_537.png,80,20,0.823,0
orange_pos_001743_20260510_221906_537.png,100,20,0.674,0
orange_pos_001743_20260510_221906_537.png,120,20,16.814,0
orange_pos_001743_20260510_221906_537.png,140,20,40.004,0
orange_pos_001743_20260510_221906_537.png,0,40,2.565,0
orange_pos_001743_20260510_221906_537.png,20,40,2.181,0
orange_pos_001743_20260510_221906_537.png,40,40,19.211,0
orange_pos_001743_20260510_221906_537.png,60,40,10.520,0
orange_pos_001743_20260510_221906_537.png,80,40,0.674,0
orange_pos_001743_20260510_221906_537.png,100,40,0.674,0
orange_pos_001743_20260510_221906_537.png,120,40,68.487,1
orange_pos_001743_20260510_221906_537.png,140,40,64.846,0
orange_pos_001743_20260510_221906_537.png,0,60,2.035,0
orange_pos_001743_20260510_221906_537.png,20,60,1.918,0
orange_pos_001743_20260510_221906_537.png,40,60,27.175,0
orange_pos_001743_20260510_221906_537.png,60,60,16.296,0
orange_pos_001743_20260510_221906_537.png,80,60,0.674,0
orange_pos_001743_20260510_221906_537.png,100,60,0.674,0
orange_pos_001743_20260510_221906_537.png,120,60,6.207,0
orange_pos_001743_20260510_221906_537.png,140,60,22.277,0
orange_pos_001743_20260510_221906_537.png,0,80,1.670,0
orange_pos_001743_20260510_221906_537.png,20,80,1.380,0
orange_pos_001743_20260510_221906_537.png,40,80,19.094,0
orange_pos_001743_20260510_221906_537.png,60,80,9.350,0
orange_pos_001743_20260510_221906_537.png,80,80,0.674,0
orange_pos_001743_20260510_221906_537.png,100,80,0.960,0
orange_pos_001743_20260510_221906_537.png,120,80,2.909,0
orange_pos_001743_20260510_221906_537.png,140,80,12.142,0
orange_pos_001743_20260510_221906_537.png,0,100,1.787,0
orange_pos_001743_20260510_221906_537.png,20,100,3.563,0
orange_pos_001743_20260510_221906_537.png,40,100,22.269,0
orange_pos_001743_20260510_221906_537.png,60,100,12.441,0
orange_pos_001743_20260510_221906_537.png,80,100,1.365,0
orange_pos_001743_20260510_221906_537.png,100,100,3.950,0
orange_pos_001743_20260510_221906_537.png,120,100,6.285,0
orange_pos_001743_20260510_221906_537.png,140,100,11.525,0
orange_pos_001744_20260510_221906_910.png,0,0,4.926,0
orange_pos_001744_20260510_221906_910.png,20,0,1.789,0
orange_pos_001744_20260510_221906_910.png,40,0,16.287,0
orange_pos_001744_20260510_221906_910.png,60,0,22.785,0
orange_pos_001744_20260510_221906_910.png,80,0,6.754,0
orange_pos_001744_20260510_221906_910.png,100,0,0.762,0
orange_pos_001744_20260510_221906_910.png,120,0,4.368,0
orange_pos_001744_20260510_221906_910.png,140,0,28.520,0
orange_pos_001744_20260510_221906_910.png,0,20,2.444,0
orange_pos_001744_20260510_221906_910.png,20,20,2.579,0
orange_pos_001744_20260510_221906_910.png,40,20,16.793,0
orange_pos_001744_20260510_221906_910.png,60,20,16.327,0
orange_pos_001744_20260510_221906_910.png,80,20,1.024,0
orange_pos_001744_20260510_221906_910.png,100,20,0.674,0
orange_pos_001744_20260510_221906_910.png,120,20,22.429,0
orange_pos_001744_20260510_221906_910.png,140,20,56.180,0
orange_pos_001744_20260510_221906_910.png,0,40,2.508,0
orange_pos_001744_20260510_221906_910.png,20,40,2.799,0
orange_pos_001744_20260510_221906_910.png,40,40,17.924,0
orange_pos_001744_20260510_221906_910.png,60,40,9.250,0
orange_pos_001744_20260510_221906_910.png,80,40,0.674,0
orange_pos_001744_20260510_221906_910.png,100,40,0.674,0
orange_pos_001744_20260510_221906_910.png,120,40,56.830,0
orange_pos_001744_20260510_221906_910.png,140,40,59.625,0
orange_pos_001744_20260510_221906_910.png,0,60,1.789,0
orange_pos_001744_20260510_221906_910.png,20,60,1.506,0
orange_pos_001744_20260510_221906_910.png,40,60,20.755,0
orange_pos_001744_20260510_221906_910.png,60,60,11.189,0
orange_pos_001744_20260510_221906_910.png,80,60,0.674,0
orange_pos_001744_20260510_221906_910.png,100,60,0.674,0
orange_pos_001744_20260510_221906_910.png,120,60,5.010,0
orange_pos_001744_20260510_221906_910.png,140,60,20.749,0
orange_pos_001744_20260510_221906_910.png,0,80,1.675,0
orange_pos_001744_20260510_221906_910.png,20,80,1.415,0
orange_pos_001744_20260510_221906_910.png,40,80,26.221,0
orange_pos_001744_20260510_221906_910.png,60,80,14.551,0
orange_pos_001744_20260510_221906_910.png,80,80,0.674,0
orange_pos_001744_20260510_221906_910.png,100,80,1.271,0
orange_pos_001744_20260510_221906_910.png,120,80,9.027,0
orange_pos_001744_20260510_221906_910.png,140,80,17.763,0
orange_pos_001744_20260510_221906_910.png,0,100,1.239,0
orange_pos_001744_20260510_221906_910.png,20,100,3.889,0
orange_pos_001744_20260510_221906_910.png,40,100,20.744,0
orange_pos_001744_20260510_221906_910.png,60,100,10.342,0
orange_pos_001744_20260510_221906_910.png,80,100,1.344,0
orange_pos_001744_20260510_221906_910.png,100,100,3.656,0
orange_pos_001744_20260510_221906_910.png,120,100,6.952,0
orange_pos_001744_20260510_221906_910.png,140,100,10.073,0
orange_pos_001745_20260510_221908_669.png,0,0,0.674,0
orange_pos_001745_20260510_221908_669.png,20,0,0.674,0
orange_pos_001745_20260510_221908_669.png,40,0,0.674,0
orange_pos_001745_20260510_221908_669.png,60,0,0.674,0
orange_pos_001745_20260510_221908_669.png,80,0,0.674,0
orange_pos_001745_20260510_221908_669.png,100,0,0.674,0
orange_pos_001745_20260510_221908_669.png,120,0,0.674,0
orange_pos_001745_20260510_221908_669.png,140,0,0.674,0
orange_pos_001745_20260510_221908_669.png,0,20,0.674,0
orange_pos_001745_20260510_221908_669.png,20,20,0.674,0
orange_pos_001745_20260510_221908_669.png,40,20,0.674,0
orange_pos_001745_20260510_221908_669.png,60,20,0.674,0
orange_pos_001745_20260510_221908_669.png,80,20,0.674,0
orange_pos_001745_20260510_221908_669.png,100,20,0.674,0
orange_pos_001745_20260510_221908_669.png,120,20,0.674,0
orange_pos_001745_20260510_221908_669.png,140,20,0.674,0
orange_pos_001745_20260510_221908_669.png,0,40,0.674,0
orange_pos_001745_20260510_221908_669.png,20,40,0.674,0
orange_pos_001745_20260510_221908_669.png,40,40,0.674,0
orange_pos_001745_20260510_221908_669.png,60,40,0.674,0
orange_pos_001745_20260510_221908_669.png,80,40,0.674,0
orange_pos_001745_20260510_221908_669.png,100,40,0.674,0
orange_pos_001745_20260510_221908_669.png,120,40,1.019,0
orange_pos_001745_20260510_221908_669.png,140,40,1.654,0
orange_pos_001745_20260510_221908_669.png,0,60,0.674,0
orange_pos_001745_20260510_221908_669.png,20,60,0.674,0
orange_pos_001745_20260510_221908_669.png,40,60,0.674,0
orange_pos_001745_20260510_221908_669.png,60,60,0.674,0
orange_pos_001745_20260510_221908_669.png,80,60,0.674,0
orange_pos_001745_20260510_221908_669.png,100,60,0.674,0
orange_pos_001745_20260510_221908_669.png,120,60,1.574,0
orange_pos_001745_20260510_221908_669.png,140,60,1.114,0
orange_pos_001745_20260510_221908_669.png,0,80,0.674,0
orange_pos_001745_20260510_221908_669.png,20,80,0.674,0
orange_pos_001745_20260510_221908_669.png,40,80,0.674,0
orange_pos_001745_20260510_221908_669.png,60,80,0.674,0
orange_pos_001745_20260510_221908_669.png,80,80,0.674,0
orange_pos_001745_20260510_221908_669.png,100,80,0.674,0
orange_pos_001745_20260510_221908_669.png,120,80,0.674,0
orange_pos_001745_20260510_221908_669.png,140,80,0.674,0
orange_pos_001745_20260510_221908_669.png,0,100,0.674,0
orange_pos_001745_20260510_221908_669.png,20,100,0.674,0
orange_pos_001745_20260510_221908_669.png,40,100,0.674,0
orange_pos_001745_20260510_221908_669.png,60,100,0.674,0
orange_pos_001745_20260510_221908_669.png,80,100,0.674,0
orange_pos_001745_20260510_221908_669.png,100,100,0.674,0
orange_pos_001745_20260510_221908_669.png,120,100,0.674,0
orange_pos_001745_20260510_221908_669.png,140,100,0.674,0
orange_pos_001746_20260510_221909_099.png,0,0,0.927,0
orange_pos_001746_20260510_221909_099.png,20,0,2.347,0
orange_pos_001746_20260510_221909_099.png,40,0,2.007,0
orange_pos_001746_20260510_221909_099.png,60,0,3.086,0
orange_pos_001746_20260510_221909_099.png,80,0,1.164,0
orange_pos_001746_20260510_221909_099.png,100,0,0.674,0
orange_pos_001746_20260510_221909_099.png,120,0,0.748,0
orange_pos_001746_20260510_221909_099.png,140,0,0.903,0
orange_pos_001746_20260510_221909_099.png,0,20,0.719,0
orange_pos_001746_20260510_221909_099.png,20,20,0.674,0
orange_pos_001746_20260510_221909_099.png,40,20,1.712,0
orange_pos_001746_20260510_221909_099.png,60,20,0.865,0
orange_pos_001746_20260510_221909_099.png,80,20,0.674,0
orange_pos_001746_20260510_221909_099.png,100,20,0.674,0
orange_pos_001746_20260510_221909_099.png,120,20,0.674,0
orange_pos_001746_20260510_221909_099.png,140,20,0.674,0
orange_pos_001746_20260510_221909_099.png,0,40,0.828,0
orange_pos_001746_20260510_221909_099.png,20,40,0.858,0
orange_pos_001746_20260510_221909_099.png,40,40,1.539,0
orange_pos_001746_20260510_221909_099.png,60,40,0.877,0
orange_pos_001746_20260510_221909_099.png,80,40,0.674,0
orange_pos_001746_20260510_221909_099.png,100,40,0.674,0
orange_pos_001746_20260510_221909_099.png,120,40,0.674,0
orange_pos_001746_20260510_221909_099.png,140,40,1.168,0
orange_pos_001746_20260510_221909_099.png,0,60,0.678,0
orange_pos_001746_20260510_221909_099.png,20,60,0.674,0
orange_pos_001746_20260510_221909_099.png,40,60,0.674,0
orange_pos_001746_20260510_221909_099.png,60,60,0.674,0
orange_pos_001746_20260510_221909_099.png,80,60,0.674,0
orange_pos_001746_20260510_221909_099.png,100,60,0.674,0
orange_pos_001746_20260510_221909_099.png,120,60,19.192,0
orange_pos_001746_20260510_221909_099.png,140,60,2.520,0
orange_pos_001746_20260510_221909_099.png,0,80,0.952,0
orange_pos_001746_20260510_221909_099.png,20,80,0.688,0
orange_pos_001746_20260510_221909_099.png,40,80,2.776,0
orange_pos_001746_20260510_221909_099.png,60,80,1.043,0
orange_pos_001746_20260510_221909_099.png,80,80,0.674,0
orange_pos_001746_20260510_221909_099.png,100,80,0.674,0
orange_pos_001746_20260510_221909_099.png,120,80,1.312,0
orange_pos_001746_20260510_221909_099.png,140,80,2.876,0
orange_pos_001746_20260510_221909_099.png,0,100,0.766,0
orange_pos_001746_20260510_221909_099.png,20,100,0.930,0
orange_pos_001746_20260510_221909_099.png,40,100,4.773,0
orange_pos_001746_20260510_221909_099.png,60,100,1.546,0
orange_pos_001746_20260510_221909_099.png,80,100,0.674,0
orange_pos_001746_20260510_221909_099.png,100,100,0.674,0
orange_pos_001746_20260510_221909_099.png,120,100,0.804,0
orange_pos_001746_20260510_221909_099.png,140,100,1.132,0
orange_pos_001747_20260510_221911_220.png,0,0,2.130,0
orange_pos_001747_20260510_221911_220.png,20,0,3.248,0
orange_pos_001747_20260510_221911_220.png,40,0,16.740,0
orange_pos_001747_20260510_221911_220.png,60,0,21.068,0
orange_pos_001747_20260510_221911_220.png,80,0,3.438,0
orange_pos_001747_20260510_221911_220.png,100,0,0.813,0
orange_pos_001747_20260510_221911_220.png,120,0,1.051,0
orange_pos_001747_20260510_221911_220.png,140,0,3.278,0
orange_pos_001747_20260510_221911_220.png,0,20,0.833,0
orange_pos_001747_20260510_221911_220.png,20,20,1.391,0
orange_pos_001747_20260510_221911_220.png,40,20,7.941,0
orange_pos_001747_20260510_221911_220.png,60,20,4.310,0
orange_pos_001747_20260510_221911_220.png,80,20,0.674,0
orange_pos_001747_20260510_221911_220.png,100,20,0.674,0
orange_pos_001747_20260510_221911_220.png,120,20,0.674,0
orange_pos_001747_20260510_221911_220.png,140,20,1.306,0
orange_pos_001747_20260510_221911_220.png,0,40,1.136,0
orange_pos_001747_20260510_221911_220.png,20,40,1.769,0
orange_pos_001747_20260510_221911_220.png,40,40,5.663,0
orange_pos_001747_20260510_221911_220.png,60,40,1.972,0
orange_pos_001747_20260510_221911_220.png,80,40,0.674,0
orange_pos_001747_20260510_221911_220.png,100,40,0.674,0
orange_pos_001747_20260510_221911_220.png,120,40,0.674,0
orange_pos_001747_20260510_221911_220.png,140,40,3.348,0
orange_pos_001747_20260510_221911_220.png,0,60,1.645,0
orange_pos_001747_20260510_221911_220.png,20,60,1.215,0
orange_pos_001747_20260510_221911_220.png,40,60,10.444,0
orange_pos_001747_20260510_221911_220.png,60,60,3.006,0
orange_pos_001747_20260510_221911_220.png,80,60,0.674,0
orange_pos_001747_20260510_221911_220.png,100,60,0.674,0
orange_pos_001747_20260510_221911_220.png,120,60,0.785,0
orange_pos_001747_20260510_221911_220.png,140,60,5.867,0
orange_pos_001747_20260510_221911_220.png,0,80,1.813,0
orange_pos_001747_20260510_221911_220.png,20,80,2.149,0
orange_pos_001747_20260510_221911_220.png,40,80,8.778,0
orange_pos_001747_20260510_221911_220.png,60,80,2.594,0
orange_pos_001747_20260510_221911_220.png,80,80,0.753,0
orange_pos_001747_20260510_221911_220.png,100,80,114.592,1
orange_pos_001747_20260510_221911_220.png,120,80,27.760,0
orange_pos_001747_20260510_221911_220.png,140,80,8.716,0
orange_pos_001747_20260510_221911_220.png,0,100,1.074,0
orange_pos_001747_20260510_221911_220.png,20,100,1.332,0
orange_pos_001747_20260510_221911_220.png,40,100,8.987,0
orange_pos_001747_20260510_221911_220.png,60,100,4.335,0
orange_pos_001747_20260510_221911_220.png,80,100,0.810,0
orange_pos_001747_20260510_221911_220.png,100,100,74.884,1
orange_pos_001747_20260510_221911_220.png,120,100,22.096,0
orange_pos_001747_20260510_221911_220.png,140,100,14.463,0
orange_pos_001748_20260510_221911_582.png,0,0,0.784,0
orange_pos_001748_20260510_221911_582.png,20,0,1.851,0
orange_pos_001748_20260510_221911_582.png,40,0,1.688,0
orange_pos_001748_20260510_221911_582.png,60,0,1.633,0
orange_pos_001748_20260510_221911_582.png,80,0,0.771,0
orange_pos_001748_20260510_221911_582.png,100,0,0.674,0
orange_pos_001748_20260510_221911_582.png,120,0,0.674,0
orange_pos_001748_20260510_221911_582.png,140,0,0.709,0
orange_pos_001748_20260510_221911_582.png,0,20,0.674,0
orange_pos_001748_20260510_221911_582.png,20,20,0.674,0
orange_pos_001748_20260510_221911_582.png,40,20,1.481,0
orange_pos_001748_20260510_221911_582.png,60,20,0.732,0
orange_pos_001748_20260510_221911_582.png,80,20,0.674,0
orange_pos_001748_20260510_221911_582.png,100,20,0.674,0
orange_pos_001748_20260510_221911_582.png,120,20,0.674,0
orange_pos_001748_20260510_221911_582.png,140,20,0.674,0
orange_pos_001748_20260510_221911_582.png,0,40,0.675,0
orange_pos_001748_20260510_221911_582.png,20,40,0.674,0
orange_pos_001748_20260510_221911_582.png,40,40,0.991,0
orange_pos_001748_20260510_221911_582.png,60,40,0.674,0
orange_pos_001748_20260510_221911_582.png,80,40,0.674,0
orange_pos_001748_20260510_221911_582.png,100,40,0.674,0
orange_pos_001748_20260510_221911_582.png,120,40,0.674,0
orange_pos_001748_20260510_221911_582.png,140,40,0.674,0
orange_pos_001748_20260510_221911_582.png,0,60,0.675,0
orange_pos_001748_20260510_221911_582.png,20,60,0.674,0
orange_pos_001748_20260510_221911_582.png,40,60,1.090,0
orange_pos_001748_20260510_221911_582.png,60,60,0.674,0
orange_pos_001748_20260510_221911_582.png,80,60,0.674,0
orange_pos_001748_20260510_221911_582.png,100,60,0.674,0
orange_pos_001748_20260510_221911_582.png,120,60,0.674,0
orange_pos_001748_20260510_221911_582.png,140,60,0.842,0
orange_pos_001748_20260510_221911_582.png,0,80,0.674,0
orange_pos_001748_20260510_221911_582.png,20,80,0.674,0
orange_pos_001748_20260510_221911_582.png,40,80,0.759,0
orange_pos_001748_20260510_221911_582.png,60,80,0.674,0
orange_pos_001748_20260510_221911_582.png,80,80,0.940,0
orange_pos_001748_20260510_221911_582.png,100,80,87.836,1
orange_pos_001748_20260510_221911_582.png,120,80,12.184,0
orange_pos_001748_20260510_221911_582.png,140,80,0.686,0
orange_pos_001748_20260510_221911_582.png,0,100,0.776,0
orange_pos_001748_20260510_221911_582.png,20,100,1.158,0
orange_pos_001748_20260510_221911_582.png,40,100,3.116,0
orange_pos_001748_20260510_221911_582.png,60,100,1.426,0
orange_pos_001748_20260510_221911_582.png,80,100,0.705,0
orange_pos_001748_20260510_221911_582.png,100,100,37.778,0
orange_pos_001748_20260510_221911_582.png,120,100,4.865,0
orange_pos_001748_20260510_221911_582.png,140,100,0.816,0
orange_pos_001749_20260510_221913_289.png,0,0,0.726,0
orange_pos_001749_20260510_221913_289.png,20,0,0.674,0
orange_pos_001749_20260510_221913_289.png,40,0,1.170,0
orange_pos_001749_20260510_221913_289.png,60,0,1.011,0
orange_pos_001749_20260510_221913_289.png,80,0,0.674,0
orange_pos_001749_20260510_221913_289.png,100,0,0.674,0
orange_pos_001749_20260510_221913_289.png,120,0,0.674,0
orange_pos_001749_20260510_221913_289.png,140,0,0.674,0
orange_pos_001749_20260510_221913_289.png,0,20,0.733,0
orange_pos_001749_20260510_221913_289.png,20,20,0.674,0
orange_pos_001749_20260510_221913_289.png,40,20,0.988,0
orange_pos_001749_20260510_221913_289.png,60,20,0.700,0
orange_pos_001749_20260510_221913_289.png,80,20,0.674,0
orange_pos_001749_20260510_221913_289.png,100,20,0.674,0
orange_pos_001749_20260510_221913_289.png,120,20,0.674,0
orange_pos_001749_20260510_221913_289.png,140,20,0.674,0
orange_pos_001749_20260510_221913_289.png,0,40,0.674,0
orange_pos_001749_20260510_221913_289.png,20,40,0.674,0
orange_pos_001749_20260510_221913_289.png,40,40,1.305,0
orange_pos_001749_20260510_221913_289.png,60,40,0.674,0
orange_pos_001749_20260510_221913_289.png,80,40,0.674,0
orange_pos_001749_20260510_221913_289.png,100,40,0.674,0
orange_pos_001749_20260510_221913_289.png,120,40,0.674,0
orange_pos_001749_20260510_221913_289.png,140,40,0.674,0
orange_pos_001749_20260510_221913_289.png,0,60,0.825,0
orange_pos_001749_20260510_221913_289.png,20,60,0.674,0
orange_pos_001749_20260510_221913_289.png,40,60,1.935,0
orange_pos_001749_20260510_221913_289.png,60,60,20.373,0
orange_pos_001749_20260510_221913_289.png,80,60,57.869,0
orange_pos_001749_20260510_221913_289.png,100,60,0.674,0
orange_pos_001749_20260510_221913_289.png,120,60,0.674,0
orange_pos_001749_20260510_221913_289.png,140,60,2.463,0
orange_pos_001749_20260510_221913_289.png,0,80,0.677,0
orange_pos_001749_20260510_221913_289.png,20,80,0.674,0
orange_pos_001749_20260510_221913_289.png,40,80,1.682,0
orange_pos_001749_20260510_221913_289.png,60,80,95.504,1
orange_pos_001749_20260510_221913_289.png,80,80,171.977,1
orange_pos_001749_20260510_221913_289.png,100,80,0.997,0
orange_pos_001749_20260510_221913_289.png,120,80,0.674,0
orange_pos_001749_20260510_221913_289.png,140,80,0.674,0
orange_pos_001749_20260510_221913_289.png,0,100,0.763,0
orange_pos_001749_20260510_221913_289.png,20,100,1.079,0
orange_pos_001749_20260510_221913_289.png,40,100,4.052,0
orange_pos_001749_20260510_221913_289.png,60,100,2.315,0
orange_pos_001749_20260510_221913_289.png,80,100,2.587,0
orange_pos_001749_20260510_221913_289.png,100,100,0.674,0
orange_pos_001749_20260510_221913_289.png,120,100,0.685,0
orange_pos_001749_20260510_221913_289.png,140,100,1.021,0
orange_pos_001750_20260510_221913_704.png,0,0,0.674,0
orange_pos_001750_20260510_221913_704.png,20,0,0.674,0
orange_pos_001750_20260510_221913_704.png,40,0,0.674,0
orange_pos_001750_20260510_221913_704.png,60,0,0.674,0
orange_pos_001750_20260510_221913_704.png,80,0,0.674,0
orange_pos_001750_20260510_221913_704.png,100,0,0.674,0
orange_pos_001750_20260510_221913_704.png,120,0,0.674,0
orange_pos_001750_20260510_221913_704.png,140,0,0.674,0
orange_pos_001750_20260510_221913_704.png,0,20,0.674,0
orange_pos_001750_20260510_221913_704.png,20,20,0.674,0
orange_pos_001750_20260510_221913_704.png,40,20,0.674,0
orange_pos_001750_20260510_221913_704.png,60,20,0.674,0
orange_pos_001750_20260510_221913_704.png,80,20,0.674,0
orange_pos_001750_20260510_221913_704.png,100,20,0.674,0
orange_pos_001750_20260510_221913_704.png,120,20,0.674,0
orange_pos_001750_20260510_221913_704.png,140,20,0.674,0
orange_pos_001750_20260510_221913_704.png,0,40,0.674,0
orange_pos_001750_20260510_221913_704.png,20,40,0.674,0
orange_pos_001750_20260510_221913_704.png,40,40,0.674,0
orange_pos_001750_20260510_221913_704.png,60,40,0.674,0
orange_pos_001750_20260510_221913_704.png,80,40,0.674,0
orange_pos_001750_20260510_221913_704.png,100,40,0.674,0
orange_pos_001750_20260510_221913_704.png,120,40,0.674,0
orange_pos_001750_20260510_221913_704.png,140,40,0.674,0
orange_pos_001750_20260510_221913_704.png,0,60,0.674,0
orange_pos_001750_20260510_221913_704.png,20,60,0.674,0
orange_pos_001750_20260510_221913_704.png,40,60,0.674,0
orange_pos_001750_20260510_221913_704.png,60,60,30.664,0
orange_pos_001750_20260510_221913_704.png,80,60,42.071,0
orange_pos_001750_20260510_221913_704.png,100,60,0.674,0
orange_pos_001750_20260510_221913_704.png,120,60,0.674,0
orange_pos_001750_20260510_221913_704.png,140,60,0.674,0
orange_pos_001750_20260510_221913_704.png,0,80,0.674,0
orange_pos_001750_20260510_221913_704.png,20,80,0.674,0
orange_pos_001750_20260510_221913_704.png,40,80,0.674,0
orange_pos_001750_20260510_221913_704.png,60,80,82.718,1
orange_pos_001750_20260510_221913_704.png,80,80,82.795,1
orange_pos_001750_20260510_221913_704.png,100,80,0.674,0
orange_pos_001750_20260510_221913_704.png,120,80,0.674,0
orange_pos_001750_20260510_221913_704.png,140,80,0.674,0
orange_pos_001750_20260510_221913_704.png,0,100,0.674,0
orange_pos_001750_20260510_221913_704.png,20,100,0.674,0
orange_pos_001750_20260510_221913_704.png,40,100,0.674,0
orange_pos_001750_20260510_221913_704.png,60,100,0.674,0
orange_pos_001750_20260510_221913_704.png,80,100,0.674,0
orange_pos_001750_20260510_221913_704.png,100,100,0.674,0
orange_pos_001750_20260510_221913_704.png,120,100,0.674,0
orange_pos_001750_20260510_221913_704.png,140,100,0.674,0
orange_pos_001751_20260510_221917_803.png,0,0,0.691,0
orange_pos_001751_20260510_221917_803.png,20,0,0.674,0
orange_pos_001751_20260510_221917_803.png,40,0,1.063,0
orange_pos_001751_20260510_221917_803.png,60,0,1.097,0
orange_pos_001751_20260510_221917_803.png,80,0,11.893,0
orange_pos_001751_20260510_221917_803.png,100,0,13.190,0
orange_pos_001751_20260510_221917_803.png,120,0,0.769,0
orange_pos_001751_20260510_221917_803.png,140,0,0.820,0
orange_pos_001751_20260510_221917_803.png,0,20,0.674,0
orange_pos_001751_20260510_221917_803.png,20,20,0.674,0
orange_pos_001751_20260510_221917_803.png,40,20,0.716,0
orange_pos_001751_20260510_221917_803.png,60,20,0.674,0
orange_pos_001751_20260510_221917_803.png,80,20,35.832,0
orange_pos_001751_20260510_221917_803.png,100,20,27.920,0
orange_pos_001751_20260510_221917_803.png,120,20,0.674,0
orange_pos_001751_20260510_221917_803.png,140,20,0.867,0
orange_pos_001751_20260510_221917_803.png,0,40,0.674,0
orange_pos_001751_20260510_221917_803.png,20,40,0.674,0
orange_pos_001751_20260510_221917_803.png,40,40,0.827,0
orange_pos_001751_20260510_221917_803.png,60,40,0.676,0
orange_pos_001751_20260510_221917_803.png,80,40,0.674,0
orange_pos_001751_20260510_221917_803.png,100,40,0.674,0
orange_pos_001751_20260510_221917_803.png,120,40,0.674,0
orange_pos_001751_20260510_221917_803.png,140,40,0.674,0
orange_pos_001751_20260510_221917_803.png,0,60,0.688,0
orange_pos_001751_20260510_221917_803.png,20,60,0.674,0
orange_pos_001751_20260510_221917_803.png,40,60,0.815,0
orange_pos_001751_20260510_221917_803.png,60,60,0.674,0
orange_pos_001751_20260510_221917_803.png,80,60,0.674,0
orange_pos_001751_20260510_221917_803.png,100,60,0.674,0
orange_pos_001751_20260510_221917_803.png,120,60,0.674,0
orange_pos_001751_20260510_221917_803.png,140,60,0.674,0
orange_pos_001751_20260510_221917_803.png,0,80,0.674,0
orange_pos_001751_20260510_221917_803.png,20,80,0.674,0
orange_pos_001751_20260510_221917_803.png,40,80,0.674,0
orange_pos_001751_20260510_221917_803.png,60,80,0.674,0
orange_pos_001751_20260510_221917_803.png,80,80,0.674,0
orange_pos_001751_20260510_221917_803.png,100,80,0.674,0
orange_pos_001751_20260510_221917_803.png,120,80,0.674,0
orange_pos_001751_20260510_221917_803.png,140,80,0.674,0
orange_pos_001751_20260510_221917_803.png,0,100,0.674,0
orange_pos_001751_20260510_221917_803.png,20,100,0.674,0
orange_pos_001751_20260510_221917_803.png,40,100,0.674,0
orange_pos_001751_20260510_221917_803.png,60,100,0.674,0
orange_pos_001751_20260510_221917_803.png,80,100,0.674,0
orange_pos_001751_20260510_221917_803.png,100,100,0.674,0
orange_pos_001751_20260510_221917_803.png,120,100,0.674,0
orange_pos_001751_20260510_221917_803.png,140,100,0.674,0
orange_pos_001752_20260510_221918_181.png,0,0,2.245,0
orange_pos_001752_20260510_221918_181.png,20,0,0.674,0
orange_pos_001752_20260510_221918_181.png,40,0,11.117,0
orange_pos_001752_20260510_221918_181.png,60,0,14.048,0
orange_pos_001752_20260510_221918_181.png,80,0,46.906,0
orange_pos_001752_20260510_221918_181.png,100,0,64.954,0
orange_pos_001752_20260510_221918_181.png,120,0,12.585,0
orange_pos_001752_20260510_221918_181.png,140,0,12.019,0
orange_pos_001752_20260510_221918_181.png,0,20,1.666,0
orange_pos_001752_20260510_221918_181.png,20,20,0.674,0
orange_pos_001752_20260510_221918_181.png,40,20,10.031,0
orange_pos_001752_20260510_221918_181.png,60,20,7.647,0
orange_pos_001752_20260510_221918_181.png,80,20,58.659,0
orange_pos_001752_20260510_221918_181.png,100,20,68.993,1
orange_pos_001752_20260510_221918_181.png,120,20,5.065,0
orange_pos_001752_20260510_221918_181.png,140,20,14.022,0
orange_pos_001752_20260510_221918_181.png,0,40,0.864,0
orange_pos_001752_20260510_221918_181.png,20,40,0.814,0
orange_pos_001752_20260510_221918_181.png,40,40,11.175,0
orange_pos_001752_20260510_221918_181.png,60,40,3.920,0
orange_pos_001752_20260510_221918_181.png,80,40,0.674,0
orange_pos_001752_20260510_221918_181.png,100,40,0.674,0
orange_pos_001752_20260510_221918_181.png,120,40,0.674,0
orange_pos_001752_20260510_221918_181.png,140,40,1.811,0
orange_pos_001752_20260510_221918_181.png,0,60,0.836,0
orange_pos_001752_20260510_221918_181.png,20,60,0.674,0
orange_pos_001752_20260510_221918_181.png,40,60,7.551,0
orange_pos_001752_20260510_221918_181.png,60,60,3.588,0
orange_pos_001752_20260510_221918_181.png,80,60,0.674,0
orange_pos_001752_20260510_221918_181.png,100,60,0.674,0
orange_pos_001752_20260510_221918_181.png,120,60,0.674,0
orange_pos_001752_20260510_221918_181.png,140,60,1.244,0
orange_pos_001752_20260510_221918_181.png,0,80,0.990,0
orange_pos_001752_20260510_221918_181.png,20,80,0.674,0
orange_pos_001752_20260510_221918_181.png,40,80,9.270,0
orange_pos_001752_20260510_221918_181.png,60,80,3.924,0
orange_pos_001752_20260510_221918_181.png,80,80,0.674,0
orange_pos_001752_20260510_221918_181.png,100,80,0.674,0
orange_pos_001752_20260510_221918_181.png,120,80,0.732,0
orange_pos_001752_20260510_221918_181.png,140,80,5.307,0
orange_pos_001752_20260510_221918_181.png,0,100,1.064,0
orange_pos_001752_20260510_221918_181.png,20,100,1.591,0
orange_pos_001752_20260510_221918_181.png,40,100,8.194,0
orange_pos_001752_20260510_221918_181.png,60,100,4.265,0
orange_pos_001752_20260510_221918_181.png,80,100,0.674,0
orange_pos_001752_20260510_221918_181.png,100,100,0.792,0
orange_pos_001752_20260510_221918_181.png,120,100,1.041,0
orange_pos_001752_20260510_221918_181.png,140,100,3.204,0
orange_pos_001753_20260510_221920_182.png,0,0,0.935,0
orange_pos_001753_20260510_221920_182.png,20,0,0.674,0
orange_pos_001753_20260510_221920_182.png,40,0,1.455,0
orange_pos_001753_20260510_221920_182.png,60,0,47.490,0
orange_pos_001753_20260510_221920_182.png,80,0,82.644,1
orange_pos_001753_20260510_221920_182.png,100,0,1.793,0
orange_pos_001753_20260510_221920_182.png,120,0,1.339,0
orange_pos_001753_20260510_221920_182.png,140,0,3.638,0
orange_pos_001753_20260510_221920_182.png,0,20,0.674,0
orange_pos_001753_20260510_221920_182.png,20,20,0.674,0
orange_pos_001753_20260510_221920_182.png,40,20,1.975,0
orange_pos_001753_20260510_221920_182.png,60,20,17.241,0
orange_pos_001753_20260510_221920_182.png,80,20,49.870,0
orange_pos_001753_20260510_221920_182.png,100,20,0.674,0
orange_pos_001753_20260510_221920_182.png,120,20,0.674,0
orange_pos_001753_20260510_221920_182.png,140,20,2.167,0
orange_pos_001753_20260510_221920_182.png,0,40,0.674,0
orange_pos_001753_20260510_221920_182.png,20,40,0.981,0
orange_pos_001753_20260510_221920_182.png,40,40,0.881,0
orange_pos_001753_20260510_221920_182.png,60,40,0.809,0
orange_pos_001753_20260510_221920_182.png,80,40,0.674,0
orange_pos_001753_20260510_221920_182.png,100,40,0.674,0
orange_pos_001753_20260510_221920_182.png,120,40,0.674,0
orange_pos_001753_20260510_221920_182.png,140,40,0.677,0
orange_pos_001753_20260510_221920_182.png,0,60,0.679,0
orange_pos_001753_20260510_221920_182.png,20,60,0.674,0
orange_pos_001753_20260510_221920_182.png,40,60,2.010,0
orange_pos_001753_20260510_221920_182.png,60,60,1.041,0
orange_pos_001753_20260510_221920_182.png,80,60,0.674,0
orange_pos_001753_20260510_221920_182.png,100,60,0.674,0
orange_pos_001753_20260510_221920_182.png,120,60,0.674,0
orange_pos_001753_20260510_221920_182.png,140,60,0.674,0
orange_pos_001753_20260510_221920_182.png,0,80,0.677,0
orange_pos_001753_20260510_221920_182.png,20,80,0.811,0
orange_pos_001753_20260510_221920_182.png,40,80,1.231,0
orange_pos_001753_20260510_221920_182.png,60,80,0.966,0
orange_pos_001753_20260510_221920_182.png,80,80,0.674,0
orange_pos_001753_20260510_221920_182.png,100,80,0.674,0
orange_pos_001753_20260510_221920_182.png,120,80,0.674,0
orange_pos_001753_20260510_221920_182.png,140,80,0.830,0
orange_pos_001753_20260510_221920_182.png,0,100,0.721,0
orange_pos_001753_20260510_221920_182.png,20,100,0.706,0
orange_pos_001753_20260510_221920_182.png,40,100,0.811,0
orange_pos_001753_20260510_221920_182.png,60,100,0.674,0
orange_pos_001753_20260510_221920_182.png,80,100,0.674,0
orange_pos_001753_20260510_221920_182.png,100,100,0.674,0
orange_pos_001753_20260510_221920_182.png,120,100,0.674,0
orange_pos_001753_20260510_221920_182.png,140,100,0.674,0
orange_pos_001754_20260510_221920_576.png,0,0,0.935,0
orange_pos_001754_20260510_221920_576.png,20,0,0.674,0
orange_pos_001754_20260510_221920_576.png,40,0,1.455,0
orange_pos_001754_20260510_221920_576.png,60,0,47.490,0
orange_pos_001754_20260510_221920_576.png,80,0,82.644,1
orange_pos_001754_20260510_221920_576.png,100,0,1.793,0
orange_pos_001754_20260510_221920_576.png,120,0,1.339,0
orange_pos_001754_20260510_221920_576.png,140,0,3.638,0
orange_pos_001754_20260510_221920_576.png,0,20,0.674,0
orange_pos_001754_20260510_221920_576.png,20,20,0.674,0
orange_pos_001754_20260510_221920_576.png,40,20,1.975,0
orange_pos_001754_20260510_221920_576.png,60,20,17.241,0
orange_pos_001754_20260510_221920_576.png,80,20,49.870,0
orange_pos_001754_20260510_221920_576.png,100,20,0.674,0
orange_pos_001754_20260510_221920_576.png,120,20,0.674,0
orange_pos_001754_20260510_221920_576.png,140,20,2.167,0
orange_pos_001754_20260510_221920_576.png,0,40,0.674,0
orange_pos_001754_20260510_221920_576.png,20,40,0.981,0
orange_pos_001754_20260510_221920_576.png,40,40,0.881,0
orange_pos_001754_20260510_221920_576.png,60,40,0.809,0
orange_pos_001754_20260510_221920_576.png,80,40,0.674,0
orange_pos_001754_20260510_221920_576.png,100,40,0.674,0
orange_pos_001754_20260510_221920_576.png,120,40,0.674,0
orange_pos_001754_20260510_221920_576.png,140,40,0.677,0
orange_pos_001754_20260510_221920_576.png,0,60,0.679,0
orange_pos_001754_20260510_221920_576.png,20,60,0.674,0
orange_pos_001754_20260510_221920_576.png,40,60,2.010,0
orange_pos_001754_20260510_221920_576.png,60,60,1.041,0
orange_pos_001754_20260510_221920_576.png,80,60,0.674,0
orange_pos_001754_20260510_221920_576.png,100,60,0.674,0
orange_pos_001754_20260510_221920_576.png,120,60,0.674,0
orange_pos_001754_20260510_221920_576.png,140,60,0.674,0
orange_pos_001754_20260510_221920_576.png,0,80,0.677,0
orange_pos_001754_20260510_221920_576.png,20,80,0.811,0
orange_pos_001754_20260510_221920_576.png,40,80,1.231,0
orange_pos_001754_20260510_221920_576.png,60,80,0.966,0
orange_pos_001754_20260510_221920_576.png,80,80,0.674,0
orange_pos_001754_20260510_221920_576.png,100,80,0.674,0
orange_pos_001754_20260510_221920_576.png,120,80,0.674,0
orange_pos_001754_20260510_221920_576.png,140,80,0.830,0
orange_pos_001754_20260510_221920_576.png,0,100,0.721,0
orange_pos_001754_20260510_221920_576.png,20,100,0.706,0
orange_pos_001754_20260510_221920_576.png,40,100,0.811,0
orange_pos_001754_20260510_221920_576.png,60,100,0.674,0
orange_pos_001754_20260510_221920_576.png,80,100,0.674,0
orange_pos_001754_20260510_221920_576.png,100,100,0.674,0
orange_pos_001754_20260510_221920_576.png,120,100,0.674,0
orange_pos_001754_20260510_221920_576.png,140,100,0.674,0
orange_pos_001755_20260510_221924_595.png,0,0,4.697,0
orange_pos_001755_20260510_221924_595.png,20,0,1.864,0
orange_pos_001755_20260510_221924_595.png,40,0,12.593,0
orange_pos_001755_20260510_221924_595.png,60,0,20.346,0
orange_pos_001755_20260510_221924_595.png,80,0,9.241,0
orange_pos_001755_20260510_221924_595.png,100,0,6.504,0
orange_pos_001755_20260510_221924_595.png,120,0,9.240,0
orange_pos_001755_20260510_221924_595.png,140,0,12.899,0
orange_pos_001755_20260510_221924_595.png,0,20,0.950,0
orange_pos_001755_20260510_221924_595.png,20,20,1.569,0
orange_pos_001755_20260510_221924_595.png,40,20,23.893,0
orange_pos_001755_20260510_221924_595.png,60,20,75.700,1
orange_pos_001755_20260510_221924_595.png,80,20,2.629,0
orange_pos_001755_20260510_221924_595.png,100,20,2.940,0
orange_pos_001755_20260510_221924_595.png,120,20,16.454,0
orange_pos_001755_20260510_221924_595.png,140,20,11.691,0
orange_pos_001755_20260510_221924_595.png,0,40,0.992,0
orange_pos_001755_20260510_221924_595.png,20,40,0.799,0
orange_pos_001755_20260510_221924_595.png,40,40,155.353,1
orange_pos_001755_20260510_221924_595.png,60,40,255.000,1
orange_pos_001755_20260510_221924_595.png,80,40,15.456,0
orange_pos_001755_20260510_221924_595.png,100,40,7.377,0
orange_pos_001755_20260510_221924_595.png,120,40,2.712,0
orange_pos_001755_20260510_221924_595.png,140,40,2.498,0
orange_pos_001755_20260510_221924_595.png,0,60,1.014,0
orange_pos_001755_20260510_221924_595.png,20,60,0.674,0
orange_pos_001755_20260510_221924_595.png,40,60,16.539,0
orange_pos_001755_20260510_221924_595.png,60,60,56.883,0
orange_pos_001755_20260510_221924_595.png,80,60,1.625,0
orange_pos_001755_20260510_221924_595.png,100,60,0.842,0
orange_pos_001755_20260510_221924_595.png,120,60,0.674,0
orange_pos_001755_20260510_221924_595.png,140,60,3.730,0
orange_pos_001755_20260510_221924_595.png,0,80,1.330,0
orange_pos_001755_20260510_221924_595.png,20,80,1.122,0
orange_pos_001755_20260510_221924_595.png,40,80,10.908,0
orange_pos_001755_20260510_221924_595.png,60,80,6.841,0
orange_pos_001755_20260510_221924_595.png,80,80,0.674,0
orange_pos_001755_20260510_221924_595.png,100,80,0.847,0
orange_pos_001755_20260510_221924_595.png,120,80,2.510,0
orange_pos_001755_20260510_221924_595.png,140,80,4.824,0
orange_pos_001755_20260510_221924_595.png,0,100,1.186,0
orange_pos_001755_20260510_221924_595.png,20,100,2.916,0
orange_pos_001755_20260510_221924_595.png,40,100,22.574,0
orange_pos_001755_20260510_221924_595.png,60,100,12.516,0
orange_pos_001755_20260510_221924_595.png,80,100,0.885,0
orange_pos_001755_20260510_221924_595.png,100,100,1.513,0
orange_pos_001755_20260510_221924_595.png,120,100,3.846,0
orange_pos_001755_20260510_221924_595.png,140,100,12.715,0
orange_pos_001756_20260510_221926_486.png,0,0,0.775,0
orange_pos_001756_20260510_221926_486.png,20,0,0.674,0
orange_pos_001756_20260510_221926_486.png,40,0,1.625,0
orange_pos_001756_20260510_221926_486.png,60,0,2.943,0
orange_pos_001756_20260510_221926_486.png,80,0,0.942,0
orange_pos_001756_20260510_221926_486.png,100,0,0.674,0
orange_pos_001756_20260510_221926_486.png,120,0,0.691,0
orange_pos_001756_20260510_221926_486.png,140,0,1.578,0
orange_pos_001756_20260510_221926_486.png,0,20,0.698,0
orange_pos_001756_20260510_221926_486.png,20,20,0.674,0
orange_pos_001756_20260510_221926_486.png,40,20,1.996,0
orange_pos_001756_20260510_221926_486.png,60,20,0.855,0
orange_pos_001756_20260510_221926_486.png,80,20,0.674,0
orange_pos_001756_20260510_221926_486.png,100,20,0.674,0
orange_pos_001756_20260510_221926_486.png,120,20,1.283,0
orange_pos_001756_20260510_221926_486.png,140,20,3.861,0
orange_pos_001756_20260510_221926_486.png,0,40,0.995,0
orange_pos_001756_20260510_221926_486.png,20,40,0.674,0
orange_pos_001756_20260510_221926_486.png,40,40,35.220,0
orange_pos_001756_20260510_221926_486.png,60,40,139.806,1
orange_pos_001756_20260510_221926_486.png,80,40,4.967,0
orange_pos_001756_20260510_221926_486.png,100,40,0.674,0
orange_pos_001756_20260510_221926_486.png,120,40,1.826,0
orange_pos_001756_20260510_221926_486.png,140,40,11.516,0
orange_pos_001756_20260510_221926_486.png,0,60,0.757,0
orange_pos_001756_20260510_221926_486.png,20,60,0.674,0
orange_pos_001756_20260510_221926_486.png,40,60,89.363,1
orange_pos_001756_20260510_221926_486.png,60,60,255.000,1
orange_pos_001756_20260510_221926_486.png,80,60,11.488,0
orange_pos_001756_20260510_221926_486.png,100,60,0.674,0
orange_pos_001756_20260510_221926_486.png,120,60,0.674,0
orange_pos_001756_20260510_221926_486.png,140,60,0.770,0
orange_pos_001756_20260510_221926_486.png,0,80,0.692,0
orange_pos_001756_20260510_221926_486.png,20,80,0.674,0
orange_pos_001756_20260510_221926_486.png,40,80,0.716,0
orange_pos_001756_20260510_221926_486.png,60,80,0.674,0
orange_pos_001756_20260510_221926_486.png,80,80,0.674,0
orange_pos_001756_20260510_221926_486.png,100,80,0.674,0
orange_pos_001756_20260510_221926_486.png,120,80,0.674,0
orange_pos_001756_20260510_221926_486.png,140,80,0.674,0
orange_pos_001756_20260510_221926_486.png,0,100,0.707,0
orange_pos_001756_20260510_221926_486.png,20,100,0.800,0
orange_pos_001756_20260510_221926_486.png,40,100,1.079,0
orange_pos_001756_20260510_221926_486.png,60,100,0.694,0
orange_pos_001756_20260510_221926_486.png,80,100,0.674,0
orange_pos_001756_20260510_221926_486.png,100,100,0.674,0
orange_pos_001756_20260510_221926_486.png,120,100,0.674,0
orange_pos_001756_20260510_221926_486.png,140,100,0.674,0
orange_pos_001757_20260510_221927_060.png,0,0,3.126,0
orange_pos_001757_20260510_221927_060.png,20,0,0.674,0
orange_pos_001757_20260510_221927_060.png,40,0,19.576,0
orange_pos_001757_20260510_221927_060.png,60,0,30.264,0
orange_pos_001757_20260510_221927_060.png,80,0,7.750,0
orange_pos_001757_20260510_221927_060.png,100,0,2.697,0
orange_pos_001757_20260510_221927_060.png,120,0,4.085,0
orange_pos_001757_20260510_221927_060.png,140,0,15.227,0
orange_pos_001757_20260510_221927_060.png,0,20,1.250,0
orange_pos_001757_20260510_221927_060.png,20,20,0.702,0
orange_pos_001757_20260510_221927_060.png,40,20,10.731,0
orange_pos_001757_20260510_221927_060.png,60,20,7.696,0
orange_pos_001757_20260510_221927_060.png,80,20,0.765,0
orange_pos_001757_20260510_221927_060.png,100,20,0.674,0
orange_pos_001757_20260510_221927_060.png,120,20,6.104,0
orange_pos_001757_20260510_221927_060.png,140,20,22.747,0
orange_pos_001757_20260510_221927_060.png,0,40,1.623,0
orange_pos_001757_20260510_221927_060.png,20,40,0.731,0
orange_pos_001757_20260510_221927_060.png,40,40,18.156,0
orange_pos_001757_20260510_221927_060.png,60,40,106.036,1
orange_pos_001757_20260510_221927_060.png,80,40,75.885,1
orange_pos_001757_20260510_221927_060.png,100,40,0.894,0
orange_pos_001757_20260510_221927_060.png,120,40,6.171,0
orange_pos_001757_20260510_221927_060.png,140,40,41.731,0
orange_pos_001757_20260510_221927_060.png,0,60,1.303,0
orange_pos_001757_20260510_221927_060.png,20,60,0.674,0
orange_pos_001757_20260510_221927_060.png,40,60,9.192,0
orange_pos_001757_20260510_221927_060.png,60,60,224.647,1
orange_pos_001757_20260510_221927_060.png,80,60,163.564,1
orange_pos_001757_20260510_221927_060.png,100,60,12.271,0
orange_pos_001757_20260510_221927_060.png,120,60,1.731,0
orange_pos_001757_20260510_221927_060.png,140,60,7.523,0
orange_pos_001757_20260510_221927_060.png,0,80,0.861,0
orange_pos_001757_20260510_221927_060.png,20,80,0.682,0
orange_pos_001757_20260510_221927_060.png,40,80,6.890,0
orange_pos_001757_20260510_221927_060.png,60,80,3.909,0
orange_pos_001757_20260510_221927_060.png,80,80,0.674,0
orange_pos_001757_20260510_221927_060.png,100,80,0.674,0
orange_pos_001757_20260510_221927_060.png,120,80,2.080,0
orange_pos_001757_20260510_221927_060.png,140,80,3.436,0
orange_pos_001757_20260510_221927_060.png,0,100,0.993,0
orange_pos_001757_20260510_221927_060.png,20,100,2.181,0
orange_pos_001757_20260510_221927_060.png,40,100,17.696,0
orange_pos_001757_20260510_221927_060.png,60,100,8.487,0
orange_pos_001757_20260510_221927_060.png,80,100,0.674,0
orange_pos_001757_20260510_221927_060.png,100,100,0.694,0
orange_pos_001757_20260510_221927_060.png,120,100,1.287,0
orange_pos_001757_20260510_221927_060.png,140,100,5.323,0
orange_pos_001758_20260510_221928_932.png,0,0,3.788,0
orange_pos_001758_20260510_221928_932.png,20,0,1.167,0
orange_pos_001758_20260510_221928_932.png,40,0,14.618,0
orange_pos_001758_20260510_221928_932.png,60,0,22.792,0
orange_pos_001758_20260510_221928_932.png,80,0,4.693,0
orange_pos_001758_20260510_221928_932.png,100,0,0.726,0
orange_pos_001758_20260510_221928_932.png,120,0,0.814,0
orange_pos_001758_20260510_221928_932.png,140,0,7.812,0
orange_pos_001758_20260510_221928_932.png,0,20,1.763,0
orange_pos_001758_20260510_221928_932.png,20,20,1.606,0
orange_pos_001758_20260510_221928_932.png,40,20,17.091,0
orange_pos_001758_20260510_221928_932.png,60,20,13.028,0
orange_pos_001758_20260510_221928_932.png,80,20,1.140,0
orange_pos_001758_20260510_221928_932.png,100,20,0.674,0
orange_pos_001758_20260510_221928_932.png,120,20,0.674,0
orange_pos_001758_20260510_221928_932.png,140,20,13.818,0
orange_pos_001758_20260510_221928_932.png,0,40,2.296,0
orange_pos_001758_20260510_221928_932.png,20,40,1.138,0
orange_pos_001758_20260510_221928_932.png,40,40,12.445,0
orange_pos_001758_20260510_221928_932.png,60,40,6.025,0
orange_pos_001758_20260510_221928_932.png,80,40,0.674,0
orange_pos_001758_20260510_221928_932.png,100,40,7.105,0
orange_pos_001758_20260510_221928_932.png,120,40,12.472,0
orange_pos_001758_20260510_221928_932.png,140,40,26.189,0
orange_pos_001758_20260510_221928_932.png,0,60,1.069,0
orange_pos_001758_20260510_221928_932.png,20,60,0.810,0
orange_pos_001758_20260510_221928_932.png,40,60,11.357,0
orange_pos_001758_20260510_221928_932.png,60,60,6.479,0
orange_pos_001758_20260510_221928_932.png,80,60,0.674,0
orange_pos_001758_20260510_221928_932.png,100,60,121.276,1
orange_pos_001758_20260510_221928_932.png,120,60,77.835,1
orange_pos_001758_20260510_221928_932.png,140,60,24.124,0
orange_pos_001758_20260510_221928_932.png,0,80,1.169,0
orange_pos_001758_20260510_221928_932.png,20,80,0.952,0
orange_pos_001758_20260510_221928_932.png,40,80,10.181,0
orange_pos_001758_20260510_221928_932.png,60,80,5.039,0
orange_pos_001758_20260510_221928_932.png,80,80,0.674,0
orange_pos_001758_20260510_221928_932.png,100,80,16.694,0
orange_pos_001758_20260510_221928_932.png,120,80,14.401,0
orange_pos_001758_20260510_221928_932.png,140,80,9.831,0
orange_pos_001758_20260510_221928_932.png,0,100,0.979,0
orange_pos_001758_20260510_221928_932.png,20,100,2.050,0
orange_pos_001758_20260510_221928_932.png,40,100,12.696,0
orange_pos_001758_20260510_221928_932.png,60,100,6.570,0
orange_pos_001758_20260510_221928_932.png,80,100,0.674,0
orange_pos_001758_20260510_221928_932.png,100,100,0.874,0
orange_pos_001758_20260510_221928_932.png,120,100,2.527,0
orange_pos_001758_20260510_221928_932.png,140,100,6.923,0
orange_pos_001759_20260510_221929_320.png,0,0,2.112,0
orange_pos_001759_20260510_221929_320.png,20,0,2.034,0
orange_pos_001759_20260510_221929_320.png,40,0,8.092,0
orange_pos_001759_20260510_221929_320.png,60,0,8.826,0
orange_pos_001759_20260510_221929_320.png,80,0,1.587,0
orange_pos_001759_20260510_221929_320.png,100,0,0.969,0
orange_pos_001759_20260510_221929_320.png,120,0,0.986,0
orange_pos_001759_20260510_221929_320.png,140,0,2.450,0
orange_pos_001759_20260510_221929_320.png,0,20,1.228,0
orange_pos_001759_20260510_221929_320.png,20,20,0.715,0
orange_pos_001759_20260510_221929_320.png,40,20,2.704,0
orange_pos_001759_20260510_221929_320.png,60,20,1.075,0
orange_pos_001759_20260510_221929_320.png,80,20,0.674,0
orange_pos_001759_20260510_221929_320.png,100,20,0.674,0
orange_pos_001759_20260510_221929_320.png,120,20,0.674,0
orange_pos_001759_20260510_221929_320.png,140,20,1.768,0
orange_pos_001759_20260510_221929_320.png,0,40,1.914,0
orange_pos_001759_20260510_221929_320.png,20,40,1.111,0
orange_pos_001759_20260510_221929_320.png,40,40,4.812,0
orange_pos_001759_20260510_221929_320.png,60,40,1.274,0
orange_pos_001759_20260510_221929_320.png,80,40,0.674,0
orange_pos_001759_20260510_221929_320.png,100,40,0.862,0
orange_pos_001759_20260510_221929_320.png,120,40,6.560,0
orange_pos_001759_20260510_221929_320.png,140,40,13.774,0
orange_pos_001759_20260510_221929_320.png,0,60,1.408,0
orange_pos_001759_20260510_221929_320.png,20,60,0.846,0
orange_pos_001759_20260510_221929_320.png,40,60,2.770,0
orange_pos_001759_20260510_221929_320.png,60,60,0.878,0
orange_pos_001759_20260510_221929_320.png,80,60,0.674,0
orange_pos_001759_20260510_221929_320.png,100,60,58.138,0
orange_pos_001759_20260510_221929_320.png,120,60,66.829,1
orange_pos_001759_20260510_221929_320.png,140,60,12.064,0
orange_pos_001759_20260510_221929_320.png,0,80,1.298,0
orange_pos_001759_20260510_221929_320.png,20,80,0.793,0
orange_pos_001759_20260510_221929_320.png,40,80,3.266,0
orange_pos_001759_20260510_221929_320.png,60,80,1.791,0
orange_pos_001759_20260510_221929_320.png,80,80,0.674,0
orange_pos_001759_20260510_221929_320.png,100,80,14.256,0
orange_pos_001759_20260510_221929_320.png,120,80,27.956,0
orange_pos_001759_20260510_221929_320.png,140,80,12.541,0
orange_pos_001759_20260510_221929_320.png,0,100,0.683,0
orange_pos_001759_20260510_221929_320.png,20,100,0.959,0
orange_pos_001759_20260510_221929_320.png,40,100,2.390,0
orange_pos_001759_20260510_221929_320.png,60,100,1.139,0
orange_pos_001759_20260510_221929_320.png,80,100,0.674,0
orange_pos_001759_20260510_221929_320.png,100,100,0.674,0
orange_pos_001759_20260510_221929_320.png,120,100,0.674,0
orange_pos_001759_20260510_221929_320.png,140,100,0.720,0
orange_pos_001760_20260510_221935_932.png,0,0,0.861,0
orange_pos_001760_20260510_221935_932.png,20,0,1.090,0
orange_pos_001760_20260510_221935_932.png,40,0,1.650,0
orange_pos_001760_20260510_221935_932.png,60,0,1.153,0
orange_pos_001760_20260510_221935_932.png,80,0,0.674,0
orange_pos_001760_20260510_221935_932.png,100,0,0.674,0
orange_pos_001760_20260510_221935_932.png,120,0,0.674,0
orange_pos_001760_20260510_221935_932.png,140,0,0.674,0
orange_pos_001760_20260510_221935_932.png,0,20,0.674,0
orange_pos_001760_20260510_221935_932.png,20,20,0.674,0
orange_pos_001760_20260510_221935_932.png,40,20,0.674,0
orange_pos_001760_20260510_221935_932.png,60,20,0.674,0
orange_pos_001760_20260510_221935_932.png,80,20,0.674,0
orange_pos_001760_20260510_221935_932.png,100,20,0.674,0
orange_pos_001760_20260510_221935_932.png,120,20,0.674,0
orange_pos_001760_20260510_221935_932.png,140,20,0.674,0
orange_pos_001760_20260510_221935_932.png,0,40,0.681,0
orange_pos_001760_20260510_221935_932.png,20,40,0.674,0
orange_pos_001760_20260510_221935_932.png,40,40,0.981,0
orange_pos_001760_20260510_221935_932.png,60,40,0.675,0
orange_pos_001760_20260510_221935_932.png,80,40,0.674,0
orange_pos_001760_20260510_221935_932.png,100,40,0.674,0
orange_pos_001760_20260510_221935_932.png,120,40,0.674,0
orange_pos_001760_20260510_221935_932.png,140,40,0.674,0
orange_pos_001760_20260510_221935_932.png,0,60,1.061,0
orange_pos_001760_20260510_221935_932.png,20,60,0.674,0
orange_pos_001760_20260510_221935_932.png,40,60,0.999,0
orange_pos_001760_20260510_221935_932.png,60,60,0.758,0
orange_pos_001760_20260510_221935_932.png,80,60,0.674,0
orange_pos_001760_20260510_221935_932.png,100,60,0.674,0
orange_pos_001760_20260510_221935_932.png,120,60,0.674,0
orange_pos_001760_20260510_221935_932.png,140,60,1.003,0
orange_pos_001760_20260510_221935_932.png,0,80,0.674,0
orange_pos_001760_20260510_221935_932.png,20,80,0.674,0
orange_pos_001760_20260510_221935_932.png,40,80,0.674,0
orange_pos_001760_20260510_221935_932.png,60,80,0.674,0
orange_pos_001760_20260510_221935_932.png,80,80,0.674,0
orange_pos_001760_20260510_221935_932.png,100,80,0.674,0
orange_pos_001760_20260510_221935_932.png,120,80,0.674,0
orange_pos_001760_20260510_221935_932.png,140,80,0.674,0
orange_pos_001760_20260510_221935_932.png,0,100,1.073,0
orange_pos_001760_20260510_221935_932.png,20,100,0.723,0
orange_pos_001760_20260510_221935_932.png,40,100,2.298,0
orange_pos_001760_20260510_221935_932.png,60,100,0.876,0
orange_pos_001760_20260510_221935_932.png,80,100,5.918,0
orange_pos_001760_20260510_221935_932.png,100,100,107.654,1
orange_pos_001760_20260510_221935_932.png,120,100,16.796,0
orange_pos_001760_20260510_221935_932.png,140,100,4.406,0
orange_pos_001761_20260510_221937_976.png,0,0,0.890,0
orange_pos_001761_20260510_221937_976.png,20,0,1.219,0
orange_pos_001761_20260510_221937_976.png,40,0,7.818,0
orange_pos_001761_20260510_221937_976.png,60,0,7.945,0
orange_pos_001761_20260510_221937_976.png,80,0,1.273,0
orange_pos_001761_20260510_221937_976.png,100,0,0.674,0
orange_pos_001761_20260510_221937_976.png,120,0,0.674,0
orange_pos_001761_20260510_221937_976.png,140,0,1.131,0
orange_pos_001761_20260510_221937_976.png,0,20,0.674,0
orange_pos_001761_20260510_221937_976.png,20,20,0.674,0
orange_pos_001761_20260510_221937_976.png,40,20,1.683,0
orange_pos_001761_20260510_221937_976.png,60,20,1.558,0
orange_pos_001761_20260510_221937_976.png,80,20,0.674,0
orange_pos_001761_20260510_221937_976.png,100,20,0.674,0
orange_pos_001761_20260510_221937_976.png,120,20,0.674,0
orange_pos_001761_20260510_221937_976.png,140,20,0.674,0
orange_pos_001761_20260510_221937_976.png,0,40,0.686,0
orange_pos_001761_20260510_221937_976.png,20,40,0.734,0
orange_pos_001761_20260510_221937_976.png,40,40,3.823,0
orange_pos_001761_20260510_221937_976.png,60,40,0.930,0
orange_pos_001761_20260510_221937_976.png,80,40,0.674,0
orange_pos_001761_20260510_221937_976.png,100,40,0.674,0
orange_pos_001761_20260510_221937_976.png,120,40,0.674,0
orange_pos_001761_20260510_221937_976.png,140,40,0.901,0
orange_pos_001761_20260510_221937_976.png,0,60,1.176,0
orange_pos_001761_20260510_221937_976.png,20,60,0.674,0
orange_pos_001761_20260510_221937_976.png,40,60,4.943,0
orange_pos_001761_20260510_221937_976.png,60,60,1.261,0
orange_pos_001761_20260510_221937_976.png,80,60,0.749,0
orange_pos_001761_20260510_221937_976.png,100,60,0.674,0
orange_pos_001761_20260510_221937_976.png,120,60,0.674,0
orange_pos_001761_20260510_221937_976.png,140,60,3.261,0
orange_pos_001761_20260510_221937_976.png,0,80,0.771,0
orange_pos_001761_20260510_221937_976.png,20,80,0.674,0
orange_pos_001761_20260510_221937_976.png,40,80,2.479,0
orange_pos_001761_20260510_221937_976.png,60,80,86.004,1
orange_pos_001761_20260510_221937_976.png,80,80,172.039,1
orange_pos_001761_20260510_221937_976.png,100,80,1.678,0
orange_pos_001761_20260510_221937_976.png,120,80,0.674,0
orange_pos_001761_20260510_221937_976.png,140,80,1.998,0
orange_pos_001761_20260510_221937_976.png,0,100,0.750,0
orange_pos_001761_20260510_221937_976.png,20,100,1.249,0
orange_pos_001761_20260510_221937_976.png,40,100,5.994,0
orange_pos_001761_20260510_221937_976.png,60,100,13.403,0
orange_pos_001761_20260510_221937_976.png,80,100,45.456,0
orange_pos_001761_20260510_221937_976.png,100,100,0.796,0
orange_pos_001761_20260510_221937_976.png,120,100,0.811,0
orange_pos_001761_20260510_221937_976.png,140,100,1.425,0
orange_pos_001762_20260510_221938_464.png,0,0,0.890,0
orange_pos_001762_20260510_221938_464.png,20,0,1.219,0
orange_pos_001762_20260510_221938_464.png,40,0,7.818,0
orange_pos_001762_20260510_221938_464.png,60,0,7.945,0
orange_pos_001762_20260510_221938_464.png,80,0,1.273,0
orange_pos_001762_20260510_221938_464.png,100,0,0.674,0
orange_pos_001762_20260510_221938_464.png,120,0,0.674,0
orange_pos_001762_20260510_221938_464.png,140,0,1.131,0
orange_pos_001762_20260510_221938_464.png,0,20,0.674,0
orange_pos_001762_20260510_221938_464.png,20,20,0.674,0
orange_pos_001762_20260510_221938_464.png,40,20,1.683,0
orange_pos_001762_20260510_221938_464.png,60,20,1.558,0
orange_pos_001762_20260510_221938_464.png,80,20,0.674,0
orange_pos_001762_20260510_221938_464.png,100,20,0.674,0
orange_pos_001762_20260510_221938_464.png,120,20,0.674,0
orange_pos_001762_20260510_221938_464.png,140,20,0.674,0
orange_pos_001762_20260510_221938_464.png,0,40,0.686,0
orange_pos_001762_20260510_221938_464.png,20,40,0.734,0
orange_pos_001762_20260510_221938_464.png,40,40,3.823,0
orange_pos_001762_20260510_221938_464.png,60,40,0.930,0
orange_pos_001762_20260510_221938_464.png,80,40,0.674,0
orange_pos_001762_20260510_221938_464.png,100,40,0.674,0
orange_pos_001762_20260510_221938_464.png,120,40,0.674,0
orange_pos_001762_20260510_221938_464.png,140,40,0.901,0
orange_pos_001762_20260510_221938_464.png,0,60,1.176,0
orange_pos_001762_20260510_221938_464.png,20,60,0.674,0
orange_pos_001762_20260510_221938_464.png,40,60,4.943,0
orange_pos_001762_20260510_221938_464.png,60,60,1.261,0
orange_pos_001762_20260510_221938_464.png,80,60,0.749,0
orange_pos_001762_20260510_221938_464.png,100,60,0.674,0
orange_pos_001762_20260510_221938_464.png,120,60,0.674,0
orange_pos_001762_20260510_221938_464.png,140,60,3.261,0
orange_pos_001762_20260510_221938_464.png,0,80,0.771,0
orange_pos_001762_20260510_221938_464.png,20,80,0.674,0
orange_pos_001762_20260510_221938_464.png,40,80,2.479,0
orange_pos_001762_20260510_221938_464.png,60,80,86.004,1
orange_pos_001762_20260510_221938_464.png,80,80,172.039,1
orange_pos_001762_20260510_221938_464.png,100,80,1.678,0
orange_pos_001762_20260510_221938_464.png,120,80,0.674,0
orange_pos_001762_20260510_221938_464.png,140,80,1.998,0
orange_pos_001762_20260510_221938_464.png,0,100,0.750,0
orange_pos_001762_20260510_221938_464.png,20,100,1.249,0
orange_pos_001762_20260510_221938_464.png,40,100,5.994,0
orange_pos_001762_20260510_221938_464.png,60,100,13.403,0
orange_pos_001762_20260510_221938_464.png,80,100,45.456,0
orange_pos_001762_20260510_221938_464.png,100,100,0.796,0
orange_pos_001762_20260510_221938_464.png,120,100,0.811,0
orange_pos_001762_20260510_221938_464.png,140,100,1.425,0
orange_pos_001763_20260510_221939_926.png,0,0,4.281,0
orange_pos_001763_20260510_221939_926.png,20,0,0.714,0
orange_pos_001763_20260510_221939_926.png,40,0,15.253,0
orange_pos_001763_20260510_221939_926.png,60,0,23.268,0
orange_pos_001763_20260510_221939_926.png,80,0,6.521,0
orange_pos_001763_20260510_221939_926.png,100,0,2.299,0
orange_pos_001763_20260510_221939_926.png,120,0,2.703,0
orange_pos_001763_20260510_221939_926.png,140,0,13.748,0
orange_pos_001763_20260510_221939_926.png,0,20,1.587,0
orange_pos_001763_20260510_221939_926.png,20,20,1.153,0
orange_pos_001763_20260510_221939_926.png,40,20,13.363,0
orange_pos_001763_20260510_221939_926.png,60,20,11.826,0
orange_pos_001763_20260510_221939_926.png,80,20,0.860,0
orange_pos_001763_20260510_221939_926.png,100,20,0.674,0
orange_pos_001763_20260510_221939_926.png,120,20,1.420,0
orange_pos_001763_20260510_221939_926.png,140,20,31.424,0
orange_pos_001763_20260510_221939_926.png,0,40,1.566,0
orange_pos_001763_20260510_221939_926.png,20,40,1.139,0
orange_pos_001763_20260510_221939_926.png,40,40,13.368,0
orange_pos_001763_20260510_221939_926.png,60,40,4.337,0
orange_pos_001763_20260510_221939_926.png,80,40,0.674,0
orange_pos_001763_20260510_221939_926.png,100,40,0.718,0
orange_pos_001763_20260510_221939_926.png,120,40,4.739,0
orange_pos_001763_20260510_221939_926.png,140,40,28.812,0
orange_pos_001763_20260510_221939_926.png,0,60,1.214,0
orange_pos_001763_20260510_221939_926.png,20,60,0.674,0
orange_pos_001763_20260510_221939_926.png,40,60,158.286,1
orange_pos_001763_20260510_221939_926.png,60,60,232.469,1
orange_pos_001763_20260510_221939_926.png,80,60,8.673,0
orange_pos_001763_20260510_221939_926.png,100,60,0.812,0
orange_pos_001763_20260510_221939_926.png,120,60,1.430,0
orange_pos_001763_20260510_221939_926.png,140,60,3.886,0
orange_pos_001763_20260510_221939_926.png,0,80,1.323,0
orange_pos_001763_20260510_221939_926.png,20,80,0.988,0
orange_pos_001763_20260510_221939_926.png,40,80,81.042,1
orange_pos_001763_20260510_221939_926.png,60,80,116.488,1
orange_pos_001763_20260510_221939_926.png,80,80,4.686,0
orange_pos_001763_20260510_221939_926.png,100,80,0.703,0
orange_pos_001763_20260510_221939_926.png,120,80,4.324,0
orange_pos_001763_20260510_221939_926.png,140,80,11.105,0
orange_pos_001763_20260510_221939_926.png,0,100,1.069,0
orange_pos_001763_20260510_221939_926.png,20,100,3.168,0
orange_pos_001763_20260510_221939_926.png,40,100,21.317,0
orange_pos_001763_20260510_221939_926.png,60,100,9.992,0
orange_pos_001763_20260510_221939_926.png,80,100,0.816,0
orange_pos_001763_20260510_221939_926.png,100,100,1.178,0
orange_pos_001763_20260510_221939_926.png,120,100,4.056,0
orange_pos_001763_20260510_221939_926.png,140,100,9.660,0
orange_pos_001765_20260510_221940_344.png,0,0,0.890,0
orange_pos_001765_20260510_221940_344.png,20,0,0.697,0
orange_pos_001765_20260510_221940_344.png,40,0,2.988,0
orange_pos_001765_20260510_221940_344.png,60,0,2.157,0
orange_pos_001765_20260510_221940_344.png,80,0,0.677,0
orange_pos_001765_20260510_221940_344.png,100,0,0.674,0
orange_pos_001765_20260510_221940_344.png,120,0,0.674,0
orange_pos_001765_20260510_221940_344.png,140,0,3.532,0
orange_pos_001765_20260510_221940_344.png,0,20,0.674,0
orange_pos_001765_20260510_221940_344.png,20,20,0.674,0
orange_pos_001765_20260510_221940_344.png,40,20,0.695,0
orange_pos_001765_20260510_221940_344.png,60,20,0.674,0
orange_pos_001765_20260510_221940_344.png,80,20,0.674,0
orange_pos_001765_20260510_221940_344.png,100,20,0.674,0
orange_pos_001765_20260510_221940_344.png,120,20,0.674,0
orange_pos_001765_20260510_221940_344.png,140,20,0.791,0
orange_pos_001765_20260510_221940_344.png,0,40,0.820,0
orange_pos_001765_20260510_221940_344.png,20,40,0.674,0
orange_pos_001765_20260510_221940_344.png,40,40,1.301,0
orange_pos_001765_20260510_221940_344.png,60,40,0.728,0
orange_pos_001765_20260510_221940_344.png,80,40,0.674,0
orange_pos_001765_20260510_221940_344.png,100,40,0.674,0
orange_pos_001765_20260510_221940_344.png,120,40,0.674,0
orange_pos_001765_20260510_221940_344.png,140,40,0.944,0
orange_pos_001765_20260510_221940_344.png,0,60,0.760,0
orange_pos_001765_20260510_221940_344.png,20,60,0.674,0
orange_pos_001765_20260510_221940_344.png,40,60,157.753,1
orange_pos_001765_20260510_221940_344.png,60,60,201.787,1
orange_pos_001765_20260510_221940_344.png,80,60,1.204,0
orange_pos_001765_20260510_221940_344.png,100,60,0.674,0
orange_pos_001765_20260510_221940_344.png,120,60,0.674,0
orange_pos_001765_20260510_221940_344.png,140,60,0.721,0
orange_pos_001765_20260510_221940_344.png,0,80,0.674,0
orange_pos_001765_20260510_221940_344.png,20,80,0.674,0
orange_pos_001765_20260510_221940_344.png,40,80,66.159,1
orange_pos_001765_20260510_221940_344.png,60,80,90.132,1
orange_pos_001765_20260510_221940_344.png,80,80,0.979,0
orange_pos_001765_20260510_221940_344.png,100,80,0.674,0
orange_pos_001765_20260510_221940_344.png,120,80,0.674,0
orange_pos_001765_20260510_221940_344.png,140,80,0.674,0
orange_pos_001765_20260510_221940_344.png,0,100,0.688,0
orange_pos_001765_20260510_221940_344.png,20,100,0.717,0
orange_pos_001765_20260510_221940_344.png,40,100,1.194,0
orange_pos_001765_20260510_221940_344.png,60,100,0.769,0
orange_pos_001765_20260510_221940_344.png,80,100,0.674,0
orange_pos_001765_20260510_221940_344.png,100,100,0.674,0
orange_pos_001765_20260510_221940_344.png,120,100,0.674,0
orange_pos_001765_20260510_221940_344.png,140,100,0.703,0
orange_pos_001766_20260510_221942_574.png,0,0,2.248,0
orange_pos_001766_20260510_221942_574.png,20,0,0.725,0
orange_pos_001766_20260510_221942_574.png,40,0,13.493,0
orange_pos_001766_20260510_221942_574.png,60,0,29.936,0
orange_pos_001766_20260510_221942_574.png,80,0,2.085,0
orange_pos_001766_20260510_221942_574.png,100,0,9.773,0
orange_pos_001766_20260510_221942_574.png,120,0,18.684,0
orange_pos_001766_20260510_221942_574.png,140,0,9.722,0
orange_pos_001766_20260510_221942_574.png,0,20,1.129,0
orange_pos_001766_20260510_221942_574.png,20,20,0.674,0
orange_pos_001766_20260510_221942_574.png,40,20,108.638,1
orange_pos_001766_20260510_221942_574.png,60,20,229.477,1
orange_pos_001766_20260510_221942_574.png,80,20,38.452,0
orange_pos_001766_20260510_221942_574.png,100,20,7.412,0
orange_pos_001766_20260510_221942_574.png,120,20,4.709,0
orange_pos_001766_20260510_221942_574.png,140,20,18.697,0
orange_pos_001766_20260510_221942_574.png,0,40,1.352,0
orange_pos_001766_20260510_221942_574.png,20,40,0.674,0
orange_pos_001766_20260510_221942_574.png,40,40,46.706,0
orange_pos_001766_20260510_221942_574.png,60,40,156.519,1
orange_pos_001766_20260510_221942_574.png,80,40,4.676,0
orange_pos_001766_20260510_221942_574.png,100,40,4.623,0
orange_pos_001766_20260510_221942_574.png,120,40,0.674,0
orange_pos_001766_20260510_221942_574.png,140,40,3.316,0
orange_pos_001766_20260510_221942_574.png,0,60,0.988,0
orange_pos_001766_20260510_221942_574.png,20,60,0.674,0
orange_pos_001766_20260510_221942_574.png,40,60,18.003,0
orange_pos_001766_20260510_221942_574.png,60,60,9.929,0
orange_pos_001766_20260510_221942_574.png,80,60,0.674,0
orange_pos_001766_20260510_221942_574.png,100,60,0.674,0
orange_pos_001766_20260510_221942_574.png,120,60,0.674,0
orange_pos_001766_20260510_221942_574.png,140,60,5.201,0
orange_pos_001766_20260510_221942_574.png,0,80,1.304,0
orange_pos_001766_20260510_221942_574.png,20,80,0.894,0
orange_pos_001766_20260510_221942_574.png,40,80,11.814,0
orange_pos_001766_20260510_221942_574.png,60,80,6.421,0
orange_pos_001766_20260510_221942_574.png,80,80,0.674,0
orange_pos_001766_20260510_221942_574.png,100,80,0.691,0
orange_pos_001766_20260510_221942_574.png,120,80,1.878,0
orange_pos_001766_20260510_221942_574.png,140,80,5.361,0
orange_pos_001766_20260510_221942_574.png,0,100,1.502,0
orange_pos_001766_20260510_221942_574.png,20,100,2.234,0
orange_pos_001766_20260510_221942_574.png,40,100,16.291,0
orange_pos_001766_20260510_221942_574.png,60,100,9.064,0
orange_pos_001766_20260510_221942_574.png,80,100,0.686,0
orange_pos_001766_20260510_221942_574.png,100,100,1.317,0
orange_pos_001766_20260510_221942_574.png,120,100,2.486,0
orange_pos_001766_20260510_221942_574.png,140,100,6.326,0
orange_pos_001767_20260510_221946_684.png,0,0,1.079,0
orange_pos_001767_20260510_221946_684.png,20,0,0.674,0
orange_pos_001767_20260510_221946_684.png,40,0,3.754,0
orange_pos_001767_20260510_221946_684.png,60,0,5.649,0
orange_pos_001767_20260510_221946_684.png,80,0,1.305,0
orange_pos_001767_20260510_221946_684.png,100,0,0.863,0
orange_pos_001767_20260510_221946_684.png,120,0,0.844,0
orange_pos_001767_20260510_221946_684.png,140,0,1.311,0
orange_pos_001767_20260510_221946_684.png,0,20,1.443,0
orange_pos_001767_20260510_221946_684.png,20,20,2.342,0
orange_pos_001767_20260510_221946_684.png,40,20,20.246,0
orange_pos_001767_20260510_221946_684.png,60,20,20.110,0
orange_pos_001767_20260510_221946_684.png,80,20,1.144,0
orange_pos_001767_20260510_221946_684.png,100,20,0.674,0
orange_pos_001767_20260510_221946_684.png,120,20,23.075,0
orange_pos_001767_20260510_221946_684.png,140,20,38.886,0
orange_pos_001767_20260510_221946_684.png,0,40,2.759,0
orange_pos_001767_20260510_221946_684.png,20,40,1.025,0
orange_pos_001767_20260510_221946_684.png,40,40,21.232,0
orange_pos_001767_20260510_221946_684.png,60,40,12.005,0
orange_pos_001767_20260510_221946_684.png,80,40,0.674,0
orange_pos_001767_20260510_221946_684.png,100,40,112.437,1
orange_pos_001767_20260510_221946_684.png,120,40,103.103,1
orange_pos_001767_20260510_221946_684.png,140,40,47.085,0
orange_pos_001767_20260510_221946_684.png,0,60,1.946,0
orange_pos_001767_20260510_221946_684.png,20,60,0.771,0
orange_pos_001767_20260510_221946_684.png,40,60,21.178,0
orange_pos_001767_20260510_221946_684.png,60,60,14.122,0
orange_pos_001767_20260510_221946_684.png,80,60,0.674,0
orange_pos_001767_20260510_221946_684.png,100,60,70.411,1
orange_pos_001767_20260510_221946_684.png,120,60,54.325,0
orange_pos_001767_20260510_221946_684.png,140,60,36.019,0
orange_pos_001767_20260510_221946_684.png,0,80,1.585,0
orange_pos_001767_20260510_221946_684.png,20,80,1.449,0
orange_pos_001767_20260510_221946_684.png,40,80,22.434,0
orange_pos_001767_20260510_221946_684.png,60,80,12.943,0
orange_pos_001767_20260510_221946_684.png,80,80,0.680,0
orange_pos_001767_20260510_221946_684.png,100,80,1.546,0
orange_pos_001767_20260510_221946_684.png,120,80,10.349,0
orange_pos_001767_20260510_221946_684.png,140,80,17.087,0
orange_pos_001767_20260510_221946_684.png,0,100,1.143,0
orange_pos_001767_20260510_221946_684.png,20,100,4.688,0
orange_pos_001767_20260510_221946_684.png,40,100,22.027,0
orange_pos_001767_20260510_221946_684.png,60,100,13.267,0
orange_pos_001767_20260510_221946_684.png,80,100,3.952,0
orange_pos_001767_20260510_221946_684.png,100,100,6.618,0
orange_pos_001767_20260510_221946_684.png,120,100,11.039,0
orange_pos_001767_20260510_221946_684.png,140,100,14.367,0
orange_pos_001768_20260510_221951_198.png,0,0,1.069,0
orange_pos_001768_20260510_221951_198.png,20,0,0.674,0
orange_pos_001768_20260510_221951_198.png,40,0,11.470,0
orange_pos_001768_20260510_221951_198.png,60,0,14.953,0
orange_pos_001768_20260510_221951_198.png,80,0,4.282,0
orange_pos_001768_20260510_221951_198.png,100,0,0.674,0
orange_pos_001768_20260510_221951_198.png,120,0,0.743,0
orange_pos_001768_20260510_221951_198.png,140,0,7.720,0
orange_pos_001768_20260510_221951_198.png,0,20,1.017,0
orange_pos_001768_20260510_221951_198.png,20,20,0.674,0
orange_pos_001768_20260510_221951_198.png,40,20,11.067,0
orange_pos_001768_20260510_221951_198.png,60,20,9.402,0
orange_pos_001768_20260510_221951_198.png,80,20,0.723,0
orange_pos_001768_20260510_221951_198.png,100,20,0.680,0
orange_pos_001768_20260510_221951_198.png,120,20,9.807,0
orange_pos_001768_20260510_221951_198.png,140,20,16.378,0
orange_pos_001768_20260510_221951_198.png,0,40,1.300,0
orange_pos_001768_20260510_221951_198.png,20,40,0.718,0
orange_pos_001768_20260510_221951_198.png,40,40,17.680,0
orange_pos_001768_20260510_221951_198.png,60,40,175.966,1
orange_pos_001768_20260510_221951_198.png,80,40,51.337,0
orange_pos_001768_20260510_221951_198.png,100,40,1.228,0
orange_pos_001768_20260510_221951_198.png,120,40,9.675,0
orange_pos_001768_20260510_221951_198.png,140,40,22.581,0
orange_pos_001768_20260510_221951_198.png,0,60,1.260,0
orange_pos_001768_20260510_221951_198.png,20,60,0.674,0
orange_pos_001768_20260510_221951_198.png,40,60,27.280,0
orange_pos_001768_20260510_221951_198.png,60,60,255.000,1
orange_pos_001768_20260510_221951_198.png,80,60,80.839,1
orange_pos_001768_20260510_221951_198.png,100,60,9.845,0
orange_pos_001768_20260510_221951_198.png,120,60,3.284,0
orange_pos_001768_20260510_221951_198.png,140,60,7.068,0
orange_pos_001768_20260510_221951_198.png,0,80,1.116,0
orange_pos_001768_20260510_221951_198.png,20,80,0.674,0
orange_pos_001768_20260510_221951_198.png,40,80,11.679,0
orange_pos_001768_20260510_221951_198.png,60,80,5.119,0
orange_pos_001768_20260510_221951_198.png,80,80,0.674,0
orange_pos_001768_20260510_221951_198.png,100,80,0.674,0
orange_pos_001768_20260510_221951_198.png,120,80,1.082,0
orange_pos_001768_20260510_221951_198.png,140,80,5.647,0
orange_pos_001768_20260510_221951_198.png,0,100,1.282,0
orange_pos_001768_20260510_221951_198.png,20,100,3.644,0
orange_pos_001768_20260510_221951_198.png,40,100,25.153,0
orange_pos_001768_20260510_221951_198.png,60,100,11.249,0
orange_pos_001768_20260510_221951_198.png,80,100,1.110,0
orange_pos_001768_20260510_221951_198.png,100,100,1.657,0
orange_pos_001768_20260510_221951_198.png,120,100,4.683,0
orange_pos_001768_20260510_221951_198.png,140,100,10.269,0
orange_pos_001769_20260510_221953_428.png,0,0,0.804,0
orange_pos_001769_20260510_221953_428.png,20,0,0.674,0
orange_pos_001769_20260510_221953_428.png,40,0,3.479,0
orange_pos_001769_20260510_221953_428.png,60,0,3.297,0
orange_pos_001769_20260510_221953_428.png,80,0,0.990,0
orange_pos_001769_20260510_221953_428.png,100,0,0.707,0
orange_pos_001769_20260510_221953_428.png,120,0,0.846,0
orange_pos_001769_20260510_221953_428.png,140,0,2.626,0
orange_pos_001769_20260510_221953_428.png,0,20,0.837,0
orange_pos_001769_20260510_221953_428.png,20,20,0.674,0
orange_pos_001769_20260510_221953_428.png,40,20,16.429,0
orange_pos_001769_20260510_221953_428.png,60,20,7.249,0
orange_pos_001769_20260510_221953_428.png,80,20,0.674,0
orange_pos_001769_20260510_221953_428.png,100,20,0.674,0
orange_pos_001769_20260510_221953_428.png,120,20,0.819,0
orange_pos_001769_20260510_221953_428.png,140,20,2.875,0
orange_pos_001769_20260510_221953_428.png,0,40,0.698,0
orange_pos_001769_20260510_221953_428.png,20,40,0.674,0
orange_pos_001769_20260510_221953_428.png,40,40,255.000,1
orange_pos_001769_20260510_221953_428.png,60,40,195.996,1
orange_pos_001769_20260510_221953_428.png,80,40,2.642,0
orange_pos_001769_20260510_221953_428.png,100,40,0.674,0
orange_pos_001769_20260510_221953_428.png,120,40,0.695,0
orange_pos_001769_20260510_221953_428.png,140,40,2.127,0
orange_pos_001769_20260510_221953_428.png,0,60,0.675,0
orange_pos_001769_20260510_221953_428.png,20,60,0.674,0
orange_pos_001769_20260510_221953_428.png,40,60,56.352,0
orange_pos_001769_20260510_221953_428.png,60,60,38.099,0
orange_pos_001769_20260510_221953_428.png,80,60,0.674,0
orange_pos_001769_20260510_221953_428.png,100,60,0.674,0
orange_pos_001769_20260510_221953_428.png,120,60,0.674,0
orange_pos_001769_20260510_221953_428.png,140,60,0.674,0
orange_pos_001769_20260510_221953_428.png,0,80,0.744,0
orange_pos_001769_20260510_221953_428.png,20,80,0.674,0
orange_pos_001769_20260510_221953_428.png,40,80,1.110,0
orange_pos_001769_20260510_221953_428.png,60,80,0.880,0
orange_pos_001769_20260510_221953_428.png,80,80,0.674,0
orange_pos_001769_20260510_221953_428.png,100,80,0.674,0
orange_pos_001769_20260510_221953_428.png,120,80,0.674,0
orange_pos_001769_20260510_221953_428.png,140,80,1.181,0
orange_pos_001769_20260510_221953_428.png,0,100,0.810,0
orange_pos_001769_20260510_221953_428.png,20,100,1.068,0
orange_pos_001769_20260510_221953_428.png,40,100,5.553,0
orange_pos_001769_20260510_221953_428.png,60,100,1.137,0
orange_pos_001769_20260510_221953_428.png,80,100,0.674,0
orange_pos_001769_20260510_221953_428.png,100,100,0.674,0
orange_pos_001769_20260510_221953_428.png,120,100,0.747,0
orange_pos_001769_20260510_221953_428.png,140,100,1.351,0
orange_pos_001770_20260510_221958_140.png,0,0,0.694,0
orange_pos_001770_20260510_221958_140.png,20,0,0.674,0
orange_pos_001770_20260510_221958_140.png,40,0,11.207,0
orange_pos_001770_20260510_221958_140.png,60,0,29.105,0
orange_pos_001770_20260510_221958_140.png,80,0,0.684,0
orange_pos_001770_20260510_221958_140.png,100,0,0.674,0
orange_pos_001770_20260510_221958_140.png,120,0,0.760,0
orange_pos_001770_20260510_221958_140.png,140,0,0.674,0
orange_pos_001770_20260510_221958_140.png,0,20,0.785,0
orange_pos_001770_20260510_221958_140.png,20,20,0.674,0
orange_pos_001770_20260510_221958_140.png,40,20,109.664,1
orange_pos_001770_20260510_221958_140.png,60,20,188.222,1
orange_pos_001770_20260510_221958_140.png,80,20,8.137,0
orange_pos_001770_20260510_221958_140.png,100,20,1.159,0
orange_pos_001770_20260510_221958_140.png,120,20,0.674,0
orange_pos_001770_20260510_221958_140.png,140,20,1.997,0
orange_pos_001770_20260510_221958_140.png,0,40,0.674,0
orange_pos_001770_20260510_221958_140.png,20,40,0.674,0
orange_pos_001770_20260510_221958_140.png,40,40,22.448,0
orange_pos_001770_20260510_221958_140.png,60,40,79.134,1
orange_pos_001770_20260510_221958_140.png,80,40,0.674,0
orange_pos_001770_20260510_221958_140.png,100,40,0.674,0
orange_pos_001770_20260510_221958_140.png,120,40,0.674,0
orange_pos_001770_20260510_221958_140.png,140,40,0.681,0
orange_pos_001770_20260510_221958_140.png,0,60,0.674,0
orange_pos_001770_20260510_221958_140.png,20,60,0.674,0
orange_pos_001770_20260510_221958_140.png,40,60,0.989,0
orange_pos_001770_20260510_221958_140.png,60,60,0.960,0
orange_pos_001770_20260510_221958_140.png,80,60,0.674,0
orange_pos_001770_20260510_221958_140.png,100,60,0.674,0
orange_pos_001770_20260510_221958_140.png,120,60,0.674,0
orange_pos_001770_20260510_221958_140.png,140,60,0.674,0
orange_pos_001770_20260510_221958_140.png,0,80,0.683,0
orange_pos_001770_20260510_221958_140.png,20,80,0.674,0
orange_pos_001770_20260510_221958_140.png,40,80,1.053,0
orange_pos_001770_20260510_221958_140.png,60,80,1.369,0
orange_pos_001770_20260510_221958_140.png,80,80,0.674,0
orange_pos_001770_20260510_221958_140.png,100,80,0.674,0
orange_pos_001770_20260510_221958_140.png,120,80,0.674,0
orange_pos_001770_20260510_221958_140.png,140,80,0.674,0
orange_pos_001770_20260510_221958_140.png,0,100,0.697,0
orange_pos_001770_20260510_221958_140.png,20,100,0.681,0
orange_pos_001770_20260510_221958_140.png,40,100,0.751,0
orange_pos_001770_20260510_221958_140.png,60,100,0.757,0
orange_pos_001770_20260510_221958_140.png,80,100,0.674,0
orange_pos_001770_20260510_221958_140.png,100,100,0.674,0
orange_pos_001770_20260510_221958_140.png,120,100,0.674,0
orange_pos_001770_20260510_221958_140.png,140,100,0.674,0
orange_pos_001771_20260510_222000_112.png,0,0,7.045,0
orange_pos_001771_20260510_222000_112.png,20,0,0.674,0
orange_pos_001771_20260510_222000_112.png,40,0,11.977,0
orange_pos_001771_20260510_222000_112.png,60,0,18.840,0
orange_pos_001771_20260510_222000_112.png,80,0,7.671,0
orange_pos_001771_20260510_222000_112.png,100,0,6.412,0
orange_pos_001771_20260510_222000_112.png,120,0,8.988,0
orange_pos_001771_20260510_222000_112.png,140,0,10.287,0
orange_pos_001771_20260510_222000_112.png,0,20,1.984,0
orange_pos_001771_20260510_222000_112.png,20,20,1.020,0
orange_pos_001771_20260510_222000_112.png,40,20,14.615,0
orange_pos_001771_20260510_222000_112.png,60,20,15.596,0
orange_pos_001771_20260510_222000_112.png,80,20,107.783,1
orange_pos_001771_20260510_222000_112.png,100,20,105.940,1
orange_pos_001771_20260510_222000_112.png,120,20,22.213,0
orange_pos_001771_20260510_222000_112.png,140,20,29.481,0
orange_pos_001771_20260510_222000_112.png,0,40,1.731,0
orange_pos_001771_20260510_222000_112.png,20,40,0.674,0
orange_pos_001771_20260510_222000_112.png,40,40,15.961,0
orange_pos_001771_20260510_222000_112.png,60,40,9.720,0
orange_pos_001771_20260510_222000_112.png,80,40,143.058,1
orange_pos_001771_20260510_222000_112.png,100,40,109.005,1
orange_pos_001771_20260510_222000_112.png,120,40,16.640,0
orange_pos_001771_20260510_222000_112.png,140,40,28.949,0
orange_pos_001771_20260510_222000_112.png,0,60,1.337,0
orange_pos_001771_20260510_222000_112.png,20,60,0.674,0
orange_pos_001771_20260510_222000_112.png,40,60,16.779,0
orange_pos_001771_20260510_222000_112.png,60,60,11.264,0
orange_pos_001771_20260510_222000_112.png,80,60,0.674,0
orange_pos_001771_20260510_222000_112.png,100,60,2.157,0
orange_pos_001771_20260510_222000_112.png,120,60,4.515,0
orange_pos_001771_20260510_222000_112.png,140,60,7.395,0
orange_pos_001771_20260510_222000_112.png,0,80,1.263,0
orange_pos_001771_20260510_222000_112.png,20,80,0.674,0
orange_pos_001771_20260510_222000_112.png,40,80,12.011,0
orange_pos_001771_20260510_222000_112.png,60,80,6.721,0
orange_pos_001771_20260510_222000_112.png,80,80,0.674,0
orange_pos_001771_20260510_222000_112.png,100,80,0.918,0
orange_pos_001771_20260510_222000_112.png,120,80,1.629,0
orange_pos_001771_20260510_222000_112.png,140,80,6.360,0
orange_pos_001771_20260510_222000_112.png,0,100,1.265,0
orange_pos_001771_20260510_222000_112.png,20,100,4.527,0
orange_pos_001771_20260510_222000_112.png,40,100,22.518,0
orange_pos_001771_20260510_222000_112.png,60,100,11.290,0
orange_pos_001771_20260510_222000_112.png,80,100,2.030,0
orange_pos_001771_20260510_222000_112.png,100,100,3.401,0
orange_pos_001771_20260510_222000_112.png,120,100,10.070,0
orange_pos_001771_20260510_222000_112.png,140,100,12.064,0
orange_pos_001772_20260510_222002_339.png,0,0,1.055,0
orange_pos_001772_20260510_222002_339.png,20,0,0.861,0
orange_pos_001772_20260510_222002_339.png,40,0,5.545,0
orange_pos_001772_20260510_222002_339.png,60,0,7.894,0
orange_pos_001772_20260510_222002_339.png,80,0,1.838,0
orange_pos_001772_20260510_222002_339.png,100,0,0.674,0
orange_pos_001772_20260510_222002_339.png,120,0,0.715,0
orange_pos_001772_20260510_222002_339.png,140,0,2.876,0
orange_pos_001772_20260510_222002_339.png,0,20,1.295,0
orange_pos_001772_20260510_222002_339.png,20,20,0.960,0
orange_pos_001772_20260510_222002_339.png,40,20,5.609,0
orange_pos_001772_20260510_222002_339.png,60,20,2.558,0
orange_pos_001772_20260510_222002_339.png,80,20,0.674,0
orange_pos_001772_20260510_222002_339.png,100,20,0.674,0
orange_pos_001772_20260510_222002_339.png,120,20,0.674,0
orange_pos_001772_20260510_222002_339.png,140,20,8.010,0
orange_pos_001772_20260510_222002_339.png,0,40,0.795,0
orange_pos_001772_20260510_222002_339.png,20,40,0.994,0
orange_pos_001772_20260510_222002_339.png,40,40,3.740,0
orange_pos_001772_20260510_222002_339.png,60,40,1.922,0
orange_pos_001772_20260510_222002_339.png,80,40,0.674,0
orange_pos_001772_20260510_222002_339.png,100,40,0.674,0
orange_pos_001772_20260510_222002_339.png,120,40,0.674,0
orange_pos_001772_20260510_222002_339.png,140,40,6.793,0
orange_pos_001772_20260510_222002_339.png,0,60,1.018,0
orange_pos_001772_20260510_222002_339.png,20,60,0.674,0
orange_pos_001772_20260510_222002_339.png,40,60,2.369,0
orange_pos_001772_20260510_222002_339.png,60,60,4.809,0
orange_pos_001772_20260510_222002_339.png,80,60,194.584,1
orange_pos_001772_20260510_222002_339.png,100,60,46.910,0
orange_pos_001772_20260510_222002_339.png,120,60,1.496,0
orange_pos_001772_20260510_222002_339.png,140,60,2.960,0
orange_pos_001772_20260510_222002_339.png,0,80,0.842,0
orange_pos_001772_20260510_222002_339.png,20,80,0.674,0
orange_pos_001772_20260510_222002_339.png,40,80,3.071,0
orange_pos_001772_20260510_222002_339.png,60,80,2.820,0
orange_pos_001772_20260510_222002_339.png,80,80,96.672,1
orange_pos_001772_20260510_222002_339.png,100,80,21.212,0
orange_pos_001772_20260510_222002_339.png,120,80,2.726,0
orange_pos_001772_20260510_222002_339.png,140,80,2.629,0
orange_pos_001772_20260510_222002_339.png,0,100,0.799,0
orange_pos_001772_20260510_222002_339.png,20,100,1.384,0
orange_pos_001772_20260510_222002_339.png,40,100,8.678,0
orange_pos_001772_20260510_222002_339.png,60,100,3.166,0
orange_pos_001772_20260510_222002_339.png,80,100,0.674,0
orange_pos_001772_20260510_222002_339.png,100,100,0.674,0
orange_pos_001772_20260510_222002_339.png,120,100,1.172,0
orange_pos_001772_20260510_222002_339.png,140,100,3.370,0
orange_pos_001773_20260510_222004_679.png,0,0,2.468,0
orange_pos_001773_20260510_222004_679.png,20,0,7.353,0
orange_pos_001773_20260510_222004_679.png,40,0,17.590,0
orange_pos_001773_20260510_222004_679.png,60,0,24.383,0
orange_pos_001773_20260510_222004_679.png,80,0,7.342,0
orange_pos_001773_20260510_222004_679.png,100,0,0.713,0
orange_pos_001773_20260510_222004_679.png,120,0,1.062,0
orange_pos_001773_20260510_222004_679.png,140,0,5.023,0
orange_pos_001773_20260510_222004_679.png,0,20,0.674,0
orange_pos_001773_20260510_222004_679.png,20,20,0.696,0
orange_pos_001773_20260510_222004_679.png,40,20,1.069,0
orange_pos_001773_20260510_222004_679.png,60,20,0.684,0
orange_pos_001773_20260510_222004_679.png,80,20,0.674,0
orange_pos_001773_20260510_222004_679.png,100,20,0.674,0
orange_pos_001773_20260510_222004_679.png,120,20,0.674,0
orange_pos_001773_20260510_222004_679.png,140,20,0.674,0
orange_pos_001773_20260510_222004_679.png,0,40,0.965,0
orange_pos_001773_20260510_222004_679.png,20,40,2.205,0
orange_pos_001773_20260510_222004_679.png,40,40,3.354,0
orange_pos_001773_20260510_222004_679.png,60,40,1.622,0
orange_pos_001773_20260510_222004_679.png,80,40,0.674,0
orange_pos_001773_20260510_222004_679.png,100,40,0.674,0
orange_pos_001773_20260510_222004_679.png,120,40,0.674,0
orange_pos_001773_20260510_222004_679.png,140,40,1.136,0
orange_pos_001773_20260510_222004_679.png,0,60,1.823,0
orange_pos_001773_20260510_222004_679.png,20,60,2.895,0
orange_pos_001773_20260510_222004_679.png,40,60,10.431,0
orange_pos_001773_20260510_222004_679.png,60,60,2.157,0
orange_pos_001773_20260510_222004_679.png,80,60,0.674,0
orange_pos_001773_20260510_222004_679.png,100,60,0.674,0
orange_pos_001773_20260510_222004_679.png,120,60,0.674,0
orange_pos_001773_20260510_222004_679.png,140,60,12.072,0
orange_pos_001773_20260510_222004_679.png,0,80,1.225,0
orange_pos_001773_20260510_222004_679.png,20,80,2.391,0
orange_pos_001773_20260510_222004_679.png,40,80,11.403,0
orange_pos_001773_20260510_222004_679.png,60,80,34.021,0
orange_pos_001773_20260510_222004_679.png,80,80,89.194,1
orange_pos_001773_20260510_222004_679.png,100,80,5.121,0
orange_pos_001773_20260510_222004_679.png,120,80,1.273,0
orange_pos_001773_20260510_222004_679.png,140,80,12.999,0
orange_pos_001773_20260510_222004_679.png,0,100,1.080,0
orange_pos_001773_20260510_222004_679.png,20,100,2.491,0
orange_pos_001773_20260510_222004_679.png,40,100,12.691,0
orange_pos_001773_20260510_222004_679.png,60,100,65.320,1
orange_pos_001773_20260510_222004_679.png,80,100,148.528,1
orange_pos_001773_20260510_222004_679.png,100,100,19.054,0
orange_pos_001773_20260510_222004_679.png,120,100,9.214,0
orange_pos_001773_20260510_222004_679.png,140,100,11.175,0
orange_pos_001774_20260510_222006_931.png,0,0,0.674,0
orange_pos_001774_20260510_222006_931.png,20,0,0.674,0
orange_pos_001774_20260510_222006_931.png,40,0,0.674,0
orange_pos_001774_20260510_222006_931.png,60,0,0.674,0
orange_pos_001774_20260510_222006_931.png,80,0,0.674,0
orange_pos_001774_20260510_222006_931.png,100,0,0.674,0
orange_pos_001774_20260510_222006_931.png,120,0,0.674,0
orange_pos_001774_20260510_222006_931.png,140,0,0.674,0
orange_pos_001774_20260510_222006_931.png,0,20,0.721,0
orange_pos_001774_20260510_222006_931.png,20,20,0.674,0
orange_pos_001774_20260510_222006_931.png,40,20,0.930,0
orange_pos_001774_20260510_222006_931.png,60,20,0.681,0
orange_pos_001774_20260510_222006_931.png,80,20,0.912,0
orange_pos_001774_20260510_222006_931.png,100,20,0.674,0
orange_pos_001774_20260510_222006_931.png,120,20,0.674,0
orange_pos_001774_20260510_222006_931.png,140,20,3.359,0
orange_pos_001774_20260510_222006_931.png,0,40,0.772,0
orange_pos_001774_20260510_222006_931.png,20,40,0.674,0
orange_pos_001774_20260510_222006_931.png,40,40,0.674,0
orange_pos_001774_20260510_222006_931.png,60,40,34.078,0
orange_pos_001774_20260510_222006_931.png,80,40,185.733,1
orange_pos_001774_20260510_222006_931.png,100,40,23.827,0
orange_pos_001774_20260510_222006_931.png,120,40,0.674,0
orange_pos_001774_20260510_222006_931.png,140,40,2.665,0
orange_pos_001774_20260510_222006_931.png,0,60,0.674,0
orange_pos_001774_20260510_222006_931.png,20,60,0.674,0
orange_pos_001774_20260510_222006_931.png,40,60,0.854,0
orange_pos_001774_20260510_222006_931.png,60,60,5.212,0
orange_pos_001774_20260510_222006_931.png,80,60,86.711,1
orange_pos_001774_20260510_222006_931.png,100,60,4.410,0
orange_pos_001774_20260510_222006_931.png,120,60,1.112,0
orange_pos_001774_20260510_222006_931.png,140,60,1.146,0
orange_pos_001774_20260510_222006_931.png,0,80,0.674,0
orange_pos_001774_20260510_222006_931.png,20,80,0.674,0
orange_pos_001774_20260510_222006_931.png,40,80,0.674,0
orange_pos_001774_20260510_222006_931.png,60,80,0.674,0
orange_pos_001774_20260510_222006_931.png,80,80,0.674,0
orange_pos_001774_20260510_222006_931.png,100,80,0.674,0
orange_pos_001774_20260510_222006_931.png,120,80,0.674,0
orange_pos_001774_20260510_222006_931.png,140,80,0.674,0
orange_pos_001774_20260510_222006_931.png,0,100,0.675,0
orange_pos_001774_20260510_222006_931.png,20,100,0.685,0
orange_pos_001774_20260510_222006_931.png,40,100,1.190,0
orange_pos_001774_20260510_222006_931.png,60,100,0.799,0
orange_pos_001774_20260510_222006_931.png,80,100,0.674,0
orange_pos_001774_20260510_222006_931.png,100,100,0.674,0
orange_pos_001774_20260510_222006_931.png,120,100,0.674,0
orange_pos_001774_20260510_222006_931.png,140,100,0.674,0
orange_pos_001775_20260510_222007_324.png,0,0,0.674,0
orange_pos_001775_20260510_222007_324.png,20,0,0.674,0
orange_pos_001775_20260510_222007_324.png,40,0,0.674,0
orange_pos_001775_20260510_222007_324.png,60,0,0.674,0
orange_pos_001775_20260510_222007_324.png,80,0,0.674,0
orange_pos_001775_20260510_222007_324.png,100,0,0.674,0
orange_pos_001775_20260510_222007_324.png,120,0,0.674,0
orange_pos_001775_20260510_222007_324.png,140,0,0.674,0
orange_pos_001775_20260510_222007_324.png,0,20,0.721,0
orange_pos_001775_20260510_222007_324.png,20,20,0.674,0
orange_pos_001775_20260510_222007_324.png,40,20,0.930,0
orange_pos_001775_20260510_222007_324.png,60,20,0.681,0
orange_pos_001775_20260510_222007_324.png,80,20,0.912,0
orange_pos_001775_20260510_222007_324.png,100,20,0.674,0
orange_pos_001775_20260510_222007_324.png,120,20,0.674,0
orange_pos_001775_20260510_222007_324.png,140,20,3.359,0
orange_pos_001775_20260510_222007_324.png,0,40,0.772,0
orange_pos_001775_20260510_222007_324.png,20,40,0.674,0
orange_pos_001775_20260510_222007_324.png,40,40,0.674,0
orange_pos_001775_20260510_222007_324.png,60,40,34.078,0
orange_pos_001775_20260510_222007_324.png,80,40,185.733,1
orange_pos_001775_20260510_222007_324.png,100,40,23.827,0
orange_pos_001775_20260510_222007_324.png,120,40,0.674,0
orange_pos_001775_20260510_222007_324.png,140,40,2.665,0
orange_pos_001775_20260510_222007_324.png,0,60,0.674,0
orange_pos_001775_20260510_222007_324.png,20,60,0.674,0
orange_pos_001775_20260510_222007_324.png,40,60,0.854,0
orange_pos_001775_20260510_222007_324.png,60,60,5.212,0
orange_pos_001775_20260510_222007_324.png,80,60,86.711,1
orange_pos_001775_20260510_222007_324.png,100,60,4.410,0
orange_pos_001775_20260510_222007_324.png,120,60,1.112,0
orange_pos_001775_20260510_222007_324.png,140,60,1.146,0
orange_pos_001775_20260510_222007_324.png,0,80,0.674,0
orange_pos_001775_20260510_222007_324.png,20,80,0.674,0
orange_pos_001775_20260510_222007_324.png,40,80,0.674,0
orange_pos_001775_20260510_222007_324.png,60,80,0.674,0
orange_pos_001775_20260510_222007_324.png,80,80,0.674,0
orange_pos_001775_20260510_222007_324.png,100,80,0.674,0
orange_pos_001775_20260510_222007_324.png,120,80,0.674,0
orange_pos_001775_20260510_222007_324.png,140,80,0.674,0
orange_pos_001775_20260510_222007_324.png,0,100,0.675,0
orange_pos_001775_20260510_222007_324.png,20,100,0.685,0
orange_pos_001775_20260510_222007_324.png,40,100,1.190,0
orange_pos_001775_20260510_222007_324.png,60,100,0.799,0
orange_pos_001775_20260510_222007_324.png,80,100,0.674,0
orange_pos_001775_20260510_222007_324.png,100,100,0.674,0
orange_pos_001775_20260510_222007_324.png,120,100,0.674,0
orange_pos_001775_20260510_222007_324.png,140,100,0.674,0
orange_pos_001776_20260510_222008_885.png,0,0,0.721,0
orange_pos_001776_20260510_222008_885.png,20,0,0.674,0
orange_pos_001776_20260510_222008_885.png,40,0,0.674,0
orange_pos_001776_20260510_222008_885.png,60,0,0.674,0
orange_pos_001776_20260510_222008_885.png,80,0,24.312,0
orange_pos_001776_20260510_222008_885.png,100,0,1.717,0
orange_pos_001776_20260510_222008_885.png,120,0,0.674,0
orange_pos_001776_20260510_222008_885.png,140,0,0.674,0
orange_pos_001776_20260510_222008_885.png,0,20,0.674,0
orange_pos_001776_20260510_222008_885.png,20,20,0.674,0
orange_pos_001776_20260510_222008_885.png,40,20,0.674,0
orange_pos_001776_20260510_222008_885.png,60,20,0.845,0
orange_pos_001776_20260510_222008_885.png,80,20,33.874,0
orange_pos_001776_20260510_222008_885.png,100,20,2.678,0
orange_pos_001776_20260510_222008_885.png,120,20,0.674,0
orange_pos_001776_20260510_222008_885.png,140,20,0.674,0
orange_pos_001776_20260510_222008_885.png,0,40,0.674,0
orange_pos_001776_20260510_222008_885.png,20,40,0.674,0
orange_pos_001776_20260510_222008_885.png,40,40,0.674,0
orange_pos_001776_20260510_222008_885.png,60,40,0.674,0
orange_pos_001776_20260510_222008_885.png,80,40,0.674,0
orange_pos_001776_20260510_222008_885.png,100,40,0.674,0
orange_pos_001776_20260510_222008_885.png,120,40,0.674,0
orange_pos_001776_20260510_222008_885.png,140,40,0.674,0
orange_pos_001776_20260510_222008_885.png,0,60,0.674,0
orange_pos_001776_20260510_222008_885.png,20,60,0.674,0
orange_pos_001776_20260510_222008_885.png,40,60,0.674,0
orange_pos_001776_20260510_222008_885.png,60,60,0.674,0
orange_pos_001776_20260510_222008_885.png,80,60,0.674,0
orange_pos_001776_20260510_222008_885.png,100,60,0.674,0
orange_pos_001776_20260510_222008_885.png,120,60,0.674,0
orange_pos_001776_20260510_222008_885.png,140,60,0.674,0
orange_pos_001776_20260510_222008_885.png,0,80,0.674,0
orange_pos_001776_20260510_222008_885.png,20,80,0.674,0
orange_pos_001776_20260510_222008_885.png,40,80,0.674,0
orange_pos_001776_20260510_222008_885.png,60,80,0.674,0
orange_pos_001776_20260510_222008_885.png,80,80,0.674,0
orange_pos_001776_20260510_222008_885.png,100,80,0.674,0
orange_pos_001776_20260510_222008_885.png,120,80,0.674,0
orange_pos_001776_20260510_222008_885.png,140,80,0.674,0
orange_pos_001776_20260510_222008_885.png,0,100,0.674,0
orange_pos_001776_20260510_222008_885.png,20,100,0.674,0
orange_pos_001776_20260510_222008_885.png,40,100,0.674,0
orange_pos_001776_20260510_222008_885.png,60,100,0.674,0
orange_pos_001776_20260510_222008_885.png,80,100,0.674,0
orange_pos_001776_20260510_222008_885.png,100,100,0.674,0
orange_pos_001776_20260510_222008_885.png,120,100,0.674,0
orange_pos_001776_20260510_222008_885.png,140,100,0.674,0
orange_pos_001777_20260510_222011_111.png,0,0,4.275,0
orange_pos_001777_20260510_222011_111.png,20,0,2.776,0
orange_pos_001777_20260510_222011_111.png,40,0,177.011,1
orange_pos_001777_20260510_222011_111.png,60,0,218.067,1
orange_pos_001777_20260510_222011_111.png,80,0,21.182,0
orange_pos_001777_20260510_222011_111.png,100,0,1.555,0
orange_pos_001777_20260510_222011_111.png,120,0,11.133,0
orange_pos_001777_20260510_222011_111.png,140,0,22.211,0
orange_pos_001777_20260510_222011_111.png,0,20,1.746,0
orange_pos_001777_20260510_222011_111.png,20,20,2.517,0
orange_pos_001777_20260510_222011_111.png,40,20,17.689,0
orange_pos_001777_20260510_222011_111.png,60,20,27.464,0
orange_pos_001777_20260510_222011_111.png,80,20,6.011,0
orange_pos_001777_20260510_222011_111.png,100,20,0.674,0
orange_pos_001777_20260510_222011_111.png,120,20,1.201,0
orange_pos_001777_20260510_222011_111.png,140,20,10.044,0
orange_pos_001777_20260510_222011_111.png,0,40,1.248,0
orange_pos_001777_20260510_222011_111.png,20,40,1.799,0
orange_pos_001777_20260510_222011_111.png,40,40,15.849,0
orange_pos_001777_20260510_222011_111.png,60,40,8.035,0
orange_pos_001777_20260510_222011_111.png,80,40,0.674,0
orange_pos_001777_20260510_222011_111.png,100,40,0.674,0
orange_pos_001777_20260510_222011_111.png,120,40,0.674,0
orange_pos_001777_20260510_222011_111.png,140,40,4.145,0
orange_pos_001777_20260510_222011_111.png,0,60,1.662,0
orange_pos_001777_20260510_222011_111.png,20,60,2.903,0
orange_pos_001777_20260510_222011_111.png,40,60,24.927,0
orange_pos_001777_20260510_222011_111.png,60,60,13.142,0
orange_pos_001777_20260510_222011_111.png,80,60,0.674,0
orange_pos_001777_20260510_222011_111.png,100,60,0.674,0
orange_pos_001777_20260510_222011_111.png,120,60,0.676,0
orange_pos_001777_20260510_222011_111.png,140,60,7.984,0
orange_pos_001777_20260510_222011_111.png,0,80,2.033,0
orange_pos_001777_20260510_222011_111.png,20,80,2.126,0
orange_pos_001777_20260510_222011_111.png,40,80,14.923,0
orange_pos_001777_20260510_222011_111.png,60,80,8.909,0
orange_pos_001777_20260510_222011_111.png,80,80,0.674,0
orange_pos_001777_20260510_222011_111.png,100,80,0.837,0
orange_pos_001777_20260510_222011_111.png,120,80,1.228,0
orange_pos_001777_20260510_222011_111.png,140,80,9.158,0
orange_pos_001777_20260510_222011_111.png,0,100,1.685,0
orange_pos_001777_20260510_222011_111.png,20,100,3.007,0
orange_pos_001777_20260510_222011_111.png,40,100,24.362,0
orange_pos_001777_20260510_222011_111.png,60,100,11.681,0
orange_pos_001777_20260510_222011_111.png,80,100,0.865,0
orange_pos_001777_20260510_222011_111.png,100,100,2.078,0
orange_pos_001777_20260510_222011_111.png,120,100,6.097,0
orange_pos_001777_20260510_222011_111.png,140,100,13.694,0
orange_pos_001778_20260510_222011_634.png,0,0,4.275,0
orange_pos_001778_20260510_222011_634.png,20,0,2.776,0
orange_pos_001778_20260510_222011_634.png,40,0,177.011,1
orange_pos_001778_20260510_222011_634.png,60,0,218.067,1
orange_pos_001778_20260510_222011_634.png,80,0,21.182,0
orange_pos_001778_20260510_222011_634.png,100,0,1.555,0
orange_pos_001778_20260510_222011_634.png,120,0,11.133,0
orange_pos_001778_20260510_222011_634.png,140,0,22.211,0
orange_pos_001778_20260510_222011_634.png,0,20,1.746,0
orange_pos_001778_20260510_222011_634.png,20,20,2.517,0
orange_pos_001778_20260510_222011_634.png,40,20,17.689,0
orange_pos_001778_20260510_222011_634.png,60,20,27.464,0
orange_pos_001778_20260510_222011_634.png,80,20,6.011,0
orange_pos_001778_20260510_222011_634.png,100,20,0.674,0
orange_pos_001778_20260510_222011_634.png,120,20,1.201,0
orange_pos_001778_20260510_222011_634.png,140,20,10.044,0
orange_pos_001778_20260510_222011_634.png,0,40,1.248,0
orange_pos_001778_20260510_222011_634.png,20,40,1.799,0
orange_pos_001778_20260510_222011_634.png,40,40,15.849,0
orange_pos_001778_20260510_222011_634.png,60,40,8.035,0
orange_pos_001778_20260510_222011_634.png,80,40,0.674,0
orange_pos_001778_20260510_222011_634.png,100,40,0.674,0
orange_pos_001778_20260510_222011_634.png,120,40,0.674,0
orange_pos_001778_20260510_222011_634.png,140,40,4.145,0
orange_pos_001778_20260510_222011_634.png,0,60,1.662,0
orange_pos_001778_20260510_222011_634.png,20,60,2.903,0
orange_pos_001778_20260510_222011_634.png,40,60,24.927,0
orange_pos_001778_20260510_222011_634.png,60,60,13.142,0
orange_pos_001778_20260510_222011_634.png,80,60,0.674,0
orange_pos_001778_20260510_222011_634.png,100,60,0.674,0
orange_pos_001778_20260510_222011_634.png,120,60,0.676,0
orange_pos_001778_20260510_222011_634.png,140,60,7.984,0
orange_pos_001778_20260510_222011_634.png,0,80,2.033,0
orange_pos_001778_20260510_222011_634.png,20,80,2.126,0
orange_pos_001778_20260510_222011_634.png,40,80,14.923,0
orange_pos_001778_20260510_222011_634.png,60,80,8.909,0
orange_pos_001778_20260510_222011_634.png,80,80,0.674,0
orange_pos_001778_20260510_222011_634.png,100,80,0.837,0
orange_pos_001778_20260510_222011_634.png,120,80,1.228,0
orange_pos_001778_20260510_222011_634.png,140,80,9.158,0
orange_pos_001778_20260510_222011_634.png,0,100,1.685,0
orange_pos_001778_20260510_222011_634.png,20,100,3.007,0
orange_pos_001778_20260510_222011_634.png,40,100,24.362,0
orange_pos_001778_20260510_222011_634.png,60,100,11.681,0
orange_pos_001778_20260510_222011_634.png,80,100,0.865,0
orange_pos_001778_20260510_222011_634.png,100,100,2.078,0
orange_pos_001778_20260510_222011_634.png,120,100,6.097,0
orange_pos_001778_20260510_222011_634.png,140,100,13.694,0
orange_pos_001779_20260510_222013_184.png,0,0,12.207,0
orange_pos_001779_20260510_222013_184.png,20,0,1.407,0
orange_pos_001779_20260510_222013_184.png,40,0,35.966,0
orange_pos_001779_20260510_222013_184.png,60,0,51.948,0
orange_pos_001779_20260510_222013_184.png,80,0,24.021,0
orange_pos_001779_20260510_222013_184.png,100,0,36.632,0
orange_pos_001779_20260510_222013_184.png,120,0,26.140,0
orange_pos_001779_20260510_222013_184.png,140,0,9.788,0
orange_pos_001779_20260510_222013_184.png,0,20,1.186,0
orange_pos_001779_20260510_222013_184.png,20,20,1.336,0
orange_pos_001779_20260510_222013_184.png,40,20,168.198,1
orange_pos_001779_20260510_222013_184.png,60,20,242.078,1
orange_pos_001779_20260510_222013_184.png,80,20,30.096,0
orange_pos_001779_20260510_222013_184.png,100,20,7.002,0
orange_pos_001779_20260510_222013_184.png,120,20,32.224,0
orange_pos_001779_20260510_222013_184.png,140,20,35.074,0
orange_pos_001779_20260510_222013_184.png,0,40,1.975,0
orange_pos_001779_20260510_222013_184.png,20,40,1.086,0
orange_pos_001779_20260510_222013_184.png,40,40,86.528,1
orange_pos_001779_20260510_222013_184.png,60,40,131.142,1
orange_pos_001779_20260510_222013_184.png,80,40,20.193,0
orange_pos_001779_20260510_222013_184.png,100,40,3.345,0
orange_pos_001779_20260510_222013_184.png,120,40,9.789,0
orange_pos_001779_20260510_222013_184.png,140,40,15.411,0
orange_pos_001779_20260510_222013_184.png,0,60,1.800,0
orange_pos_001779_20260510_222013_184.png,20,60,0.697,0
orange_pos_001779_20260510_222013_184.png,40,60,26.457,0
orange_pos_001779_20260510_222013_184.png,60,60,16.451,0
orange_pos_001779_20260510_222013_184.png,80,60,0.725,0
orange_pos_001779_20260510_222013_184.png,100,60,0.674,0
orange_pos_001779_20260510_222013_184.png,120,60,1.044,0
orange_pos_001779_20260510_222013_184.png,140,60,12.559,0
orange_pos_001779_20260510_222013_184.png,0,80,2.139,0
orange_pos_001779_20260510_222013_184.png,20,80,0.715,0
orange_pos_001779_20260510_222013_184.png,40,80,28.512,0
orange_pos_001779_20260510_222013_184.png,60,80,17.871,0
orange_pos_001779_20260510_222013_184.png,80,80,0.674,0
orange_pos_001779_20260510_222013_184.png,100,80,1.670,0
orange_pos_001779_20260510_222013_184.png,120,80,6.102,0
orange_pos_001779_20260510_222013_184.png,140,80,20.006,0
orange_pos_001779_20260510_222013_184.png,0,100,1.495,0
orange_pos_001779_20260510_222013_184.png,20,100,3.094,0
orange_pos_001779_20260510_222013_184.png,40,100,25.978,0
orange_pos_001779_20260510_222013_184.png,60,100,12.493,0
orange_pos_001779_20260510_222013_184.png,80,100,0.676,0
orange_pos_001779_20260510_222013_184.png,100,100,1.175,0
orange_pos_001779_20260510_222013_184.png,120,100,4.808,0
orange_pos_001779_20260510_222013_184.png,140,100,11.396,0
orange_pos_001780_20260510_222013_799.png,0,0,3.980,0
orange_pos_001780_20260510_222013_799.png,20,0,0.674,0
orange_pos_001780_20260510_222013_799.png,40,0,15.071,0
orange_pos_001780_20260510_222013_799.png,60,0,20.520,0
orange_pos_001780_20260510_222013_799.png,80,0,12.780,0
orange_pos_001780_20260510_222013_799.png,100,0,13.946,0
orange_pos_001780_20260510_222013_799.png,120,0,12.152,0
orange_pos_001780_20260510_222013_799.png,140,0,9.022,0
orange_pos_001780_20260510_222013_799.png,0,20,1.318,0
orange_pos_001780_20260510_222013_799.png,20,20,0.674,0
orange_pos_001780_20260510_222013_799.png,40,20,109.778,1
orange_pos_001780_20260510_222013_799.png,60,20,146.382,1
orange_pos_001780_20260510_222013_799.png,80,20,2.608,0
orange_pos_001780_20260510_222013_799.png,100,20,0.674,0
orange_pos_001780_20260510_222013_799.png,120,20,11.410,0
orange_pos_001780_20260510_222013_799.png,140,20,18.068,0
orange_pos_001780_20260510_222013_799.png,0,40,1.788,0
orange_pos_001780_20260510_222013_799.png,20,40,0.674,0
orange_pos_001780_20260510_222013_799.png,40,40,190.135,1
orange_pos_001780_20260510_222013_799.png,60,40,255.000,1
orange_pos_001780_20260510_222013_799.png,80,40,18.942,0
orange_pos_001780_20260510_222013_799.png,100,40,0.928,0
orange_pos_001780_20260510_222013_799.png,120,40,7.655,0
orange_pos_001780_20260510_222013_799.png,140,40,11.099,0
orange_pos_001780_20260510_222013_799.png,0,60,1.246,0
orange_pos_001780_20260510_222013_799.png,20,60,0.674,0
orange_pos_001780_20260510_222013_799.png,40,60,13.241,0
orange_pos_001780_20260510_222013_799.png,60,60,4.397,0
orange_pos_001780_20260510_222013_799.png,80,60,0.674,0
orange_pos_001780_20260510_222013_799.png,100,60,0.674,0
orange_pos_001780_20260510_222013_799.png,120,60,0.674,0
orange_pos_001780_20260510_222013_799.png,140,60,4.193,0
orange_pos_001780_20260510_222013_799.png,0,80,1.238,0
orange_pos_001780_20260510_222013_799.png,20,80,0.824,0
orange_pos_001780_20260510_222013_799.png,40,80,17.293,0
orange_pos_001780_20260510_222013_799.png,60,80,9.023,0
orange_pos_001780_20260510_222013_799.png,80,80,0.674,0
orange_pos_001780_20260510_222013_799.png,100,80,0.787,0
orange_pos_001780_20260510_222013_799.png,120,80,3.252,0
orange_pos_001780_20260510_222013_799.png,140,80,9.133,0
orange_pos_001780_20260510_222013_799.png,0,100,1.197,0
orange_pos_001780_20260510_222013_799.png,20,100,2.469,0
orange_pos_001780_20260510_222013_799.png,40,100,13.608,0
orange_pos_001780_20260510_222013_799.png,60,100,7.674,0
orange_pos_001780_20260510_222013_799.png,80,100,0.674,0
orange_pos_001780_20260510_222013_799.png,100,100,0.724,0
orange_pos_001780_20260510_222013_799.png,120,100,1.559,0
orange_pos_001780_20260510_222013_799.png,140,100,5.734,0
orange_pos_001781_20260510_222015_650.png,0,0,0.807,0
orange_pos_001781_20260510_222015_650.png,20,0,0.674,0
orange_pos_001781_20260510_222015_650.png,40,0,2.020,0
orange_pos_001781_20260510_222015_650.png,60,0,1.725,0
orange_pos_001781_20260510_222015_650.png,80,0,0.686,0
orange_pos_001781_20260510_222015_650.png,100,0,0.674,0
orange_pos_001781_20260510_222015_650.png,120,0,0.674,0
orange_pos_001781_20260510_222015_650.png,140,0,1.462,0
orange_pos_001781_20260510_222015_650.png,0,20,0.674,0
orange_pos_001781_20260510_222015_650.png,20,20,0.674,0
orange_pos_001781_20260510_222015_650.png,40,20,0.674,0
orange_pos_001781_20260510_222015_650.png,60,20,0.674,0
orange_pos_001781_20260510_222015_650.png,80,20,0.674,0
orange_pos_001781_20260510_222015_650.png,100,20,0.674,0
orange_pos_001781_20260510_222015_650.png,120,20,0.674,0
orange_pos_001781_20260510_222015_650.png,140,20,0.674,0
orange_pos_001781_20260510_222015_650.png,0,40,0.760,0
orange_pos_001781_20260510_222015_650.png,20,40,0.674,0
orange_pos_001781_20260510_222015_650.png,40,40,46.680,0
orange_pos_001781_20260510_222015_650.png,60,40,29.348,0
orange_pos_001781_20260510_222015_650.png,80,40,0.674,0
orange_pos_001781_20260510_222015_650.png,100,40,0.674,0
orange_pos_001781_20260510_222015_650.png,120,40,0.674,0
orange_pos_001781_20260510_222015_650.png,140,40,1.265,0
orange_pos_001781_20260510_222015_650.png,0,60,0.686,0
orange_pos_001781_20260510_222015_650.png,20,60,0.674,0
orange_pos_001781_20260510_222015_650.png,40,60,255.000,1
orange_pos_001781_20260510_222015_650.png,60,60,211.709,1
orange_pos_001781_20260510_222015_650.png,80,60,1.099,0
orange_pos_001781_20260510_222015_650.png,100,60,0.674,0
orange_pos_001781_20260510_222015_650.png,120,60,0.674,0
orange_pos_001781_20260510_222015_650.png,140,60,0.675,0
orange_pos_001781_20260510_222015_650.png,0,80,0.680,0
orange_pos_001781_20260510_222015_650.png,20,80,0.674,0
orange_pos_001781_20260510_222015_650.png,40,80,50.356,0
orange_pos_001781_20260510_222015_650.png,60,80,35.337,0
orange_pos_001781_20260510_222015_650.png,80,80,0.674,0
orange_pos_001781_20260510_222015_650.png,100,80,0.674,0
orange_pos_001781_20260510_222015_650.png,120,80,0.674,0
orange_pos_001781_20260510_222015_650.png,140,80,0.700,0
orange_pos_001781_20260510_222015_650.png,0,100,0.695,0
orange_pos_001781_20260510_222015_650.png,20,100,0.674,0
orange_pos_001781_20260510_222015_650.png,40,100,0.953,0
orange_pos_001781_20260510_222015_650.png,60,100,0.737,0
orange_pos_001781_20260510_222015_650.png,80,100,0.674,0
orange_pos_001781_20260510_222015_650.png,100,100,0.674,0
orange_pos_001781_20260510_222015_650.png,120,100,0.674,0
orange_pos_001781_20260510_222015_650.png,140,100,0.674,0
orange_pos_001782_20260510_222016_282.png,0,0,0.674,0
orange_pos_001782_20260510_222016_282.png,20,0,0.674,0
orange_pos_001782_20260510_222016_282.png,40,0,0.819,0
orange_pos_001782_20260510_222016_282.png,60,0,0.675,0
orange_pos_001782_20260510_222016_282.png,80,0,0.674,0
orange_pos_001782_20260510_222016_282.png,100,0,0.674,0
orange_pos_001782_20260510_222016_282.png,120,0,0.674,0
orange_pos_001782_20260510_222016_282.png,140,0,0.674,0
orange_pos_001782_20260510_222016_282.png,0,20,0.674,0
orange_pos_001782_20260510_222016_282.png,20,20,0.674,0
orange_pos_001782_20260510_222016_282.png,40,20,0.674,0
orange_pos_001782_20260510_222016_282.png,60,20,0.674,0
orange_pos_001782_20260510_222016_282.png,80,20,0.674,0
orange_pos_001782_20260510_222016_282.png,100,20,0.674,0
orange_pos_001782_20260510_222016_282.png,120,20,0.674,0
orange_pos_001782_20260510_222016_282.png,140,20,0.674,0
orange_pos_001782_20260510_222016_282.png,0,40,0.682,0
orange_pos_001782_20260510_222016_282.png,20,40,0.674,0
orange_pos_001782_20260510_222016_282.png,40,40,0.674,0
orange_pos_001782_20260510_222016_282.png,60,40,0.674,0
orange_pos_001782_20260510_222016_282.png,80,40,0.674,0
orange_pos_001782_20260510_222016_282.png,100,40,0.674,0
orange_pos_001782_20260510_222016_282.png,120,40,0.674,0
orange_pos_001782_20260510_222016_282.png,140,40,0.674,0
orange_pos_001782_20260510_222016_282.png,0,60,0.674,0
orange_pos_001782_20260510_222016_282.png,20,60,0.674,0
orange_pos_001782_20260510_222016_282.png,40,60,228.550,1
orange_pos_001782_20260510_222016_282.png,60,60,168.630,1
orange_pos_001782_20260510_222016_282.png,80,60,0.920,0
orange_pos_001782_20260510_222016_282.png,100,60,0.674,0
orange_pos_001782_20260510_222016_282.png,120,60,0.674,0
orange_pos_001782_20260510_222016_282.png,140,60,0.674,0
orange_pos_001782_20260510_222016_282.png,0,80,0.674,0
orange_pos_001782_20260510_222016_282.png,20,80,0.674,0
orange_pos_001782_20260510_222016_282.png,40,80,122.960,1
orange_pos_001782_20260510_222016_282.png,60,80,89.141,1
orange_pos_001782_20260510_222016_282.png,80,80,0.674,0
orange_pos_001782_20260510_222016_282.png,100,80,0.674,0
orange_pos_001782_20260510_222016_282.png,120,80,0.674,0
orange_pos_001782_20260510_222016_282.png,140,80,0.674,0
orange_pos_001782_20260510_222016_282.png,0,100,0.674,0
orange_pos_001782_20260510_222016_282.png,20,100,0.674,0
orange_pos_001782_20260510_222016_282.png,40,100,0.674,0
orange_pos_001782_20260510_222016_282.png,60,100,0.674,0
orange_pos_001782_20260510_222016_282.png,80,100,0.674,0
orange_pos_001782_20260510_222016_282.png,100,100,0.674,0
orange_pos_001782_20260510_222016_282.png,120,100,0.674,0
orange_pos_001782_20260510_222016_282.png,140,100,0.674,0
orange_pos_001783_20260510_222017_862.png,0,0,6.635,0
orange_pos_001783_20260510_222017_862.png,20,0,2.658,0
orange_pos_001783_20260510_222017_862.png,40,0,18.570,0
orange_pos_001783_20260510_222017_862.png,60,0,33.103,0
orange_pos_001783_20260510_222017_862.png,80,0,7.847,0
orange_pos_001783_20260510_222017_862.png,100,0,4.025,0
orange_pos_001783_20260510_222017_862.png,120,0,3.090,0
orange_pos_001783_20260510_222017_862.png,140,0,10.714,0
orange_pos_001783_20260510_222017_862.png,0,20,1.323,0
orange_pos_001783_20260510_222017_862.png,20,20,1.880,0
orange_pos_001783_20260510_222017_862.png,40,20,10.541,0
orange_pos_001783_20260510_222017_862.png,60,20,6.040,0
orange_pos_001783_20260510_222017_862.png,80,20,0.718,0
orange_pos_001783_20260510_222017_862.png,100,20,0.674,0
orange_pos_001783_20260510_222017_862.png,120,20,0.674,0
orange_pos_001783_20260510_222017_862.png,140,20,3.812,0
orange_pos_001783_20260510_222017_862.png,0,40,1.613,0
orange_pos_001783_20260510_222017_862.png,20,40,1.533,0
orange_pos_001783_20260510_222017_862.png,40,40,13.577,0
orange_pos_001783_20260510_222017_862.png,60,40,6.033,0
orange_pos_001783_20260510_222017_862.png,80,40,0.674,0
orange_pos_001783_20260510_222017_862.png,100,40,0.674,0
orange_pos_001783_20260510_222017_862.png,120,40,0.708,0
orange_pos_001783_20260510_222017_862.png,140,40,14.523,0
orange_pos_001783_20260510_222017_862.png,0,60,1.809,0
orange_pos_001783_20260510_222017_862.png,20,60,3.195,0
orange_pos_001783_20260510_222017_862.png,40,60,29.833,0
orange_pos_001783_20260510_222017_862.png,60,60,19.201,0
orange_pos_001783_20260510_222017_862.png,80,60,0.674,0
orange_pos_001783_20260510_222017_862.png,100,60,0.800,0
orange_pos_001783_20260510_222017_862.png,120,60,2.203,0
orange_pos_001783_20260510_222017_862.png,140,60,18.704,0
orange_pos_001783_20260510_222017_862.png,0,80,1.859,0
orange_pos_001783_20260510_222017_862.png,20,80,1.648,0
orange_pos_001783_20260510_222017_862.png,40,80,255.000,1
orange_pos_001783_20260510_222017_862.png,60,80,207.246,1
orange_pos_001783_20260510_222017_862.png,80,80,3.383,0
orange_pos_001783_20260510_222017_862.png,100,80,0.674,0
orange_pos_001783_20260510_222017_862.png,120,80,2.577,0
orange_pos_001783_20260510_222017_862.png,140,80,7.306,0
orange_pos_001783_20260510_222017_862.png,0,100,1.233,0
orange_pos_001783_20260510_222017_862.png,20,100,4.104,0
orange_pos_001783_20260510_222017_862.png,40,100,115.612,1
orange_pos_001783_20260510_222017_862.png,60,100,56.968,0
orange_pos_001783_20260510_222017_862.png,80,100,6.427,0
orange_pos_001783_20260510_222017_862.png,100,100,2.803,0
orange_pos_001783_20260510_222017_862.png,120,100,6.631,0
orange_pos_001783_20260510_222017_862.png,140,100,12.390,0
orange_pos_001784_20260510_222020_536.png,0,0,0.676,0
orange_pos_001784_20260510_222020_536.png,20,0,0.677,0
orange_pos_001784_20260510_222020_536.png,40,0,4.474,0
orange_pos_001784_20260510_222020_536.png,60,0,4.284,0
orange_pos_001784_20260510_222020_536.png,80,0,0.827,0
orange_pos_001784_20260510_222020_536.png,100,0,0.674,0
orange_pos_001784_20260510_222020_536.png,120,0,0.674,0
orange_pos_001784_20260510_222020_536.png,140,0,0.674,0
orange_pos_001784_20260510_222020_536.png,0,20,0.796,0
orange_pos_001784_20260510_222020_536.png,20,20,0.698,0
orange_pos_001784_20260510_222020_536.png,40,20,1.916,0
orange_pos_001784_20260510_222020_536.png,60,20,0.907,0
orange_pos_001784_20260510_222020_536.png,80,20,0.674,0
orange_pos_001784_20260510_222020_536.png,100,20,0.674,0
orange_pos_001784_20260510_222020_536.png,120,20,0.674,0
orange_pos_001784_20260510_222020_536.png,140,20,0.675,0
orange_pos_001784_20260510_222020_536.png,0,40,0.882,0
orange_pos_001784_20260510_222020_536.png,20,40,0.674,0
orange_pos_001784_20260510_222020_536.png,40,40,2.231,0
orange_pos_001784_20260510_222020_536.png,60,40,0.881,0
orange_pos_001784_20260510_222020_536.png,80,40,0.674,0
orange_pos_001784_20260510_222020_536.png,100,40,0.674,0
orange_pos_001784_20260510_222020_536.png,120,40,0.674,0
orange_pos_001784_20260510_222020_536.png,140,40,1.053,0
orange_pos_001784_20260510_222020_536.png,0,60,0.938,0
orange_pos_001784_20260510_222020_536.png,20,60,0.674,0
orange_pos_001784_20260510_222020_536.png,40,60,3.908,0
orange_pos_001784_20260510_222020_536.png,60,60,1.108,0
orange_pos_001784_20260510_222020_536.png,80,60,13.958,0
orange_pos_001784_20260510_222020_536.png,100,60,0.702,0
orange_pos_001784_20260510_222020_536.png,120,60,0.674,0
orange_pos_001784_20260510_222020_536.png,140,60,4.138,0
orange_pos_001784_20260510_222020_536.png,0,80,0.928,0
orange_pos_001784_20260510_222020_536.png,20,80,0.777,0
orange_pos_001784_20260510_222020_536.png,40,80,5.300,0
orange_pos_001784_20260510_222020_536.png,60,80,50.037,0
orange_pos_001784_20260510_222020_536.png,80,80,236.747,1
orange_pos_001784_20260510_222020_536.png,100,80,37.152,0
orange_pos_001784_20260510_222020_536.png,120,80,3.603,0
orange_pos_001784_20260510_222020_536.png,140,80,4.553,0
orange_pos_001784_20260510_222020_536.png,0,100,0.736,0
orange_pos_001784_20260510_222020_536.png,20,100,1.259,0
orange_pos_001784_20260510_222020_536.png,40,100,5.526,0
orange_pos_001784_20260510_222020_536.png,60,100,4.683,0
orange_pos_001784_20260510_222020_536.png,80,100,59.564,0
orange_pos_001784_20260510_222020_536.png,100,100,3.456,0
orange_pos_001784_20260510_222020_536.png,120,100,0.797,0
orange_pos_001784_20260510_222020_536.png,140,100,1.355,0
orange_pos_001785_20260510_222022_080.png,0,0,1.587,0
orange_pos_001785_20260510_222022_080.png,20,0,3.315,0
orange_pos_001785_20260510_222022_080.png,40,0,7.782,0
orange_pos_001785_20260510_222022_080.png,60,0,7.614,0
orange_pos_001785_20260510_222022_080.png,80,0,1.855,0
orange_pos_001785_20260510_222022_080.png,100,0,1.214,0
orange_pos_001785_20260510_222022_080.png,120,0,0.769,0
orange_pos_001785_20260510_222022_080.png,140,0,2.597,0
orange_pos_001785_20260510_222022_080.png,0,20,0.674,0
orange_pos_001785_20260510_222022_080.png,20,20,0.674,0
orange_pos_001785_20260510_222022_080.png,40,20,1.867,0
orange_pos_001785_20260510_222022_080.png,60,20,0.891,0
orange_pos_001785_20260510_222022_080.png,80,20,0.674,0
orange_pos_001785_20260510_222022_080.png,100,20,0.674,0
orange_pos_001785_20260510_222022_080.png,120,20,0.674,0
orange_pos_001785_20260510_222022_080.png,140,20,0.674,0
orange_pos_001785_20260510_222022_080.png,0,40,0.931,0
orange_pos_001785_20260510_222022_080.png,20,40,1.242,0
orange_pos_001785_20260510_222022_080.png,40,40,7.048,0
orange_pos_001785_20260510_222022_080.png,60,40,2.475,0
orange_pos_001785_20260510_222022_080.png,80,40,0.674,0
orange_pos_001785_20260510_222022_080.png,100,40,0.674,0
orange_pos_001785_20260510_222022_080.png,120,40,0.674,0
orange_pos_001785_20260510_222022_080.png,140,40,1.412,0
orange_pos_001785_20260510_222022_080.png,0,60,0.888,0
orange_pos_001785_20260510_222022_080.png,20,60,0.674,0
orange_pos_001785_20260510_222022_080.png,40,60,5.013,0
orange_pos_001785_20260510_222022_080.png,60,60,1.021,0
orange_pos_001785_20260510_222022_080.png,80,60,0.674,0
orange_pos_001785_20260510_222022_080.png,100,60,0.674,0
orange_pos_001785_20260510_222022_080.png,120,60,0.688,0
orange_pos_001785_20260510_222022_080.png,140,60,5.113,0
orange_pos_001785_20260510_222022_080.png,0,80,0.818,0
orange_pos_001785_20260510_222022_080.png,20,80,0.674,0
orange_pos_001785_20260510_222022_080.png,40,80,1.549,0
orange_pos_001785_20260510_222022_080.png,60,80,0.717,0
orange_pos_001785_20260510_222022_080.png,80,80,0.674,0
orange_pos_001785_20260510_222022_080.png,100,80,54.312,0
orange_pos_001785_20260510_222022_080.png,120,80,62.578,0
orange_pos_001785_20260510_222022_080.png,140,80,3.419,0
orange_pos_001785_20260510_222022_080.png,0,100,0.988,0
orange_pos_001785_20260510_222022_080.png,20,100,0.844,0
orange_pos_001785_20260510_222022_080.png,40,100,4.955,0
orange_pos_001785_20260510_222022_080.png,60,100,2.624,0
orange_pos_001785_20260510_222022_080.png,80,100,0.674,0
orange_pos_001785_20260510_222022_080.png,100,100,23.432,0
orange_pos_001785_20260510_222022_080.png,120,100,35.973,0
orange_pos_001785_20260510_222022_080.png,140,100,7.813,0
orange_pos_001786_20260510_222024_444.png,0,0,0.717,0
orange_pos_001786_20260510_222024_444.png,20,0,0.674,0
orange_pos_001786_20260510_222024_444.png,40,0,1.479,0
orange_pos_001786_20260510_222024_444.png,60,0,0.689,0
orange_pos_001786_20260510_222024_444.png,80,0,0.674,0
orange_pos_001786_20260510_222024_444.png,100,0,0.674,0
orange_pos_001786_20260510_222024_444.png,120,0,0.674,0
orange_pos_001786_20260510_222024_444.png,140,0,0.674,0
orange_pos_001786_20260510_222024_444.png,0,20,0.674,0
orange_pos_001786_20260510_222024_444.png,20,20,0.674,0
orange_pos_001786_20260510_222024_444.png,40,20,1.037,0
orange_pos_001786_20260510_222024_444.png,60,20,0.718,0
orange_pos_001786_20260510_222024_444.png,80,20,0.674,0
orange_pos_001786_20260510_222024_444.png,100,20,0.674,0
orange_pos_001786_20260510_222024_444.png,120,20,0.674,0
orange_pos_001786_20260510_222024_444.png,140,20,0.674,0
orange_pos_001786_20260510_222024_444.png,0,40,0.674,0
orange_pos_001786_20260510_222024_444.png,20,40,0.674,0
orange_pos_001786_20260510_222024_444.png,40,40,0.675,0
orange_pos_001786_20260510_222024_444.png,60,40,0.674,0
orange_pos_001786_20260510_222024_444.png,80,40,0.674,0
orange_pos_001786_20260510_222024_444.png,100,40,0.743,0
orange_pos_001786_20260510_222024_444.png,120,40,1.445,0
orange_pos_001786_20260510_222024_444.png,140,40,0.674,0
orange_pos_001786_20260510_222024_444.png,0,60,0.869,0
orange_pos_001786_20260510_222024_444.png,20,60,0.674,0
orange_pos_001786_20260510_222024_444.png,40,60,0.674,0
orange_pos_001786_20260510_222024_444.png,60,60,0.674,0
orange_pos_001786_20260510_222024_444.png,80,60,0.674,0
orange_pos_001786_20260510_222024_444.png,100,60,10.833,0
orange_pos_001786_20260510_222024_444.png,120,60,21.960,0
orange_pos_001786_20260510_222024_444.png,140,60,2.721,0
orange_pos_001786_20260510_222024_444.png,0,80,0.674,0
orange_pos_001786_20260510_222024_444.png,20,80,0.674,0
orange_pos_001786_20260510_222024_444.png,40,80,0.674,0
orange_pos_001786_20260510_222024_444.png,60,80,0.674,0
orange_pos_001786_20260510_222024_444.png,80,80,0.674,0
orange_pos_001786_20260510_222024_444.png,100,80,0.674,0
orange_pos_001786_20260510_222024_444.png,120,80,0.674,0
orange_pos_001786_20260510_222024_444.png,140,80,0.674,0
orange_pos_001786_20260510_222024_444.png,0,100,0.674,0
orange_pos_001786_20260510_222024_444.png,20,100,0.674,0
orange_pos_001786_20260510_222024_444.png,40,100,0.674,0
orange_pos_001786_20260510_222024_444.png,60,100,0.674,0
orange_pos_001786_20260510_222024_444.png,80,100,0.674,0
orange_pos_001786_20260510_222024_444.png,100,100,0.674,0
orange_pos_001786_20260510_222024_444.png,120,100,0.674,0
orange_pos_001786_20260510_222024_444.png,140,100,0.674,0
orange_pos_001787_20260510_222026_813.png,0,0,3.602,0
orange_pos_001787_20260510_222026_813.png,20,0,1.246,0
orange_pos_001787_20260510_222026_813.png,40,0,14.728,0
orange_pos_001787_20260510_222026_813.png,60,0,24.676,0
orange_pos_001787_20260510_222026_813.png,80,0,8.840,0
orange_pos_001787_20260510_222026_813.png,100,0,13.742,0
orange_pos_001787_20260510_222026_813.png,120,0,25.572,0
orange_pos_001787_20260510_222026_813.png,140,0,19.842,0
orange_pos_001787_20260510_222026_813.png,0,20,1.650,0
orange_pos_001787_20260510_222026_813.png,20,20,0.674,0
orange_pos_001787_20260510_222026_813.png,40,20,8.629,0
orange_pos_001787_20260510_222026_813.png,60,20,7.974,0
orange_pos_001787_20260510_222026_813.png,80,20,0.750,0
orange_pos_001787_20260510_222026_813.png,100,20,139.204,1
orange_pos_001787_20260510_222026_813.png,120,20,70.433,1
orange_pos_001787_20260510_222026_813.png,140,20,28.204,0
orange_pos_001787_20260510_222026_813.png,0,40,1.002,0
orange_pos_001787_20260510_222026_813.png,20,40,0.674,0
orange_pos_001787_20260510_222026_813.png,40,40,10.064,0
orange_pos_001787_20260510_222026_813.png,60,40,3.532,0
orange_pos_001787_20260510_222026_813.png,80,40,0.674,0
orange_pos_001787_20260510_222026_813.png,100,40,14.731,0
orange_pos_001787_20260510_222026_813.png,120,40,7.274,0
orange_pos_001787_20260510_222026_813.png,140,40,19.454,0
orange_pos_001787_20260510_222026_813.png,0,60,1.164,0
orange_pos_001787_20260510_222026_813.png,20,60,0.674,0
orange_pos_001787_20260510_222026_813.png,40,60,16.236,0
orange_pos_001787_20260510_222026_813.png,60,60,9.356,0
orange_pos_001787_20260510_222026_813.png,80,60,0.674,0
orange_pos_001787_20260510_222026_813.png,100,60,0.674,0
orange_pos_001787_20260510_222026_813.png,120,60,0.674,0
orange_pos_001787_20260510_222026_813.png,140,60,6.338,0
orange_pos_001787_20260510_222026_813.png,0,80,1.185,0
orange_pos_001787_20260510_222026_813.png,20,80,0.867,0
orange_pos_001787_20260510_222026_813.png,40,80,17.522,0
orange_pos_001787_20260510_222026_813.png,60,80,12.192,0
orange_pos_001787_20260510_222026_813.png,80,80,0.674,0
orange_pos_001787_20260510_222026_813.png,100,80,0.680,0
orange_pos_001787_20260510_222026_813.png,120,80,3.358,0
orange_pos_001787_20260510_222026_813.png,140,80,10.020,0
orange_pos_001787_20260510_222026_813.png,0,100,1.335,0
orange_pos_001787_20260510_222026_813.png,20,100,3.336,0
orange_pos_001787_20260510_222026_813.png,40,100,25.507,0
orange_pos_001787_20260510_222026_813.png,60,100,10.694,0
orange_pos_001787_20260510_222026_813.png,80,100,1.071,0
orange_pos_001787_20260510_222026_813.png,100,100,2.938,0
orange_pos_001787_20260510_222026_813.png,120,100,7.335,0
orange_pos_001787_20260510_222026_813.png,140,100,16.471,0
orange_pos_001788_20260510_222027_266.png,0,0,3.895,0
orange_pos_001788_20260510_222027_266.png,20,0,0.674,0
orange_pos_001788_20260510_222027_266.png,40,0,16.406,0
orange_pos_001788_20260510_222027_266.png,60,0,24.023,0
orange_pos_001788_20260510_222027_266.png,80,0,7.103,0
orange_pos_001788_20260510_222027_266.png,100,0,34.374,0
orange_pos_001788_20260510_222027_266.png,120,0,27.073,0
orange_pos_001788_20260510_222027_266.png,140,0,9.680,0
orange_pos_001788_20260510_222027_266.png,0,20,1.138,0
orange_pos_001788_20260510_222027_266.png,20,20,0.674,0
orange_pos_001788_20260510_222027_266.png,40,20,8.434,0
orange_pos_001788_20260510_222027_266.png,60,20,4.986,0
orange_pos_001788_20260510_222027_266.png,80,20,1.497,0
orange_pos_001788_20260510_222027_266.png,100,20,142.867,1
orange_pos_001788_20260510_222027_266.png,120,20,49.439,0
orange_pos_001788_20260510_222027_266.png,140,20,10.704,0
orange_pos_001788_20260510_222027_266.png,0,40,1.741,0
orange_pos_001788_20260510_222027_266.png,20,40,0.674,0
orange_pos_001788_20260510_222027_266.png,40,40,13.473,0
orange_pos_001788_20260510_222027_266.png,60,40,7.097,0
orange_pos_001788_20260510_222027_266.png,80,40,0.674,0
orange_pos_001788_20260510_222027_266.png,100,40,3.808,0
orange_pos_001788_20260510_222027_266.png,120,40,4.469,0
orange_pos_001788_20260510_222027_266.png,140,40,19.068,0
orange_pos_001788_20260510_222027_266.png,0,60,1.418,0
orange_pos_001788_20260510_222027_266.png,20,60,0.674,0
orange_pos_001788_20260510_222027_266.png,40,60,20.353,0
orange_pos_001788_20260510_222027_266.png,60,60,11.254,0
orange_pos_001788_20260510_222027_266.png,80,60,0.674,0
orange_pos_001788_20260510_222027_266.png,100,60,0.674,0
orange_pos_001788_20260510_222027_266.png,120,60,0.687,0
orange_pos_001788_20260510_222027_266.png,140,60,8.236,0
orange_pos_001788_20260510_222027_266.png,0,80,1.052,0
orange_pos_001788_20260510_222027_266.png,20,80,0.674,0
orange_pos_001788_20260510_222027_266.png,40,80,12.422,0
orange_pos_001788_20260510_222027_266.png,60,80,5.204,0
orange_pos_001788_20260510_222027_266.png,80,80,0.674,0
orange_pos_001788_20260510_222027_266.png,100,80,0.674,0
orange_pos_001788_20260510_222027_266.png,120,80,0.900,0
orange_pos_001788_20260510_222027_266.png,140,80,4.577,0
orange_pos_001788_20260510_222027_266.png,0,100,1.093,0
orange_pos_001788_20260510_222027_266.png,20,100,2.268,0
orange_pos_001788_20260510_222027_266.png,40,100,16.544,0
orange_pos_001788_20260510_222027_266.png,60,100,8.066,0
orange_pos_001788_20260510_222027_266.png,80,100,0.674,0
orange_pos_001788_20260510_222027_266.png,100,100,0.686,0
orange_pos_001788_20260510_222027_266.png,120,100,2.428,0
orange_pos_001788_20260510_222027_266.png,140,100,6.352,0
orange_pos_001814_20260510_222111_582.png,0,0,2.950,0
orange_pos_001814_20260510_222111_582.png,20,0,3.258,0
orange_pos_001814_20260510_222111_582.png,40,0,17.058,0
orange_pos_001814_20260510_222111_582.png,60,0,24.831,0
orange_pos_001814_20260510_222111_582.png,80,0,4.476,0
orange_pos_001814_20260510_222111_582.png,100,0,0.751,0
orange_pos_001814_20260510_222111_582.png,120,0,1.190,0
orange_pos_001814_20260510_222111_582.png,140,0,6.213,0
orange_pos_001814_20260510_222111_582.png,0,20,1.114,0
orange_pos_001814_20260510_222111_582.png,20,20,5.968,0
orange_pos_001814_20260510_222111_582.png,40,20,12.730,0
orange_pos_001814_20260510_222111_582.png,60,20,9.404,0
orange_pos_001814_20260510_222111_582.png,80,20,0.683,0
orange_pos_001814_20260510_222111_582.png,100,20,0.674,0
orange_pos_001814_20260510_222111_582.png,120,20,0.674,0
orange_pos_001814_20260510_222111_582.png,140,20,3.251,0
orange_pos_001814_20260510_222111_582.png,0,40,0.811,0
orange_pos_001814_20260510_222111_582.png,20,40,0.899,0
orange_pos_001814_20260510_222111_582.png,40,40,6.107,0
orange_pos_001814_20260510_222111_582.png,60,40,1.273,0
orange_pos_001814_20260510_222111_582.png,80,40,0.674,0
orange_pos_001814_20260510_222111_582.png,100,40,0.674,0
orange_pos_001814_20260510_222111_582.png,120,40,0.674,0
orange_pos_001814_20260510_222111_582.png,140,40,1.260,0
orange_pos_001814_20260510_222111_582.png,0,60,1.349,0
orange_pos_001814_20260510_222111_582.png,20,60,3.910,0
orange_pos_001814_20260510_222111_582.png,40,60,12.468,0
orange_pos_001814_20260510_222111_582.png,60,60,5.887,0
orange_pos_001814_20260510_222111_582.png,80,60,0.674,0
orange_pos_001814_20260510_222111_582.png,100,60,0.674,0
orange_pos_001814_20260510_222111_582.png,120,60,0.674,0
orange_pos_001814_20260510_222111_582.png,140,60,4.752,0
orange_pos_001814_20260510_222111_582.png,0,80,1.680,0
orange_pos_001814_20260510_222111_582.png,20,80,2.185,0
orange_pos_001814_20260510_222111_582.png,40,80,12.453,0
orange_pos_001814_20260510_222111_582.png,60,80,6.201,0
orange_pos_001814_20260510_222111_582.png,80,80,0.674,0
orange_pos_001814_20260510_222111_582.png,100,80,0.715,0
orange_pos_001814_20260510_222111_582.png,120,80,1.354,0
orange_pos_001814_20260510_222111_582.png,140,80,5.384,0
orange_pos_001814_20260510_222111_582.png,0,100,1.192,0
orange_pos_001814_20260510_222111_582.png,20,100,2.565,0
orange_pos_001814_20260510_222111_582.png,40,100,16.214,0
orange_pos_001814_20260510_222111_582.png,60,100,6.991,0
orange_pos_001814_20260510_222111_582.png,80,100,0.794,0
orange_pos_001814_20260510_222111_582.png,100,100,2.179,0
orange_pos_001814_20260510_222111_582.png,120,100,3.741,0
orange_pos_001814_20260510_222111_582.png,140,100,7.053,0
orange_pos_001815_20260510_222113_511.png,0,0,0.674,0
orange_pos_001815_20260510_222113_511.png,20,0,0.674,0
orange_pos_001815_20260510_222113_511.png,40,0,0.674,0
orange_pos_001815_20260510_222113_511.png,60,0,0.674,0
orange_pos_001815_20260510_222113_511.png,80,0,0.674,0
orange_pos_001815_20260510_222113_511.png,100,0,0.674,0
orange_pos_001815_20260510_222113_511.png,120,0,0.674,0
orange_pos_001815_20260510_222113_511.png,140,0,0.674,0
orange_pos_001815_20260510_222113_511.png,0,20,0.674,0
orange_pos_001815_20260510_222113_511.png,20,20,0.674,0
orange_pos_001815_20260510_222113_511.png,40,20,0.674,0
orange_pos_001815_20260510_222113_511.png,60,20,0.674,0
orange_pos_001815_20260510_222113_511.png,80,20,0.674,0
orange_pos_001815_20260510_222113_511.png,100,20,0.674,0
orange_pos_001815_20260510_222113_511.png,120,20,0.674,0
orange_pos_001815_20260510_222113_511.png,140,20,0.674,0
orange_pos_001815_20260510_222113_511.png,0,40,0.674,0
orange_pos_001815_20260510_222113_511.png,20,40,0.675,0
orange_pos_001815_20260510_222113_511.png,40,40,0.682,0
orange_pos_001815_20260510_222113_511.png,60,40,0.674,0
orange_pos_001815_20260510_222113_511.png,80,40,0.674,0
orange_pos_001815_20260510_222113_511.png,100,40,0.674,0
orange_pos_001815_20260510_222113_511.png,120,40,0.674,0
orange_pos_001815_20260510_222113_511.png,140,40,0.674,0
orange_pos_001815_20260510_222113_511.png,0,60,0.674,0
orange_pos_001815_20260510_222113_511.png,20,60,0.674,0
orange_pos_001815_20260510_222113_511.png,40,60,0.674,0
orange_pos_001815_20260510_222113_511.png,60,60,0.674,0
orange_pos_001815_20260510_222113_511.png,80,60,0.674,0
orange_pos_001815_20260510_222113_511.png,100,60,0.674,0
orange_pos_001815_20260510_222113_511.png,120,60,0.674,0
orange_pos_001815_20260510_222113_511.png,140,60,0.674,0
orange_pos_001815_20260510_222113_511.png,0,80,0.674,0
orange_pos_001815_20260510_222113_511.png,20,80,0.674,0
orange_pos_001815_20260510_222113_511.png,40,80,0.674,0
orange_pos_001815_20260510_222113_511.png,60,80,0.674,0
orange_pos_001815_20260510_222113_511.png,80,80,0.674,0
orange_pos_001815_20260510_222113_511.png,100,80,0.674,0
orange_pos_001815_20260510_222113_511.png,120,80,0.674,0
orange_pos_001815_20260510_222113_511.png,140,80,0.674,0
orange_pos_001815_20260510_222113_511.png,0,100,0.674,0
orange_pos_001815_20260510_222113_511.png,20,100,0.674,0
orange_pos_001815_20260510_222113_511.png,40,100,0.674,0
orange_pos_001815_20260510_222113_511.png,60,100,0.674,0
orange_pos_001815_20260510_222113_511.png,80,100,0.674,0
orange_pos_001815_20260510_222113_511.png,100,100,0.674,0
orange_pos_001815_20260510_222113_511.png,120,100,0.674,0
orange_pos_001815_20260510_222113_511.png,140,100,0.674,0
orange_pos_001816_20260510_222115_654.png,0,0,0.674,0
orange_pos_001816_20260510_222115_654.png,20,0,0.749,0
orange_pos_001816_20260510_222115_654.png,40,0,0.828,0
orange_pos_001816_20260510_222115_654.png,60,0,0.674,0
orange_pos_001816_20260510_222115_654.png,80,0,0.674,0
orange_pos_001816_20260510_222115_654.png,100,0,0.674,0
orange_pos_001816_20260510_222115_654.png,120,0,0.674,0
orange_pos_001816_20260510_222115_654.png,140,0,0.674,0
orange_pos_001816_20260510_222115_654.png,0,20,0.674,0
orange_pos_001816_20260510_222115_654.png,20,20,0.674,0
orange_pos_001816_20260510_222115_654.png,40,20,0.674,0
orange_pos_001816_20260510_222115_654.png,60,20,0.674,0
orange_pos_001816_20260510_222115_654.png,80,20,0.674,0
orange_pos_001816_20260510_222115_654.png,100,20,0.674,0
orange_pos_001816_20260510_222115_654.png,120,20,0.674,0
orange_pos_001816_20260510_222115_654.png,140,20,0.674,0
orange_pos_001816_20260510_222115_654.png,0,40,0.674,0
orange_pos_001816_20260510_222115_654.png,20,40,0.674,0
orange_pos_001816_20260510_222115_654.png,40,40,0.674,0
orange_pos_001816_20260510_222115_654.png,60,40,0.674,0
orange_pos_001816_20260510_222115_654.png,80,40,0.674,0
orange_pos_001816_20260510_222115_654.png,100,40,0.674,0
orange_pos_001816_20260510_222115_654.png,120,40,0.674,0
orange_pos_001816_20260510_222115_654.png,140,40,0.674,0
orange_pos_001816_20260510_222115_654.png,0,60,0.674,0
orange_pos_001816_20260510_222115_654.png,20,60,0.674,0
orange_pos_001816_20260510_222115_654.png,40,60,0.674,0
orange_pos_001816_20260510_222115_654.png,60,60,0.674,0
orange_pos_001816_20260510_222115_654.png,80,60,0.674,0
orange_pos_001816_20260510_222115_654.png,100,60,0.674,0
orange_pos_001816_20260510_222115_654.png,120,60,0.674,0
orange_pos_001816_20260510_222115_654.png,140,60,0.674,0
orange_pos_001816_20260510_222115_654.png,0,80,0.674,0
orange_pos_001816_20260510_222115_654.png,20,80,0.674,0
orange_pos_001816_20260510_222115_654.png,40,80,0.674,0
orange_pos_001816_20260510_222115_654.png,60,80,0.674,0
orange_pos_001816_20260510_222115_654.png,80,80,0.674,0
orange_pos_001816_20260510_222115_654.png,100,80,0.674,0
orange_pos_001816_20260510_222115_654.png,120,80,0.674,0
orange_pos_001816_20260510_222115_654.png,140,80,0.674,0
orange_pos_001816_20260510_222115_654.png,0,100,0.674,0
orange_pos_001816_20260510_222115_654.png,20,100,0.674,0
orange_pos_001816_20260510_222115_654.png,40,100,0.674,0
orange_pos_001816_20260510_222115_654.png,60,100,0.674,0
orange_pos_001816_20260510_222115_654.png,80,100,0.674,0
orange_pos_001816_20260510_222115_654.png,100,100,0.674,0
orange_pos_001816_20260510_222115_654.png,120,100,0.674,0
orange_pos_001816_20260510_222115_654.png,140,100,0.674,0
orange_pos_001817_20260510_222117_790.png,0,0,0.737,0
orange_pos_001817_20260510_222117_790.png,20,0,1.867,0
orange_pos_001817_20260510_222117_790.png,40,0,5.302,0
orange_pos_001817_20260510_222117_790.png,60,0,5.649,0
orange_pos_001817_20260510_222117_790.png,80,0,1.039,0
orange_pos_001817_20260510_222117_790.png,100,0,0.674,0
orange_pos_001817_20260510_222117_790.png,120,0,0.674,0
orange_pos_001817_20260510_222117_790.png,140,0,1.169,0
orange_pos_001817_20260510_222117_790.png,0,20,0.679,0
orange_pos_001817_20260510_222117_790.png,20,20,0.680,0
orange_pos_001817_20260510_222117_790.png,40,20,1.418,0
orange_pos_001817_20260510_222117_790.png,60,20,0.747,0
orange_pos_001817_20260510_222117_790.png,80,20,0.674,0
orange_pos_001817_20260510_222117_790.png,100,20,0.674,0
orange_pos_001817_20260510_222117_790.png,120,20,0.674,0
orange_pos_001817_20260510_222117_790.png,140,20,0.674,0
orange_pos_001817_20260510_222117_790.png,0,40,0.698,0
orange_pos_001817_20260510_222117_790.png,20,40,1.102,0
orange_pos_001817_20260510_222117_790.png,40,40,2.463,0
orange_pos_001817_20260510_222117_790.png,60,40,0.713,0
orange_pos_001817_20260510_222117_790.png,80,40,0.674,0
orange_pos_001817_20260510_222117_790.png,100,40,0.674,0
orange_pos_001817_20260510_222117_790.png,120,40,0.674,0
orange_pos_001817_20260510_222117_790.png,140,40,0.674,0
orange_pos_001817_20260510_222117_790.png,0,60,0.686,0
orange_pos_001817_20260510_222117_790.png,20,60,0.674,0
orange_pos_001817_20260510_222117_790.png,40,60,1.231,0
orange_pos_001817_20260510_222117_790.png,60,60,0.685,0
orange_pos_001817_20260510_222117_790.png,80,60,0.674,0
orange_pos_001817_20260510_222117_790.png,100,60,0.674,0
orange_pos_001817_20260510_222117_790.png,120,60,0.674,0
orange_pos_001817_20260510_222117_790.png,140,60,0.674,0
orange_pos_001817_20260510_222117_790.png,0,80,0.688,0
orange_pos_001817_20260510_222117_790.png,20,80,0.674,0
orange_pos_001817_20260510_222117_790.png,40,80,1.343,0
orange_pos_001817_20260510_222117_790.png,60,80,0.741,0
orange_pos_001817_20260510_222117_790.png,80,80,0.674,0
orange_pos_001817_20260510_222117_790.png,100,80,0.674,0
orange_pos_001817_20260510_222117_790.png,120,80,0.674,0
orange_pos_001817_20260510_222117_790.png,140,80,0.675,0
orange_pos_001817_20260510_222117_790.png,0,100,0.681,0
orange_pos_001817_20260510_222117_790.png,20,100,0.749,0
orange_pos_001817_20260510_222117_790.png,40,100,2.009,0
orange_pos_001817_20260510_222117_790.png,60,100,0.931,0
orange_pos_001817_20260510_222117_790.png,80,100,0.674,0
orange_pos_001817_20260510_222117_790.png,100,100,0.674,0
orange_pos_001817_20260510_222117_790.png,120,100,0.674,0
orange_pos_001817_20260510_222117_790.png,140,100,0.674,0
orange_pos_001818_20260510_222118_144.png,0,0,0.674,0
orange_pos_001818_20260510_222118_144.png,20,0,0.674,0
orange_pos_001818_20260510_222118_144.png,40,0,0.918,0
orange_pos_001818_20260510_222118_144.png,60,0,1.019,0
orange_pos_001818_20260510_222118_144.png,80,0,0.699,0
orange_pos_001818_20260510_222118_144.png,100,0,0.674,0
orange_pos_001818_20260510_222118_144.png,120,0,0.674,0
orange_pos_001818_20260510_222118_144.png,140,0,0.674,0
orange_pos_001818_20260510_222118_144.png,0,20,0.674,0
orange_pos_001818_20260510_222118_144.png,20,20,0.674,0
orange_pos_001818_20260510_222118_144.png,40,20,0.715,0
orange_pos_001818_20260510_222118_144.png,60,20,0.674,0
orange_pos_001818_20260510_222118_144.png,80,20,0.674,0
orange_pos_001818_20260510_222118_144.png,100,20,0.674,0
orange_pos_001818_20260510_222118_144.png,120,20,0.674,0
orange_pos_001818_20260510_222118_144.png,140,20,0.674,0
orange_pos_001818_20260510_222118_144.png,0,40,0.674,0
orange_pos_001818_20260510_222118_144.png,20,40,0.674,0
orange_pos_001818_20260510_222118_144.png,40,40,0.674,0
orange_pos_001818_20260510_222118_144.png,60,40,0.674,0
orange_pos_001818_20260510_222118_144.png,80,40,0.674,0
orange_pos_001818_20260510_222118_144.png,100,40,0.674,0
orange_pos_001818_20260510_222118_144.png,120,40,0.674,0
orange_pos_001818_20260510_222118_144.png,140,40,0.674,0
orange_pos_001818_20260510_222118_144.png,0,60,0.674,0
orange_pos_001818_20260510_222118_144.png,20,60,0.674,0
orange_pos_001818_20260510_222118_144.png,40,60,1.031,0
orange_pos_001818_20260510_222118_144.png,60,60,0.674,0
orange_pos_001818_20260510_222118_144.png,80,60,0.674,0
orange_pos_001818_20260510_222118_144.png,100,60,0.674,0
orange_pos_001818_20260510_222118_144.png,120,60,0.674,0
orange_pos_001818_20260510_222118_144.png,140,60,0.674,0
orange_pos_001818_20260510_222118_144.png,0,80,0.674,0
orange_pos_001818_20260510_222118_144.png,20,80,0.674,0
orange_pos_001818_20260510_222118_144.png,40,80,0.941,0
orange_pos_001818_20260510_222118_144.png,60,80,0.674,0
orange_pos_001818_20260510_222118_144.png,80,80,0.674,0
orange_pos_001818_20260510_222118_144.png,100,80,0.674,0
orange_pos_001818_20260510_222118_144.png,120,80,0.674,0
orange_pos_001818_20260510_222118_144.png,140,80,0.674,0
orange_pos_001818_20260510_222118_144.png,0,100,0.727,0
orange_pos_001818_20260510_222118_144.png,20,100,0.708,0
orange_pos_001818_20260510_222118_144.png,40,100,1.039,0
orange_pos_001818_20260510_222118_144.png,60,100,0.674,0
orange_pos_001818_20260510_222118_144.png,80,100,0.674,0
orange_pos_001818_20260510_222118_144.png,100,100,0.674,0
orange_pos_001818_20260510_222118_144.png,120,100,0.674,0
orange_pos_001818_20260510_222118_144.png,140,100,0.683,0
orange_pos_001819_20260510_222118_504.png,0,0,0.674,0
orange_pos_001819_20260510_222118_504.png,20,0,0.674,0
orange_pos_001819_20260510_222118_504.png,40,0,0.918,0
orange_pos_001819_20260510_222118_504.png,60,0,1.019,0
orange_pos_001819_20260510_222118_504.png,80,0,0.699,0
orange_pos_001819_20260510_222118_504.png,100,0,0.674,0
orange_pos_001819_20260510_222118_504.png,120,0,0.674,0
orange_pos_001819_20260510_222118_504.png,140,0,0.674,0
orange_pos_001819_20260510_222118_504.png,0,20,0.674,0
orange_pos_001819_20260510_222118_504.png,20,20,0.674,0
orange_pos_001819_20260510_222118_504.png,40,20,0.715,0
orange_pos_001819_20260510_222118_504.png,60,20,0.674,0
orange_pos_001819_20260510_222118_504.png,80,20,0.674,0
orange_pos_001819_20260510_222118_504.png,100,20,0.674,0
orange_pos_001819_20260510_222118_504.png,120,20,0.674,0
orange_pos_001819_20260510_222118_504.png,140,20,0.674,0
orange_pos_001819_20260510_222118_504.png,0,40,0.674,0
orange_pos_001819_20260510_222118_504.png,20,40,0.674,0
orange_pos_001819_20260510_222118_504.png,40,40,0.674,0
orange_pos_001819_20260510_222118_504.png,60,40,0.674,0
orange_pos_001819_20260510_222118_504.png,80,40,0.674,0
orange_pos_001819_20260510_222118_504.png,100,40,0.674,0
orange_pos_001819_20260510_222118_504.png,120,40,0.674,0
orange_pos_001819_20260510_222118_504.png,140,40,0.674,0
orange_pos_001819_20260510_222118_504.png,0,60,0.674,0
orange_pos_001819_20260510_222118_504.png,20,60,0.674,0
orange_pos_001819_20260510_222118_504.png,40,60,1.031,0
orange_pos_001819_20260510_222118_504.png,60,60,0.674,0
orange_pos_001819_20260510_222118_504.png,80,60,0.674,0
orange_pos_001819_20260510_222118_504.png,100,60,0.674,0
orange_pos_001819_20260510_222118_504.png,120,60,0.674,0
orange_pos_001819_20260510_222118_504.png,140,60,0.674,0
orange_pos_001819_20260510_222118_504.png,0,80,0.674,0
orange_pos_001819_20260510_222118_504.png,20,80,0.674,0
orange_pos_001819_20260510_222118_504.png,40,80,0.941,0
orange_pos_001819_20260510_222118_504.png,60,80,0.674,0
orange_pos_001819_20260510_222118_504.png,80,80,0.674,0
orange_pos_001819_20260510_222118_504.png,100,80,0.674,0
orange_pos_001819_20260510_222118_504.png,120,80,0.674,0
orange_pos_001819_20260510_222118_504.png,140,80,0.674,0
orange_pos_001819_20260510_222118_504.png,0,100,0.727,0
orange_pos_001819_20260510_222118_504.png,20,100,0.708,0
orange_pos_001819_20260510_222118_504.png,40,100,1.039,0
orange_pos_001819_20260510_222118_504.png,60,100,0.674,0
orange_pos_001819_20260510_222118_504.png,80,100,0.674,0
orange_pos_001819_20260510_222118_504.png,100,100,0.674,0
orange_pos_001819_20260510_222118_504.png,120,100,0.674,0
orange_pos_001819_20260510_222118_504.png,140,100,0.683,0
orange_pos_001820_20260510_222122_210.png,0,0,3.028,0
orange_pos_001820_20260510_222122_210.png,20,0,3.239,0
orange_pos_001820_20260510_222122_210.png,40,0,12.029,0
orange_pos_001820_20260510_222122_210.png,60,0,16.493,0
orange_pos_001820_20260510_222122_210.png,80,0,4.637,0
orange_pos_001820_20260510_222122_210.png,100,0,1.262,0
orange_pos_001820_20260510_222122_210.png,120,0,0.968,0
orange_pos_001820_20260510_222122_210.png,140,0,3.043,0
orange_pos_001820_20260510_222122_210.png,0,20,0.876,0
orange_pos_001820_20260510_222122_210.png,20,20,1.605,0
orange_pos_001820_20260510_222122_210.png,40,20,6.793,0
orange_pos_001820_20260510_222122_210.png,60,20,2.501,0
orange_pos_001820_20260510_222122_210.png,80,20,0.674,0
orange_pos_001820_20260510_222122_210.png,100,20,0.674,0
orange_pos_001820_20260510_222122_210.png,120,20,0.674,0
orange_pos_001820_20260510_222122_210.png,140,20,0.851,0
orange_pos_001820_20260510_222122_210.png,0,40,0.875,0
orange_pos_001820_20260510_222122_210.png,20,40,0.887,0
orange_pos_001820_20260510_222122_210.png,40,40,4.608,0
orange_pos_001820_20260510_222122_210.png,60,40,2.012,0
orange_pos_001820_20260510_222122_210.png,80,40,0.674,0
orange_pos_001820_20260510_222122_210.png,100,40,0.674,0
orange_pos_001820_20260510_222122_210.png,120,40,0.674,0
orange_pos_001820_20260510_222122_210.png,140,40,1.003,0
orange_pos_001820_20260510_222122_210.png,0,60,0.805,0
orange_pos_001820_20260510_222122_210.png,20,60,0.677,0
orange_pos_001820_20260510_222122_210.png,40,60,4.321,0
orange_pos_001820_20260510_222122_210.png,60,60,1.679,0
orange_pos_001820_20260510_222122_210.png,80,60,0.674,0
orange_pos_001820_20260510_222122_210.png,100,60,0.674,0
orange_pos_001820_20260510_222122_210.png,120,60,0.674,0
orange_pos_001820_20260510_222122_210.png,140,60,1.557,0
orange_pos_001820_20260510_222122_210.png,0,80,1.442,0
orange_pos_001820_20260510_222122_210.png,20,80,1.438,0
orange_pos_001820_20260510_222122_210.png,40,80,13.124,0
orange_pos_001820_20260510_222122_210.png,60,80,4.127,0
orange_pos_001820_20260510_222122_210.png,80,80,0.674,0
orange_pos_001820_20260510_222122_210.png,100,80,0.674,0
orange_pos_001820_20260510_222122_210.png,120,80,0.674,0
orange_pos_001820_20260510_222122_210.png,140,80,6.192,0
orange_pos_001820_20260510_222122_210.png,0,100,1.091,0
orange_pos_001820_20260510_222122_210.png,20,100,1.823,0
orange_pos_001820_20260510_222122_210.png,40,100,11.553,0
orange_pos_001820_20260510_222122_210.png,60,100,6.300,0
orange_pos_001820_20260510_222122_210.png,80,100,0.674,0
orange_pos_001820_20260510_222122_210.png,100,100,0.741,0
orange_pos_001820_20260510_222122_210.png,120,100,1.802,0
orange_pos_001820_20260510_222122_210.png,140,100,6.855,0
orange_pos_001821_20260510_222122_570.png,0,0,0.674,0
orange_pos_001821_20260510_222122_570.png,20,0,0.674,0
orange_pos_001821_20260510_222122_570.png,40,0,0.883,0
orange_pos_001821_20260510_222122_570.png,60,0,0.779,0
orange_pos_001821_20260510_222122_570.png,80,0,0.674,0
orange_pos_001821_20260510_222122_570.png,100,0,0.674,0
orange_pos_001821_20260510_222122_570.png,120,0,0.674,0
orange_pos_001821_20260510_222122_570.png,140,0,0.674,0
orange_pos_001821_20260510_222122_570.png,0,20,0.674,0
orange_pos_001821_20260510_222122_570.png,20,20,0.674,0
orange_pos_001821_20260510_222122_570.png,40,20,0.674,0
orange_pos_001821_20260510_222122_570.png,60,20,0.674,0
orange_pos_001821_20260510_222122_570.png,80,20,0.674,0
orange_pos_001821_20260510_222122_570.png,100,20,0.674,0
orange_pos_001821_20260510_222122_570.png,120,20,0.674,0
orange_pos_001821_20260510_222122_570.png,140,20,0.674,0
orange_pos_001821_20260510_222122_570.png,0,40,0.674,0
orange_pos_001821_20260510_222122_570.png,20,40,0.674,0
orange_pos_001821_20260510_222122_570.png,40,40,0.748,0
orange_pos_001821_20260510_222122_570.png,60,40,0.674,0
orange_pos_001821_20260510_222122_570.png,80,40,0.674,0
orange_pos_001821_20260510_222122_570.png,100,40,0.674,0
orange_pos_001821_20260510_222122_570.png,120,40,0.674,0
orange_pos_001821_20260510_222122_570.png,140,40,0.674,0
orange_pos_001821_20260510_222122_570.png,0,60,0.674,0
orange_pos_001821_20260510_222122_570.png,20,60,0.674,0
orange_pos_001821_20260510_222122_570.png,40,60,0.677,0
orange_pos_001821_20260510_222122_570.png,60,60,0.674,0
orange_pos_001821_20260510_222122_570.png,80,60,0.674,0
orange_pos_001821_20260510_222122_570.png,100,60,0.674,0
orange_pos_001821_20260510_222122_570.png,120,60,0.674,0
orange_pos_001821_20260510_222122_570.png,140,60,0.674,0
orange_pos_001821_20260510_222122_570.png,0,80,0.674,0
orange_pos_001821_20260510_222122_570.png,20,80,0.674,0
orange_pos_001821_20260510_222122_570.png,40,80,0.677,0
orange_pos_001821_20260510_222122_570.png,60,80,0.674,0
orange_pos_001821_20260510_222122_570.png,80,80,0.674,0
orange_pos_001821_20260510_222122_570.png,100,80,0.674,0
orange_pos_001821_20260510_222122_570.png,120,80,0.674,0
orange_pos_001821_20260510_222122_570.png,140,80,0.674,0
orange_pos_001821_20260510_222122_570.png,0,100,0.674,0
orange_pos_001821_20260510_222122_570.png,20,100,0.674,0
orange_pos_001821_20260510_222122_570.png,40,100,0.741,0
orange_pos_001821_20260510_222122_570.png,60,100,0.684,0
orange_pos_001821_20260510_222122_570.png,80,100,0.674,0
orange_pos_001821_20260510_222122_570.png,100,100,0.674,0
orange_pos_001821_20260510_222122_570.png,120,100,0.674,0
orange_pos_001821_20260510_222122_570.png,140,100,0.674,0
orange_pos_001822_20260510_222124_669.png,0,0,1.498,0
orange_pos_001822_20260510_222124_669.png,20,0,1.996,0
orange_pos_001822_20260510_222124_669.png,40,0,6.298,0
orange_pos_001822_20260510_222124_669.png,60,0,7.451,0
orange_pos_001822_20260510_222124_669.png,80,0,1.720,0
orange_pos_001822_20260510_222124_669.png,100,0,0.674,0
orange_pos_001822_20260510_222124_669.png,120,0,0.684,0
orange_pos_001822_20260510_222124_669.png,140,0,1.886,0
orange_pos_001822_20260510_222124_669.png,0,20,0.864,0
orange_pos_001822_20260510_222124_669.png,20,20,1.876,0
orange_pos_001822_20260510_222124_669.png,40,20,5.684,0
orange_pos_001822_20260510_222124_669.png,60,20,3.554,0
orange_pos_001822_20260510_222124_669.png,80,20,0.674,0
orange_pos_001822_20260510_222124_669.png,100,20,0.674,0
orange_pos_001822_20260510_222124_669.png,120,20,0.674,0
orange_pos_001822_20260510_222124_669.png,140,20,0.931,0
orange_pos_001822_20260510_222124_669.png,0,40,0.674,0
orange_pos_001822_20260510_222124_669.png,20,40,0.691,0
orange_pos_001822_20260510_222124_669.png,40,40,2.336,0
orange_pos_001822_20260510_222124_669.png,60,40,1.000,0
orange_pos_001822_20260510_222124_669.png,80,40,0.674,0
orange_pos_001822_20260510_222124_669.png,100,40,0.674,0
orange_pos_001822_20260510_222124_669.png,120,40,0.674,0
orange_pos_001822_20260510_222124_669.png,140,40,0.674,0
orange_pos_001822_20260510_222124_669.png,0,60,1.007,0
orange_pos_001822_20260510_222124_669.png,20,60,1.003,0
orange_pos_001822_20260510_222124_669.png,40,60,6.792,0
orange_pos_001822_20260510_222124_669.png,60,60,2.344,0
orange_pos_001822_20260510_222124_669.png,80,60,0.674,0
orange_pos_001822_20260510_222124_669.png,100,60,0.674,0
orange_pos_001822_20260510_222124_669.png,120,60,0.674,0
orange_pos_001822_20260510_222124_669.png,140,60,1.183,0
orange_pos_001822_20260510_222124_669.png,0,80,0.824,0
orange_pos_001822_20260510_222124_669.png,20,80,0.674,0
orange_pos_001822_20260510_222124_669.png,40,80,1.650,0
orange_pos_001822_20260510_222124_669.png,60,80,1.083,0
orange_pos_001822_20260510_222124_669.png,80,80,0.674,0
orange_pos_001822_20260510_222124_669.png,100,80,0.674,0
orange_pos_001822_20260510_222124_669.png,120,80,0.674,0
orange_pos_001822_20260510_222124_669.png,140,80,0.944,0
orange_pos_001822_20260510_222124_669.png,0,100,1.010,0
orange_pos_001822_20260510_222124_669.png,20,100,1.153,0
orange_pos_001822_20260510_222124_669.png,40,100,5.331,0
orange_pos_001822_20260510_222124_669.png,60,100,1.571,0
orange_pos_001822_20260510_222124_669.png,80,100,0.674,0
orange_pos_001822_20260510_222124_669.png,100,100,0.674,0
orange_pos_001822_20260510_222124_669.png,120,100,0.750,0
orange_pos_001822_20260510_222124_669.png,140,100,2.023,0
orange_pos_001823_20260510_222126_647.png,0,0,0.738,0
orange_pos_001823_20260510_222126_647.png,20,0,1.888,0
orange_pos_001823_20260510_222126_647.png,40,0,5.103,0
orange_pos_001823_20260510_222126_647.png,60,0,5.173,0
orange_pos_001823_20260510_222126_647.png,80,0,0.831,0
orange_pos_001823_20260510_222126_647.png,100,0,0.674,0
orange_pos_001823_20260510_222126_647.png,120,0,0.674,0
orange_pos_001823_20260510_222126_647.png,140,0,0.807,0
orange_pos_001823_20260510_222126_647.png,0,20,0.757,0
orange_pos_001823_20260510_222126_647.png,20,20,2.001,0
orange_pos_001823_20260510_222126_647.png,40,20,6.613,0
orange_pos_001823_20260510_222126_647.png,60,20,2.430,0
orange_pos_001823_20260510_222126_647.png,80,20,0.674,0
orange_pos_001823_20260510_222126_647.png,100,20,0.674,0
orange_pos_001823_20260510_222126_647.png,120,20,0.674,0
orange_pos_001823_20260510_222126_647.png,140,20,0.965,0
orange_pos_001823_20260510_222126_647.png,0,40,0.863,0
orange_pos_001823_20260510_222126_647.png,20,40,0.730,0
orange_pos_001823_20260510_222126_647.png,40,40,1.733,0
orange_pos_001823_20260510_222126_647.png,60,40,0.677,0
orange_pos_001823_20260510_222126_647.png,80,40,0.674,0
orange_pos_001823_20260510_222126_647.png,100,40,0.674,0
orange_pos_001823_20260510_222126_647.png,120,40,0.674,0
orange_pos_001823_20260510_222126_647.png,140,40,0.753,0
orange_pos_001823_20260510_222126_647.png,0,60,0.749,0
orange_pos_001823_20260510_222126_647.png,20,60,0.850,0
orange_pos_001823_20260510_222126_647.png,40,60,2.499,0
orange_pos_001823_20260510_222126_647.png,60,60,1.097,0
orange_pos_001823_20260510_222126_647.png,80,60,0.674,0
orange_pos_001823_20260510_222126_647.png,100,60,0.674,0
orange_pos_001823_20260510_222126_647.png,120,60,0.674,0
orange_pos_001823_20260510_222126_647.png,140,60,0.809,0
orange_pos_001823_20260510_222126_647.png,0,80,1.092,0
orange_pos_001823_20260510_222126_647.png,20,80,0.835,0
orange_pos_001823_20260510_222126_647.png,40,80,8.826,0
orange_pos_001823_20260510_222126_647.png,60,80,3.627,0
orange_pos_001823_20260510_222126_647.png,80,80,0.674,0
orange_pos_001823_20260510_222126_647.png,100,80,0.674,0
orange_pos_001823_20260510_222126_647.png,120,80,0.674,0
orange_pos_001823_20260510_222126_647.png,140,80,2.727,0
orange_pos_001823_20260510_222126_647.png,0,100,1.145,0
orange_pos_001823_20260510_222126_647.png,20,100,1.101,0
orange_pos_001823_20260510_222126_647.png,40,100,7.126,0
orange_pos_001823_20260510_222126_647.png,60,100,2.650,0
orange_pos_001823_20260510_222126_647.png,80,100,0.674,0
orange_pos_001823_20260510_222126_647.png,100,100,0.674,0
orange_pos_001823_20260510_222126_647.png,120,100,1.267,0
orange_pos_001823_20260510_222126_647.png,140,100,4.819,0
orange_pos_001825_20260510_222131_615.png,0,0,1.686,0
orange_pos_001825_20260510_222131_615.png,20,0,5.250,0
orange_pos_001825_20260510_222131_615.png,40,0,14.243,0
orange_pos_001825_20260510_222131_615.png,60,0,19.172,0
orange_pos_001825_20260510_222131_615.png,80,0,3.032,0
orange_pos_001825_20260510_222131_615.png,100,0,0.674,0
orange_pos_001825_20260510_222131_615.png,120,0,0.767,0
orange_pos_001825_20260510_222131_615.png,140,0,5.043,0
orange_pos_001825_20260510_222131_615.png,0,20,1.088,0
orange_pos_001825_20260510_222131_615.png,20,20,7.058,0
orange_pos_001825_20260510_222131_615.png,40,20,14.685,0
orange_pos_001825_20260510_222131_615.png,60,20,10.423,0
orange_pos_001825_20260510_222131_615.png,80,20,0.683,0
orange_pos_001825_20260510_222131_615.png,100,20,0.674,0
orange_pos_001825_20260510_222131_615.png,120,20,0.674,0
orange_pos_001825_20260510_222131_615.png,140,20,2.506,0
orange_pos_001825_20260510_222131_615.png,0,40,0.810,0
orange_pos_001825_20260510_222131_615.png,20,40,1.616,0
orange_pos_001825_20260510_222131_615.png,40,40,7.181,0
orange_pos_001825_20260510_222131_615.png,60,40,1.493,0
orange_pos_001825_20260510_222131_615.png,80,40,0.674,0
orange_pos_001825_20260510_222131_615.png,100,40,0.674,0
orange_pos_001825_20260510_222131_615.png,120,40,0.674,0
orange_pos_001825_20260510_222131_615.png,140,40,0.928,0
orange_pos_001825_20260510_222131_615.png,0,60,1.248,0
orange_pos_001825_20260510_222131_615.png,20,60,3.725,0
orange_pos_001825_20260510_222131_615.png,40,60,13.069,0
orange_pos_001825_20260510_222131_615.png,60,60,8.058,0
orange_pos_001825_20260510_222131_615.png,80,60,0.674,0
orange_pos_001825_20260510_222131_615.png,100,60,0.674,0
orange_pos_001825_20260510_222131_615.png,120,60,0.674,0
orange_pos_001825_20260510_222131_615.png,140,60,4.510,0
orange_pos_001825_20260510_222131_615.png,0,80,1.526,0
orange_pos_001825_20260510_222131_615.png,20,80,1.895,0
orange_pos_001825_20260510_222131_615.png,40,80,19.538,0
orange_pos_001825_20260510_222131_615.png,60,80,7.221,0
orange_pos_001825_20260510_222131_615.png,80,80,0.674,0
orange_pos_001825_20260510_222131_615.png,100,80,0.674,0
orange_pos_001825_20260510_222131_615.png,120,80,1.109,0
orange_pos_001825_20260510_222131_615.png,140,80,7.563,0
orange_pos_001825_20260510_222131_615.png,0,100,1.296,0
orange_pos_001825_20260510_222131_615.png,20,100,3.296,0
orange_pos_001825_20260510_222131_615.png,40,100,19.988,0
orange_pos_001825_20260510_222131_615.png,60,100,9.155,0
orange_pos_001825_20260510_222131_615.png,80,100,0.805,0
orange_pos_001825_20260510_222131_615.png,100,100,1.807,0
orange_pos_001825_20260510_222131_615.png,120,100,3.837,0
orange_pos_001825_20260510_222131_615.png,140,100,11.317,0
orange_pos_001826_20260510_222133_351.png,0,0,0.681,0
orange_pos_001826_20260510_222133_351.png,20,0,0.674,0
orange_pos_001826_20260510_222133_351.png,40,0,0.674,0
orange_pos_001826_20260510_222133_351.png,60,0,0.674,0
orange_pos_001826_20260510_222133_351.png,80,0,0.674,0
orange_pos_001826_20260510_222133_351.png,100,0,0.674,0
orange_pos_001826_20260510_222133_351.png,120,0,0.674,0
orange_pos_001826_20260510_222133_351.png,140,0,0.674,0
orange_pos_001826_20260510_222133_351.png,0,20,0.674,0
orange_pos_001826_20260510_222133_351.png,20,20,0.674,0
orange_pos_001826_20260510_222133_351.png,40,20,0.674,0
orange_pos_001826_20260510_222133_351.png,60,20,0.674,0
orange_pos_001826_20260510_222133_351.png,80,20,0.674,0
orange_pos_001826_20260510_222133_351.png,100,20,0.674,0
orange_pos_001826_20260510_222133_351.png,120,20,0.674,0
orange_pos_001826_20260510_222133_351.png,140,20,0.674,0
orange_pos_001826_20260510_222133_351.png,0,40,0.674,0
orange_pos_001826_20260510_222133_351.png,20,40,0.674,0
orange_pos_001826_20260510_222133_351.png,40,40,0.674,0
orange_pos_001826_20260510_222133_351.png,60,40,0.674,0
orange_pos_001826_20260510_222133_351.png,80,40,0.674,0
orange_pos_001826_20260510_222133_351.png,100,40,0.674,0
orange_pos_001826_20260510_222133_351.png,120,40,0.674,0
orange_pos_001826_20260510_222133_351.png,140,40,0.674,0
orange_pos_001826_20260510_222133_351.png,0,60,0.674,0
orange_pos_001826_20260510_222133_351.png,20,60,0.674,0
orange_pos_001826_20260510_222133_351.png,40,60,0.674,0
orange_pos_001826_20260510_222133_351.png,60,60,0.674,0
orange_pos_001826_20260510_222133_351.png,80,60,0.674,0
orange_pos_001826_20260510_222133_351.png,100,60,0.674,0
orange_pos_001826_20260510_222133_351.png,120,60,0.674,0
orange_pos_001826_20260510_222133_351.png,140,60,0.674,0
orange_pos_001826_20260510_222133_351.png,0,80,0.674,0
orange_pos_001826_20260510_222133_351.png,20,80,0.674,0
orange_pos_001826_20260510_222133_351.png,40,80,0.674,0
orange_pos_001826_20260510_222133_351.png,60,80,0.674,0
orange_pos_001826_20260510_222133_351.png,80,80,0.674,0
orange_pos_001826_20260510_222133_351.png,100,80,0.674,0
orange_pos_001826_20260510_222133_351.png,120,80,0.674,0
orange_pos_001826_20260510_222133_351.png,140,80,0.674,0
orange_pos_001826_20260510_222133_351.png,0,100,0.674,0
orange_pos_001826_20260510_222133_351.png,20,100,0.674,0
orange_pos_001826_20260510_222133_351.png,40,100,0.674,0
orange_pos_001826_20260510_222133_351.png,60,100,0.674,0
orange_pos_001826_20260510_222133_351.png,80,100,0.674,0
orange_pos_001826_20260510_222133_351.png,100,100,0.674,0
orange_pos_001826_20260510_222133_351.png,120,100,0.674,0
orange_pos_001826_20260510_222133_351.png,140,100,0.674,0
orange_pos_001827_20260510_222133_734.png,0,0,0.759,0
orange_pos_001827_20260510_222133_734.png,20,0,1.313,0
orange_pos_001827_20260510_222133_734.png,40,0,2.487,0
orange_pos_001827_20260510_222133_734.png,60,0,2.867,0
orange_pos_001827_20260510_222133_734.png,80,0,0.787,0
orange_pos_001827_20260510_222133_734.png,100,0,0.674,0
orange_pos_001827_20260510_222133_734.png,120,0,0.674,0
orange_pos_001827_20260510_222133_734.png,140,0,0.734,0
orange_pos_001827_20260510_222133_734.png,0,20,0.674,0
orange_pos_001827_20260510_222133_734.png,20,20,0.674,0
orange_pos_001827_20260510_222133_734.png,40,20,1.230,0
orange_pos_001827_20260510_222133_734.png,60,20,0.779,0
orange_pos_001827_20260510_222133_734.png,80,20,0.674,0
orange_pos_001827_20260510_222133_734.png,100,20,0.674,0
orange_pos_001827_20260510_222133_734.png,120,20,0.674,0
orange_pos_001827_20260510_222133_734.png,140,20,0.674,0
orange_pos_001827_20260510_222133_734.png,0,40,0.686,0
orange_pos_001827_20260510_222133_734.png,20,40,0.856,0
orange_pos_001827_20260510_222133_734.png,40,40,2.010,0
orange_pos_001827_20260510_222133_734.png,60,40,0.685,0
orange_pos_001827_20260510_222133_734.png,80,40,0.674,0
orange_pos_001827_20260510_222133_734.png,100,40,0.674,0
orange_pos_001827_20260510_222133_734.png,120,40,0.674,0
orange_pos_001827_20260510_222133_734.png,140,40,0.674,0
orange_pos_001827_20260510_222133_734.png,0,60,0.685,0
orange_pos_001827_20260510_222133_734.png,20,60,0.674,0
orange_pos_001827_20260510_222133_734.png,40,60,0.971,0
orange_pos_001827_20260510_222133_734.png,60,60,0.718,0
orange_pos_001827_20260510_222133_734.png,80,60,0.674,0
orange_pos_001827_20260510_222133_734.png,100,60,0.674,0
orange_pos_001827_20260510_222133_734.png,120,60,0.674,0
orange_pos_001827_20260510_222133_734.png,140,60,0.674,0
orange_pos_001827_20260510_222133_734.png,0,80,0.709,0
orange_pos_001827_20260510_222133_734.png,20,80,0.674,0
orange_pos_001827_20260510_222133_734.png,40,80,1.073,0
orange_pos_001827_20260510_222133_734.png,60,80,0.705,0
orange_pos_001827_20260510_222133_734.png,80,80,0.674,0
orange_pos_001827_20260510_222133_734.png,100,80,0.674,0
orange_pos_001827_20260510_222133_734.png,120,80,0.674,0
orange_pos_001827_20260510_222133_734.png,140,80,0.674,0
orange_pos_001827_20260510_222133_734.png,0,100,0.747,0
orange_pos_001827_20260510_222133_734.png,20,100,1.005,0
orange_pos_001827_20260510_222133_734.png,40,100,2.443,0
orange_pos_001827_20260510_222133_734.png,60,100,1.318,0
orange_pos_001827_20260510_222133_734.png,80,100,0.674,0
orange_pos_001827_20260510_222133_734.png,100,100,0.674,0
orange_pos_001827_20260510_222133_734.png,120,100,0.674,0
orange_pos_001827_20260510_222133_734.png,140,100,0.700,0
orange_pos_001828_20260510_222137_822.png,0,0,1.416,0
orange_pos_001828_20260510_222137_822.png,20,0,4.444,0
orange_pos_001828_20260510_222137_822.png,40,0,7.124,0
orange_pos_001828_20260510_222137_822.png,60,0,8.759,0
orange_pos_001828_20260510_222137_822.png,80,0,1.698,0
orange_pos_001828_20260510_222137_822.png,100,0,0.674,0
orange_pos_001828_20260510_222137_822.png,120,0,0.710,0
orange_pos_001828_20260510_222137_822.png,140,0,2.380,0
orange_pos_001828_20260510_222137_822.png,0,20,1.105,0
orange_pos_001828_20260510_222137_822.png,20,20,7.992,0
orange_pos_001828_20260510_222137_822.png,40,20,11.170,0
orange_pos_001828_20260510_222137_822.png,60,20,6.575,0
orange_pos_001828_20260510_222137_822.png,80,20,0.674,0
orange_pos_001828_20260510_222137_822.png,100,20,0.674,0
orange_pos_001828_20260510_222137_822.png,120,20,0.674,0
orange_pos_001828_20260510_222137_822.png,140,20,1.634,0
orange_pos_001828_20260510_222137_822.png,0,40,1.022,0
orange_pos_001828_20260510_222137_822.png,20,40,3.736,0
orange_pos_001828_20260510_222137_822.png,40,40,7.345,0
orange_pos_001828_20260510_222137_822.png,60,40,2.460,0
orange_pos_001828_20260510_222137_822.png,80,40,0.674,0
orange_pos_001828_20260510_222137_822.png,100,40,0.674,0
orange_pos_001828_20260510_222137_822.png,120,40,0.674,0
orange_pos_001828_20260510_222137_822.png,140,40,2.454,0
orange_pos_001828_20260510_222137_822.png,0,60,0.975,0
orange_pos_001828_20260510_222137_822.png,20,60,1.969,0
orange_pos_001828_20260510_222137_822.png,40,60,7.910,0
orange_pos_001828_20260510_222137_822.png,60,60,3.054,0
orange_pos_001828_20260510_222137_822.png,80,60,0.674,0
orange_pos_001828_20260510_222137_822.png,100,60,0.674,0
orange_pos_001828_20260510_222137_822.png,120,60,0.674,0
orange_pos_001828_20260510_222137_822.png,140,60,1.855,0
orange_pos_001828_20260510_222137_822.png,0,80,0.944,0
orange_pos_001828_20260510_222137_822.png,20,80,2.308,0
orange_pos_001828_20260510_222137_822.png,40,80,13.002,0
orange_pos_001828_20260510_222137_822.png,60,80,4.867,0
orange_pos_001828_20260510_222137_822.png,80,80,0.674,0
orange_pos_001828_20260510_222137_822.png,100,80,0.674,0
orange_pos_001828_20260510_222137_822.png,120,80,1.162,0
orange_pos_001828_20260510_222137_822.png,140,80,3.537,0
orange_pos_001828_20260510_222137_822.png,0,100,0.971,0
orange_pos_001828_20260510_222137_822.png,20,100,1.580,0
orange_pos_001828_20260510_222137_822.png,40,100,10.161,0
orange_pos_001828_20260510_222137_822.png,60,100,4.072,0
orange_pos_001828_20260510_222137_822.png,80,100,0.695,0
orange_pos_001828_20260510_222137_822.png,100,100,0.679,0
orange_pos_001828_20260510_222137_822.png,120,100,1.620,0
orange_pos_001828_20260510_222137_822.png,140,100,3.543,0
orange_pos_001829_20260510_222138_352.png,0,0,3.953,0
orange_pos_001829_20260510_222138_352.png,20,0,3.104,0
orange_pos_001829_20260510_222138_352.png,40,0,11.223,0
orange_pos_001829_20260510_222138_352.png,60,0,15.809,0
orange_pos_001829_20260510_222138_352.png,80,0,6.026,0
orange_pos_001829_20260510_222138_352.png,100,0,1.772,0
orange_pos_001829_20260510_222138_352.png,120,0,2.257,0
orange_pos_001829_20260510_222138_352.png,140,0,4.963,0
orange_pos_001829_20260510_222138_352.png,0,20,0.868,0
orange_pos_001829_20260510_222138_352.png,20,20,2.931,0
orange_pos_001829_20260510_222138_352.png,40,20,6.985,0
orange_pos_001829_20260510_222138_352.png,60,20,4.805,0
orange_pos_001829_20260510_222138_352.png,80,20,0.674,0
orange_pos_001829_20260510_222138_352.png,100,20,0.674,0
orange_pos_001829_20260510_222138_352.png,120,20,0.674,0
orange_pos_001829_20260510_222138_352.png,140,20,1.331,0
orange_pos_001829_20260510_222138_352.png,0,40,1.091,0
orange_pos_001829_20260510_222138_352.png,20,40,4.065,0
orange_pos_001829_20260510_222138_352.png,40,40,10.686,0
orange_pos_001829_20260510_222138_352.png,60,40,4.538,0
orange_pos_001829_20260510_222138_352.png,80,40,0.674,0
orange_pos_001829_20260510_222138_352.png,100,40,0.674,0
orange_pos_001829_20260510_222138_352.png,120,40,0.674,0
orange_pos_001829_20260510_222138_352.png,140,40,2.506,0
orange_pos_001829_20260510_222138_352.png,0,60,1.260,0
orange_pos_001829_20260510_222138_352.png,20,60,0.805,0
orange_pos_001829_20260510_222138_352.png,40,60,11.932,0
orange_pos_001829_20260510_222138_352.png,60,60,4.402,0
orange_pos_001829_20260510_222138_352.png,80,60,0.674,0
orange_pos_001829_20260510_222138_352.png,100,60,0.674,0
orange_pos_001829_20260510_222138_352.png,120,60,0.674,0
orange_pos_001829_20260510_222138_352.png,140,60,3.191,0
orange_pos_001829_20260510_222138_352.png,0,80,1.203,0
orange_pos_001829_20260510_222138_352.png,20,80,1.612,0
orange_pos_001829_20260510_222138_352.png,40,80,13.197,0
orange_pos_001829_20260510_222138_352.png,60,80,7.239,0
orange_pos_001829_20260510_222138_352.png,80,80,0.674,0
orange_pos_001829_20260510_222138_352.png,100,80,0.674,0
orange_pos_001829_20260510_222138_352.png,120,80,2.913,0
orange_pos_001829_20260510_222138_352.png,140,80,6.067,0
orange_pos_001829_20260510_222138_352.png,0,100,0.913,0
orange_pos_001829_20260510_222138_352.png,20,100,1.525,0
orange_pos_001829_20260510_222138_352.png,40,100,9.771,0
orange_pos_001829_20260510_222138_352.png,60,100,4.785,0
orange_pos_001829_20260510_222138_352.png,80,100,0.674,0
orange_pos_001829_20260510_222138_352.png,100,100,1.083,0
orange_pos_001829_20260510_222138_352.png,120,100,1.568,0
orange_pos_001829_20260510_222138_352.png,140,100,5.202,0
orange_pos_001830_20260510_222139_969.png,0,0,0.770,0
orange_pos_001830_20260510_222139_969.png,20,0,0.674,0
orange_pos_001830_20260510_222139_969.png,40,0,4.266,0
orange_pos_001830_20260510_222139_969.png,60,0,4.724,0
orange_pos_001830_20260510_222139_969.png,80,0,0.838,0
orange_pos_001830_20260510_222139_969.png,100,0,0.674,0
orange_pos_001830_20260510_222139_969.png,120,0,0.674,0
orange_pos_001830_20260510_222139_969.png,140,0,0.674,0
orange_pos_001830_20260510_222139_969.png,0,20,0.891,0
orange_pos_001830_20260510_222139_969.png,20,20,3.873,0
orange_pos_001830_20260510_222139_969.png,40,20,8.461,0
orange_pos_001830_20260510_222139_969.png,60,20,5.421,0
orange_pos_001830_20260510_222139_969.png,80,20,0.674,0
orange_pos_001830_20260510_222139_969.png,100,20,0.674,0
orange_pos_001830_20260510_222139_969.png,120,20,0.674,0
orange_pos_001830_20260510_222139_969.png,140,20,1.071,0
orange_pos_001830_20260510_222139_969.png,0,40,0.811,0
orange_pos_001830_20260510_222139_969.png,20,40,0.759,0
orange_pos_001830_20260510_222139_969.png,40,40,3.563,0
orange_pos_001830_20260510_222139_969.png,60,40,1.338,0
orange_pos_001830_20260510_222139_969.png,80,40,0.674,0
orange_pos_001830_20260510_222139_969.png,100,40,0.674,0
orange_pos_001830_20260510_222139_969.png,120,40,0.674,0
orange_pos_001830_20260510_222139_969.png,140,40,0.785,0
orange_pos_001830_20260510_222139_969.png,0,60,0.898,0
orange_pos_001830_20260510_222139_969.png,20,60,1.669,0
orange_pos_001830_20260510_222139_969.png,40,60,6.911,0
orange_pos_001830_20260510_222139_969.png,60,60,2.286,0
orange_pos_001830_20260510_222139_969.png,80,60,0.674,0
orange_pos_001830_20260510_222139_969.png,100,60,0.674,0
orange_pos_001830_20260510_222139_969.png,120,60,0.674,0
orange_pos_001830_20260510_222139_969.png,140,60,1.681,0
orange_pos_001830_20260510_222139_969.png,0,80,1.703,0
orange_pos_001830_20260510_222139_969.png,20,80,1.704,0
orange_pos_001830_20260510_222139_969.png,40,80,6.384,0
orange_pos_001830_20260510_222139_969.png,60,80,3.106,0
orange_pos_001830_20260510_222139_969.png,80,80,0.674,0
orange_pos_001830_20260510_222139_969.png,100,80,0.674,0
orange_pos_001830_20260510_222139_969.png,120,80,0.843,0
orange_pos_001830_20260510_222139_969.png,140,80,2.894,0
orange_pos_001830_20260510_222139_969.png,0,100,0.868,0
orange_pos_001830_20260510_222139_969.png,20,100,1.195,0
orange_pos_001830_20260510_222139_969.png,40,100,9.020,0
orange_pos_001830_20260510_222139_969.png,60,100,3.124,0
orange_pos_001830_20260510_222139_969.png,80,100,0.679,0
orange_pos_001830_20260510_222139_969.png,100,100,0.677,0
orange_pos_001830_20260510_222139_969.png,120,100,0.828,0
orange_pos_001830_20260510_222139_969.png,140,100,2.626,0
orange_pos_001831_20260510_222142_395.png,0,0,0.674,0
orange_pos_001831_20260510_222142_395.png,20,0,0.674,0
orange_pos_001831_20260510_222142_395.png,40,0,0.674,0
orange_pos_001831_20260510_222142_395.png,60,0,0.674,0
orange_pos_001831_20260510_222142_395.png,80,0,0.674,0
orange_pos_001831_20260510_222142_395.png,100,0,0.674,0
orange_pos_001831_20260510_222142_395.png,120,0,0.674,0
orange_pos_001831_20260510_222142_395.png,140,0,0.674,0
orange_pos_001831_20260510_222142_395.png,0,20,0.674,0
orange_pos_001831_20260510_222142_395.png,20,20,0.674,0
orange_pos_001831_20260510_222142_395.png,40,20,0.674,0
orange_pos_001831_20260510_222142_395.png,60,20,0.674,0
orange_pos_001831_20260510_222142_395.png,80,20,0.674,0
orange_pos_001831_20260510_222142_395.png,100,20,0.674,0
orange_pos_001831_20260510_222142_395.png,120,20,0.674,0
orange_pos_001831_20260510_222142_395.png,140,20,0.674,0
orange_pos_001831_20260510_222142_395.png,0,40,0.674,0
orange_pos_001831_20260510_222142_395.png,20,40,0.674,0
orange_pos_001831_20260510_222142_395.png,40,40,0.674,0
orange_pos_001831_20260510_222142_395.png,60,40,0.674,0
orange_pos_001831_20260510_222142_395.png,80,40,0.674,0
orange_pos_001831_20260510_222142_395.png,100,40,0.674,0
orange_pos_001831_20260510_222142_395.png,120,40,0.674,0
orange_pos_001831_20260510_222142_395.png,140,40,0.674,0
orange_pos_001831_20260510_222142_395.png,0,60,0.674,0
orange_pos_001831_20260510_222142_395.png,20,60,0.674,0
orange_pos_001831_20260510_222142_395.png,40,60,0.674,0
orange_pos_001831_20260510_222142_395.png,60,60,0.674,0
orange_pos_001831_20260510_222142_395.png,80,60,0.674,0
orange_pos_001831_20260510_222142_395.png,100,60,0.674,0
orange_pos_001831_20260510_222142_395.png,120,60,0.674,0
orange_pos_001831_20260510_222142_395.png,140,60,0.674,0
orange_pos_001831_20260510_222142_395.png,0,80,0.674,0
orange_pos_001831_20260510_222142_395.png,20,80,0.674,0
orange_pos_001831_20260510_222142_395.png,40,80,0.674,0
orange_pos_001831_20260510_222142_395.png,60,80,0.674,0
orange_pos_001831_20260510_222142_395.png,80,80,0.674,0
orange_pos_001831_20260510_222142_395.png,100,80,0.674,0
orange_pos_001831_20260510_222142_395.png,120,80,0.674,0
orange_pos_001831_20260510_222142_395.png,140,80,0.674,0
orange_pos_001831_20260510_222142_395.png,0,100,0.674,0
orange_pos_001831_20260510_222142_395.png,20,100,0.674,0
orange_pos_001831_20260510_222142_395.png,40,100,0.674,0
orange_pos_001831_20260510_222142_395.png,60,100,0.674,0
orange_pos_001831_20260510_222142_395.png,80,100,0.674,0
orange_pos_001831_20260510_222142_395.png,100,100,0.674,0
orange_pos_001831_20260510_222142_395.png,120,100,0.674,0
orange_pos_001831_20260510_222142_395.png,140,100,0.674,0
orange_pos_001833_20260510_222142_751.png,0,0,0.674,0
orange_pos_001833_20260510_222142_751.png,20,0,0.905,0
orange_pos_001833_20260510_222142_751.png,40,0,1.036,0
orange_pos_001833_20260510_222142_751.png,60,0,0.713,0
orange_pos_001833_20260510_222142_751.png,80,0,0.674,0
orange_pos_001833_20260510_222142_751.png,100,0,0.674,0
orange_pos_001833_20260510_222142_751.png,120,0,0.674,0
orange_pos_001833_20260510_222142_751.png,140,0,0.674,0
orange_pos_001833_20260510_222142_751.png,0,20,0.674,0
orange_pos_001833_20260510_222142_751.png,20,20,0.674,0
orange_pos_001833_20260510_222142_751.png,40,20,0.674,0
orange_pos_001833_20260510_222142_751.png,60,20,0.674,0
orange_pos_001833_20260510_222142_751.png,80,20,0.674,0
orange_pos_001833_20260510_222142_751.png,100,20,0.674,0
orange_pos_001833_20260510_222142_751.png,120,20,0.674,0
orange_pos_001833_20260510_222142_751.png,140,20,0.674,0
orange_pos_001833_20260510_222142_751.png,0,40,0.674,0
orange_pos_001833_20260510_222142_751.png,20,40,0.685,0
orange_pos_001833_20260510_222142_751.png,40,40,0.678,0
orange_pos_001833_20260510_222142_751.png,60,40,0.674,0
orange_pos_001833_20260510_222142_751.png,80,40,0.674,0
orange_pos_001833_20260510_222142_751.png,100,40,0.674,0
orange_pos_001833_20260510_222142_751.png,120,40,0.674,0
orange_pos_001833_20260510_222142_751.png,140,40,0.674,0
orange_pos_001833_20260510_222142_751.png,0,60,0.674,0
orange_pos_001833_20260510_222142_751.png,20,60,0.674,0
orange_pos_001833_20260510_222142_751.png,40,60,0.674,0
orange_pos_001833_20260510_222142_751.png,60,60,0.674,0
orange_pos_001833_20260510_222142_751.png,80,60,0.674,0
orange_pos_001833_20260510_222142_751.png,100,60,0.674,0
orange_pos_001833_20260510_222142_751.png,120,60,0.674,0
orange_pos_001833_20260510_222142_751.png,140,60,0.674,0
orange_pos_001833_20260510_222142_751.png,0,80,0.674,0
orange_pos_001833_20260510_222142_751.png,20,80,0.674,0
orange_pos_001833_20260510_222142_751.png,40,80,0.693,0
orange_pos_001833_20260510_222142_751.png,60,80,0.674,0
orange_pos_001833_20260510_222142_751.png,80,80,0.674,0
orange_pos_001833_20260510_222142_751.png,100,80,0.674,0
orange_pos_001833_20260510_222142_751.png,120,80,0.674,0
orange_pos_001833_20260510_222142_751.png,140,80,0.674,0
orange_pos_001833_20260510_222142_751.png,0,100,0.674,0
orange_pos_001833_20260510_222142_751.png,20,100,0.674,0
orange_pos_001833_20260510_222142_751.png,40,100,0.674,0
orange_pos_001833_20260510_222142_751.png,60,100,0.674,0
orange_pos_001833_20260510_222142_751.png,80,100,0.674,0
orange_pos_001833_20260510_222142_751.png,100,100,0.674,0
orange_pos_001833_20260510_222142_751.png,120,100,0.674,0
orange_pos_001833_20260510_222142_751.png,140,100,0.674,0
orange_pos_001834_20260510_222144_439.png,0,0,0.674,0
orange_pos_001834_20260510_222144_439.png,20,0,0.674,0
orange_pos_001834_20260510_222144_439.png,40,0,0.674,0
orange_pos_001834_20260510_222144_439.png,60,0,0.791,0
orange_pos_001834_20260510_222144_439.png,80,0,0.674,0
orange_pos_001834_20260510_222144_439.png,100,0,0.674,0
orange_pos_001834_20260510_222144_439.png,120,0,0.674,0
orange_pos_001834_20260510_222144_439.png,140,0,0.674,0
orange_pos_001834_20260510_222144_439.png,0,20,0.674,0
orange_pos_001834_20260510_222144_439.png,20,20,0.674,0
orange_pos_001834_20260510_222144_439.png,40,20,0.674,0
orange_pos_001834_20260510_222144_439.png,60,20,0.674,0
orange_pos_001834_20260510_222144_439.png,80,20,0.674,0
orange_pos_001834_20260510_222144_439.png,100,20,0.674,0
orange_pos_001834_20260510_222144_439.png,120,20,0.674,0
orange_pos_001834_20260510_222144_439.png,140,20,0.674,0
orange_pos_001834_20260510_222144_439.png,0,40,0.674,0
orange_pos_001834_20260510_222144_439.png,20,40,0.674,0
orange_pos_001834_20260510_222144_439.png,40,40,0.674,0
orange_pos_001834_20260510_222144_439.png,60,40,0.674,0
orange_pos_001834_20260510_222144_439.png,80,40,0.674,0
orange_pos_001834_20260510_222144_439.png,100,40,0.674,0
orange_pos_001834_20260510_222144_439.png,120,40,0.674,0
orange_pos_001834_20260510_222144_439.png,140,40,0.674,0
orange_pos_001834_20260510_222144_439.png,0,60,0.674,0
orange_pos_001834_20260510_222144_439.png,20,60,0.674,0
orange_pos_001834_20260510_222144_439.png,40,60,0.677,0
orange_pos_001834_20260510_222144_439.png,60,60,0.674,0
orange_pos_001834_20260510_222144_439.png,80,60,0.674,0
orange_pos_001834_20260510_222144_439.png,100,60,0.674,0
orange_pos_001834_20260510_222144_439.png,120,60,0.674,0
orange_pos_001834_20260510_222144_439.png,140,60,0.674,0
orange_pos_001834_20260510_222144_439.png,0,80,0.674,0
orange_pos_001834_20260510_222144_439.png,20,80,0.674,0
orange_pos_001834_20260510_222144_439.png,40,80,0.674,0
orange_pos_001834_20260510_222144_439.png,60,80,0.674,0
orange_pos_001834_20260510_222144_439.png,80,80,0.674,0
orange_pos_001834_20260510_222144_439.png,100,80,0.674,0
orange_pos_001834_20260510_222144_439.png,120,80,0.674,0
orange_pos_001834_20260510_222144_439.png,140,80,0.674,0
orange_pos_001834_20260510_222144_439.png,0,100,0.674,0
orange_pos_001834_20260510_222144_439.png,20,100,0.674,0
orange_pos_001834_20260510_222144_439.png,40,100,0.674,0
orange_pos_001834_20260510_222144_439.png,60,100,0.674,0
orange_pos_001834_20260510_222144_439.png,80,100,0.674,0
orange_pos_001834_20260510_222144_439.png,100,100,0.674,0
orange_pos_001834_20260510_222144_439.png,120,100,0.674,0
orange_pos_001834_20260510_222144_439.png,140,100,0.674,0
orange_pos_001835_20260510_222144_981.png,0,0,0.674,0
orange_pos_001835_20260510_222144_981.png,20,0,0.674,0
orange_pos_001835_20260510_222144_981.png,40,0,2.171,0
orange_pos_001835_20260510_222144_981.png,60,0,2.350,0
orange_pos_001835_20260510_222144_981.png,80,0,0.676,0
orange_pos_001835_20260510_222144_981.png,100,0,0.674,0
orange_pos_001835_20260510_222144_981.png,120,0,0.674,0
orange_pos_001835_20260510_222144_981.png,140,0,0.674,0
orange_pos_001835_20260510_222144_981.png,0,20,0.674,0
orange_pos_001835_20260510_222144_981.png,20,20,0.674,0
orange_pos_001835_20260510_222144_981.png,40,20,0.682,0
orange_pos_001835_20260510_222144_981.png,60,20,0.676,0
orange_pos_001835_20260510_222144_981.png,80,20,0.674,0
orange_pos_001835_20260510_222144_981.png,100,20,0.674,0
orange_pos_001835_20260510_222144_981.png,120,20,0.674,0
orange_pos_001835_20260510_222144_981.png,140,20,0.674,0
orange_pos_001835_20260510_222144_981.png,0,40,0.683,0
orange_pos_001835_20260510_222144_981.png,20,40,0.674,0
orange_pos_001835_20260510_222144_981.png,40,40,1.040,0
orange_pos_001835_20260510_222144_981.png,60,40,0.698,0
orange_pos_001835_20260510_222144_981.png,80,40,0.674,0
orange_pos_001835_20260510_222144_981.png,100,40,0.674,0
orange_pos_001835_20260510_222144_981.png,120,40,0.674,0
orange_pos_001835_20260510_222144_981.png,140,40,0.674,0
orange_pos_001835_20260510_222144_981.png,0,60,0.700,0
orange_pos_001835_20260510_222144_981.png,20,60,0.674,0
orange_pos_001835_20260510_222144_981.png,40,60,0.826,0
orange_pos_001835_20260510_222144_981.png,60,60,0.721,0
orange_pos_001835_20260510_222144_981.png,80,60,0.674,0
orange_pos_001835_20260510_222144_981.png,100,60,0.674,0
orange_pos_001835_20260510_222144_981.png,120,60,0.674,0
orange_pos_001835_20260510_222144_981.png,140,60,0.674,0
orange_pos_001835_20260510_222144_981.png,0,80,0.674,0
orange_pos_001835_20260510_222144_981.png,20,80,0.674,0
orange_pos_001835_20260510_222144_981.png,40,80,1.797,0
orange_pos_001835_20260510_222144_981.png,60,80,1.081,0
orange_pos_001835_20260510_222144_981.png,80,80,0.674,0
orange_pos_001835_20260510_222144_981.png,100,80,0.674,0
orange_pos_001835_20260510_222144_981.png,120,80,0.674,0
orange_pos_001835_20260510_222144_981.png,140,80,0.674,0
orange_pos_001835_20260510_222144_981.png,0,100,0.737,0
orange_pos_001835_20260510_222144_981.png,20,100,0.674,0
orange_pos_001835_20260510_222144_981.png,40,100,2.264,0
orange_pos_001835_20260510_222144_981.png,60,100,0.900,0
orange_pos_001835_20260510_222144_981.png,80,100,0.674,0
orange_pos_001835_20260510_222144_981.png,100,100,0.674,0
orange_pos_001835_20260510_222144_981.png,120,100,0.674,0
orange_pos_001835_20260510_222144_981.png,140,100,1.276,0
orange_pos_001836_20260510_222146_926.png,0,0,0.731,0
orange_pos_001836_20260510_222146_926.png,20,0,0.674,0
orange_pos_001836_20260510_222146_926.png,40,0,2.003,0
orange_pos_001836_20260510_222146_926.png,60,0,0.714,0
orange_pos_001836_20260510_222146_926.png,80,0,0.674,0
orange_pos_001836_20260510_222146_926.png,100,0,0.674,0
orange_pos_001836_20260510_222146_926.png,120,0,0.674,0
orange_pos_001836_20260510_222146_926.png,140,0,0.674,0
orange_pos_001836_20260510_222146_926.png,0,20,0.674,0
orange_pos_001836_20260510_222146_926.png,20,20,0.674,0
orange_pos_001836_20260510_222146_926.png,40,20,1.341,0
orange_pos_001836_20260510_222146_926.png,60,20,0.785,0
orange_pos_001836_20260510_222146_926.png,80,20,0.674,0
orange_pos_001836_20260510_222146_926.png,100,20,0.674,0
orange_pos_001836_20260510_222146_926.png,120,20,0.674,0
orange_pos_001836_20260510_222146_926.png,140,20,0.674,0
orange_pos_001836_20260510_222146_926.png,0,40,0.675,0
orange_pos_001836_20260510_222146_926.png,20,40,0.674,0
orange_pos_001836_20260510_222146_926.png,40,40,1.292,0
orange_pos_001836_20260510_222146_926.png,60,40,0.791,0
orange_pos_001836_20260510_222146_926.png,80,40,0.674,0
orange_pos_001836_20260510_222146_926.png,100,40,0.674,0
orange_pos_001836_20260510_222146_926.png,120,40,0.674,0
orange_pos_001836_20260510_222146_926.png,140,40,0.674,0
orange_pos_001836_20260510_222146_926.png,0,60,0.674,0
orange_pos_001836_20260510_222146_926.png,20,60,0.674,0
orange_pos_001836_20260510_222146_926.png,40,60,0.806,0
orange_pos_001836_20260510_222146_926.png,60,60,0.689,0
orange_pos_001836_20260510_222146_926.png,80,60,0.674,0
orange_pos_001836_20260510_222146_926.png,100,60,0.674,0
orange_pos_001836_20260510_222146_926.png,120,60,0.674,0
orange_pos_001836_20260510_222146_926.png,140,60,0.674,0
orange_pos_001836_20260510_222146_926.png,0,80,0.676,0
orange_pos_001836_20260510_222146_926.png,20,80,0.674,0
orange_pos_001836_20260510_222146_926.png,40,80,0.728,0
orange_pos_001836_20260510_222146_926.png,60,80,0.674,0
orange_pos_001836_20260510_222146_926.png,80,80,0.674,0
orange_pos_001836_20260510_222146_926.png,100,80,0.674,0
orange_pos_001836_20260510_222146_926.png,120,80,0.674,0
orange_pos_001836_20260510_222146_926.png,140,80,0.674,0
orange_pos_001836_20260510_222146_926.png,0,100,0.688,0
orange_pos_001836_20260510_222146_926.png,20,100,0.749,0
orange_pos_001836_20260510_222146_926.png,40,100,0.892,0
orange_pos_001836_20260510_222146_926.png,60,100,0.674,0
orange_pos_001836_20260510_222146_926.png,80,100,0.674,0
orange_pos_001836_20260510_222146_926.png,100,100,0.674,0
orange_pos_001836_20260510_222146_926.png,120,100,0.674,0
orange_pos_001836_20260510_222146_926.png,140,100,0.674,0
orange_pos_001837_20260510_222147_283.png,0,0,0.731,0
orange_pos_001837_20260510_222147_283.png,20,0,0.674,0
orange_pos_001837_20260510_222147_283.png,40,0,2.003,0
orange_pos_001837_20260510_222147_283.png,60,0,0.714,0
orange_pos_001837_20260510_222147_283.png,80,0,0.674,0
orange_pos_001837_20260510_222147_283.png,100,0,0.674,0
orange_pos_001837_20260510_222147_283.png,120,0,0.674,0
orange_pos_001837_20260510_222147_283.png,140,0,0.674,0
orange_pos_001837_20260510_222147_283.png,0,20,0.674,0
orange_pos_001837_20260510_222147_283.png,20,20,0.674,0
orange_pos_001837_20260510_222147_283.png,40,20,1.341,0
orange_pos_001837_20260510_222147_283.png,60,20,0.785,0
orange_pos_001837_20260510_222147_283.png,80,20,0.674,0
orange_pos_001837_20260510_222147_283.png,100,20,0.674,0
orange_pos_001837_20260510_222147_283.png,120,20,0.674,0
orange_pos_001837_20260510_222147_283.png,140,20,0.674,0
orange_pos_001837_20260510_222147_283.png,0,40,0.675,0
orange_pos_001837_20260510_222147_283.png,20,40,0.674,0
orange_pos_001837_20260510_222147_283.png,40,40,1.292,0
orange_pos_001837_20260510_222147_283.png,60,40,0.791,0
orange_pos_001837_20260510_222147_283.png,80,40,0.674,0
orange_pos_001837_20260510_222147_283.png,100,40,0.674,0
orange_pos_001837_20260510_222147_283.png,120,40,0.674,0
orange_pos_001837_20260510_222147_283.png,140,40,0.674,0
orange_pos_001837_20260510_222147_283.png,0,60,0.674,0
orange_pos_001837_20260510_222147_283.png,20,60,0.674,0
orange_pos_001837_20260510_222147_283.png,40,60,0.806,0
orange_pos_001837_20260510_222147_283.png,60,60,0.689,0
orange_pos_001837_20260510_222147_283.png,80,60,0.674,0
orange_pos_001837_20260510_222147_283.png,100,60,0.674,0
orange_pos_001837_20260510_222147_283.png,120,60,0.674,0
orange_pos_001837_20260510_222147_283.png,140,60,0.674,0
orange_pos_001837_20260510_222147_283.png,0,80,0.676,0
orange_pos_001837_20260510_222147_283.png,20,80,0.674,0
orange_pos_001837_20260510_222147_283.png,40,80,0.728,0
orange_pos_001837_20260510_222147_283.png,60,80,0.674,0
orange_pos_001837_20260510_222147_283.png,80,80,0.674,0
orange_pos_001837_20260510_222147_283.png,100,80,0.674,0
orange_pos_001837_20260510_222147_283.png,120,80,0.674,0
orange_pos_001837_20260510_222147_283.png,140,80,0.674,0
orange_pos_001837_20260510_222147_283.png,0,100,0.688,0
orange_pos_001837_20260510_222147_283.png,20,100,0.749,0
orange_pos_001837_20260510_222147_283.png,40,100,0.892,0
orange_pos_001837_20260510_222147_283.png,60,100,0.674,0
orange_pos_001837_20260510_222147_283.png,80,100,0.674,0
orange_pos_001837_20260510_222147_283.png,100,100,0.674,0
orange_pos_001837_20260510_222147_283.png,120,100,0.674,0
orange_pos_001837_20260510_222147_283.png,140,100,0.674,0
orange_pos_001838_20260510_222151_756.png,0,0,1.062,0
orange_pos_001838_20260510_222151_756.png,20,0,1.742,0
orange_pos_001838_20260510_222151_756.png,40,0,4.844,0
orange_pos_001838_20260510_222151_756.png,60,0,6.883,0
orange_pos_001838_20260510_222151_756.png,80,0,1.232,0
orange_pos_001838_20260510_222151_756.png,100,0,0.716,0
orange_pos_001838_20260510_222151_756.png,120,0,0.701,0
orange_pos_001838_20260510_222151_756.png,140,0,1.481,0
orange_pos_001838_20260510_222151_756.png,0,20,0.754,0
orange_pos_001838_20260510_222151_756.png,20,20,1.597,0
orange_pos_001838_20260510_222151_756.png,40,20,2.951,0
orange_pos_001838_20260510_222151_756.png,60,20,1.142,0
orange_pos_001838_20260510_222151_756.png,80,20,0.674,0
orange_pos_001838_20260510_222151_756.png,100,20,0.674,0
orange_pos_001838_20260510_222151_756.png,120,20,0.674,0
orange_pos_001838_20260510_222151_756.png,140,20,0.674,0
orange_pos_001838_20260510_222151_756.png,0,40,0.708,0
orange_pos_001838_20260510_222151_756.png,20,40,0.675,0
orange_pos_001838_20260510_222151_756.png,40,40,1.794,0
orange_pos_001838_20260510_222151_756.png,60,40,0.686,0
orange_pos_001838_20260510_222151_756.png,80,40,0.674,0
orange_pos_001838_20260510_222151_756.png,100,40,0.674,0
orange_pos_001838_20260510_222151_756.png,120,40,0.674,0
orange_pos_001838_20260510_222151_756.png,140,40,0.674,0
orange_pos_001838_20260510_222151_756.png,0,60,0.681,0
orange_pos_001838_20260510_222151_756.png,20,60,0.674,0
orange_pos_001838_20260510_222151_756.png,40,60,1.779,0
orange_pos_001838_20260510_222151_756.png,60,60,0.810,0
orange_pos_001838_20260510_222151_756.png,80,60,0.674,0
orange_pos_001838_20260510_222151_756.png,100,60,0.674,0
orange_pos_001838_20260510_222151_756.png,120,60,0.674,0
orange_pos_001838_20260510_222151_756.png,140,60,0.674,0
orange_pos_001838_20260510_222151_756.png,0,80,0.744,0
orange_pos_001838_20260510_222151_756.png,20,80,0.734,0
orange_pos_001838_20260510_222151_756.png,40,80,2.332,0
orange_pos_001838_20260510_222151_756.png,60,80,0.979,0
orange_pos_001838_20260510_222151_756.png,80,80,0.674,0
orange_pos_001838_20260510_222151_756.png,100,80,0.674,0
orange_pos_001838_20260510_222151_756.png,120,80,0.674,0
orange_pos_001838_20260510_222151_756.png,140,80,0.694,0
orange_pos_001838_20260510_222151_756.png,0,100,0.868,0
orange_pos_001838_20260510_222151_756.png,20,100,1.554,0
orange_pos_001838_20260510_222151_756.png,40,100,4.883,0
orange_pos_001838_20260510_222151_756.png,60,100,2.560,0
orange_pos_001838_20260510_222151_756.png,80,100,0.674,0
orange_pos_001838_20260510_222151_756.png,100,100,0.701,0
orange_pos_001838_20260510_222151_756.png,120,100,0.836,0
orange_pos_001838_20260510_222151_756.png,140,100,2.177,0
orange_pos_001839_20260510_222153_462.png,0,0,0.674,0
orange_pos_001839_20260510_222153_462.png,20,0,0.674,0
orange_pos_001839_20260510_222153_462.png,40,0,0.674,0
orange_pos_001839_20260510_222153_462.png,60,0,0.674,0
orange_pos_001839_20260510_222153_462.png,80,0,0.674,0
orange_pos_001839_20260510_222153_462.png,100,0,0.674,0
orange_pos_001839_20260510_222153_462.png,120,0,0.674,0
orange_pos_001839_20260510_222153_462.png,140,0,0.674,0
orange_pos_001839_20260510_222153_462.png,0,20,0.674,0
orange_pos_001839_20260510_222153_462.png,20,20,0.674,0
orange_pos_001839_20260510_222153_462.png,40,20,0.674,0
orange_pos_001839_20260510_222153_462.png,60,20,0.674,0
orange_pos_001839_20260510_222153_462.png,80,20,0.674,0
orange_pos_001839_20260510_222153_462.png,100,20,0.674,0
orange_pos_001839_20260510_222153_462.png,120,20,0.674,0
orange_pos_001839_20260510_222153_462.png,140,20,0.674,0
orange_pos_001839_20260510_222153_462.png,0,40,0.674,0
orange_pos_001839_20260510_222153_462.png,20,40,0.674,0
orange_pos_001839_20260510_222153_462.png,40,40,0.674,0
orange_pos_001839_20260510_222153_462.png,60,40,0.674,0
orange_pos_001839_20260510_222153_462.png,80,40,0.674,0
orange_pos_001839_20260510_222153_462.png,100,40,0.674,0
orange_pos_001839_20260510_222153_462.png,120,40,0.674,0
orange_pos_001839_20260510_222153_462.png,140,40,0.674,0
orange_pos_001839_20260510_222153_462.png,0,60,0.674,0
orange_pos_001839_20260510_222153_462.png,20,60,0.674,0
orange_pos_001839_20260510_222153_462.png,40,60,0.674,0
orange_pos_001839_20260510_222153_462.png,60,60,0.674,0
orange_pos_001839_20260510_222153_462.png,80,60,0.674,0
orange_pos_001839_20260510_222153_462.png,100,60,0.674,0
orange_pos_001839_20260510_222153_462.png,120,60,0.674,0
orange_pos_001839_20260510_222153_462.png,140,60,0.674,0
orange_pos_001839_20260510_222153_462.png,0,80,0.674,0
orange_pos_001839_20260510_222153_462.png,20,80,0.674,0
orange_pos_001839_20260510_222153_462.png,40,80,0.674,0
orange_pos_001839_20260510_222153_462.png,60,80,0.674,0
orange_pos_001839_20260510_222153_462.png,80,80,0.674,0
orange_pos_001839_20260510_222153_462.png,100,80,0.674,0
orange_pos_001839_20260510_222153_462.png,120,80,0.674,0
orange_pos_001839_20260510_222153_462.png,140,80,0.674,0
orange_pos_001839_20260510_222153_462.png,0,100,0.674,0
orange_pos_001839_20260510_222153_462.png,20,100,0.674,0
orange_pos_001839_20260510_222153_462.png,40,100,0.674,0
orange_pos_001839_20260510_222153_462.png,60,100,0.674,0
orange_pos_001839_20260510_222153_462.png,80,100,0.674,0
orange_pos_001839_20260510_222153_462.png,100,100,0.674,0
orange_pos_001839_20260510_222153_462.png,120,100,0.674,0
orange_pos_001839_20260510_222153_462.png,140,100,0.674,0
orange_pos_001840_20260510_222153_777.png,0,0,3.463,0
orange_pos_001840_20260510_222153_777.png,20,0,3.914,0
orange_pos_001840_20260510_222153_777.png,40,0,15.867,0
orange_pos_001840_20260510_222153_777.png,60,0,22.834,0
orange_pos_001840_20260510_222153_777.png,80,0,5.908,0
orange_pos_001840_20260510_222153_777.png,100,0,0.822,0
orange_pos_001840_20260510_222153_777.png,120,0,0.812,0
orange_pos_001840_20260510_222153_777.png,140,0,8.663,0
orange_pos_001840_20260510_222153_777.png,0,20,1.006,0
orange_pos_001840_20260510_222153_777.png,20,20,5.342,0
orange_pos_001840_20260510_222153_777.png,40,20,10.788,0
orange_pos_001840_20260510_222153_777.png,60,20,6.105,0
orange_pos_001840_20260510_222153_777.png,80,20,0.739,0
orange_pos_001840_20260510_222153_777.png,100,20,0.674,0
orange_pos_001840_20260510_222153_777.png,120,20,0.674,0
orange_pos_001840_20260510_222153_777.png,140,20,1.973,0
orange_pos_001840_20260510_222153_777.png,0,40,0.937,0
orange_pos_001840_20260510_222153_777.png,20,40,6.976,0
orange_pos_001840_20260510_222153_777.png,40,40,11.023,0
orange_pos_001840_20260510_222153_777.png,60,40,3.866,0
orange_pos_001840_20260510_222153_777.png,80,40,0.674,0
orange_pos_001840_20260510_222153_777.png,100,40,0.674,0
orange_pos_001840_20260510_222153_777.png,120,40,0.674,0
orange_pos_001840_20260510_222153_777.png,140,40,2.481,0
orange_pos_001840_20260510_222153_777.png,0,60,1.202,0
orange_pos_001840_20260510_222153_777.png,20,60,3.331,0
orange_pos_001840_20260510_222153_777.png,40,60,14.147,0
orange_pos_001840_20260510_222153_777.png,60,60,5.215,0
orange_pos_001840_20260510_222153_777.png,80,60,0.674,0
orange_pos_001840_20260510_222153_777.png,100,60,0.674,0
orange_pos_001840_20260510_222153_777.png,120,60,0.674,0
orange_pos_001840_20260510_222153_777.png,140,60,4.305,0
orange_pos_001840_20260510_222153_777.png,0,80,2.055,0
orange_pos_001840_20260510_222153_777.png,20,80,3.339,0
orange_pos_001840_20260510_222153_777.png,40,80,17.210,0
orange_pos_001840_20260510_222153_777.png,60,80,7.582,0
orange_pos_001840_20260510_222153_777.png,80,80,0.674,0
orange_pos_001840_20260510_222153_777.png,100,80,0.674,0
orange_pos_001840_20260510_222153_777.png,120,80,0.809,0
orange_pos_001840_20260510_222153_777.png,140,80,7.318,0
orange_pos_001840_20260510_222153_777.png,0,100,1.475,0
orange_pos_001840_20260510_222153_777.png,20,100,3.483,0
orange_pos_001840_20260510_222153_777.png,40,100,23.538,0
orange_pos_001840_20260510_222153_777.png,60,100,11.260,0
orange_pos_001840_20260510_222153_777.png,80,100,0.823,0
orange_pos_001840_20260510_222153_777.png,100,100,1.705,0
orange_pos_001840_20260510_222153_777.png,120,100,6.717,0
orange_pos_001840_20260510_222153_777.png,140,100,13.781,0
orange_pos_001841_20260510_222155_910.png,0,0,0.674,0
orange_pos_001841_20260510_222155_910.png,20,0,0.674,0
orange_pos_001841_20260510_222155_910.png,40,0,0.674,0
orange_pos_001841_20260510_222155_910.png,60,0,0.674,0
orange_pos_001841_20260510_222155_910.png,80,0,0.674,0
orange_pos_001841_20260510_222155_910.png,100,0,0.674,0
orange_pos_001841_20260510_222155_910.png,120,0,0.674,0
orange_pos_001841_20260510_222155_910.png,140,0,0.674,0
orange_pos_001841_20260510_222155_910.png,0,20,0.674,0
orange_pos_001841_20260510_222155_910.png,20,20,0.674,0
orange_pos_001841_20260510_222155_910.png,40,20,0.674,0
orange_pos_001841_20260510_222155_910.png,60,20,0.674,0
orange_pos_001841_20260510_222155_910.png,80,20,0.674,0
orange_pos_001841_20260510_222155_910.png,100,20,0.674,0
orange_pos_001841_20260510_222155_910.png,120,20,0.674,0
orange_pos_001841_20260510_222155_910.png,140,20,0.674,0
orange_pos_001841_20260510_222155_910.png,0,40,0.674,0
orange_pos_001841_20260510_222155_910.png,20,40,0.674,0
orange_pos_001841_20260510_222155_910.png,40,40,0.674,0
orange_pos_001841_20260510_222155_910.png,60,40,0.674,0
orange_pos_001841_20260510_222155_910.png,80,40,0.674,0
orange_pos_001841_20260510_222155_910.png,100,40,0.674,0
orange_pos_001841_20260510_222155_910.png,120,40,0.674,0
orange_pos_001841_20260510_222155_910.png,140,40,0.674,0
orange_pos_001841_20260510_222155_910.png,0,60,0.674,0
orange_pos_001841_20260510_222155_910.png,20,60,0.674,0
orange_pos_001841_20260510_222155_910.png,40,60,0.674,0
orange_pos_001841_20260510_222155_910.png,60,60,0.674,0
orange_pos_001841_20260510_222155_910.png,80,60,0.674,0
orange_pos_001841_20260510_222155_910.png,100,60,0.674,0
orange_pos_001841_20260510_222155_910.png,120,60,0.674,0
orange_pos_001841_20260510_222155_910.png,140,60,0.674,0
orange_pos_001841_20260510_222155_910.png,0,80,0.674,0
orange_pos_001841_20260510_222155_910.png,20,80,0.674,0
orange_pos_001841_20260510_222155_910.png,40,80,0.674,0
orange_pos_001841_20260510_222155_910.png,60,80,0.674,0
orange_pos_001841_20260510_222155_910.png,80,80,0.674,0
orange_pos_001841_20260510_222155_910.png,100,80,0.674,0
orange_pos_001841_20260510_222155_910.png,120,80,0.674,0
orange_pos_001841_20260510_222155_910.png,140,80,0.674,0
orange_pos_001841_20260510_222155_910.png,0,100,0.674,0
orange_pos_001841_20260510_222155_910.png,20,100,0.674,0
orange_pos_001841_20260510_222155_910.png,40,100,0.674,0
orange_pos_001841_20260510_222155_910.png,60,100,0.674,0
orange_pos_001841_20260510_222155_910.png,80,100,0.674,0
orange_pos_001841_20260510_222155_910.png,100,100,0.674,0
orange_pos_001841_20260510_222155_910.png,120,100,0.674,0
orange_pos_001841_20260510_222155_910.png,140,100,0.674,0
orange_pos_001842_20260510_222200_318.png,0,0,1.627,0
orange_pos_001842_20260510_222200_318.png,20,0,4.261,0
orange_pos_001842_20260510_222200_318.png,40,0,5.545,0
orange_pos_001842_20260510_222200_318.png,60,0,6.919,0
orange_pos_001842_20260510_222200_318.png,80,0,1.315,0
orange_pos_001842_20260510_222200_318.png,100,0,0.804,0
orange_pos_001842_20260510_222200_318.png,120,0,0.800,0
orange_pos_001842_20260510_222200_318.png,140,0,2.151,0
orange_pos_001842_20260510_222200_318.png,0,20,0.674,0
orange_pos_001842_20260510_222200_318.png,20,20,0.717,0
orange_pos_001842_20260510_222200_318.png,40,20,1.309,0
orange_pos_001842_20260510_222200_318.png,60,20,0.831,0
orange_pos_001842_20260510_222200_318.png,80,20,0.674,0
orange_pos_001842_20260510_222200_318.png,100,20,0.674,0
orange_pos_001842_20260510_222200_318.png,120,20,0.674,0
orange_pos_001842_20260510_222200_318.png,140,20,0.674,0
orange_pos_001842_20260510_222200_318.png,0,40,0.721,0
orange_pos_001842_20260510_222200_318.png,20,40,0.754,0
orange_pos_001842_20260510_222200_318.png,40,40,2.436,0
orange_pos_001842_20260510_222200_318.png,60,40,0.870,0
orange_pos_001842_20260510_222200_318.png,80,40,0.674,0
orange_pos_001842_20260510_222200_318.png,100,40,0.674,0
orange_pos_001842_20260510_222200_318.png,120,40,0.674,0
orange_pos_001842_20260510_222200_318.png,140,40,0.693,0
orange_pos_001842_20260510_222200_318.png,0,60,0.748,0
orange_pos_001842_20260510_222200_318.png,20,60,0.675,0
orange_pos_001842_20260510_222200_318.png,40,60,4.050,0
orange_pos_001842_20260510_222200_318.png,60,60,0.911,0
orange_pos_001842_20260510_222200_318.png,80,60,0.674,0
orange_pos_001842_20260510_222200_318.png,100,60,0.674,0
orange_pos_001842_20260510_222200_318.png,120,60,0.674,0
orange_pos_001842_20260510_222200_318.png,140,60,0.713,0
orange_pos_001842_20260510_222200_318.png,0,80,0.751,0
orange_pos_001842_20260510_222200_318.png,20,80,1.112,0
orange_pos_001842_20260510_222200_318.png,40,80,4.294,0
orange_pos_001842_20260510_222200_318.png,60,80,1.490,0
orange_pos_001842_20260510_222200_318.png,80,80,0.674,0
orange_pos_001842_20260510_222200_318.png,100,80,0.674,0
orange_pos_001842_20260510_222200_318.png,120,80,0.674,0
orange_pos_001842_20260510_222200_318.png,140,80,0.951,0
orange_pos_001842_20260510_222200_318.png,0,100,0.872,0
orange_pos_001842_20260510_222200_318.png,20,100,1.076,0
orange_pos_001842_20260510_222200_318.png,40,100,7.068,0
orange_pos_001842_20260510_222200_318.png,60,100,3.379,0
orange_pos_001842_20260510_222200_318.png,80,100,0.674,0
orange_pos_001842_20260510_222200_318.png,100,100,0.689,0
orange_pos_001842_20260510_222200_318.png,120,100,1.009,0
orange_pos_001842_20260510_222200_318.png,140,100,1.840,0
orange_pos_001843_20260510_222202_586.png,0,0,0.844,0
orange_pos_001843_20260510_222202_586.png,20,0,0.733,0
orange_pos_001843_20260510_222202_586.png,40,0,4.107,0
orange_pos_001843_20260510_222202_586.png,60,0,3.172,0
orange_pos_001843_20260510_222202_586.png,80,0,1.003,0
orange_pos_001843_20260510_222202_586.png,100,0,0.674,0
orange_pos_001843_20260510_222202_586.png,120,0,0.674,0
orange_pos_001843_20260510_222202_586.png,140,0,0.895,0
orange_pos_001843_20260510_222202_586.png,0,20,0.674,0
orange_pos_001843_20260510_222202_586.png,20,20,0.674,0
orange_pos_001843_20260510_222202_586.png,40,20,1.073,0
orange_pos_001843_20260510_222202_586.png,60,20,0.685,0
orange_pos_001843_20260510_222202_586.png,80,20,0.674,0
orange_pos_001843_20260510_222202_586.png,100,20,0.674,0
orange_pos_001843_20260510_222202_586.png,120,20,0.674,0
orange_pos_001843_20260510_222202_586.png,140,20,0.674,0
orange_pos_001843_20260510_222202_586.png,0,40,0.716,0
orange_pos_001843_20260510_222202_586.png,20,40,0.674,0
orange_pos_001843_20260510_222202_586.png,40,40,3.342,0
orange_pos_001843_20260510_222202_586.png,60,40,1.001,0
orange_pos_001843_20260510_222202_586.png,80,40,0.674,0
orange_pos_001843_20260510_222202_586.png,100,40,0.674,0
orange_pos_001843_20260510_222202_586.png,120,40,0.674,0
orange_pos_001843_20260510_222202_586.png,140,40,0.674,0
orange_pos_001843_20260510_222202_586.png,0,60,0.674,0
orange_pos_001843_20260510_222202_586.png,20,60,0.674,0
orange_pos_001843_20260510_222202_586.png,40,60,0.857,0
orange_pos_001843_20260510_222202_586.png,60,60,0.674,0
orange_pos_001843_20260510_222202_586.png,80,60,0.674,0
orange_pos_001843_20260510_222202_586.png,100,60,0.674,0
orange_pos_001843_20260510_222202_586.png,120,60,0.674,0
orange_pos_001843_20260510_222202_586.png,140,60,0.674,0
orange_pos_001843_20260510_222202_586.png,0,80,0.701,0
orange_pos_001843_20260510_222202_586.png,20,80,0.674,0
orange_pos_001843_20260510_222202_586.png,40,80,1.141,0
orange_pos_001843_20260510_222202_586.png,60,80,0.741,0
orange_pos_001843_20260510_222202_586.png,80,80,0.674,0
orange_pos_001843_20260510_222202_586.png,100,80,0.674,0
orange_pos_001843_20260510_222202_586.png,120,80,0.674,0
orange_pos_001843_20260510_222202_586.png,140,80,0.674,0
orange_pos_001843_20260510_222202_586.png,0,100,0.725,0
orange_pos_001843_20260510_222202_586.png,20,100,0.720,0
orange_pos_001843_20260510_222202_586.png,40,100,0.986,0
orange_pos_001843_20260510_222202_586.png,60,100,0.970,0
orange_pos_001843_20260510_222202_586.png,80,100,0.674,0
orange_pos_001843_20260510_222202_586.png,100,100,0.674,0
orange_pos_001843_20260510_222202_586.png,120,100,0.674,0
orange_pos_001843_20260510_222202_586.png,140,100,0.678,0
orange_pos_001844_20260510_222202_944.png,0,0,0.844,0
orange_pos_001844_20260510_222202_944.png,20,0,0.733,0
orange_pos_001844_20260510_222202_944.png,40,0,4.107,0
orange_pos_001844_20260510_222202_944.png,60,0,3.172,0
orange_pos_001844_20260510_222202_944.png,80,0,1.003,0
orange_pos_001844_20260510_222202_944.png,100,0,0.674,0
orange_pos_001844_20260510_222202_944.png,120,0,0.674,0
orange_pos_001844_20260510_222202_944.png,140,0,0.895,0
orange_pos_001844_20260510_222202_944.png,0,20,0.674,0
orange_pos_001844_20260510_222202_944.png,20,20,0.674,0
orange_pos_001844_20260510_222202_944.png,40,20,1.073,0
orange_pos_001844_20260510_222202_944.png,60,20,0.685,0
orange_pos_001844_20260510_222202_944.png,80,20,0.674,0
orange_pos_001844_20260510_222202_944.png,100,20,0.674,0
orange_pos_001844_20260510_222202_944.png,120,20,0.674,0
orange_pos_001844_20260510_222202_944.png,140,20,0.674,0
orange_pos_001844_20260510_222202_944.png,0,40,0.716,0
orange_pos_001844_20260510_222202_944.png,20,40,0.674,0
orange_pos_001844_20260510_222202_944.png,40,40,3.342,0
orange_pos_001844_20260510_222202_944.png,60,40,1.001,0
orange_pos_001844_20260510_222202_944.png,80,40,0.674,0
orange_pos_001844_20260510_222202_944.png,100,40,0.674,0
orange_pos_001844_20260510_222202_944.png,120,40,0.674,0
orange_pos_001844_20260510_222202_944.png,140,40,0.674,0
orange_pos_001844_20260510_222202_944.png,0,60,0.674,0
orange_pos_001844_20260510_222202_944.png,20,60,0.674,0
orange_pos_001844_20260510_222202_944.png,40,60,0.857,0
orange_pos_001844_20260510_222202_944.png,60,60,0.674,0
orange_pos_001844_20260510_222202_944.png,80,60,0.674,0
orange_pos_001844_20260510_222202_944.png,100,60,0.674,0
orange_pos_001844_20260510_222202_944.png,120,60,0.674,0
orange_pos_001844_20260510_222202_944.png,140,60,0.674,0
orange_pos_001844_20260510_222202_944.png,0,80,0.701,0
orange_pos_001844_20260510_222202_944.png,20,80,0.674,0
orange_pos_001844_20260510_222202_944.png,40,80,1.141,0
orange_pos_001844_20260510_222202_944.png,60,80,0.741,0
orange_pos_001844_20260510_222202_944.png,80,80,0.674,0
orange_pos_001844_20260510_222202_944.png,100,80,0.674,0
orange_pos_001844_20260510_222202_944.png,120,80,0.674,0
orange_pos_001844_20260510_222202_944.png,140,80,0.674,0
orange_pos_001844_20260510_222202_944.png,0,100,0.725,0
orange_pos_001844_20260510_222202_944.png,20,100,0.720,0
orange_pos_001844_20260510_222202_944.png,40,100,0.986,0
orange_pos_001844_20260510_222202_944.png,60,100,0.970,0
orange_pos_001844_20260510_222202_944.png,80,100,0.674,0
orange_pos_001844_20260510_222202_944.png,100,100,0.674,0
orange_pos_001844_20260510_222202_944.png,120,100,0.674,0
orange_pos_001844_20260510_222202_944.png,140,100,0.678,0
orange_pos_001845_20260510_222204_837.png,0,0,0.715,0
orange_pos_001845_20260510_222204_837.png,20,0,1.841,0
orange_pos_001845_20260510_222204_837.png,40,0,3.871,0
orange_pos_001845_20260510_222204_837.png,60,0,3.670,0
orange_pos_001845_20260510_222204_837.png,80,0,0.824,0
orange_pos_001845_20260510_222204_837.png,100,0,0.674,0
orange_pos_001845_20260510_222204_837.png,120,0,0.674,0
orange_pos_001845_20260510_222204_837.png,140,0,0.674,0
orange_pos_001845_20260510_222204_837.png,0,20,0.707,0
orange_pos_001845_20260510_222204_837.png,20,20,0.965,0
orange_pos_001845_20260510_222204_837.png,40,20,2.389,0
orange_pos_001845_20260510_222204_837.png,60,20,1.231,0
orange_pos_001845_20260510_222204_837.png,80,20,0.674,0
orange_pos_001845_20260510_222204_837.png,100,20,0.674,0
orange_pos_001845_20260510_222204_837.png,120,20,0.674,0
orange_pos_001845_20260510_222204_837.png,140,20,0.674,0
orange_pos_001845_20260510_222204_837.png,0,40,0.674,0
orange_pos_001845_20260510_222204_837.png,20,40,0.674,0
orange_pos_001845_20260510_222204_837.png,40,40,1.066,0
orange_pos_001845_20260510_222204_837.png,60,40,0.718,0
orange_pos_001845_20260510_222204_837.png,80,40,0.674,0
orange_pos_001845_20260510_222204_837.png,100,40,0.674,0
orange_pos_001845_20260510_222204_837.png,120,40,0.674,0
orange_pos_001845_20260510_222204_837.png,140,40,0.674,0
orange_pos_001845_20260510_222204_837.png,0,60,0.698,0
orange_pos_001845_20260510_222204_837.png,20,60,0.674,0
orange_pos_001845_20260510_222204_837.png,40,60,1.047,0
orange_pos_001845_20260510_222204_837.png,60,60,0.674,0
orange_pos_001845_20260510_222204_837.png,80,60,0.674,0
orange_pos_001845_20260510_222204_837.png,100,60,0.674,0
orange_pos_001845_20260510_222204_837.png,120,60,0.674,0
orange_pos_001845_20260510_222204_837.png,140,60,0.674,0
orange_pos_001845_20260510_222204_837.png,0,80,0.762,0
orange_pos_001845_20260510_222204_837.png,20,80,0.674,0
orange_pos_001845_20260510_222204_837.png,40,80,2.392,0
orange_pos_001845_20260510_222204_837.png,60,80,1.285,0
orange_pos_001845_20260510_222204_837.png,80,80,0.674,0
orange_pos_001845_20260510_222204_837.png,100,80,0.674,0
orange_pos_001845_20260510_222204_837.png,120,80,0.688,0
orange_pos_001845_20260510_222204_837.png,140,80,0.916,0
orange_pos_001845_20260510_222204_837.png,0,100,0.709,0
orange_pos_001845_20260510_222204_837.png,20,100,0.964,0
orange_pos_001845_20260510_222204_837.png,40,100,3.605,0
orange_pos_001845_20260510_222204_837.png,60,100,1.332,0
orange_pos_001845_20260510_222204_837.png,80,100,0.674,0
orange_pos_001845_20260510_222204_837.png,100,100,0.674,0
orange_pos_001845_20260510_222204_837.png,120,100,0.676,0
orange_pos_001845_20260510_222204_837.png,140,100,0.887,0
orange_pos_001846_20260510_222205_226.png,0,0,0.715,0
orange_pos_001846_20260510_222205_226.png,20,0,1.841,0
orange_pos_001846_20260510_222205_226.png,40,0,3.871,0
orange_pos_001846_20260510_222205_226.png,60,0,3.670,0
orange_pos_001846_20260510_222205_226.png,80,0,0.824,0
orange_pos_001846_20260510_222205_226.png,100,0,0.674,0
orange_pos_001846_20260510_222205_226.png,120,0,0.674,0
orange_pos_001846_20260510_222205_226.png,140,0,0.674,0
orange_pos_001846_20260510_222205_226.png,0,20,0.707,0
orange_pos_001846_20260510_222205_226.png,20,20,0.965,0
orange_pos_001846_20260510_222205_226.png,40,20,2.389,0
orange_pos_001846_20260510_222205_226.png,60,20,1.231,0
orange_pos_001846_20260510_222205_226.png,80,20,0.674,0
orange_pos_001846_20260510_222205_226.png,100,20,0.674,0
orange_pos_001846_20260510_222205_226.png,120,20,0.674,0
orange_pos_001846_20260510_222205_226.png,140,20,0.674,0
orange_pos_001846_20260510_222205_226.png,0,40,0.674,0
orange_pos_001846_20260510_222205_226.png,20,40,0.674,0
orange_pos_001846_20260510_222205_226.png,40,40,1.066,0
orange_pos_001846_20260510_222205_226.png,60,40,0.718,0
orange_pos_001846_20260510_222205_226.png,80,40,0.674,0
orange_pos_001846_20260510_222205_226.png,100,40,0.674,0
orange_pos_001846_20260510_222205_226.png,120,40,0.674,0
orange_pos_001846_20260510_222205_226.png,140,40,0.674,0
orange_pos_001846_20260510_222205_226.png,0,60,0.698,0
orange_pos_001846_20260510_222205_226.png,20,60,0.674,0
orange_pos_001846_20260510_222205_226.png,40,60,1.047,0
orange_pos_001846_20260510_222205_226.png,60,60,0.674,0
orange_pos_001846_20260510_222205_226.png,80,60,0.674,0
orange_pos_001846_20260510_222205_226.png,100,60,0.674,0
orange_pos_001846_20260510_222205_226.png,120,60,0.674,0
orange_pos_001846_20260510_222205_226.png,140,60,0.674,0
orange_pos_001846_20260510_222205_226.png,0,80,0.762,0
orange_pos_001846_20260510_222205_226.png,20,80,0.674,0
orange_pos_001846_20260510_222205_226.png,40,80,2.392,0
orange_pos_001846_20260510_222205_226.png,60,80,1.285,0
orange_pos_001846_20260510_222205_226.png,80,80,0.674,0
orange_pos_001846_20260510_222205_226.png,100,80,0.674,0
orange_pos_001846_20260510_222205_226.png,120,80,0.688,0
orange_pos_001846_20260510_222205_226.png,140,80,0.916,0
orange_pos_001846_20260510_222205_226.png,0,100,0.709,0
orange_pos_001846_20260510_222205_226.png,20,100,0.964,0
orange_pos_001846_20260510_222205_226.png,40,100,3.605,0
orange_pos_001846_20260510_222205_226.png,60,100,1.332,0
orange_pos_001846_20260510_222205_226.png,80,100,0.674,0
orange_pos_001846_20260510_222205_226.png,100,100,0.674,0
orange_pos_001846_20260510_222205_226.png,120,100,0.676,0
orange_pos_001846_20260510_222205_226.png,140,100,0.887,0
orange_pos_001847_20260510_222206_892.png,0,0,5.272,0
orange_pos_001847_20260510_222206_892.png,20,0,2.451,0
orange_pos_001847_20260510_222206_892.png,40,0,16.399,0
orange_pos_001847_20260510_222206_892.png,60,0,22.935,0
orange_pos_001847_20260510_222206_892.png,80,0,5.581,0
orange_pos_001847_20260510_222206_892.png,100,0,3.001,0
orange_pos_001847_20260510_222206_892.png,120,0,3.321,0
orange_pos_001847_20260510_222206_892.png,140,0,4.564,0
orange_pos_001847_20260510_222206_892.png,0,20,1.246,0
orange_pos_001847_20260510_222206_892.png,20,20,4.686,0
orange_pos_001847_20260510_222206_892.png,40,20,14.475,0
orange_pos_001847_20260510_222206_892.png,60,20,7.187,0
orange_pos_001847_20260510_222206_892.png,80,20,0.674,0
orange_pos_001847_20260510_222206_892.png,100,20,0.674,0
orange_pos_001847_20260510_222206_892.png,120,20,0.674,0
orange_pos_001847_20260510_222206_892.png,140,20,3.580,0
orange_pos_001847_20260510_222206_892.png,0,40,1.108,0
orange_pos_001847_20260510_222206_892.png,20,40,2.356,0
orange_pos_001847_20260510_222206_892.png,40,40,12.303,0
orange_pos_001847_20260510_222206_892.png,60,40,4.829,0
orange_pos_001847_20260510_222206_892.png,80,40,0.674,0
orange_pos_001847_20260510_222206_892.png,100,40,0.674,0
orange_pos_001847_20260510_222206_892.png,120,40,0.674,0
orange_pos_001847_20260510_222206_892.png,140,40,3.273,0
orange_pos_001847_20260510_222206_892.png,0,60,1.040,0
orange_pos_001847_20260510_222206_892.png,20,60,1.968,0
orange_pos_001847_20260510_222206_892.png,40,60,6.847,0
orange_pos_001847_20260510_222206_892.png,60,60,2.706,0
orange_pos_001847_20260510_222206_892.png,80,60,0.674,0
orange_pos_001847_20260510_222206_892.png,100,60,0.674,0
orange_pos_001847_20260510_222206_892.png,120,60,0.674,0
orange_pos_001847_20260510_222206_892.png,140,60,1.934,0
orange_pos_001847_20260510_222206_892.png,0,80,1.127,0
orange_pos_001847_20260510_222206_892.png,20,80,1.564,0
orange_pos_001847_20260510_222206_892.png,40,80,16.061,0
orange_pos_001847_20260510_222206_892.png,60,80,7.866,0
orange_pos_001847_20260510_222206_892.png,80,80,0.674,0
orange_pos_001847_20260510_222206_892.png,100,80,0.674,0
orange_pos_001847_20260510_222206_892.png,120,80,2.536,0
orange_pos_001847_20260510_222206_892.png,140,80,8.346,0
orange_pos_001847_20260510_222206_892.png,0,100,1.375,0
orange_pos_001847_20260510_222206_892.png,20,100,3.610,0
orange_pos_001847_20260510_222206_892.png,40,100,18.879,0
orange_pos_001847_20260510_222206_892.png,60,100,9.692,0
orange_pos_001847_20260510_222206_892.png,80,100,0.862,0
orange_pos_001847_20260510_222206_892.png,100,100,2.132,0
orange_pos_001847_20260510_222206_892.png,120,100,3.696,0
orange_pos_001847_20260510_222206_892.png,140,100,10.636,0
orange_pos_001848_20260510_222207_260.png,0,0,0.839,0
orange_pos_001848_20260510_222207_260.png,20,0,0.766,0
orange_pos_001848_20260510_222207_260.png,40,0,4.890,0
orange_pos_001848_20260510_222207_260.png,60,0,6.120,0
orange_pos_001848_20260510_222207_260.png,80,0,1.686,0
orange_pos_001848_20260510_222207_260.png,100,0,0.674,0
orange_pos_001848_20260510_222207_260.png,120,0,0.674,0
orange_pos_001848_20260510_222207_260.png,140,0,0.724,0
orange_pos_001848_20260510_222207_260.png,0,20,0.760,0
orange_pos_001848_20260510_222207_260.png,20,20,0.674,0
orange_pos_001848_20260510_222207_260.png,40,20,3.007,0
orange_pos_001848_20260510_222207_260.png,60,20,2.125,0
orange_pos_001848_20260510_222207_260.png,80,20,0.674,0
orange_pos_001848_20260510_222207_260.png,100,20,0.674,0
orange_pos_001848_20260510_222207_260.png,120,20,0.674,0
orange_pos_001848_20260510_222207_260.png,140,20,0.683,0
orange_pos_001848_20260510_222207_260.png,0,40,0.798,0
orange_pos_001848_20260510_222207_260.png,20,40,0.674,0
orange_pos_001848_20260510_222207_260.png,40,40,3.588,0
orange_pos_001848_20260510_222207_260.png,60,40,1.305,0
orange_pos_001848_20260510_222207_260.png,80,40,0.674,0
orange_pos_001848_20260510_222207_260.png,100,40,0.674,0
orange_pos_001848_20260510_222207_260.png,120,40,0.674,0
orange_pos_001848_20260510_222207_260.png,140,40,0.865,0
orange_pos_001848_20260510_222207_260.png,0,60,0.785,0
orange_pos_001848_20260510_222207_260.png,20,60,0.674,0
orange_pos_001848_20260510_222207_260.png,40,60,2.822,0
orange_pos_001848_20260510_222207_260.png,60,60,1.456,0
orange_pos_001848_20260510_222207_260.png,80,60,0.674,0
orange_pos_001848_20260510_222207_260.png,100,60,0.674,0
orange_pos_001848_20260510_222207_260.png,120,60,0.674,0
orange_pos_001848_20260510_222207_260.png,140,60,0.823,0
orange_pos_001848_20260510_222207_260.png,0,80,0.886,0
orange_pos_001848_20260510_222207_260.png,20,80,0.728,0
orange_pos_001848_20260510_222207_260.png,40,80,4.259,0
orange_pos_001848_20260510_222207_260.png,60,80,1.792,0
orange_pos_001848_20260510_222207_260.png,80,80,0.674,0
orange_pos_001848_20260510_222207_260.png,100,80,0.674,0
orange_pos_001848_20260510_222207_260.png,120,80,0.674,0
orange_pos_001848_20260510_222207_260.png,140,80,1.280,0
orange_pos_001848_20260510_222207_260.png,0,100,0.784,0
orange_pos_001848_20260510_222207_260.png,20,100,1.260,0
orange_pos_001848_20260510_222207_260.png,40,100,7.153,0
orange_pos_001848_20260510_222207_260.png,60,100,2.649,0
orange_pos_001848_20260510_222207_260.png,80,100,0.674,0
orange_pos_001848_20260510_222207_260.png,100,100,0.676,0
orange_pos_001848_20260510_222207_260.png,120,100,0.889,0
orange_pos_001848_20260510_222207_260.png,140,100,2.338,0
orange_pos_001849_20260510_222209_029.png,0,0,1.574,0
orange_pos_001849_20260510_222209_029.png,20,0,4.340,0
orange_pos_001849_20260510_222209_029.png,40,0,9.076,0
orange_pos_001849_20260510_222209_029.png,60,0,11.950,0
orange_pos_001849_20260510_222209_029.png,80,0,3.783,0
orange_pos_001849_20260510_222209_029.png,100,0,0.674,0
orange_pos_001849_20260510_222209_029.png,120,0,0.781,0
orange_pos_001849_20260510_222209_029.png,140,0,3.333,0
orange_pos_001849_20260510_222209_029.png,0,20,0.944,0
orange_pos_001849_20260510_222209_029.png,20,20,2.411,0
orange_pos_001849_20260510_222209_029.png,40,20,10.711,0
orange_pos_001849_20260510_222209_029.png,60,20,5.226,0
orange_pos_001849_20260510_222209_029.png,80,20,0.674,0
orange_pos_001849_20260510_222209_029.png,100,20,0.674,0
orange_pos_001849_20260510_222209_029.png,120,20,0.674,0
orange_pos_001849_20260510_222209_029.png,140,20,2.717,0
orange_pos_001849_20260510_222209_029.png,0,40,0.931,0
orange_pos_001849_20260510_222209_029.png,20,40,2.708,0
orange_pos_001849_20260510_222209_029.png,40,40,8.027,0
orange_pos_001849_20260510_222209_029.png,60,40,3.229,0
orange_pos_001849_20260510_222209_029.png,80,40,0.674,0
orange_pos_001849_20260510_222209_029.png,100,40,0.674,0
orange_pos_001849_20260510_222209_029.png,120,40,0.674,0
orange_pos_001849_20260510_222209_029.png,140,40,1.907,0
orange_pos_001849_20260510_222209_029.png,0,60,1.137,0
orange_pos_001849_20260510_222209_029.png,20,60,2.264,0
orange_pos_001849_20260510_222209_029.png,40,60,13.081,0
orange_pos_001849_20260510_222209_029.png,60,60,4.678,0
orange_pos_001849_20260510_222209_029.png,80,60,0.674,0
orange_pos_001849_20260510_222209_029.png,100,60,0.674,0
orange_pos_001849_20260510_222209_029.png,120,60,0.674,0
orange_pos_001849_20260510_222209_029.png,140,60,2.275,0
orange_pos_001849_20260510_222209_029.png,0,80,0.906,0
orange_pos_001849_20260510_222209_029.png,20,80,1.455,0
orange_pos_001849_20260510_222209_029.png,40,80,14.462,0
orange_pos_001849_20260510_222209_029.png,60,80,7.565,0
orange_pos_001849_20260510_222209_029.png,80,80,0.674,0
orange_pos_001849_20260510_222209_029.png,100,80,0.725,0
orange_pos_001849_20260510_222209_029.png,120,80,2.041,0
orange_pos_001849_20260510_222209_029.png,140,80,8.029,0
orange_pos_001849_20260510_222209_029.png,0,100,1.138,0
orange_pos_001849_20260510_222209_029.png,20,100,1.513,0
orange_pos_001849_20260510_222209_029.png,40,100,8.332,0
orange_pos_001849_20260510_222209_029.png,60,100,3.526,0
orange_pos_001849_20260510_222209_029.png,80,100,0.793,0
orange_pos_001849_20260510_222209_029.png,100,100,0.826,0
orange_pos_001849_20260510_222209_029.png,120,100,2.681,0
orange_pos_001849_20260510_222209_029.png,140,100,4.867,0
orange_pos_001850_20260510_222209_542.png,0,0,0.719,0
orange_pos_001850_20260510_222209_542.png,20,0,0.828,0
orange_pos_001850_20260510_222209_542.png,40,0,1.212,0
orange_pos_001850_20260510_222209_542.png,60,0,0.818,0
orange_pos_001850_20260510_222209_542.png,80,0,0.674,0
orange_pos_001850_20260510_222209_542.png,100,0,0.674,0
orange_pos_001850_20260510_222209_542.png,120,0,0.674,0
orange_pos_001850_20260510_222209_542.png,140,0,0.674,0
orange_pos_001850_20260510_222209_542.png,0,20,0.674,0
orange_pos_001850_20260510_222209_542.png,20,20,0.674,0
orange_pos_001850_20260510_222209_542.png,40,20,0.674,0
orange_pos_001850_20260510_222209_542.png,60,20,0.674,0
orange_pos_001850_20260510_222209_542.png,80,20,0.674,0
orange_pos_001850_20260510_222209_542.png,100,20,0.674,0
orange_pos_001850_20260510_222209_542.png,120,20,0.674,0
orange_pos_001850_20260510_222209_542.png,140,20,0.674,0
orange_pos_001850_20260510_222209_542.png,0,40,0.674,0
orange_pos_001850_20260510_222209_542.png,20,40,0.674,0
orange_pos_001850_20260510_222209_542.png,40,40,0.674,0
orange_pos_001850_20260510_222209_542.png,60,40,0.674,0
orange_pos_001850_20260510_222209_542.png,80,40,0.674,0
orange_pos_001850_20260510_222209_542.png,100,40,0.674,0
orange_pos_001850_20260510_222209_542.png,120,40,0.674,0
orange_pos_001850_20260510_222209_542.png,140,40,0.674,0
orange_pos_001850_20260510_222209_542.png,0,60,0.674,0
orange_pos_001850_20260510_222209_542.png,20,60,0.674,0
orange_pos_001850_20260510_222209_542.png,40,60,0.674,0
orange_pos_001850_20260510_222209_542.png,60,60,0.674,0
orange_pos_001850_20260510_222209_542.png,80,60,0.674,0
orange_pos_001850_20260510_222209_542.png,100,60,0.674,0
orange_pos_001850_20260510_222209_542.png,120,60,0.674,0
orange_pos_001850_20260510_222209_542.png,140,60,0.674,0
orange_pos_001850_20260510_222209_542.png,0,80,0.674,0
orange_pos_001850_20260510_222209_542.png,20,80,0.674,0
orange_pos_001850_20260510_222209_542.png,40,80,0.674,0
orange_pos_001850_20260510_222209_542.png,60,80,0.674,0
orange_pos_001850_20260510_222209_542.png,80,80,0.674,0
orange_pos_001850_20260510_222209_542.png,100,80,0.674,0
orange_pos_001850_20260510_222209_542.png,120,80,0.674,0
orange_pos_001850_20260510_222209_542.png,140,80,0.674,0
orange_pos_001850_20260510_222209_542.png,0,100,0.674,0
orange_pos_001850_20260510_222209_542.png,20,100,0.674,0
orange_pos_001850_20260510_222209_542.png,40,100,0.674,0
orange_pos_001850_20260510_222209_542.png,60,100,0.674,0
orange_pos_001850_20260510_222209_542.png,80,100,0.674,0
orange_pos_001850_20260510_222209_542.png,100,100,0.674,0
orange_pos_001850_20260510_222209_542.png,120,100,0.674,0
orange_pos_001850_20260510_222209_542.png,140,100,0.674,0
orange_pos_001851_20260510_222211_479.png,0,0,0.973,0
orange_pos_001851_20260510_222211_479.png,20,0,1.791,0
orange_pos_001851_20260510_222211_479.png,40,0,4.269,0
orange_pos_001851_20260510_222211_479.png,60,0,4.321,0
orange_pos_001851_20260510_222211_479.png,80,0,1.039,0
orange_pos_001851_20260510_222211_479.png,100,0,0.674,0
orange_pos_001851_20260510_222211_479.png,120,0,0.699,0
orange_pos_001851_20260510_222211_479.png,140,0,0.901,0
orange_pos_001851_20260510_222211_479.png,0,20,0.674,0
orange_pos_001851_20260510_222211_479.png,20,20,0.674,0
orange_pos_001851_20260510_222211_479.png,40,20,1.025,0
orange_pos_001851_20260510_222211_479.png,60,20,0.779,0
orange_pos_001851_20260510_222211_479.png,80,20,0.674,0
orange_pos_001851_20260510_222211_479.png,100,20,0.674,0
orange_pos_001851_20260510_222211_479.png,120,20,0.674,0
orange_pos_001851_20260510_222211_479.png,140,20,0.674,0
orange_pos_001851_20260510_222211_479.png,0,40,0.674,0
orange_pos_001851_20260510_222211_479.png,20,40,0.674,0
orange_pos_001851_20260510_222211_479.png,40,40,1.467,0
orange_pos_001851_20260510_222211_479.png,60,40,0.674,0
orange_pos_001851_20260510_222211_479.png,80,40,0.674,0
orange_pos_001851_20260510_222211_479.png,100,40,0.674,0
orange_pos_001851_20260510_222211_479.png,120,40,0.674,0
orange_pos_001851_20260510_222211_479.png,140,40,0.674,0
orange_pos_001851_20260510_222211_479.png,0,60,0.674,0
orange_pos_001851_20260510_222211_479.png,20,60,0.674,0
orange_pos_001851_20260510_222211_479.png,40,60,0.674,0
orange_pos_001851_20260510_222211_479.png,60,60,0.674,0
orange_pos_001851_20260510_222211_479.png,80,60,0.674,0
orange_pos_001851_20260510_222211_479.png,100,60,0.674,0
orange_pos_001851_20260510_222211_479.png,120,60,0.674,0
orange_pos_001851_20260510_222211_479.png,140,60,0.674,0
orange_pos_001851_20260510_222211_479.png,0,80,0.717,0
orange_pos_001851_20260510_222211_479.png,20,80,0.674,0
orange_pos_001851_20260510_222211_479.png,40,80,2.534,0
orange_pos_001851_20260510_222211_479.png,60,80,1.007,0
orange_pos_001851_20260510_222211_479.png,80,80,0.674,0
orange_pos_001851_20260510_222211_479.png,100,80,0.674,0
orange_pos_001851_20260510_222211_479.png,120,80,0.674,0
orange_pos_001851_20260510_222211_479.png,140,80,0.731,0
orange_pos_001851_20260510_222211_479.png,0,100,0.674,0
orange_pos_001851_20260510_222211_479.png,20,100,0.754,0
orange_pos_001851_20260510_222211_479.png,40,100,1.169,0
orange_pos_001851_20260510_222211_479.png,60,100,0.674,0
orange_pos_001851_20260510_222211_479.png,80,100,0.674,0
orange_pos_001851_20260510_222211_479.png,100,100,0.674,0
orange_pos_001851_20260510_222211_479.png,120,100,0.674,0
orange_pos_001851_20260510_222211_479.png,140,100,0.674,0
orange_pos_001852_20260510_222211_840.png,0,0,0.719,0
orange_pos_001852_20260510_222211_840.png,20,0,0.844,0
orange_pos_001852_20260510_222211_840.png,40,0,1.845,0
orange_pos_001852_20260510_222211_840.png,60,0,1.317,0
orange_pos_001852_20260510_222211_840.png,80,0,0.674,0
orange_pos_001852_20260510_222211_840.png,100,0,0.674,0
orange_pos_001852_20260510_222211_840.png,120,0,0.674,0
orange_pos_001852_20260510_222211_840.png,140,0,0.674,0
orange_pos_001852_20260510_222211_840.png,0,20,0.674,0
orange_pos_001852_20260510_222211_840.png,20,20,0.674,0
orange_pos_001852_20260510_222211_840.png,40,20,0.990,0
orange_pos_001852_20260510_222211_840.png,60,20,0.815,0
orange_pos_001852_20260510_222211_840.png,80,20,0.674,0
orange_pos_001852_20260510_222211_840.png,100,20,0.674,0
orange_pos_001852_20260510_222211_840.png,120,20,0.674,0
orange_pos_001852_20260510_222211_840.png,140,20,0.674,0
orange_pos_001852_20260510_222211_840.png,0,40,0.678,0
orange_pos_001852_20260510_222211_840.png,20,40,0.674,0
orange_pos_001852_20260510_222211_840.png,40,40,0.861,0
orange_pos_001852_20260510_222211_840.png,60,40,0.674,0
orange_pos_001852_20260510_222211_840.png,80,40,0.674,0
orange_pos_001852_20260510_222211_840.png,100,40,0.674,0
orange_pos_001852_20260510_222211_840.png,120,40,0.674,0
orange_pos_001852_20260510_222211_840.png,140,40,0.674,0
orange_pos_001852_20260510_222211_840.png,0,60,0.674,0
orange_pos_001852_20260510_222211_840.png,20,60,0.674,0
orange_pos_001852_20260510_222211_840.png,40,60,1.361,0
orange_pos_001852_20260510_222211_840.png,60,60,0.674,0
orange_pos_001852_20260510_222211_840.png,80,60,0.674,0
orange_pos_001852_20260510_222211_840.png,100,60,0.674,0
orange_pos_001852_20260510_222211_840.png,120,60,0.674,0
orange_pos_001852_20260510_222211_840.png,140,60,0.725,0
orange_pos_001852_20260510_222211_840.png,0,80,0.694,0
orange_pos_001852_20260510_222211_840.png,20,80,0.674,0
orange_pos_001852_20260510_222211_840.png,40,80,0.880,0
orange_pos_001852_20260510_222211_840.png,60,80,0.788,0
orange_pos_001852_20260510_222211_840.png,80,80,0.674,0
orange_pos_001852_20260510_222211_840.png,100,80,0.674,0
orange_pos_001852_20260510_222211_840.png,120,80,0.674,0
orange_pos_001852_20260510_222211_840.png,140,80,0.674,0
orange_pos_001852_20260510_222211_840.png,0,100,0.844,0
orange_pos_001852_20260510_222211_840.png,20,100,0.832,0
orange_pos_001852_20260510_222211_840.png,40,100,2.305,0
orange_pos_001852_20260510_222211_840.png,60,100,1.485,0
orange_pos_001852_20260510_222211_840.png,80,100,0.674,0
orange_pos_001852_20260510_222211_840.png,100,100,0.674,0
orange_pos_001852_20260510_222211_840.png,120,100,0.674,0
orange_pos_001852_20260510_222211_840.png,140,100,0.733,0
orange_pos_001853_20260510_222213_503.png,0,0,0.785,0
orange_pos_001853_20260510_222213_503.png,20,0,2.526,0
orange_pos_001853_20260510_222213_503.png,40,0,4.568,0
orange_pos_001853_20260510_222213_503.png,60,0,6.192,0
orange_pos_001853_20260510_222213_503.png,80,0,0.962,0
orange_pos_001853_20260510_222213_503.png,100,0,0.674,0
orange_pos_001853_20260510_222213_503.png,120,0,0.674,0
orange_pos_001853_20260510_222213_503.png,140,0,1.278,0
orange_pos_001853_20260510_222213_503.png,0,20,0.782,0
orange_pos_001853_20260510_222213_503.png,20,20,1.425,0
orange_pos_001853_20260510_222213_503.png,40,20,1.542,0
orange_pos_001853_20260510_222213_503.png,60,20,1.172,0
orange_pos_001853_20260510_222213_503.png,80,20,0.674,0
orange_pos_001853_20260510_222213_503.png,100,20,0.674,0
orange_pos_001853_20260510_222213_503.png,120,20,0.674,0
orange_pos_001853_20260510_222213_503.png,140,20,0.712,0
orange_pos_001853_20260510_222213_503.png,0,40,0.757,0
orange_pos_001853_20260510_222213_503.png,20,40,0.883,0
orange_pos_001853_20260510_222213_503.png,40,40,4.002,0
orange_pos_001853_20260510_222213_503.png,60,40,0.978,0
orange_pos_001853_20260510_222213_503.png,80,40,0.674,0
orange_pos_001853_20260510_222213_503.png,100,40,0.674,0
orange_pos_001853_20260510_222213_503.png,120,40,0.674,0
orange_pos_001853_20260510_222213_503.png,140,40,0.681,0
orange_pos_001853_20260510_222213_503.png,0,60,0.732,0
orange_pos_001853_20260510_222213_503.png,20,60,0.674,0
orange_pos_001853_20260510_222213_503.png,40,60,2.459,0
orange_pos_001853_20260510_222213_503.png,60,60,0.812,0
orange_pos_001853_20260510_222213_503.png,80,60,0.674,0
orange_pos_001853_20260510_222213_503.png,100,60,0.674,0
orange_pos_001853_20260510_222213_503.png,120,60,0.674,0
orange_pos_001853_20260510_222213_503.png,140,60,0.685,0
orange_pos_001853_20260510_222213_503.png,0,80,0.674,0
orange_pos_001853_20260510_222213_503.png,20,80,0.674,0
orange_pos_001853_20260510_222213_503.png,40,80,2.256,0
orange_pos_001853_20260510_222213_503.png,60,80,0.977,0
orange_pos_001853_20260510_222213_503.png,80,80,0.674,0
orange_pos_001853_20260510_222213_503.png,100,80,0.674,0
orange_pos_001853_20260510_222213_503.png,120,80,0.674,0
orange_pos_001853_20260510_222213_503.png,140,80,0.816,0
orange_pos_001853_20260510_222213_503.png,0,100,0.844,0
orange_pos_001853_20260510_222213_503.png,20,100,0.696,0
orange_pos_001853_20260510_222213_503.png,40,100,1.198,0
orange_pos_001853_20260510_222213_503.png,60,100,0.676,0
orange_pos_001853_20260510_222213_503.png,80,100,0.674,0
orange_pos_001853_20260510_222213_503.png,100,100,0.674,0
orange_pos_001853_20260510_222213_503.png,120,100,0.674,0
orange_pos_001853_20260510_222213_503.png,140,100,1.317,0
orange_pos_001854_20260510_222215_966.png,0,0,1.552,0
orange_pos_001854_20260510_222215_966.png,20,0,3.520,0
orange_pos_001854_20260510_222215_966.png,40,0,14.663,0
orange_pos_001854_20260510_222215_966.png,60,0,20.233,0
orange_pos_001854_20260510_222215_966.png,80,0,2.921,0
orange_pos_001854_20260510_222215_966.png,100,0,0.886,0
orange_pos_001854_20260510_222215_966.png,120,0,0.679,0
orange_pos_001854_20260510_222215_966.png,140,0,3.182,0
orange_pos_001854_20260510_222215_966.png,0,20,0.989,0
orange_pos_001854_20260510_222215_966.png,20,20,2.275,0
orange_pos_001854_20260510_222215_966.png,40,20,9.534,0
orange_pos_001854_20260510_222215_966.png,60,20,5.956,0
orange_pos_001854_20260510_222215_966.png,80,20,0.768,0
orange_pos_001854_20260510_222215_966.png,100,20,0.674,0
orange_pos_001854_20260510_222215_966.png,120,20,0.674,0
orange_pos_001854_20260510_222215_966.png,140,20,1.554,0
orange_pos_001854_20260510_222215_966.png,0,40,1.027,0
orange_pos_001854_20260510_222215_966.png,20,40,1.604,0
orange_pos_001854_20260510_222215_966.png,40,40,5.692,0
orange_pos_001854_20260510_222215_966.png,60,40,1.892,0
orange_pos_001854_20260510_222215_966.png,80,40,0.674,0
orange_pos_001854_20260510_222215_966.png,100,40,0.674,0
orange_pos_001854_20260510_222215_966.png,120,40,0.674,0
orange_pos_001854_20260510_222215_966.png,140,40,2.133,0
orange_pos_001854_20260510_222215_966.png,0,60,0.947,0
orange_pos_001854_20260510_222215_966.png,20,60,0.895,0
orange_pos_001854_20260510_222215_966.png,40,60,9.774,0
orange_pos_001854_20260510_222215_966.png,60,60,3.692,0
orange_pos_001854_20260510_222215_966.png,80,60,0.674,0
orange_pos_001854_20260510_222215_966.png,100,60,0.674,0
orange_pos_001854_20260510_222215_966.png,120,60,0.674,0
orange_pos_001854_20260510_222215_966.png,140,60,1.504,0
orange_pos_001854_20260510_222215_966.png,0,80,1.231,0
orange_pos_001854_20260510_222215_966.png,20,80,1.141,0
orange_pos_001854_20260510_222215_966.png,40,80,13.089,0
orange_pos_001854_20260510_222215_966.png,60,80,6.077,0
orange_pos_001854_20260510_222215_966.png,80,80,0.674,0
orange_pos_001854_20260510_222215_966.png,100,80,0.674,0
orange_pos_001854_20260510_222215_966.png,120,80,0.754,0
orange_pos_001854_20260510_222215_966.png,140,80,4.632,0
orange_pos_001854_20260510_222215_966.png,0,100,1.300,0
orange_pos_001854_20260510_222215_966.png,20,100,2.385,0
orange_pos_001854_20260510_222215_966.png,40,100,14.816,0
orange_pos_001854_20260510_222215_966.png,60,100,7.074,0
orange_pos_001854_20260510_222215_966.png,80,100,0.674,0
orange_pos_001854_20260510_222215_966.png,100,100,0.698,0
orange_pos_001854_20260510_222215_966.png,120,100,1.948,0
orange_pos_001854_20260510_222215_966.png,140,100,8.240,0
orange_pos_001855_20260510_222216_333.png,0,0,1.552,0
orange_pos_001855_20260510_222216_333.png,20,0,3.520,0
orange_pos_001855_20260510_222216_333.png,40,0,14.663,0
orange_pos_001855_20260510_222216_333.png,60,0,20.233,0
orange_pos_001855_20260510_222216_333.png,80,0,2.921,0
orange_pos_001855_20260510_222216_333.png,100,0,0.886,0
orange_pos_001855_20260510_222216_333.png,120,0,0.679,0
orange_pos_001855_20260510_222216_333.png,140,0,3.182,0
orange_pos_001855_20260510_222216_333.png,0,20,0.989,0
orange_pos_001855_20260510_222216_333.png,20,20,2.275,0
orange_pos_001855_20260510_222216_333.png,40,20,9.534,0
orange_pos_001855_20260510_222216_333.png,60,20,5.956,0
orange_pos_001855_20260510_222216_333.png,80,20,0.768,0
orange_pos_001855_20260510_222216_333.png,100,20,0.674,0
orange_pos_001855_20260510_222216_333.png,120,20,0.674,0
orange_pos_001855_20260510_222216_333.png,140,20,1.554,0
orange_pos_001855_20260510_222216_333.png,0,40,1.027,0
orange_pos_001855_20260510_222216_333.png,20,40,1.604,0
orange_pos_001855_20260510_222216_333.png,40,40,5.692,0
orange_pos_001855_20260510_222216_333.png,60,40,1.892,0
orange_pos_001855_20260510_222216_333.png,80,40,0.674,0
orange_pos_001855_20260510_222216_333.png,100,40,0.674,0
orange_pos_001855_20260510_222216_333.png,120,40,0.674,0
orange_pos_001855_20260510_222216_333.png,140,40,2.133,0
orange_pos_001855_20260510_222216_333.png,0,60,0.947,0
orange_pos_001855_20260510_222216_333.png,20,60,0.895,0
orange_pos_001855_20260510_222216_333.png,40,60,9.774,0
orange_pos_001855_20260510_222216_333.png,60,60,3.692,0
orange_pos_001855_20260510_222216_333.png,80,60,0.674,0
orange_pos_001855_20260510_222216_333.png,100,60,0.674,0
orange_pos_001855_20260510_222216_333.png,120,60,0.674,0
orange_pos_001855_20260510_222216_333.png,140,60,1.504,0
orange_pos_001855_20260510_222216_333.png,0,80,1.231,0
orange_pos_001855_20260510_222216_333.png,20,80,1.141,0
orange_pos_001855_20260510_222216_333.png,40,80,13.089,0
orange_pos_001855_20260510_222216_333.png,60,80,6.077,0
orange_pos_001855_20260510_222216_333.png,80,80,0.674,0
orange_pos_001855_20260510_222216_333.png,100,80,0.674,0
orange_pos_001855_20260510_222216_333.png,120,80,0.754,0
orange_pos_001855_20260510_222216_333.png,140,80,4.632,0
orange_pos_001855_20260510_222216_333.png,0,100,1.300,0
orange_pos_001855_20260510_222216_333.png,20,100,2.385,0
orange_pos_001855_20260510_222216_333.png,40,100,14.816,0
orange_pos_001855_20260510_222216_333.png,60,100,7.074,0
orange_pos_001855_20260510_222216_333.png,80,100,0.674,0
orange_pos_001855_20260510_222216_333.png,100,100,0.698,0
orange_pos_001855_20260510_222216_333.png,120,100,1.948,0
orange_pos_001855_20260510_222216_333.png,140,100,8.240,0
orange_pos_001856_20260510_222217_878.png,0,0,0.721,0
orange_pos_001856_20260510_222217_878.png,20,0,0.674,0
orange_pos_001856_20260510_222217_878.png,40,0,0.674,0
orange_pos_001856_20260510_222217_878.png,60,0,0.674,0
orange_pos_001856_20260510_222217_878.png,80,0,0.674,0
orange_pos_001856_20260510_222217_878.png,100,0,0.674,0
orange_pos_001856_20260510_222217_878.png,120,0,0.674,0
orange_pos_001856_20260510_222217_878.png,140,0,0.674,0
orange_pos_001856_20260510_222217_878.png,0,20,0.674,0
orange_pos_001856_20260510_222217_878.png,20,20,0.674,0
orange_pos_001856_20260510_222217_878.png,40,20,0.674,0
orange_pos_001856_20260510_222217_878.png,60,20,0.674,0
orange_pos_001856_20260510_222217_878.png,80,20,0.674,0
orange_pos_001856_20260510_222217_878.png,100,20,0.674,0
orange_pos_001856_20260510_222217_878.png,120,20,0.674,0
orange_pos_001856_20260510_222217_878.png,140,20,0.674,0
orange_pos_001856_20260510_222217_878.png,0,40,0.674,0
orange_pos_001856_20260510_222217_878.png,20,40,0.674,0
orange_pos_001856_20260510_222217_878.png,40,40,0.674,0
orange_pos_001856_20260510_222217_878.png,60,40,0.674,0
orange_pos_001856_20260510_222217_878.png,80,40,0.674,0
orange_pos_001856_20260510_222217_878.png,100,40,0.674,0
orange_pos_001856_20260510_222217_878.png,120,40,0.674,0
orange_pos_001856_20260510_222217_878.png,140,40,0.674,0
orange_pos_001856_20260510_222217_878.png,0,60,0.674,0
orange_pos_001856_20260510_222217_878.png,20,60,0.674,0
orange_pos_001856_20260510_222217_878.png,40,60,0.674,0
orange_pos_001856_20260510_222217_878.png,60,60,0.674,0
orange_pos_001856_20260510_222217_878.png,80,60,0.674,0
orange_pos_001856_20260510_222217_878.png,100,60,0.674,0
orange_pos_001856_20260510_222217_878.png,120,60,0.674,0
orange_pos_001856_20260510_222217_878.png,140,60,0.674,0
orange_pos_001856_20260510_222217_878.png,0,80,0.674,0
orange_pos_001856_20260510_222217_878.png,20,80,0.674,0
orange_pos_001856_20260510_222217_878.png,40,80,0.674,0
orange_pos_001856_20260510_222217_878.png,60,80,0.674,0
orange_pos_001856_20260510_222217_878.png,80,80,0.674,0
orange_pos_001856_20260510_222217_878.png,100,80,0.674,0
orange_pos_001856_20260510_222217_878.png,120,80,0.674,0
orange_pos_001856_20260510_222217_878.png,140,80,0.674,0
orange_pos_001856_20260510_222217_878.png,0,100,0.674,0
orange_pos_001856_20260510_222217_878.png,20,100,0.674,0
orange_pos_001856_20260510_222217_878.png,40,100,0.674,0
orange_pos_001856_20260510_222217_878.png,60,100,0.674,0
orange_pos_001856_20260510_222217_878.png,80,100,0.674,0
orange_pos_001856_20260510_222217_878.png,100,100,0.674,0
orange_pos_001856_20260510_222217_878.png,120,100,0.674,0
orange_pos_001856_20260510_222217_878.png,140,100,0.674,0
orange_pos_001857_20260510_222218_310.png,0,0,0.854,0
orange_pos_001857_20260510_222218_310.png,20,0,2.537,0
orange_pos_001857_20260510_222218_310.png,40,0,8.422,0
orange_pos_001857_20260510_222218_310.png,60,0,7.967,0
orange_pos_001857_20260510_222218_310.png,80,0,1.426,0
orange_pos_001857_20260510_222218_310.png,100,0,0.674,0
orange_pos_001857_20260510_222218_310.png,120,0,0.674,0
orange_pos_001857_20260510_222218_310.png,140,0,0.774,0
orange_pos_001857_20260510_222218_310.png,0,20,0.944,0
orange_pos_001857_20260510_222218_310.png,20,20,1.066,0
orange_pos_001857_20260510_222218_310.png,40,20,3.625,0
orange_pos_001857_20260510_222218_310.png,60,20,1.339,0
orange_pos_001857_20260510_222218_310.png,80,20,0.674,0
orange_pos_001857_20260510_222218_310.png,100,20,0.674,0
orange_pos_001857_20260510_222218_310.png,120,20,0.674,0
orange_pos_001857_20260510_222218_310.png,140,20,0.960,0
orange_pos_001857_20260510_222218_310.png,0,40,0.707,0
orange_pos_001857_20260510_222218_310.png,20,40,1.055,0
orange_pos_001857_20260510_222218_310.png,40,40,3.451,0
orange_pos_001857_20260510_222218_310.png,60,40,0.826,0
orange_pos_001857_20260510_222218_310.png,80,40,0.674,0
orange_pos_001857_20260510_222218_310.png,100,40,0.674,0
orange_pos_001857_20260510_222218_310.png,120,40,0.674,0
orange_pos_001857_20260510_222218_310.png,140,40,1.075,0
orange_pos_001857_20260510_222218_310.png,0,60,0.915,0
orange_pos_001857_20260510_222218_310.png,20,60,0.804,0
orange_pos_001857_20260510_222218_310.png,40,60,5.663,0
orange_pos_001857_20260510_222218_310.png,60,60,1.141,0
orange_pos_001857_20260510_222218_310.png,80,60,0.674,0
orange_pos_001857_20260510_222218_310.png,100,60,0.674,0
orange_pos_001857_20260510_222218_310.png,120,60,0.674,0
orange_pos_001857_20260510_222218_310.png,140,60,1.074,0
orange_pos_001857_20260510_222218_310.png,0,80,1.043,0
orange_pos_001857_20260510_222218_310.png,20,80,1.486,0
orange_pos_001857_20260510_222218_310.png,40,80,8.410,0
orange_pos_001857_20260510_222218_310.png,60,80,2.876,0
orange_pos_001857_20260510_222218_310.png,80,80,0.674,0
orange_pos_001857_20260510_222218_310.png,100,80,0.674,0
orange_pos_001857_20260510_222218_310.png,120,80,0.788,0
orange_pos_001857_20260510_222218_310.png,140,80,2.200,0
orange_pos_001857_20260510_222218_310.png,0,100,0.831,0
orange_pos_001857_20260510_222218_310.png,20,100,1.150,0
orange_pos_001857_20260510_222218_310.png,40,100,6.965,0
orange_pos_001857_20260510_222218_310.png,60,100,2.622,0
orange_pos_001857_20260510_222218_310.png,80,100,0.674,0
orange_pos_001857_20260510_222218_310.png,100,100,0.674,0
orange_pos_001857_20260510_222218_310.png,120,100,2.111,0
orange_pos_001857_20260510_222218_310.png,140,100,2.017,0
orange_pos_001858_20260510_222220_228.png,0,0,2.430,0
orange_pos_001858_20260510_222220_228.png,20,0,2.312,0
orange_pos_001858_20260510_222220_228.png,40,0,13.560,0
orange_pos_001858_20260510_222220_228.png,60,0,20.494,0
orange_pos_001858_20260510_222220_228.png,80,0,3.576,0
orange_pos_001858_20260510_222220_228.png,100,0,0.850,0
orange_pos_001858_20260510_222220_228.png,120,0,1.258,0
orange_pos_001858_20260510_222220_228.png,140,0,2.702,0
orange_pos_001858_20260510_222220_228.png,0,20,1.035,0
orange_pos_001858_20260510_222220_228.png,20,20,2.564,0
orange_pos_001858_20260510_222220_228.png,40,20,10.010,0
orange_pos_001858_20260510_222220_228.png,60,20,4.837,0
orange_pos_001858_20260510_222220_228.png,80,20,0.674,0
orange_pos_001858_20260510_222220_228.png,100,20,0.674,0
orange_pos_001858_20260510_222220_228.png,120,20,0.674,0
orange_pos_001858_20260510_222220_228.png,140,20,1.096,0
orange_pos_001858_20260510_222220_228.png,0,40,0.879,0
orange_pos_001858_20260510_222220_228.png,20,40,1.233,0
orange_pos_001858_20260510_222220_228.png,40,40,6.400,0
orange_pos_001858_20260510_222220_228.png,60,40,2.484,0
orange_pos_001858_20260510_222220_228.png,80,40,0.674,0
orange_pos_001858_20260510_222220_228.png,100,40,0.674,0
orange_pos_001858_20260510_222220_228.png,120,40,0.674,0
orange_pos_001858_20260510_222220_228.png,140,40,1.323,0
orange_pos_001858_20260510_222220_228.png,0,60,1.051,0
orange_pos_001858_20260510_222220_228.png,20,60,2.473,0
orange_pos_001858_20260510_222220_228.png,40,60,11.627,0
orange_pos_001858_20260510_222220_228.png,60,60,5.905,0
orange_pos_001858_20260510_222220_228.png,80,60,0.674,0
orange_pos_001858_20260510_222220_228.png,100,60,0.674,0
orange_pos_001858_20260510_222220_228.png,120,60,0.674,0
orange_pos_001858_20260510_222220_228.png,140,60,2.408,0
orange_pos_001858_20260510_222220_228.png,0,80,0.856,0
orange_pos_001858_20260510_222220_228.png,20,80,0.700,0
orange_pos_001858_20260510_222220_228.png,40,80,2.227,0
orange_pos_001858_20260510_222220_228.png,60,80,1.250,0
orange_pos_001858_20260510_222220_228.png,80,80,0.674,0
orange_pos_001858_20260510_222220_228.png,100,80,0.674,0
orange_pos_001858_20260510_222220_228.png,120,80,0.692,0
orange_pos_001858_20260510_222220_228.png,140,80,1.082,0
orange_pos_001858_20260510_222220_228.png,0,100,1.426,0
orange_pos_001858_20260510_222220_228.png,20,100,2.253,0
orange_pos_001858_20260510_222220_228.png,40,100,16.258,0
orange_pos_001858_20260510_222220_228.png,60,100,8.155,0
orange_pos_001858_20260510_222220_228.png,80,100,0.674,0
orange_pos_001858_20260510_222220_228.png,100,100,0.685,0
orange_pos_001858_20260510_222220_228.png,120,100,1.899,0
orange_pos_001858_20260510_222220_228.png,140,100,6.464,0
orange_pos_001859_20260510_222220_602.png,0,0,2.430,0
orange_pos_001859_20260510_222220_602.png,20,0,2.312,0
orange_pos_001859_20260510_222220_602.png,40,0,13.560,0
orange_pos_001859_20260510_222220_602.png,60,0,20.494,0
orange_pos_001859_20260510_222220_602.png,80,0,3.576,0
orange_pos_001859_20260510_222220_602.png,100,0,0.850,0
orange_pos_001859_20260510_222220_602.png,120,0,1.258,0
orange_pos_001859_20260510_222220_602.png,140,0,2.702,0
orange_pos_001859_20260510_222220_602.png,0,20,1.035,0
orange_pos_001859_20260510_222220_602.png,20,20,2.564,0
orange_pos_001859_20260510_222220_602.png,40,20,10.010,0
orange_pos_001859_20260510_222220_602.png,60,20,4.837,0
orange_pos_001859_20260510_222220_602.png,80,20,0.674,0
orange_pos_001859_20260510_222220_602.png,100,20,0.674,0
orange_pos_001859_20260510_222220_602.png,120,20,0.674,0
orange_pos_001859_20260510_222220_602.png,140,20,1.096,0
orange_pos_001859_20260510_222220_602.png,0,40,0.879,0
orange_pos_001859_20260510_222220_602.png,20,40,1.233,0
orange_pos_001859_20260510_222220_602.png,40,40,6.400,0
orange_pos_001859_20260510_222220_602.png,60,40,2.484,0
orange_pos_001859_20260510_222220_602.png,80,40,0.674,0
orange_pos_001859_20260510_222220_602.png,100,40,0.674,0
orange_pos_001859_20260510_222220_602.png,120,40,0.674,0
orange_pos_001859_20260510_222220_602.png,140,40,1.323,0
orange_pos_001859_20260510_222220_602.png,0,60,1.051,0
orange_pos_001859_20260510_222220_602.png,20,60,2.473,0
orange_pos_001859_20260510_222220_602.png,40,60,11.627,0
orange_pos_001859_20260510_222220_602.png,60,60,5.905,0
orange_pos_001859_20260510_222220_602.png,80,60,0.674,0
orange_pos_001859_20260510_222220_602.png,100,60,0.674,0
orange_pos_001859_20260510_222220_602.png,120,60,0.674,0
orange_pos_001859_20260510_222220_602.png,140,60,2.408,0
orange_pos_001859_20260510_222220_602.png,0,80,0.856,0
orange_pos_001859_20260510_222220_602.png,20,80,0.700,0
orange_pos_001859_20260510_222220_602.png,40,80,2.227,0
orange_pos_001859_20260510_222220_602.png,60,80,1.250,0
orange_pos_001859_20260510_222220_602.png,80,80,0.674,0
orange_pos_001859_20260510_222220_602.png,100,80,0.674,0
orange_pos_001859_20260510_222220_602.png,120,80,0.692,0
orange_pos_001859_20260510_222220_602.png,140,80,1.082,0
orange_pos_001859_20260510_222220_602.png,0,100,1.426,0
orange_pos_001859_20260510_222220_602.png,20,100,2.253,0
orange_pos_001859_20260510_222220_602.png,40,100,16.258,0
orange_pos_001859_20260510_222220_602.png,60,100,8.155,0
orange_pos_001859_20260510_222220_602.png,80,100,0.674,0
orange_pos_001859_20260510_222220_602.png,100,100,0.685,0
orange_pos_001859_20260510_222220_602.png,120,100,1.899,0
orange_pos_001859_20260510_222220_602.png,140,100,6.464,0
orange_pos_001860_20260510_222222_440.png,0,0,0.761,0
orange_pos_001860_20260510_222222_440.png,20,0,0.706,0
orange_pos_001860_20260510_222222_440.png,40,0,3.772,0
orange_pos_001860_20260510_222222_440.png,60,0,3.101,0
orange_pos_001860_20260510_222222_440.png,80,0,0.720,0
orange_pos_001860_20260510_222222_440.png,100,0,0.674,0
orange_pos_001860_20260510_222222_440.png,120,0,0.674,0
orange_pos_001860_20260510_222222_440.png,140,0,0.674,0
orange_pos_001860_20260510_222222_440.png,0,20,0.674,0
orange_pos_001860_20260510_222222_440.png,20,20,0.752,0
orange_pos_001860_20260510_222222_440.png,40,20,3.196,0
orange_pos_001860_20260510_222222_440.png,60,20,1.403,0
orange_pos_001860_20260510_222222_440.png,80,20,0.674,0
orange_pos_001860_20260510_222222_440.png,100,20,0.674,0
orange_pos_001860_20260510_222222_440.png,120,20,0.674,0
orange_pos_001860_20260510_222222_440.png,140,20,0.674,0
orange_pos_001860_20260510_222222_440.png,0,40,0.678,0
orange_pos_001860_20260510_222222_440.png,20,40,0.674,0
orange_pos_001860_20260510_222222_440.png,40,40,1.901,0
orange_pos_001860_20260510_222222_440.png,60,40,0.784,0
orange_pos_001860_20260510_222222_440.png,80,40,0.674,0
orange_pos_001860_20260510_222222_440.png,100,40,0.674,0
orange_pos_001860_20260510_222222_440.png,120,40,0.674,0
orange_pos_001860_20260510_222222_440.png,140,40,0.680,0
orange_pos_001860_20260510_222222_440.png,0,60,0.700,0
orange_pos_001860_20260510_222222_440.png,20,60,0.674,0
orange_pos_001860_20260510_222222_440.png,40,60,1.458,0
orange_pos_001860_20260510_222222_440.png,60,60,0.847,0
orange_pos_001860_20260510_222222_440.png,80,60,0.674,0
orange_pos_001860_20260510_222222_440.png,100,60,0.674,0
orange_pos_001860_20260510_222222_440.png,120,60,0.674,0
orange_pos_001860_20260510_222222_440.png,140,60,0.674,0
orange_pos_001860_20260510_222222_440.png,0,80,0.696,0
orange_pos_001860_20260510_222222_440.png,20,80,0.674,0
orange_pos_001860_20260510_222222_440.png,40,80,1.565,0
orange_pos_001860_20260510_222222_440.png,60,80,0.808,0
orange_pos_001860_20260510_222222_440.png,80,80,0.674,0
orange_pos_001860_20260510_222222_440.png,100,80,0.674,0
orange_pos_001860_20260510_222222_440.png,120,80,0.674,0
orange_pos_001860_20260510_222222_440.png,140,80,0.674,0
orange_pos_001860_20260510_222222_440.png,0,100,0.674,0
orange_pos_001860_20260510_222222_440.png,20,100,0.744,0
orange_pos_001860_20260510_222222_440.png,40,100,2.647,0
orange_pos_001860_20260510_222222_440.png,60,100,1.121,0
orange_pos_001860_20260510_222222_440.png,80,100,0.674,0
orange_pos_001860_20260510_222222_440.png,100,100,0.674,0
orange_pos_001860_20260510_222222_440.png,120,100,0.674,0
orange_pos_001860_20260510_222222_440.png,140,100,0.674,0
orange_pos_001862_20260510_222222_752.png,0,0,0.674,0
orange_pos_001862_20260510_222222_752.png,20,0,0.674,0
orange_pos_001862_20260510_222222_752.png,40,0,1.350,0
orange_pos_001862_20260510_222222_752.png,60,0,1.249,0
orange_pos_001862_20260510_222222_752.png,80,0,0.674,0
orange_pos_001862_20260510_222222_752.png,100,0,0.674,0
orange_pos_001862_20260510_222222_752.png,120,0,0.674,0
orange_pos_001862_20260510_222222_752.png,140,0,0.674,0
orange_pos_001862_20260510_222222_752.png,0,20,0.674,0
orange_pos_001862_20260510_222222_752.png,20,20,0.674,0
orange_pos_001862_20260510_222222_752.png,40,20,0.743,0
orange_pos_001862_20260510_222222_752.png,60,20,0.674,0
orange_pos_001862_20260510_222222_752.png,80,20,0.674,0
orange_pos_001862_20260510_222222_752.png,100,20,0.674,0
orange_pos_001862_20260510_222222_752.png,120,20,0.674,0
orange_pos_001862_20260510_222222_752.png,140,20,0.674,0
orange_pos_001862_20260510_222222_752.png,0,40,0.674,0
orange_pos_001862_20260510_222222_752.png,20,40,0.674,0
orange_pos_001862_20260510_222222_752.png,40,40,0.674,0
orange_pos_001862_20260510_222222_752.png,60,40,0.674,0
orange_pos_001862_20260510_222222_752.png,80,40,0.674,0
orange_pos_001862_20260510_222222_752.png,100,40,0.674,0
orange_pos_001862_20260510_222222_752.png,120,40,0.674,0
orange_pos_001862_20260510_222222_752.png,140,40,0.674,0
orange_pos_001862_20260510_222222_752.png,0,60,0.699,0
orange_pos_001862_20260510_222222_752.png,20,60,0.674,0
orange_pos_001862_20260510_222222_752.png,40,60,1.194,0
orange_pos_001862_20260510_222222_752.png,60,60,0.768,0
orange_pos_001862_20260510_222222_752.png,80,60,0.674,0
orange_pos_001862_20260510_222222_752.png,100,60,0.674,0
orange_pos_001862_20260510_222222_752.png,120,60,0.674,0
orange_pos_001862_20260510_222222_752.png,140,60,0.674,0
orange_pos_001862_20260510_222222_752.png,0,80,0.674,0
orange_pos_001862_20260510_222222_752.png,20,80,0.674,0
orange_pos_001862_20260510_222222_752.png,40,80,0.703,0
orange_pos_001862_20260510_222222_752.png,60,80,0.708,0
orange_pos_001862_20260510_222222_752.png,80,80,0.674,0
orange_pos_001862_20260510_222222_752.png,100,80,0.674,0
orange_pos_001862_20260510_222222_752.png,120,80,0.674,0
orange_pos_001862_20260510_222222_752.png,140,80,0.674,0
orange_pos_001862_20260510_222222_752.png,0,100,0.675,0
orange_pos_001862_20260510_222222_752.png,20,100,0.674,0
orange_pos_001862_20260510_222222_752.png,40,100,0.674,0
orange_pos_001862_20260510_222222_752.png,60,100,0.674,0
orange_pos_001862_20260510_222222_752.png,80,100,0.674,0
orange_pos_001862_20260510_222222_752.png,100,100,0.674,0
orange_pos_001862_20260510_222222_752.png,120,100,0.674,0
orange_pos_001862_20260510_222222_752.png,140,100,0.674,0
orange_pos_001863_20260510_222224_689.png,0,0,2.689,0
orange_pos_001863_20260510_222224_689.png,20,0,1.056,0
orange_pos_001863_20260510_222224_689.png,40,0,21.419,0
orange_pos_001863_20260510_222224_689.png,60,0,27.237,0
orange_pos_001863_20260510_222224_689.png,80,0,3.773,0
orange_pos_001863_20260510_222224_689.png,100,0,0.739,0
orange_pos_001863_20260510_222224_689.png,120,0,0.768,0
orange_pos_001863_20260510_222224_689.png,140,0,6.244,0
orange_pos_001863_20260510_222224_689.png,0,20,0.820,0
orange_pos_001863_20260510_222224_689.png,20,20,1.081,0
orange_pos_001863_20260510_222224_689.png,40,20,9.476,0
orange_pos_001863_20260510_222224_689.png,60,20,5.946,0
orange_pos_001863_20260510_222224_689.png,80,20,0.674,0
orange_pos_001863_20260510_222224_689.png,100,20,0.674,0
orange_pos_001863_20260510_222224_689.png,120,20,0.674,0
orange_pos_001863_20260510_222224_689.png,140,20,1.331,0
orange_pos_001863_20260510_222224_689.png,0,40,0.976,0
orange_pos_001863_20260510_222224_689.png,20,40,1.887,0
orange_pos_001863_20260510_222224_689.png,40,40,12.562,0
orange_pos_001863_20260510_222224_689.png,60,40,4.298,0
orange_pos_001863_20260510_222224_689.png,80,40,0.674,0
orange_pos_001863_20260510_222224_689.png,100,40,0.674,0
orange_pos_001863_20260510_222224_689.png,120,40,0.674,0
orange_pos_001863_20260510_222224_689.png,140,40,1.544,0
orange_pos_001863_20260510_222224_689.png,0,60,1.181,0
orange_pos_001863_20260510_222224_689.png,20,60,3.317,0
orange_pos_001863_20260510_222224_689.png,40,60,12.564,0
orange_pos_001863_20260510_222224_689.png,60,60,5.553,0
orange_pos_001863_20260510_222224_689.png,80,60,0.674,0
orange_pos_001863_20260510_222224_689.png,100,60,0.674,0
orange_pos_001863_20260510_222224_689.png,120,60,0.674,0
orange_pos_001863_20260510_222224_689.png,140,60,2.308,0
orange_pos_001863_20260510_222224_689.png,0,80,1.300,0
orange_pos_001863_20260510_222224_689.png,20,80,1.180,0
orange_pos_001863_20260510_222224_689.png,40,80,13.924,0
orange_pos_001863_20260510_222224_689.png,60,80,6.831,0
orange_pos_001863_20260510_222224_689.png,80,80,0.674,0
orange_pos_001863_20260510_222224_689.png,100,80,0.683,0
orange_pos_001863_20260510_222224_689.png,120,80,0.674,0
orange_pos_001863_20260510_222224_689.png,140,80,4.502,0
orange_pos_001863_20260510_222224_689.png,0,100,1.640,0
orange_pos_001863_20260510_222224_689.png,20,100,4.809,0
orange_pos_001863_20260510_222224_689.png,40,100,31.138,0
orange_pos_001863_20260510_222224_689.png,60,100,13.603,0
orange_pos_001863_20260510_222224_689.png,80,100,0.851,0
orange_pos_001863_20260510_222224_689.png,100,100,2.791,0
orange_pos_001863_20260510_222224_689.png,120,100,5.838,0
orange_pos_001863_20260510_222224_689.png,140,100,17.044,0
orange_pos_001864_20260510_222225_064.png,0,0,2.934,0
orange_pos_001864_20260510_222225_064.png,20,0,3.510,0
orange_pos_001864_20260510_222225_064.png,40,0,13.170,0
orange_pos_001864_20260510_222225_064.png,60,0,17.382,0
orange_pos_001864_20260510_222225_064.png,80,0,3.089,0
orange_pos_001864_20260510_222225_064.png,100,0,1.269,0
orange_pos_001864_20260510_222225_064.png,120,0,1.183,0
orange_pos_001864_20260510_222225_064.png,140,0,4.558,0
orange_pos_001864_20260510_222225_064.png,0,20,1.009,0
orange_pos_001864_20260510_222225_064.png,20,20,0.769,0
orange_pos_001864_20260510_222225_064.png,40,20,5.614,0
orange_pos_001864_20260510_222225_064.png,60,20,4.104,0
orange_pos_001864_20260510_222225_064.png,80,20,0.674,0
orange_pos_001864_20260510_222225_064.png,100,20,0.674,0
orange_pos_001864_20260510_222225_064.png,120,20,0.674,0
orange_pos_001864_20260510_222225_064.png,140,20,1.200,0
orange_pos_001864_20260510_222225_064.png,0,40,0.822,0
orange_pos_001864_20260510_222225_064.png,20,40,0.674,0
orange_pos_001864_20260510_222225_064.png,40,40,4.891,0
orange_pos_001864_20260510_222225_064.png,60,40,1.797,0
orange_pos_001864_20260510_222225_064.png,80,40,0.674,0
orange_pos_001864_20260510_222225_064.png,100,40,0.674,0
orange_pos_001864_20260510_222225_064.png,120,40,0.674,0
orange_pos_001864_20260510_222225_064.png,140,40,0.968,0
orange_pos_001864_20260510_222225_064.png,0,60,0.784,0
orange_pos_001864_20260510_222225_064.png,20,60,0.674,0
orange_pos_001864_20260510_222225_064.png,40,60,5.881,0
orange_pos_001864_20260510_222225_064.png,60,60,2.670,0
orange_pos_001864_20260510_222225_064.png,80,60,0.674,0
orange_pos_001864_20260510_222225_064.png,100,60,0.674,0
orange_pos_001864_20260510_222225_064.png,120,60,0.674,0
orange_pos_001864_20260510_222225_064.png,140,60,0.820,0
orange_pos_001864_20260510_222225_064.png,0,80,0.822,0
orange_pos_001864_20260510_222225_064.png,20,80,0.674,0
orange_pos_001864_20260510_222225_064.png,40,80,6.657,0
orange_pos_001864_20260510_222225_064.png,60,80,3.087,0
orange_pos_001864_20260510_222225_064.png,80,80,0.674,0
orange_pos_001864_20260510_222225_064.png,100,80,0.674,0
orange_pos_001864_20260510_222225_064.png,120,80,0.677,0
orange_pos_001864_20260510_222225_064.png,140,80,1.689,0
orange_pos_001864_20260510_222225_064.png,0,100,0.804,0
orange_pos_001864_20260510_222225_064.png,20,100,1.390,0
orange_pos_001864_20260510_222225_064.png,40,100,6.301,0
orange_pos_001864_20260510_222225_064.png,60,100,2.658,0
orange_pos_001864_20260510_222225_064.png,80,100,0.674,0
orange_pos_001864_20260510_222225_064.png,100,100,0.674,0
orange_pos_001864_20260510_222225_064.png,120,100,0.778,0
orange_pos_001864_20260510_222225_064.png,140,100,1.060,0
orange_pos_001865_20260510_222226_997.png,0,0,8.823,0
orange_pos_001865_20260510_222226_997.png,20,0,6.176,0
orange_pos_001865_20260510_222226_997.png,40,0,21.224,0
orange_pos_001865_20260510_222226_997.png,60,0,30.038,0
orange_pos_001865_20260510_222226_997.png,80,0,9.124,0
orange_pos_001865_20260510_222226_997.png,100,0,5.041,0
orange_pos_001865_20260510_222226_997.png,120,0,4.121,0
orange_pos_001865_20260510_222226_997.png,140,0,9.708,0
orange_pos_001865_20260510_222226_997.png,0,20,1.032,0
orange_pos_001865_20260510_222226_997.png,20,20,0.916,0
orange_pos_001865_20260510_222226_997.png,40,20,9.555,0
orange_pos_001865_20260510_222226_997.png,60,20,6.983,0
orange_pos_001865_20260510_222226_997.png,80,20,0.674,0
orange_pos_001865_20260510_222226_997.png,100,20,0.674,0
orange_pos_001865_20260510_222226_997.png,120,20,0.674,0
orange_pos_001865_20260510_222226_997.png,140,20,2.680,0
orange_pos_001865_20260510_222226_997.png,0,40,1.111,0
orange_pos_001865_20260510_222226_997.png,20,40,1.320,0
orange_pos_001865_20260510_222226_997.png,40,40,11.154,0
orange_pos_001865_20260510_222226_997.png,60,40,5.114,0
orange_pos_001865_20260510_222226_997.png,80,40,0.674,0
orange_pos_001865_20260510_222226_997.png,100,40,0.674,0
orange_pos_001865_20260510_222226_997.png,120,40,0.674,0
orange_pos_001865_20260510_222226_997.png,140,40,3.194,0
orange_pos_001865_20260510_222226_997.png,0,60,1.229,0
orange_pos_001865_20260510_222226_997.png,20,60,0.994,0
orange_pos_001865_20260510_222226_997.png,40,60,9.466,0
orange_pos_001865_20260510_222226_997.png,60,60,4.701,0
orange_pos_001865_20260510_222226_997.png,80,60,0.674,0
orange_pos_001865_20260510_222226_997.png,100,60,0.674,0
orange_pos_001865_20260510_222226_997.png,120,60,0.674,0
orange_pos_001865_20260510_222226_997.png,140,60,2.915,0
orange_pos_001865_20260510_222226_997.png,0,80,1.452,0
orange_pos_001865_20260510_222226_997.png,20,80,0.851,0
orange_pos_001865_20260510_222226_997.png,40,80,18.606,0
orange_pos_001865_20260510_222226_997.png,60,80,8.624,0
orange_pos_001865_20260510_222226_997.png,80,80,0.674,0
orange_pos_001865_20260510_222226_997.png,100,80,0.740,0
orange_pos_001865_20260510_222226_997.png,120,80,2.299,0
orange_pos_001865_20260510_222226_997.png,140,80,7.622,0
orange_pos_001865_20260510_222226_997.png,0,100,1.232,0
orange_pos_001865_20260510_222226_997.png,20,100,2.864,0
orange_pos_001865_20260510_222226_997.png,40,100,21.681,0
orange_pos_001865_20260510_222226_997.png,60,100,10.884,0
orange_pos_001865_20260510_222226_997.png,80,100,0.990,0
orange_pos_001865_20260510_222226_997.png,100,100,1.556,0
orange_pos_001865_20260510_222226_997.png,120,100,5.855,0
orange_pos_001865_20260510_222226_997.png,140,100,12.834,0
orange_pos_001866_20260510_222227_362.png,0,0,2.324,0
orange_pos_001866_20260510_222227_362.png,20,0,7.418,0
orange_pos_001866_20260510_222227_362.png,40,0,17.586,0
orange_pos_001866_20260510_222227_362.png,60,0,25.459,0
orange_pos_001866_20260510_222227_362.png,80,0,3.980,0
orange_pos_001866_20260510_222227_362.png,100,0,0.699,0
orange_pos_001866_20260510_222227_362.png,120,0,0.676,0
orange_pos_001866_20260510_222227_362.png,140,0,6.083,0
orange_pos_001866_20260510_222227_362.png,0,20,1.006,0
orange_pos_001866_20260510_222227_362.png,20,20,4.069,0
orange_pos_001866_20260510_222227_362.png,40,20,11.899,0
orange_pos_001866_20260510_222227_362.png,60,20,7.227,0
orange_pos_001866_20260510_222227_362.png,80,20,0.803,0
orange_pos_001866_20260510_222227_362.png,100,20,0.674,0
orange_pos_001866_20260510_222227_362.png,120,20,0.674,0
orange_pos_001866_20260510_222227_362.png,140,20,2.576,0
orange_pos_001866_20260510_222227_362.png,0,40,1.193,0
orange_pos_001866_20260510_222227_362.png,20,40,3.104,0
orange_pos_001866_20260510_222227_362.png,40,40,9.813,0
orange_pos_001866_20260510_222227_362.png,60,40,3.554,0
orange_pos_001866_20260510_222227_362.png,80,40,0.674,0
orange_pos_001866_20260510_222227_362.png,100,40,0.674,0
orange_pos_001866_20260510_222227_362.png,120,40,0.674,0
orange_pos_001866_20260510_222227_362.png,140,40,2.052,0
orange_pos_001866_20260510_222227_362.png,0,60,0.981,0
orange_pos_001866_20260510_222227_362.png,20,60,1.844,0
orange_pos_001866_20260510_222227_362.png,40,60,9.846,0
orange_pos_001866_20260510_222227_362.png,60,60,3.873,0
orange_pos_001866_20260510_222227_362.png,80,60,0.674,0
orange_pos_001866_20260510_222227_362.png,100,60,0.674,0
orange_pos_001866_20260510_222227_362.png,120,60,0.674,0
orange_pos_001866_20260510_222227_362.png,140,60,1.828,0
orange_pos_001866_20260510_222227_362.png,0,80,2.448,0
orange_pos_001866_20260510_222227_362.png,20,80,2.627,0
orange_pos_001866_20260510_222227_362.png,40,80,19.608,0
orange_pos_001866_20260510_222227_362.png,60,80,8.590,0
orange_pos_001866_20260510_222227_362.png,80,80,0.674,0
orange_pos_001866_20260510_222227_362.png,100,80,0.776,0
orange_pos_001866_20260510_222227_362.png,120,80,1.969,0
orange_pos_001866_20260510_222227_362.png,140,80,9.998,0
orange_pos_001866_20260510_222227_362.png,0,100,1.307,0
orange_pos_001866_20260510_222227_362.png,20,100,2.146,0
orange_pos_001866_20260510_222227_362.png,40,100,21.455,0
orange_pos_001866_20260510_222227_362.png,60,100,11.375,0
orange_pos_001866_20260510_222227_362.png,80,100,1.014,0
orange_pos_001866_20260510_222227_362.png,100,100,0.951,0
orange_pos_001866_20260510_222227_362.png,120,100,5.175,0
orange_pos_001866_20260510_222227_362.png,140,100,12.121,0
orange_pos_001867_20260510_222229_080.png,0,0,0.674,0
orange_pos_001867_20260510_222229_080.png,20,0,0.674,0
orange_pos_001867_20260510_222229_080.png,40,0,0.674,0
orange_pos_001867_20260510_222229_080.png,60,0,0.674,0
orange_pos_001867_20260510_222229_080.png,80,0,0.674,0
orange_pos_001867_20260510_222229_080.png,100,0,0.674,0
orange_pos_001867_20260510_222229_080.png,120,0,0.674,0
orange_pos_001867_20260510_222229_080.png,140,0,0.674,0
orange_pos_001867_20260510_222229_080.png,0,20,0.674,0
orange_pos_001867_20260510_222229_080.png,20,20,0.674,0
orange_pos_001867_20260510_222229_080.png,40,20,0.674,0
orange_pos_001867_20260510_222229_080.png,60,20,0.674,0
orange_pos_001867_20260510_222229_080.png,80,20,0.674,0
orange_pos_001867_20260510_222229_080.png,100,20,0.674,0
orange_pos_001867_20260510_222229_080.png,120,20,0.674,0
orange_pos_001867_20260510_222229_080.png,140,20,0.674,0
orange_pos_001867_20260510_222229_080.png,0,40,0.674,0
orange_pos_001867_20260510_222229_080.png,20,40,0.674,0
orange_pos_001867_20260510_222229_080.png,40,40,0.674,0
orange_pos_001867_20260510_222229_080.png,60,40,0.674,0
orange_pos_001867_20260510_222229_080.png,80,40,0.674,0
orange_pos_001867_20260510_222229_080.png,100,40,0.674,0
orange_pos_001867_20260510_222229_080.png,120,40,0.674,0
orange_pos_001867_20260510_222229_080.png,140,40,0.674,0
orange_pos_001867_20260510_222229_080.png,0,60,0.674,0
orange_pos_001867_20260510_222229_080.png,20,60,0.674,0
orange_pos_001867_20260510_222229_080.png,40,60,0.674,0
orange_pos_001867_20260510_222229_080.png,60,60,0.674,0
orange_pos_001867_20260510_222229_080.png,80,60,0.674,0
orange_pos_001867_20260510_222229_080.png,100,60,0.674,0
orange_pos_001867_20260510_222229_080.png,120,60,0.674,0
orange_pos_001867_20260510_222229_080.png,140,60,0.674,0
orange_pos_001867_20260510_222229_080.png,0,80,0.674,0
orange_pos_001867_20260510_222229_080.png,20,80,0.674,0
orange_pos_001867_20260510_222229_080.png,40,80,0.674,0
orange_pos_001867_20260510_222229_080.png,60,80,0.674,0
orange_pos_001867_20260510_222229_080.png,80,80,0.674,0
orange_pos_001867_20260510_222229_080.png,100,80,0.674,0
orange_pos_001867_20260510_222229_080.png,120,80,0.674,0
orange_pos_001867_20260510_222229_080.png,140,80,0.674,0
orange_pos_001867_20260510_222229_080.png,0,100,0.674,0
orange_pos_001867_20260510_222229_080.png,20,100,0.674,0
orange_pos_001867_20260510_222229_080.png,40,100,0.674,0
orange_pos_001867_20260510_222229_080.png,60,100,0.674,0
orange_pos_001867_20260510_222229_080.png,80,100,0.674,0
orange_pos_001867_20260510_222229_080.png,100,100,0.674,0
orange_pos_001867_20260510_222229_080.png,120,100,0.674,0
orange_pos_001867_20260510_222229_080.png,140,100,0.674,0
orange_pos_001869_20260510_222229_433.png,0,0,0.674,0
orange_pos_001869_20260510_222229_433.png,20,0,0.674,0
orange_pos_001869_20260510_222229_433.png,40,0,0.704,0
orange_pos_001869_20260510_222229_433.png,60,0,0.680,0
orange_pos_001869_20260510_222229_433.png,80,0,0.674,0
orange_pos_001869_20260510_222229_433.png,100,0,0.674,0
orange_pos_001869_20260510_222229_433.png,120,0,0.674,0
orange_pos_001869_20260510_222229_433.png,140,0,0.674,0
orange_pos_001869_20260510_222229_433.png,0,20,0.674,0
orange_pos_001869_20260510_222229_433.png,20,20,0.926,0
orange_pos_001869_20260510_222229_433.png,40,20,2.605,0
orange_pos_001869_20260510_222229_433.png,60,20,1.619,0
orange_pos_001869_20260510_222229_433.png,80,20,0.674,0
orange_pos_001869_20260510_222229_433.png,100,20,0.674,0
orange_pos_001869_20260510_222229_433.png,120,20,0.674,0
orange_pos_001869_20260510_222229_433.png,140,20,0.674,0
orange_pos_001869_20260510_222229_433.png,0,40,0.692,0
orange_pos_001869_20260510_222229_433.png,20,40,0.674,0
orange_pos_001869_20260510_222229_433.png,40,40,1.026,0
orange_pos_001869_20260510_222229_433.png,60,40,0.674,0
orange_pos_001869_20260510_222229_433.png,80,40,0.674,0
orange_pos_001869_20260510_222229_433.png,100,40,0.674,0
orange_pos_001869_20260510_222229_433.png,120,40,0.674,0
orange_pos_001869_20260510_222229_433.png,140,40,0.674,0
orange_pos_001869_20260510_222229_433.png,0,60,0.682,0
orange_pos_001869_20260510_222229_433.png,20,60,0.674,0
orange_pos_001869_20260510_222229_433.png,40,60,0.937,0
orange_pos_001869_20260510_222229_433.png,60,60,0.674,0
orange_pos_001869_20260510_222229_433.png,80,60,0.674,0
orange_pos_001869_20260510_222229_433.png,100,60,0.674,0
orange_pos_001869_20260510_222229_433.png,120,60,0.674,0
orange_pos_001869_20260510_222229_433.png,140,60,0.674,0
orange_pos_001869_20260510_222229_433.png,0,80,0.684,0
orange_pos_001869_20260510_222229_433.png,20,80,0.674,0
orange_pos_001869_20260510_222229_433.png,40,80,0.674,0
orange_pos_001869_20260510_222229_433.png,60,80,0.674,0
orange_pos_001869_20260510_222229_433.png,80,80,0.674,0
orange_pos_001869_20260510_222229_433.png,100,80,0.674,0
orange_pos_001869_20260510_222229_433.png,120,80,0.674,0
orange_pos_001869_20260510_222229_433.png,140,80,0.674,0
orange_pos_001869_20260510_222229_433.png,0,100,0.674,0
orange_pos_001869_20260510_222229_433.png,20,100,0.674,0
orange_pos_001869_20260510_222229_433.png,40,100,0.674,0
orange_pos_001869_20260510_222229_433.png,60,100,0.674,0
orange_pos_001869_20260510_222229_433.png,80,100,0.674,0
orange_pos_001869_20260510_222229_433.png,100,100,0.674,0
orange_pos_001869_20260510_222229_433.png,120,100,0.674,0
orange_pos_001869_20260510_222229_433.png,140,100,0.674,0
orange_pos_001870_20260510_222231_225.png,0,0,0.797,0
orange_pos_001870_20260510_222231_225.png,20,0,0.720,0
orange_pos_001870_20260510_222231_225.png,40,0,3.243,0
orange_pos_001870_20260510_222231_225.png,60,0,3.016,0
orange_pos_001870_20260510_222231_225.png,80,0,0.683,0
orange_pos_001870_20260510_222231_225.png,100,0,0.674,0
orange_pos_001870_20260510_222231_225.png,120,0,0.674,0
orange_pos_001870_20260510_222231_225.png,140,0,0.685,0
orange_pos_001870_20260510_222231_225.png,0,20,0.674,0
orange_pos_001870_20260510_222231_225.png,20,20,0.674,0
orange_pos_001870_20260510_222231_225.png,40,20,1.103,0
orange_pos_001870_20260510_222231_225.png,60,20,0.726,0
orange_pos_001870_20260510_222231_225.png,80,20,0.674,0
orange_pos_001870_20260510_222231_225.png,100,20,0.674,0
orange_pos_001870_20260510_222231_225.png,120,20,0.674,0
orange_pos_001870_20260510_222231_225.png,140,20,0.674,0
orange_pos_001870_20260510_222231_225.png,0,40,0.674,0
orange_pos_001870_20260510_222231_225.png,20,40,0.674,0
orange_pos_001870_20260510_222231_225.png,40,40,0.769,0
orange_pos_001870_20260510_222231_225.png,60,40,0.674,0
orange_pos_001870_20260510_222231_225.png,80,40,0.674,0
orange_pos_001870_20260510_222231_225.png,100,40,0.674,0
orange_pos_001870_20260510_222231_225.png,120,40,0.674,0
orange_pos_001870_20260510_222231_225.png,140,40,0.674,0
orange_pos_001870_20260510_222231_225.png,0,60,0.674,0
orange_pos_001870_20260510_222231_225.png,20,60,0.674,0
orange_pos_001870_20260510_222231_225.png,40,60,0.809,0
orange_pos_001870_20260510_222231_225.png,60,60,0.690,0
orange_pos_001870_20260510_222231_225.png,80,60,0.674,0
orange_pos_001870_20260510_222231_225.png,100,60,0.674,0
orange_pos_001870_20260510_222231_225.png,120,60,0.674,0
orange_pos_001870_20260510_222231_225.png,140,60,0.674,0
orange_pos_001870_20260510_222231_225.png,0,80,0.677,0
orange_pos_001870_20260510_222231_225.png,20,80,0.674,0
orange_pos_001870_20260510_222231_225.png,40,80,2.092,0
orange_pos_001870_20260510_222231_225.png,60,80,0.951,0
orange_pos_001870_20260510_222231_225.png,80,80,0.674,0
orange_pos_001870_20260510_222231_225.png,100,80,0.674,0
orange_pos_001870_20260510_222231_225.png,120,80,0.674,0
orange_pos_001870_20260510_222231_225.png,140,80,0.675,0
orange_pos_001870_20260510_222231_225.png,0,100,0.756,0
orange_pos_001870_20260510_222231_225.png,20,100,0.994,0
orange_pos_001870_20260510_222231_225.png,40,100,3.627,0
orange_pos_001870_20260510_222231_225.png,60,100,2.247,0
orange_pos_001870_20260510_222231_225.png,80,100,0.674,0
orange_pos_001870_20260510_222231_225.png,100,100,0.674,0
orange_pos_001870_20260510_222231_225.png,120,100,0.698,0
orange_pos_001870_20260510_222231_225.png,140,100,1.296,0
orange_pos_001871_20260510_222231_612.png,0,0,0.674,0
orange_pos_001871_20260510_222231_612.png,20,0,2.038,0
orange_pos_001871_20260510_222231_612.png,40,0,1.378,0
orange_pos_001871_20260510_222231_612.png,60,0,1.845,0
orange_pos_001871_20260510_222231_612.png,80,0,0.715,0
orange_pos_001871_20260510_222231_612.png,100,0,0.674,0
orange_pos_001871_20260510_222231_612.png,120,0,0.674,0
orange_pos_001871_20260510_222231_612.png,140,0,0.674,0
orange_pos_001871_20260510_222231_612.png,0,20,0.674,0
orange_pos_001871_20260510_222231_612.png,20,20,0.675,0
orange_pos_001871_20260510_222231_612.png,40,20,0.674,0
orange_pos_001871_20260510_222231_612.png,60,20,0.674,0
orange_pos_001871_20260510_222231_612.png,80,20,0.674,0
orange_pos_001871_20260510_222231_612.png,100,20,0.674,0
orange_pos_001871_20260510_222231_612.png,120,20,0.674,0
orange_pos_001871_20260510_222231_612.png,140,20,0.674,0
orange_pos_001871_20260510_222231_612.png,0,40,0.674,0
orange_pos_001871_20260510_222231_612.png,20,40,0.674,0
orange_pos_001871_20260510_222231_612.png,40,40,0.674,0
orange_pos_001871_20260510_222231_612.png,60,40,0.674,0
orange_pos_001871_20260510_222231_612.png,80,40,0.674,0
orange_pos_001871_20260510_222231_612.png,100,40,0.674,0
orange_pos_001871_20260510_222231_612.png,120,40,0.674,0
orange_pos_001871_20260510_222231_612.png,140,40,0.674,0
orange_pos_001871_20260510_222231_612.png,0,60,0.674,0
orange_pos_001871_20260510_222231_612.png,20,60,0.674,0
orange_pos_001871_20260510_222231_612.png,40,60,0.674,0
orange_pos_001871_20260510_222231_612.png,60,60,0.674,0
orange_pos_001871_20260510_222231_612.png,80,60,0.674,0
orange_pos_001871_20260510_222231_612.png,100,60,0.674,0
orange_pos_001871_20260510_222231_612.png,120,60,0.674,0
orange_pos_001871_20260510_222231_612.png,140,60,0.674,0
orange_pos_001871_20260510_222231_612.png,0,80,0.674,0
orange_pos_001871_20260510_222231_612.png,20,80,0.674,0
orange_pos_001871_20260510_222231_612.png,40,80,0.674,0
orange_pos_001871_20260510_222231_612.png,60,80,0.674,0
orange_pos_001871_20260510_222231_612.png,80,80,0.674,0
orange_pos_001871_20260510_222231_612.png,100,80,0.674,0
orange_pos_001871_20260510_222231_612.png,120,80,0.674,0
orange_pos_001871_20260510_222231_612.png,140,80,0.674,0
orange_pos_001871_20260510_222231_612.png,0,100,0.677,0
orange_pos_001871_20260510_222231_612.png,20,100,0.677,0
orange_pos_001871_20260510_222231_612.png,40,100,1.273,0
orange_pos_001871_20260510_222231_612.png,60,100,0.863,0
orange_pos_001871_20260510_222231_612.png,80,100,0.674,0
orange_pos_001871_20260510_222231_612.png,100,100,0.674,0
orange_pos_001871_20260510_222231_612.png,120,100,0.674,0
orange_pos_001871_20260510_222231_612.png,140,100,0.674,0
orange_pos_001872_20260510_222235_727.png,0,0,2.220,0
orange_pos_001872_20260510_222235_727.png,20,0,4.943,0
orange_pos_001872_20260510_222235_727.png,40,0,14.295,0
orange_pos_001872_20260510_222235_727.png,60,0,19.885,0
orange_pos_001872_20260510_222235_727.png,80,0,3.745,0
orange_pos_001872_20260510_222235_727.png,100,0,0.732,0
orange_pos_001872_20260510_222235_727.png,120,0,1.001,0
orange_pos_001872_20260510_222235_727.png,140,0,3.274,0
orange_pos_001872_20260510_222235_727.png,0,20,0.822,0
orange_pos_001872_20260510_222235_727.png,20,20,1.823,0
orange_pos_001872_20260510_222235_727.png,40,20,7.529,0
orange_pos_001872_20260510_222235_727.png,60,20,4.117,0
orange_pos_001872_20260510_222235_727.png,80,20,0.674,0
orange_pos_001872_20260510_222235_727.png,100,20,0.674,0
orange_pos_001872_20260510_222235_727.png,120,20,0.674,0
orange_pos_001872_20260510_222235_727.png,140,20,0.843,0
orange_pos_001872_20260510_222235_727.png,0,40,0.898,0
orange_pos_001872_20260510_222235_727.png,20,40,2.585,0
orange_pos_001872_20260510_222235_727.png,40,40,8.886,0
orange_pos_001872_20260510_222235_727.png,60,40,1.835,0
orange_pos_001872_20260510_222235_727.png,80,40,0.674,0
orange_pos_001872_20260510_222235_727.png,100,40,0.674,0
orange_pos_001872_20260510_222235_727.png,120,40,0.674,0
orange_pos_001872_20260510_222235_727.png,140,40,0.978,0
orange_pos_001872_20260510_222235_727.png,0,60,1.053,0
orange_pos_001872_20260510_222235_727.png,20,60,0.986,0
orange_pos_001872_20260510_222235_727.png,40,60,6.815,0
orange_pos_001872_20260510_222235_727.png,60,60,3.402,0
orange_pos_001872_20260510_222235_727.png,80,60,0.674,0
orange_pos_001872_20260510_222235_727.png,100,60,0.674,0
orange_pos_001872_20260510_222235_727.png,120,60,0.674,0
orange_pos_001872_20260510_222235_727.png,140,60,2.017,0
orange_pos_001872_20260510_222235_727.png,0,80,0.973,0
orange_pos_001872_20260510_222235_727.png,20,80,0.901,0
orange_pos_001872_20260510_222235_727.png,40,80,7.637,0
orange_pos_001872_20260510_222235_727.png,60,80,2.409,0
orange_pos_001872_20260510_222235_727.png,80,80,0.674,0
orange_pos_001872_20260510_222235_727.png,100,80,0.674,0
orange_pos_001872_20260510_222235_727.png,120,80,0.702,0
orange_pos_001872_20260510_222235_727.png,140,80,1.737,0
orange_pos_001872_20260510_222235_727.png,0,100,1.099,0
orange_pos_001872_20260510_222235_727.png,20,100,1.816,0
orange_pos_001872_20260510_222235_727.png,40,100,10.703,0
orange_pos_001872_20260510_222235_727.png,60,100,4.655,0
orange_pos_001872_20260510_222235_727.png,80,100,0.674,0
orange_pos_001872_20260510_222235_727.png,100,100,0.966,0
orange_pos_001872_20260510_222235_727.png,120,100,2.614,0
orange_pos_001872_20260510_222235_727.png,140,100,5.730,0
orange_pos_001873_20260510_222237_827.png,0,0,0.683,0
orange_pos_001873_20260510_222237_827.png,20,0,0.674,0
orange_pos_001873_20260510_222237_827.png,40,0,0.681,0
orange_pos_001873_20260510_222237_827.png,60,0,0.674,0
orange_pos_001873_20260510_222237_827.png,80,0,0.674,0
orange_pos_001873_20260510_222237_827.png,100,0,0.674,0
orange_pos_001873_20260510_222237_827.png,120,0,0.674,0
orange_pos_001873_20260510_222237_827.png,140,0,0.674,0
orange_pos_001873_20260510_222237_827.png,0,20,0.674,0
orange_pos_001873_20260510_222237_827.png,20,20,0.674,0
orange_pos_001873_20260510_222237_827.png,40,20,0.674,0
orange_pos_001873_20260510_222237_827.png,60,20,0.674,0
orange_pos_001873_20260510_222237_827.png,80,20,0.674,0
orange_pos_001873_20260510_222237_827.png,100,20,0.674,0
orange_pos_001873_20260510_222237_827.png,120,20,0.674,0
orange_pos_001873_20260510_222237_827.png,140,20,0.674,0
orange_pos_001873_20260510_222237_827.png,0,40,0.674,0
orange_pos_001873_20260510_222237_827.png,20,40,0.674,0
orange_pos_001873_20260510_222237_827.png,40,40,0.674,0
orange_pos_001873_20260510_222237_827.png,60,40,0.674,0
orange_pos_001873_20260510_222237_827.png,80,40,0.674,0
orange_pos_001873_20260510_222237_827.png,100,40,0.674,0
orange_pos_001873_20260510_222237_827.png,120,40,0.674,0
orange_pos_001873_20260510_222237_827.png,140,40,0.674,0
orange_pos_001873_20260510_222237_827.png,0,60,0.674,0
orange_pos_001873_20260510_222237_827.png,20,60,0.674,0
orange_pos_001873_20260510_222237_827.png,40,60,0.674,0
orange_pos_001873_20260510_222237_827.png,60,60,0.674,0
orange_pos_001873_20260510_222237_827.png,80,60,0.674,0
orange_pos_001873_20260510_222237_827.png,100,60,0.674,0
orange_pos_001873_20260510_222237_827.png,120,60,0.674,0
orange_pos_001873_20260510_222237_827.png,140,60,0.674,0
orange_pos_001873_20260510_222237_827.png,0,80,0.674,0
orange_pos_001873_20260510_222237_827.png,20,80,0.674,0
orange_pos_001873_20260510_222237_827.png,40,80,0.674,0
orange_pos_001873_20260510_222237_827.png,60,80,0.674,0
orange_pos_001873_20260510_222237_827.png,80,80,0.674,0
orange_pos_001873_20260510_222237_827.png,100,80,0.674,0
orange_pos_001873_20260510_222237_827.png,120,80,0.674,0
orange_pos_001873_20260510_222237_827.png,140,80,0.674,0
orange_pos_001873_20260510_222237_827.png,0,100,0.674,0
orange_pos_001873_20260510_222237_827.png,20,100,0.674,0
orange_pos_001873_20260510_222237_827.png,40,100,0.674,0
orange_pos_001873_20260510_222237_827.png,60,100,0.674,0
orange_pos_001873_20260510_222237_827.png,80,100,0.674,0
orange_pos_001873_20260510_222237_827.png,100,100,0.674,0
orange_pos_001873_20260510_222237_827.png,120,100,0.674,0
orange_pos_001873_20260510_222237_827.png,140,100,0.674,0
orange_pos_001874_20260510_222238_138.png,0,0,1.792,0
orange_pos_001874_20260510_222238_138.png,20,0,4.187,0
orange_pos_001874_20260510_222238_138.png,40,0,11.317,0
orange_pos_001874_20260510_222238_138.png,60,0,15.902,0
orange_pos_001874_20260510_222238_138.png,80,0,2.152,0
orange_pos_001874_20260510_222238_138.png,100,0,0.674,0
orange_pos_001874_20260510_222238_138.png,120,0,0.675,0
orange_pos_001874_20260510_222238_138.png,140,0,2.687,0
orange_pos_001874_20260510_222238_138.png,0,20,1.047,0
orange_pos_001874_20260510_222238_138.png,20,20,6.390,0
orange_pos_001874_20260510_222238_138.png,40,20,11.007,0
orange_pos_001874_20260510_222238_138.png,60,20,7.301,0
orange_pos_001874_20260510_222238_138.png,80,20,0.682,0
orange_pos_001874_20260510_222238_138.png,100,20,0.674,0
orange_pos_001874_20260510_222238_138.png,120,20,0.674,0
orange_pos_001874_20260510_222238_138.png,140,20,2.602,0
orange_pos_001874_20260510_222238_138.png,0,40,0.870,0
orange_pos_001874_20260510_222238_138.png,20,40,3.661,0
orange_pos_001874_20260510_222238_138.png,40,40,12.226,0
orange_pos_001874_20260510_222238_138.png,60,40,2.669,0
orange_pos_001874_20260510_222238_138.png,80,40,0.674,0
orange_pos_001874_20260510_222238_138.png,100,40,0.674,0
orange_pos_001874_20260510_222238_138.png,120,40,0.674,0
orange_pos_001874_20260510_222238_138.png,140,40,2.249,0
orange_pos_001874_20260510_222238_138.png,0,60,1.238,0
orange_pos_001874_20260510_222238_138.png,20,60,2.512,0
orange_pos_001874_20260510_222238_138.png,40,60,10.123,0
orange_pos_001874_20260510_222238_138.png,60,60,4.744,0
orange_pos_001874_20260510_222238_138.png,80,60,0.674,0
orange_pos_001874_20260510_222238_138.png,100,60,0.674,0
orange_pos_001874_20260510_222238_138.png,120,60,0.674,0
orange_pos_001874_20260510_222238_138.png,140,60,3.204,0
orange_pos_001874_20260510_222238_138.png,0,80,0.848,0
orange_pos_001874_20260510_222238_138.png,20,80,0.949,0
orange_pos_001874_20260510_222238_138.png,40,80,7.238,0
orange_pos_001874_20260510_222238_138.png,60,80,2.066,0
orange_pos_001874_20260510_222238_138.png,80,80,0.674,0
orange_pos_001874_20260510_222238_138.png,100,80,0.674,0
orange_pos_001874_20260510_222238_138.png,120,80,0.777,0
orange_pos_001874_20260510_222238_138.png,140,80,2.162,0
orange_pos_001874_20260510_222238_138.png,0,100,1.147,0
orange_pos_001874_20260510_222238_138.png,20,100,2.677,0
orange_pos_001874_20260510_222238_138.png,40,100,16.981,0
orange_pos_001874_20260510_222238_138.png,60,100,9.075,0
orange_pos_001874_20260510_222238_138.png,80,100,0.674,0
orange_pos_001874_20260510_222238_138.png,100,100,0.997,0
orange_pos_001874_20260510_222238_138.png,120,100,3.877,0
orange_pos_001874_20260510_222238_138.png,140,100,11.783,0
orange_pos_001875_20260510_222240_280.png,0,0,0.716,0
orange_pos_001875_20260510_222240_280.png,20,0,0.674,0
orange_pos_001875_20260510_222240_280.png,40,0,1.386,0
orange_pos_001875_20260510_222240_280.png,60,0,0.708,0
orange_pos_001875_20260510_222240_280.png,80,0,0.674,0
orange_pos_001875_20260510_222240_280.png,100,0,0.674,0
orange_pos_001875_20260510_222240_280.png,120,0,0.674,0
orange_pos_001875_20260510_222240_280.png,140,0,0.674,0
orange_pos_001875_20260510_222240_280.png,0,20,0.674,0
orange_pos_001875_20260510_222240_280.png,20,20,0.674,0
orange_pos_001875_20260510_222240_280.png,40,20,0.674,0
orange_pos_001875_20260510_222240_280.png,60,20,0.674,0
orange_pos_001875_20260510_222240_280.png,80,20,0.674,0
orange_pos_001875_20260510_222240_280.png,100,20,0.674,0
orange_pos_001875_20260510_222240_280.png,120,20,0.674,0
orange_pos_001875_20260510_222240_280.png,140,20,0.674,0
orange_pos_001875_20260510_222240_280.png,0,40,0.674,0
orange_pos_001875_20260510_222240_280.png,20,40,0.674,0
orange_pos_001875_20260510_222240_280.png,40,40,0.690,0
orange_pos_001875_20260510_222240_280.png,60,40,0.674,0
orange_pos_001875_20260510_222240_280.png,80,40,0.674,0
orange_pos_001875_20260510_222240_280.png,100,40,0.674,0
orange_pos_001875_20260510_222240_280.png,120,40,0.674,0
orange_pos_001875_20260510_222240_280.png,140,40,0.674,0
orange_pos_001875_20260510_222240_280.png,0,60,0.724,0
orange_pos_001875_20260510_222240_280.png,20,60,0.674,0
orange_pos_001875_20260510_222240_280.png,40,60,1.024,0
orange_pos_001875_20260510_222240_280.png,60,60,0.674,0
orange_pos_001875_20260510_222240_280.png,80,60,0.674,0
orange_pos_001875_20260510_222240_280.png,100,60,0.674,0
orange_pos_001875_20260510_222240_280.png,120,60,0.674,0
orange_pos_001875_20260510_222240_280.png,140,60,0.674,0
orange_pos_001875_20260510_222240_280.png,0,80,0.674,0
orange_pos_001875_20260510_222240_280.png,20,80,0.674,0
orange_pos_001875_20260510_222240_280.png,40,80,0.761,0
orange_pos_001875_20260510_222240_280.png,60,80,0.674,0
orange_pos_001875_20260510_222240_280.png,80,80,0.674,0
orange_pos_001875_20260510_222240_280.png,100,80,0.674,0
orange_pos_001875_20260510_222240_280.png,120,80,0.674,0
orange_pos_001875_20260510_222240_280.png,140,80,0.674,0
orange_pos_001875_20260510_222240_280.png,0,100,0.674,0
orange_pos_001875_20260510_222240_280.png,20,100,0.674,0
orange_pos_001875_20260510_222240_280.png,40,100,0.714,0
orange_pos_001875_20260510_222240_280.png,60,100,0.674,0
orange_pos_001875_20260510_222240_280.png,80,100,0.674,0
orange_pos_001875_20260510_222240_280.png,100,100,0.674,0
orange_pos_001875_20260510_222240_280.png,120,100,0.674,0
orange_pos_001875_20260510_222240_280.png,140,100,0.674,0
orange_pos_001876_20260510_222240_662.png,0,0,0.742,0
orange_pos_001876_20260510_222240_662.png,20,0,0.727,0
orange_pos_001876_20260510_222240_662.png,40,0,4.102,0
orange_pos_001876_20260510_222240_662.png,60,0,2.655,0
orange_pos_001876_20260510_222240_662.png,80,0,0.674,0
orange_pos_001876_20260510_222240_662.png,100,0,0.674,0
orange_pos_001876_20260510_222240_662.png,120,0,0.674,0
orange_pos_001876_20260510_222240_662.png,140,0,0.724,0
orange_pos_001876_20260510_222240_662.png,0,20,0.675,0
orange_pos_001876_20260510_222240_662.png,20,20,0.990,0
orange_pos_001876_20260510_222240_662.png,40,20,1.305,0
orange_pos_001876_20260510_222240_662.png,60,20,0.802,0
orange_pos_001876_20260510_222240_662.png,80,20,0.674,0
orange_pos_001876_20260510_222240_662.png,100,20,0.674,0
orange_pos_001876_20260510_222240_662.png,120,20,0.674,0
orange_pos_001876_20260510_222240_662.png,140,20,0.674,0
orange_pos_001876_20260510_222240_662.png,0,40,0.675,0
orange_pos_001876_20260510_222240_662.png,20,40,0.674,0
orange_pos_001876_20260510_222240_662.png,40,40,0.715,0
orange_pos_001876_20260510_222240_662.png,60,40,0.674,0
orange_pos_001876_20260510_222240_662.png,80,40,0.674,0
orange_pos_001876_20260510_222240_662.png,100,40,0.674,0
orange_pos_001876_20260510_222240_662.png,120,40,0.674,0
orange_pos_001876_20260510_222240_662.png,140,40,0.674,0
orange_pos_001876_20260510_222240_662.png,0,60,0.676,0
orange_pos_001876_20260510_222240_662.png,20,60,0.674,0
orange_pos_001876_20260510_222240_662.png,40,60,0.933,0
orange_pos_001876_20260510_222240_662.png,60,60,0.674,0
orange_pos_001876_20260510_222240_662.png,80,60,0.674,0
orange_pos_001876_20260510_222240_662.png,100,60,0.674,0
orange_pos_001876_20260510_222240_662.png,120,60,0.674,0
orange_pos_001876_20260510_222240_662.png,140,60,0.674,0
orange_pos_001876_20260510_222240_662.png,0,80,0.674,0
orange_pos_001876_20260510_222240_662.png,20,80,0.674,0
orange_pos_001876_20260510_222240_662.png,40,80,0.674,0
orange_pos_001876_20260510_222240_662.png,60,80,0.674,0
orange_pos_001876_20260510_222240_662.png,80,80,0.674,0
orange_pos_001876_20260510_222240_662.png,100,80,0.674,0
orange_pos_001876_20260510_222240_662.png,120,80,0.674,0
orange_pos_001876_20260510_222240_662.png,140,80,0.674,0
orange_pos_001876_20260510_222240_662.png,0,100,0.786,0
orange_pos_001876_20260510_222240_662.png,20,100,0.746,0
orange_pos_001876_20260510_222240_662.png,40,100,3.483,0
orange_pos_001876_20260510_222240_662.png,60,100,1.365,0
orange_pos_001876_20260510_222240_662.png,80,100,0.674,0
orange_pos_001876_20260510_222240_662.png,100,100,0.674,0
orange_pos_001876_20260510_222240_662.png,120,100,0.674,0
orange_pos_001876_20260510_222240_662.png,140,100,0.751,0
orange_pos_001877_20260510_222242_652.png,0,0,3.910,0
orange_pos_001877_20260510_222242_652.png,20,0,11.437,0
orange_pos_001877_20260510_222242_652.png,40,0,16.345,0
orange_pos_001877_20260510_222242_652.png,60,0,23.221,0
orange_pos_001877_20260510_222242_652.png,80,0,4.323,0
orange_pos_001877_20260510_222242_652.png,100,0,1.130,0
orange_pos_001877_20260510_222242_652.png,120,0,1.193,0
orange_pos_001877_20260510_222242_652.png,140,0,5.337,0
orange_pos_001877_20260510_222242_652.png,0,20,1.141,0
orange_pos_001877_20260510_222242_652.png,20,20,9.683,0
orange_pos_001877_20260510_222242_652.png,40,20,12.972,0
orange_pos_001877_20260510_222242_652.png,60,20,7.899,0
orange_pos_001877_20260510_222242_652.png,80,20,0.674,0
orange_pos_001877_20260510_222242_652.png,100,20,0.674,0
orange_pos_001877_20260510_222242_652.png,120,20,0.674,0
orange_pos_001877_20260510_222242_652.png,140,20,2.552,0
orange_pos_001877_20260510_222242_652.png,0,40,0.775,0
orange_pos_001877_20260510_222242_652.png,20,40,2.663,0
orange_pos_001877_20260510_222242_652.png,40,40,6.336,0
orange_pos_001877_20260510_222242_652.png,60,40,1.737,0
orange_pos_001877_20260510_222242_652.png,80,40,0.674,0
orange_pos_001877_20260510_222242_652.png,100,40,0.674,0
orange_pos_001877_20260510_222242_652.png,120,40,0.674,0
orange_pos_001877_20260510_222242_652.png,140,40,0.842,0
orange_pos_001877_20260510_222242_652.png,0,60,1.479,0
orange_pos_001877_20260510_222242_652.png,20,60,6.299,0
orange_pos_001877_20260510_222242_652.png,40,60,14.373,0
orange_pos_001877_20260510_222242_652.png,60,60,4.901,0
orange_pos_001877_20260510_222242_652.png,80,60,0.674,0
orange_pos_001877_20260510_222242_652.png,100,60,0.674,0
orange_pos_001877_20260510_222242_652.png,120,60,0.674,0
orange_pos_001877_20260510_222242_652.png,140,60,3.665,0
orange_pos_001877_20260510_222242_652.png,0,80,2.636,0
orange_pos_001877_20260510_222242_652.png,20,80,4.646,0
orange_pos_001877_20260510_222242_652.png,40,80,14.574,0
orange_pos_001877_20260510_222242_652.png,60,80,7.538,0
orange_pos_001877_20260510_222242_652.png,80,80,0.674,0
orange_pos_001877_20260510_222242_652.png,100,80,0.674,0
orange_pos_001877_20260510_222242_652.png,120,80,0.781,0
orange_pos_001877_20260510_222242_652.png,140,80,6.879,0
orange_pos_001877_20260510_222242_652.png,0,100,1.351,0
orange_pos_001877_20260510_222242_652.png,20,100,3.228,0
orange_pos_001877_20260510_222242_652.png,40,100,21.222,0
orange_pos_001877_20260510_222242_652.png,60,100,10.116,0
orange_pos_001877_20260510_222242_652.png,80,100,0.674,0
orange_pos_001877_20260510_222242_652.png,100,100,0.674,0
orange_pos_001877_20260510_222242_652.png,120,100,1.759,0
orange_pos_001877_20260510_222242_652.png,140,100,7.248,0
orange_pos_001878_20260510_222246_774.png,0,0,0.719,0
orange_pos_001878_20260510_222246_774.png,20,0,0.870,0
orange_pos_001878_20260510_222246_774.png,40,0,2.526,0
orange_pos_001878_20260510_222246_774.png,60,0,1.795,0
orange_pos_001878_20260510_222246_774.png,80,0,0.674,0
orange_pos_001878_20260510_222246_774.png,100,0,0.674,0
orange_pos_001878_20260510_222246_774.png,120,0,0.674,0
orange_pos_001878_20260510_222246_774.png,140,0,0.674,0
orange_pos_001878_20260510_222246_774.png,0,20,0.674,0
orange_pos_001878_20260510_222246_774.png,20,20,0.806,0
orange_pos_001878_20260510_222246_774.png,40,20,0.751,0
orange_pos_001878_20260510_222246_774.png,60,20,0.674,0
orange_pos_001878_20260510_222246_774.png,80,20,0.674,0
orange_pos_001878_20260510_222246_774.png,100,20,0.674,0
orange_pos_001878_20260510_222246_774.png,120,20,0.674,0
orange_pos_001878_20260510_222246_774.png,140,20,0.674,0
orange_pos_001878_20260510_222246_774.png,0,40,0.674,0
orange_pos_001878_20260510_222246_774.png,20,40,0.745,0
orange_pos_001878_20260510_222246_774.png,40,40,1.138,0
orange_pos_001878_20260510_222246_774.png,60,40,0.674,0
orange_pos_001878_20260510_222246_774.png,80,40,0.674,0
orange_pos_001878_20260510_222246_774.png,100,40,0.674,0
orange_pos_001878_20260510_222246_774.png,120,40,0.674,0
orange_pos_001878_20260510_222246_774.png,140,40,0.674,0
orange_pos_001878_20260510_222246_774.png,0,60,0.674,0
orange_pos_001878_20260510_222246_774.png,20,60,0.674,0
orange_pos_001878_20260510_222246_774.png,40,60,0.691,0
orange_pos_001878_20260510_222246_774.png,60,60,0.674,0
orange_pos_001878_20260510_222246_774.png,80,60,0.674,0
orange_pos_001878_20260510_222246_774.png,100,60,0.674,0
orange_pos_001878_20260510_222246_774.png,120,60,0.674,0
orange_pos_001878_20260510_222246_774.png,140,60,0.674,0
orange_pos_001878_20260510_222246_774.png,0,80,0.899,0
orange_pos_001878_20260510_222246_774.png,20,80,0.866,0
orange_pos_001878_20260510_222246_774.png,40,80,2.118,0
orange_pos_001878_20260510_222246_774.png,60,80,0.796,0
orange_pos_001878_20260510_222246_774.png,80,80,0.674,0
orange_pos_001878_20260510_222246_774.png,100,80,0.674,0
orange_pos_001878_20260510_222246_774.png,120,80,0.674,0
orange_pos_001878_20260510_222246_774.png,140,80,0.693,0
orange_pos_001878_20260510_222246_774.png,0,100,0.703,0
orange_pos_001878_20260510_222246_774.png,20,100,0.870,0
orange_pos_001878_20260510_222246_774.png,40,100,2.678,0
orange_pos_001878_20260510_222246_774.png,60,100,1.047,0
orange_pos_001878_20260510_222246_774.png,80,100,0.674,0
orange_pos_001878_20260510_222246_774.png,100,100,0.674,0
orange_pos_001878_20260510_222246_774.png,120,100,0.674,0
orange_pos_001878_20260510_222246_774.png,140,100,0.683,0
orange_pos_001879_20260510_222249_578.png,0,0,0.729,0
orange_pos_001879_20260510_222249_578.png,20,0,4.816,0
orange_pos_001879_20260510_222249_578.png,40,0,5.303,0
orange_pos_001879_20260510_222249_578.png,60,0,4.853,0
orange_pos_001879_20260510_222249_578.png,80,0,1.087,0
orange_pos_001879_20260510_222249_578.png,100,0,0.674,0
orange_pos_001879_20260510_222249_578.png,120,0,0.674,0
orange_pos_001879_20260510_222249_578.png,140,0,0.986,0
orange_pos_001879_20260510_222249_578.png,0,20,0.674,0
orange_pos_001879_20260510_222249_578.png,20,20,1.263,0
orange_pos_001879_20260510_222249_578.png,40,20,1.902,0
orange_pos_001879_20260510_222249_578.png,60,20,0.813,0
orange_pos_001879_20260510_222249_578.png,80,20,0.674,0
orange_pos_001879_20260510_222249_578.png,100,20,0.674,0
orange_pos_001879_20260510_222249_578.png,120,20,0.674,0
orange_pos_001879_20260510_222249_578.png,140,20,0.674,0
orange_pos_001879_20260510_222249_578.png,0,40,0.733,0
orange_pos_001879_20260510_222249_578.png,20,40,3.199,0
orange_pos_001879_20260510_222249_578.png,40,40,3.566,0
orange_pos_001879_20260510_222249_578.png,60,40,0.896,0
orange_pos_001879_20260510_222249_578.png,80,40,0.674,0
orange_pos_001879_20260510_222249_578.png,100,40,0.674,0
orange_pos_001879_20260510_222249_578.png,120,40,0.674,0
orange_pos_001879_20260510_222249_578.png,140,40,0.674,0
orange_pos_001879_20260510_222249_578.png,0,60,0.683,0
orange_pos_001879_20260510_222249_578.png,20,60,1.019,0
orange_pos_001879_20260510_222249_578.png,40,60,2.592,0
orange_pos_001879_20260510_222249_578.png,60,60,0.943,0
orange_pos_001879_20260510_222249_578.png,80,60,0.674,0
orange_pos_001879_20260510_222249_578.png,100,60,0.674,0
orange_pos_001879_20260510_222249_578.png,120,60,0.674,0
orange_pos_001879_20260510_222249_578.png,140,60,0.674,0
orange_pos_001879_20260510_222249_578.png,0,80,0.800,0
orange_pos_001879_20260510_222249_578.png,20,80,1.390,0
orange_pos_001879_20260510_222249_578.png,40,80,2.447,0
orange_pos_001879_20260510_222249_578.png,60,80,1.164,0
orange_pos_001879_20260510_222249_578.png,80,80,0.674,0
orange_pos_001879_20260510_222249_578.png,100,80,0.674,0
orange_pos_001879_20260510_222249_578.png,120,80,0.674,0
orange_pos_001879_20260510_222249_578.png,140,80,0.698,0
orange_pos_001879_20260510_222249_578.png,0,100,0.782,0
orange_pos_001879_20260510_222249_578.png,20,100,0.839,0
orange_pos_001879_20260510_222249_578.png,40,100,2.719,0
orange_pos_001879_20260510_222249_578.png,60,100,1.138,0
orange_pos_001879_20260510_222249_578.png,80,100,0.674,0
orange_pos_001879_20260510_222249_578.png,100,100,0.674,0
orange_pos_001879_20260510_222249_578.png,120,100,0.674,0
orange_pos_001879_20260510_222249_578.png,140,100,0.726,0
orange_pos_001880_20260510_222251_521.png,0,0,1.392,0
orange_pos_001880_20260510_222251_521.png,20,0,2.268,0
orange_pos_001880_20260510_222251_521.png,40,0,3.687,0
orange_pos_001880_20260510_222251_521.png,60,0,4.372,0
orange_pos_001880_20260510_222251_521.png,80,0,1.284,0
orange_pos_001880_20260510_222251_521.png,100,0,0.985,0
orange_pos_001880_20260510_222251_521.png,120,0,0.737,0
orange_pos_001880_20260510_222251_521.png,140,0,1.602,0
orange_pos_001880_20260510_222251_521.png,0,20,0.675,0
orange_pos_001880_20260510_222251_521.png,20,20,0.674,0
orange_pos_001880_20260510_222251_521.png,40,20,2.625,0
orange_pos_001880_20260510_222251_521.png,60,20,1.067,0
orange_pos_001880_20260510_222251_521.png,80,20,0.674,0
orange_pos_001880_20260510_222251_521.png,100,20,0.674,0
orange_pos_001880_20260510_222251_521.png,120,20,0.674,0
orange_pos_001880_20260510_222251_521.png,140,20,0.674,0
orange_pos_001880_20260510_222251_521.png,0,40,0.691,0
orange_pos_001880_20260510_222251_521.png,20,40,0.674,0
orange_pos_001880_20260510_222251_521.png,40,40,2.070,0
orange_pos_001880_20260510_222251_521.png,60,40,0.868,0
orange_pos_001880_20260510_222251_521.png,80,40,0.674,0
orange_pos_001880_20260510_222251_521.png,100,40,0.674,0
orange_pos_001880_20260510_222251_521.png,120,40,0.674,0
orange_pos_001880_20260510_222251_521.png,140,40,0.676,0
orange_pos_001880_20260510_222251_521.png,0,60,0.888,0
orange_pos_001880_20260510_222251_521.png,20,60,0.674,0
orange_pos_001880_20260510_222251_521.png,40,60,2.368,0
orange_pos_001880_20260510_222251_521.png,60,60,0.789,0
orange_pos_001880_20260510_222251_521.png,80,60,0.674,0
orange_pos_001880_20260510_222251_521.png,100,60,0.674,0
orange_pos_001880_20260510_222251_521.png,120,60,0.674,0
orange_pos_001880_20260510_222251_521.png,140,60,0.825,0
orange_pos_001880_20260510_222251_521.png,0,80,0.762,0
orange_pos_001880_20260510_222251_521.png,20,80,0.674,0
orange_pos_001880_20260510_222251_521.png,40,80,3.088,0
orange_pos_001880_20260510_222251_521.png,60,80,1.802,0
orange_pos_001880_20260510_222251_521.png,80,80,0.674,0
orange_pos_001880_20260510_222251_521.png,100,80,0.674,0
orange_pos_001880_20260510_222251_521.png,120,80,0.674,0
orange_pos_001880_20260510_222251_521.png,140,80,1.409,0
orange_pos_001880_20260510_222251_521.png,0,100,0.774,0
orange_pos_001880_20260510_222251_521.png,20,100,1.000,0
orange_pos_001880_20260510_222251_521.png,40,100,2.710,0
orange_pos_001880_20260510_222251_521.png,60,100,1.486,0
orange_pos_001880_20260510_222251_521.png,80,100,0.674,0
orange_pos_001880_20260510_222251_521.png,100,100,0.674,0
orange_pos_001880_20260510_222251_521.png,120,100,0.674,0
orange_pos_001880_20260510_222251_521.png,140,100,1.402,0
orange_pos_001881_20260510_222253_511.png,0,0,1.095,0
orange_pos_001881_20260510_222253_511.png,20,0,0.698,0
orange_pos_001881_20260510_222253_511.png,40,0,6.201,0
orange_pos_001881_20260510_222253_511.png,60,0,11.932,0
orange_pos_001881_20260510_222253_511.png,80,0,1.521,0
orange_pos_001881_20260510_222253_511.png,100,0,0.674,0
orange_pos_001881_20260510_222253_511.png,120,0,0.674,0
orange_pos_001881_20260510_222253_511.png,140,0,1.282,0
orange_pos_001881_20260510_222253_511.png,0,20,0.687,0
orange_pos_001881_20260510_222253_511.png,20,20,0.712,0
orange_pos_001881_20260510_222253_511.png,40,20,2.616,0
orange_pos_001881_20260510_222253_511.png,60,20,1.747,0
orange_pos_001881_20260510_222253_511.png,80,20,0.674,0
orange_pos_001881_20260510_222253_511.png,100,20,0.674,0
orange_pos_001881_20260510_222253_511.png,120,20,0.674,0
orange_pos_001881_20260510_222253_511.png,140,20,0.674,0
orange_pos_001881_20260510_222253_511.png,0,40,0.674,0
orange_pos_001881_20260510_222253_511.png,20,40,0.674,0
orange_pos_001881_20260510_222253_511.png,40,40,2.045,0
orange_pos_001881_20260510_222253_511.png,60,40,0.737,0
orange_pos_001881_20260510_222253_511.png,80,40,0.674,0
orange_pos_001881_20260510_222253_511.png,100,40,0.674,0
orange_pos_001881_20260510_222253_511.png,120,40,0.674,0
orange_pos_001881_20260510_222253_511.png,140,40,0.674,0
orange_pos_001881_20260510_222253_511.png,0,60,1.015,0
orange_pos_001881_20260510_222253_511.png,20,60,0.674,0
orange_pos_001881_20260510_222253_511.png,40,60,4.902,0
orange_pos_001881_20260510_222253_511.png,60,60,0.932,0
orange_pos_001881_20260510_222253_511.png,80,60,0.674,0
orange_pos_001881_20260510_222253_511.png,100,60,0.674,0
orange_pos_001881_20260510_222253_511.png,120,60,0.674,0
orange_pos_001881_20260510_222253_511.png,140,60,0.964,0
orange_pos_001881_20260510_222253_511.png,0,80,0.853,0
orange_pos_001881_20260510_222253_511.png,20,80,0.674,0
orange_pos_001881_20260510_222253_511.png,40,80,4.535,0
orange_pos_001881_20260510_222253_511.png,60,80,1.676,0
orange_pos_001881_20260510_222253_511.png,80,80,0.674,0
orange_pos_001881_20260510_222253_511.png,100,80,0.674,0
orange_pos_001881_20260510_222253_511.png,120,80,0.674,0
orange_pos_001881_20260510_222253_511.png,140,80,1.674,0
orange_pos_001881_20260510_222253_511.png,0,100,0.944,0
orange_pos_001881_20260510_222253_511.png,20,100,1.488,0
orange_pos_001881_20260510_222253_511.png,40,100,8.170,0
orange_pos_001881_20260510_222253_511.png,60,100,4.264,0
orange_pos_001881_20260510_222253_511.png,80,100,0.674,0
orange_pos_001881_20260510_222253_511.png,100,100,0.674,0
orange_pos_001881_20260510_222253_511.png,120,100,0.855,0
orange_pos_001881_20260510_222253_511.png,140,100,2.628,0
orange_pos_001882_20260510_222253_869.png,0,0,0.674,0
orange_pos_001882_20260510_222253_869.png,20,0,0.674,0
orange_pos_001882_20260510_222253_869.png,40,0,0.674,0
orange_pos_001882_20260510_222253_869.png,60,0,0.674,0
orange_pos_001882_20260510_222253_869.png,80,0,0.674,0
orange_pos_001882_20260510_222253_869.png,100,0,0.674,0
orange_pos_001882_20260510_222253_869.png,120,0,0.674,0
orange_pos_001882_20260510_222253_869.png,140,0,0.674,0
orange_pos_001882_20260510_222253_869.png,0,20,0.674,0
orange_pos_001882_20260510_222253_869.png,20,20,0.674,0
orange_pos_001882_20260510_222253_869.png,40,20,0.674,0
orange_pos_001882_20260510_222253_869.png,60,20,0.674,0
orange_pos_001882_20260510_222253_869.png,80,20,0.674,0
orange_pos_001882_20260510_222253_869.png,100,20,0.674,0
orange_pos_001882_20260510_222253_869.png,120,20,0.674,0
orange_pos_001882_20260510_222253_869.png,140,20,0.674,0
orange_pos_001882_20260510_222253_869.png,0,40,0.674,0
orange_pos_001882_20260510_222253_869.png,20,40,0.674,0
orange_pos_001882_20260510_222253_869.png,40,40,0.674,0
orange_pos_001882_20260510_222253_869.png,60,40,0.674,0
orange_pos_001882_20260510_222253_869.png,80,40,0.674,0
orange_pos_001882_20260510_222253_869.png,100,40,0.674,0
orange_pos_001882_20260510_222253_869.png,120,40,0.674,0
orange_pos_001882_20260510_222253_869.png,140,40,0.674,0
orange_pos_001882_20260510_222253_869.png,0,60,0.674,0
orange_pos_001882_20260510_222253_869.png,20,60,0.674,0
orange_pos_001882_20260510_222253_869.png,40,60,0.674,0
orange_pos_001882_20260510_222253_869.png,60,60,0.674,0
orange_pos_001882_20260510_222253_869.png,80,60,0.674,0
orange_pos_001882_20260510_222253_869.png,100,60,0.674,0
orange_pos_001882_20260510_222253_869.png,120,60,0.674,0
orange_pos_001882_20260510_222253_869.png,140,60,0.674,0
orange_pos_001882_20260510_222253_869.png,0,80,0.674,0
orange_pos_001882_20260510_222253_869.png,20,80,0.674,0
orange_pos_001882_20260510_222253_869.png,40,80,0.674,0
orange_pos_001882_20260510_222253_869.png,60,80,0.674,0
orange_pos_001882_20260510_222253_869.png,80,80,0.674,0
orange_pos_001882_20260510_222253_869.png,100,80,0.674,0
orange_pos_001882_20260510_222253_869.png,120,80,0.674,0
orange_pos_001882_20260510_222253_869.png,140,80,0.674,0
orange_pos_001882_20260510_222253_869.png,0,100,0.674,0
orange_pos_001882_20260510_222253_869.png,20,100,0.674,0
orange_pos_001882_20260510_222253_869.png,40,100,0.674,0
orange_pos_001882_20260510_222253_869.png,60,100,0.674,0
orange_pos_001882_20260510_222253_869.png,80,100,0.674,0
orange_pos_001882_20260510_222253_869.png,100,100,0.674,0
orange_pos_001882_20260510_222253_869.png,120,100,0.674,0
orange_pos_001882_20260510_222253_869.png,140,100,0.674,0
orange_pos_001883_20260510_222256_096.png,0,0,2.248,0
orange_pos_001883_20260510_222256_096.png,20,0,2.910,0
orange_pos_001883_20260510_222256_096.png,40,0,14.651,0
orange_pos_001883_20260510_222256_096.png,60,0,17.076,0
orange_pos_001883_20260510_222256_096.png,80,0,3.798,0
orange_pos_001883_20260510_222256_096.png,100,0,0.909,0
orange_pos_001883_20260510_222256_096.png,120,0,1.493,0
orange_pos_001883_20260510_222256_096.png,140,0,4.405,0
orange_pos_001883_20260510_222256_096.png,0,20,0.808,0
orange_pos_001883_20260510_222256_096.png,20,20,0.853,0
orange_pos_001883_20260510_222256_096.png,40,20,6.943,0
orange_pos_001883_20260510_222256_096.png,60,20,2.904,0
orange_pos_001883_20260510_222256_096.png,80,20,0.674,0
orange_pos_001883_20260510_222256_096.png,100,20,0.674,0
orange_pos_001883_20260510_222256_096.png,120,20,0.674,0
orange_pos_001883_20260510_222256_096.png,140,20,0.966,0
orange_pos_001883_20260510_222256_096.png,0,40,0.962,0
orange_pos_001883_20260510_222256_096.png,20,40,0.731,0
orange_pos_001883_20260510_222256_096.png,40,40,8.658,0
orange_pos_001883_20260510_222256_096.png,60,40,1.764,0
orange_pos_001883_20260510_222256_096.png,80,40,0.674,0
orange_pos_001883_20260510_222256_096.png,100,40,0.674,0
orange_pos_001883_20260510_222256_096.png,120,40,0.674,0
orange_pos_001883_20260510_222256_096.png,140,40,1.211,0
orange_pos_001883_20260510_222256_096.png,0,60,1.127,0
orange_pos_001883_20260510_222256_096.png,20,60,1.935,0
orange_pos_001883_20260510_222256_096.png,40,60,9.184,0
orange_pos_001883_20260510_222256_096.png,60,60,4.728,0
orange_pos_001883_20260510_222256_096.png,80,60,0.674,0
orange_pos_001883_20260510_222256_096.png,100,60,0.674,0
orange_pos_001883_20260510_222256_096.png,120,60,0.674,0
orange_pos_001883_20260510_222256_096.png,140,60,1.921,0
orange_pos_001883_20260510_222256_096.png,0,80,1.244,0
orange_pos_001883_20260510_222256_096.png,20,80,1.760,0
orange_pos_001883_20260510_222256_096.png,40,80,12.860,0
orange_pos_001883_20260510_222256_096.png,60,80,6.071,0
orange_pos_001883_20260510_222256_096.png,80,80,0.674,0
orange_pos_001883_20260510_222256_096.png,100,80,0.674,0
orange_pos_001883_20260510_222256_096.png,120,80,0.743,0
orange_pos_001883_20260510_222256_096.png,140,80,3.923,0
orange_pos_001883_20260510_222256_096.png,0,100,1.193,0
orange_pos_001883_20260510_222256_096.png,20,100,2.798,0
orange_pos_001883_20260510_222256_096.png,40,100,15.621,0
orange_pos_001883_20260510_222256_096.png,60,100,6.949,0
orange_pos_001883_20260510_222256_096.png,80,100,1.037,0
orange_pos_001883_20260510_222256_096.png,100,100,2.177,0
orange_pos_001883_20260510_222256_096.png,120,100,5.396,0
orange_pos_001883_20260510_222256_096.png,140,100,11.402,0
orange_pos_001884_20260510_222258_014.png,0,0,1.281,0
orange_pos_001884_20260510_222258_014.png,20,0,3.624,0
orange_pos_001884_20260510_222258_014.png,40,0,12.429,0
orange_pos_001884_20260510_222258_014.png,60,0,15.771,0
orange_pos_001884_20260510_222258_014.png,80,0,2.933,0
orange_pos_001884_20260510_222258_014.png,100,0,0.674,0
orange_pos_001884_20260510_222258_014.png,120,0,0.704,0
orange_pos_001884_20260510_222258_014.png,140,0,3.654,0
orange_pos_001884_20260510_222258_014.png,0,20,1.054,0
orange_pos_001884_20260510_222258_014.png,20,20,4.530,0
orange_pos_001884_20260510_222258_014.png,40,20,8.807,0
orange_pos_001884_20260510_222258_014.png,60,20,4.423,0
orange_pos_001884_20260510_222258_014.png,80,20,0.675,0
orange_pos_001884_20260510_222258_014.png,100,20,0.674,0
orange_pos_001884_20260510_222258_014.png,120,20,0.674,0
orange_pos_001884_20260510_222258_014.png,140,20,1.899,0
orange_pos_001884_20260510_222258_014.png,0,40,0.980,0
orange_pos_001884_20260510_222258_014.png,20,40,3.033,0
orange_pos_001884_20260510_222258_014.png,40,40,7.757,0
orange_pos_001884_20260510_222258_014.png,60,40,2.715,0
orange_pos_001884_20260510_222258_014.png,80,40,0.674,0
orange_pos_001884_20260510_222258_014.png,100,40,0.674,0
orange_pos_001884_20260510_222258_014.png,120,40,0.674,0
orange_pos_001884_20260510_222258_014.png,140,40,1.623,0
orange_pos_001884_20260510_222258_014.png,0,60,1.242,0
orange_pos_001884_20260510_222258_014.png,20,60,4.471,0
orange_pos_001884_20260510_222258_014.png,40,60,11.758,0
orange_pos_001884_20260510_222258_014.png,60,60,6.737,0
orange_pos_001884_20260510_222258_014.png,80,60,0.674,0
orange_pos_001884_20260510_222258_014.png,100,60,0.674,0
orange_pos_001884_20260510_222258_014.png,120,60,0.674,0
orange_pos_001884_20260510_222258_014.png,140,60,3.192,0
orange_pos_001884_20260510_222258_014.png,0,80,0.933,0
orange_pos_001884_20260510_222258_014.png,20,80,0.798,0
orange_pos_001884_20260510_222258_014.png,40,80,11.429,0
orange_pos_001884_20260510_222258_014.png,60,80,5.293,0
orange_pos_001884_20260510_222258_014.png,80,80,0.674,0
orange_pos_001884_20260510_222258_014.png,100,80,0.674,0
orange_pos_001884_20260510_222258_014.png,120,80,1.439,0
orange_pos_001884_20260510_222258_014.png,140,80,5.004,0
orange_pos_001884_20260510_222258_014.png,0,100,1.394,0
orange_pos_001884_20260510_222258_014.png,20,100,3.347,0
orange_pos_001884_20260510_222258_014.png,40,100,19.867,0
orange_pos_001884_20260510_222258_014.png,60,100,8.516,0
orange_pos_001884_20260510_222258_014.png,80,100,0.762,0
orange_pos_001884_20260510_222258_014.png,100,100,3.108,0
orange_pos_001884_20260510_222258_014.png,120,100,6.488,0
orange_pos_001884_20260510_222258_014.png,140,100,11.768,0
orange_pos_001885_20260510_222302_880.png,0,0,0.674,0
orange_pos_001885_20260510_222302_880.png,20,0,0.674,0
orange_pos_001885_20260510_222302_880.png,40,0,0.674,0
orange_pos_001885_20260510_222302_880.png,60,0,0.674,0
orange_pos_001885_20260510_222302_880.png,80,0,0.674,0
orange_pos_001885_20260510_222302_880.png,100,0,0.674,0
orange_pos_001885_20260510_222302_880.png,120,0,0.674,0
orange_pos_001885_20260510_222302_880.png,140,0,0.674,0
orange_pos_001885_20260510_222302_880.png,0,20,0.674,0
orange_pos_001885_20260510_222302_880.png,20,20,0.674,0
orange_pos_001885_20260510_222302_880.png,40,20,0.674,0
orange_pos_001885_20260510_222302_880.png,60,20,0.674,0
orange_pos_001885_20260510_222302_880.png,80,20,0.674,0
orange_pos_001885_20260510_222302_880.png,100,20,0.674,0
orange_pos_001885_20260510_222302_880.png,120,20,0.674,0
orange_pos_001885_20260510_222302_880.png,140,20,0.674,0
orange_pos_001885_20260510_222302_880.png,0,40,0.674,0
orange_pos_001885_20260510_222302_880.png,20,40,0.674,0
orange_pos_001885_20260510_222302_880.png,40,40,0.674,0
orange_pos_001885_20260510_222302_880.png,60,40,0.674,0
orange_pos_001885_20260510_222302_880.png,80,40,0.674,0
orange_pos_001885_20260510_222302_880.png,100,40,0.674,0
orange_pos_001885_20260510_222302_880.png,120,40,0.674,0
orange_pos_001885_20260510_222302_880.png,140,40,0.674,0
orange_pos_001885_20260510_222302_880.png,0,60,0.674,0
orange_pos_001885_20260510_222302_880.png,20,60,0.674,0
orange_pos_001885_20260510_222302_880.png,40,60,0.674,0
orange_pos_001885_20260510_222302_880.png,60,60,0.674,0
orange_pos_001885_20260510_222302_880.png,80,60,0.674,0
orange_pos_001885_20260510_222302_880.png,100,60,0.674,0
orange_pos_001885_20260510_222302_880.png,120,60,0.674,0
orange_pos_001885_20260510_222302_880.png,140,60,0.674,0
orange_pos_001885_20260510_222302_880.png,0,80,0.674,0
orange_pos_001885_20260510_222302_880.png,20,80,0.674,0
orange_pos_001885_20260510_222302_880.png,40,80,0.674,0
orange_pos_001885_20260510_222302_880.png,60,80,0.674,0
orange_pos_001885_20260510_222302_880.png,80,80,0.674,0
orange_pos_001885_20260510_222302_880.png,100,80,0.674,0
orange_pos_001885_20260510_222302_880.png,120,80,0.674,0
orange_pos_001885_20260510_222302_880.png,140,80,0.674,0
orange_pos_001885_20260510_222302_880.png,0,100,0.674,0
orange_pos_001885_20260510_222302_880.png,20,100,0.674,0
orange_pos_001885_20260510_222302_880.png,40,100,0.674,0
orange_pos_001885_20260510_222302_880.png,60,100,0.674,0
orange_pos_001885_20260510_222302_880.png,80,100,0.674,0
orange_pos_001885_20260510_222302_880.png,100,100,0.674,0
orange_pos_001885_20260510_222302_880.png,120,100,0.674,0
orange_pos_001885_20260510_222302_880.png,140,100,0.674,0
orange_pos_001886_20260510_222304_562.png,0,0,0.974,0
orange_pos_001886_20260510_222304_562.png,20,0,2.152,0
orange_pos_001886_20260510_222304_562.png,40,0,9.903,0
orange_pos_001886_20260510_222304_562.png,60,0,10.871,0
orange_pos_001886_20260510_222304_562.png,80,0,0.813,0
orange_pos_001886_20260510_222304_562.png,100,0,0.674,0
orange_pos_001886_20260510_222304_562.png,120,0,0.674,0
orange_pos_001886_20260510_222304_562.png,140,0,0.870,0
orange_pos_001886_20260510_222304_562.png,0,20,0.863,0
orange_pos_001886_20260510_222304_562.png,20,20,2.197,0
orange_pos_001886_20260510_222304_562.png,40,20,6.987,0
orange_pos_001886_20260510_222304_562.png,60,20,4.919,0
orange_pos_001886_20260510_222304_562.png,80,20,0.674,0
orange_pos_001886_20260510_222304_562.png,100,20,0.674,0
orange_pos_001886_20260510_222304_562.png,120,20,0.674,0
orange_pos_001886_20260510_222304_562.png,140,20,1.525,0
orange_pos_001886_20260510_222304_562.png,0,40,0.920,0
orange_pos_001886_20260510_222304_562.png,20,40,1.196,0
orange_pos_001886_20260510_222304_562.png,40,40,5.832,0
orange_pos_001886_20260510_222304_562.png,60,40,1.333,0
orange_pos_001886_20260510_222304_562.png,80,40,0.674,0
orange_pos_001886_20260510_222304_562.png,100,40,0.674,0
orange_pos_001886_20260510_222304_562.png,120,40,0.674,0
orange_pos_001886_20260510_222304_562.png,140,40,1.377,0
orange_pos_001886_20260510_222304_562.png,0,60,0.926,0
orange_pos_001886_20260510_222304_562.png,20,60,1.396,0
orange_pos_001886_20260510_222304_562.png,40,60,9.196,0
orange_pos_001886_20260510_222304_562.png,60,60,3.532,0
orange_pos_001886_20260510_222304_562.png,80,60,0.674,0
orange_pos_001886_20260510_222304_562.png,100,60,0.674,0
orange_pos_001886_20260510_222304_562.png,120,60,0.674,0
orange_pos_001886_20260510_222304_562.png,140,60,2.333,0
orange_pos_001886_20260510_222304_562.png,0,80,0.940,0
orange_pos_001886_20260510_222304_562.png,20,80,0.737,0
orange_pos_001886_20260510_222304_562.png,40,80,12.295,0
orange_pos_001886_20260510_222304_562.png,60,80,3.225,0
orange_pos_001886_20260510_222304_562.png,80,80,0.674,0
orange_pos_001886_20260510_222304_562.png,100,80,0.674,0
orange_pos_001886_20260510_222304_562.png,120,80,0.698,0
orange_pos_001886_20260510_222304_562.png,140,80,2.731,0
orange_pos_001886_20260510_222304_562.png,0,100,0.983,0
orange_pos_001886_20260510_222304_562.png,20,100,2.399,0
orange_pos_001886_20260510_222304_562.png,40,100,12.876,0
orange_pos_001886_20260510_222304_562.png,60,100,5.424,0
orange_pos_001886_20260510_222304_562.png,80,100,0.674,0
orange_pos_001886_20260510_222304_562.png,100,100,0.794,0
orange_pos_001886_20260510_222304_562.png,120,100,1.530,0
orange_pos_001886_20260510_222304_562.png,140,100,4.762,0
orange_pos_001887_20260510_222305_152.png,0,0,3.767,0
orange_pos_001887_20260510_222305_152.png,20,0,7.071,0
orange_pos_001887_20260510_222305_152.png,40,0,18.705,0
orange_pos_001887_20260510_222305_152.png,60,0,22.548,0
orange_pos_001887_20260510_222305_152.png,80,0,5.361,0
orange_pos_001887_20260510_222305_152.png,100,0,1.290,0
orange_pos_001887_20260510_222305_152.png,120,0,1.707,0
orange_pos_001887_20260510_222305_152.png,140,0,5.329,0
orange_pos_001887_20260510_222305_152.png,0,20,0.934,0
orange_pos_001887_20260510_222305_152.png,20,20,5.155,0
orange_pos_001887_20260510_222305_152.png,40,20,10.739,0
orange_pos_001887_20260510_222305_152.png,60,20,7.155,0
orange_pos_001887_20260510_222305_152.png,80,20,0.674,0
orange_pos_001887_20260510_222305_152.png,100,20,0.674,0
orange_pos_001887_20260510_222305_152.png,120,20,0.674,0
orange_pos_001887_20260510_222305_152.png,140,20,2.971,0
orange_pos_001887_20260510_222305_152.png,0,40,0.966,0
orange_pos_001887_20260510_222305_152.png,20,40,1.418,0
orange_pos_001887_20260510_222305_152.png,40,40,5.343,0
orange_pos_001887_20260510_222305_152.png,60,40,2.831,0
orange_pos_001887_20260510_222305_152.png,80,40,0.674,0
orange_pos_001887_20260510_222305_152.png,100,40,0.674,0
orange_pos_001887_20260510_222305_152.png,120,40,0.674,0
orange_pos_001887_20260510_222305_152.png,140,40,1.363,0
orange_pos_001887_20260510_222305_152.png,0,60,0.972,0
orange_pos_001887_20260510_222305_152.png,20,60,2.570,0
orange_pos_001887_20260510_222305_152.png,40,60,7.931,0
orange_pos_001887_20260510_222305_152.png,60,60,4.725,0
orange_pos_001887_20260510_222305_152.png,80,60,0.674,0
orange_pos_001887_20260510_222305_152.png,100,60,0.674,0
orange_pos_001887_20260510_222305_152.png,120,60,0.674,0
orange_pos_001887_20260510_222305_152.png,140,60,2.380,0
orange_pos_001887_20260510_222305_152.png,0,80,1.026,0
orange_pos_001887_20260510_222305_152.png,20,80,0.729,0
orange_pos_001887_20260510_222305_152.png,40,80,9.130,0
orange_pos_001887_20260510_222305_152.png,60,80,4.945,0
orange_pos_001887_20260510_222305_152.png,80,80,0.674,0
orange_pos_001887_20260510_222305_152.png,100,80,0.674,0
orange_pos_001887_20260510_222305_152.png,120,80,2.112,0
orange_pos_001887_20260510_222305_152.png,140,80,6.098,0
orange_pos_001887_20260510_222305_152.png,0,100,1.094,0
orange_pos_001887_20260510_222305_152.png,20,100,2.520,0
orange_pos_001887_20260510_222305_152.png,40,100,15.147,0
orange_pos_001887_20260510_222305_152.png,60,100,7.175,0
orange_pos_001887_20260510_222305_152.png,80,100,0.859,0
orange_pos_001887_20260510_222305_152.png,100,100,1.117,0
orange_pos_001887_20260510_222305_152.png,120,100,3.834,0
orange_pos_001887_20260510_222305_152.png,140,100,8.701,0
orange_pos_001888_20260510_222306_925.png,0,0,0.674,0
orange_pos_001888_20260510_222306_925.png,20,0,0.736,0
orange_pos_001888_20260510_222306_925.png,40,0,0.921,0
orange_pos_001888_20260510_222306_925.png,60,0,0.854,0
orange_pos_001888_20260510_222306_925.png,80,0,0.674,0
orange_pos_001888_20260510_222306_925.png,100,0,0.674,0
orange_pos_001888_20260510_222306_925.png,120,0,0.674,0
orange_pos_001888_20260510_222306_925.png,140,0,0.674,0
orange_pos_001888_20260510_222306_925.png,0,20,0.674,0
orange_pos_001888_20260510_222306_925.png,20,20,0.674,0
orange_pos_001888_20260510_222306_925.png,40,20,0.674,0
orange_pos_001888_20260510_222306_925.png,60,20,0.674,0
orange_pos_001888_20260510_222306_925.png,80,20,0.674,0
orange_pos_001888_20260510_222306_925.png,100,20,0.674,0
orange_pos_001888_20260510_222306_925.png,120,20,0.674,0
orange_pos_001888_20260510_222306_925.png,140,20,0.674,0
orange_pos_001888_20260510_222306_925.png,0,40,0.674,0
orange_pos_001888_20260510_222306_925.png,20,40,0.674,0
orange_pos_001888_20260510_222306_925.png,40,40,0.674,0
orange_pos_001888_20260510_222306_925.png,60,40,0.674,0
orange_pos_001888_20260510_222306_925.png,80,40,0.674,0
orange_pos_001888_20260510_222306_925.png,100,40,0.674,0
orange_pos_001888_20260510_222306_925.png,120,40,0.674,0
orange_pos_001888_20260510_222306_925.png,140,40,0.674,0
orange_pos_001888_20260510_222306_925.png,0,60,0.674,0
orange_pos_001888_20260510_222306_925.png,20,60,0.674,0
orange_pos_001888_20260510_222306_925.png,40,60,0.674,0
orange_pos_001888_20260510_222306_925.png,60,60,0.674,0
orange_pos_001888_20260510_222306_925.png,80,60,0.674,0
orange_pos_001888_20260510_222306_925.png,100,60,0.674,0
orange_pos_001888_20260510_222306_925.png,120,60,0.674,0
orange_pos_001888_20260510_222306_925.png,140,60,0.674,0
orange_pos_001888_20260510_222306_925.png,0,80,0.674,0
orange_pos_001888_20260510_222306_925.png,20,80,0.674,0
orange_pos_001888_20260510_222306_925.png,40,80,0.674,0
orange_pos_001888_20260510_222306_925.png,60,80,0.674,0
orange_pos_001888_20260510_222306_925.png,80,80,0.674,0
orange_pos_001888_20260510_222306_925.png,100,80,0.674,0
orange_pos_001888_20260510_222306_925.png,120,80,0.674,0
orange_pos_001888_20260510_222306_925.png,140,80,0.674,0
orange_pos_001888_20260510_222306_925.png,0,100,0.674,0
orange_pos_001888_20260510_222306_925.png,20,100,0.674,0
orange_pos_001888_20260510_222306_925.png,40,100,0.674,0
orange_pos_001888_20260510_222306_925.png,60,100,0.674,0
orange_pos_001888_20260510_222306_925.png,80,100,0.674,0
orange_pos_001888_20260510_222306_925.png,100,100,0.674,0
orange_pos_001888_20260510_222306_925.png,120,100,0.674,0
orange_pos_001888_20260510_222306_925.png,140,100,0.674,0
orange_pos_001889_20260510_222307_314.png,0,0,0.764,0
orange_pos_001889_20260510_222307_314.png,20,0,1.222,0
orange_pos_001889_20260510_222307_314.png,40,0,3.297,0
orange_pos_001889_20260510_222307_314.png,60,0,3.184,0
orange_pos_001889_20260510_222307_314.png,80,0,1.195,0
orange_pos_001889_20260510_222307_314.png,100,0,0.674,0
orange_pos_001889_20260510_222307_314.png,120,0,0.674,0
orange_pos_001889_20260510_222307_314.png,140,0,0.704,0
orange_pos_001889_20260510_222307_314.png,0,20,0.687,0
orange_pos_001889_20260510_222307_314.png,20,20,0.765,0
orange_pos_001889_20260510_222307_314.png,40,20,3.246,0
orange_pos_001889_20260510_222307_314.png,60,20,1.432,0
orange_pos_001889_20260510_222307_314.png,80,20,0.674,0
orange_pos_001889_20260510_222307_314.png,100,20,0.674,0
orange_pos_001889_20260510_222307_314.png,120,20,0.674,0
orange_pos_001889_20260510_222307_314.png,140,20,0.842,0
orange_pos_001889_20260510_222307_314.png,0,40,0.674,0
orange_pos_001889_20260510_222307_314.png,20,40,0.674,0
orange_pos_001889_20260510_222307_314.png,40,40,1.034,0
orange_pos_001889_20260510_222307_314.png,60,40,0.674,0
orange_pos_001889_20260510_222307_314.png,80,40,0.674,0
orange_pos_001889_20260510_222307_314.png,100,40,0.674,0
orange_pos_001889_20260510_222307_314.png,120,40,0.674,0
orange_pos_001889_20260510_222307_314.png,140,40,0.674,0
orange_pos_001889_20260510_222307_314.png,0,60,0.752,0
orange_pos_001889_20260510_222307_314.png,20,60,0.674,0
orange_pos_001889_20260510_222307_314.png,40,60,1.521,0
orange_pos_001889_20260510_222307_314.png,60,60,0.890,0
orange_pos_001889_20260510_222307_314.png,80,60,0.674,0
orange_pos_001889_20260510_222307_314.png,100,60,0.674,0
orange_pos_001889_20260510_222307_314.png,120,60,0.674,0
orange_pos_001889_20260510_222307_314.png,140,60,0.674,0
orange_pos_001889_20260510_222307_314.png,0,80,0.714,0
orange_pos_001889_20260510_222307_314.png,20,80,0.674,0
orange_pos_001889_20260510_222307_314.png,40,80,1.762,0
orange_pos_001889_20260510_222307_314.png,60,80,1.131,0
orange_pos_001889_20260510_222307_314.png,80,80,0.674,0
orange_pos_001889_20260510_222307_314.png,100,80,0.674,0
orange_pos_001889_20260510_222307_314.png,120,80,0.674,0
orange_pos_001889_20260510_222307_314.png,140,80,0.676,0
orange_pos_001889_20260510_222307_314.png,0,100,0.722,0
orange_pos_001889_20260510_222307_314.png,20,100,0.678,0
orange_pos_001889_20260510_222307_314.png,40,100,1.081,0
orange_pos_001889_20260510_222307_314.png,60,100,0.775,0
orange_pos_001889_20260510_222307_314.png,80,100,0.674,0
orange_pos_001889_20260510_222307_314.png,100,100,0.674,0
orange_pos_001889_20260510_222307_314.png,120,100,0.674,0
orange_pos_001889_20260510_222307_314.png,140,100,0.757,0
orange_pos_001890_20260510_222309_253.png,0,0,0.725,0
orange_pos_001890_20260510_222309_253.png,20,0,1.041,0
orange_pos_001890_20260510_222309_253.png,40,0,2.185,0
orange_pos_001890_20260510_222309_253.png,60,0,2.309,0
orange_pos_001890_20260510_222309_253.png,80,0,0.697,0
orange_pos_001890_20260510_222309_253.png,100,0,0.674,0
orange_pos_001890_20260510_222309_253.png,120,0,0.674,0
orange_pos_001890_20260510_222309_253.png,140,0,0.674,0
orange_pos_001890_20260510_222309_253.png,0,20,0.699,0
orange_pos_001890_20260510_222309_253.png,20,20,1.177,0
orange_pos_001890_20260510_222309_253.png,40,20,1.302,0
orange_pos_001890_20260510_222309_253.png,60,20,0.964,0
orange_pos_001890_20260510_222309_253.png,80,20,0.674,0
orange_pos_001890_20260510_222309_253.png,100,20,0.674,0
orange_pos_001890_20260510_222309_253.png,120,20,0.674,0
orange_pos_001890_20260510_222309_253.png,140,20,0.679,0
orange_pos_001890_20260510_222309_253.png,0,40,0.715,0
orange_pos_001890_20260510_222309_253.png,20,40,0.674,0
orange_pos_001890_20260510_222309_253.png,40,40,1.648,0
orange_pos_001890_20260510_222309_253.png,60,40,0.739,0
orange_pos_001890_20260510_222309_253.png,80,40,0.674,0
orange_pos_001890_20260510_222309_253.png,100,40,0.674,0
orange_pos_001890_20260510_222309_253.png,120,40,0.674,0
orange_pos_001890_20260510_222309_253.png,140,40,0.674,0
orange_pos_001890_20260510_222309_253.png,0,60,0.755,0
orange_pos_001890_20260510_222309_253.png,20,60,0.674,0
orange_pos_001890_20260510_222309_253.png,40,60,2.641,0
orange_pos_001890_20260510_222309_253.png,60,60,1.522,0
orange_pos_001890_20260510_222309_253.png,80,60,0.674,0
orange_pos_001890_20260510_222309_253.png,100,60,0.674,0
orange_pos_001890_20260510_222309_253.png,120,60,0.674,0
orange_pos_001890_20260510_222309_253.png,140,60,0.718,0
orange_pos_001890_20260510_222309_253.png,0,80,0.696,0
orange_pos_001890_20260510_222309_253.png,20,80,0.702,0
orange_pos_001890_20260510_222309_253.png,40,80,1.461,0
orange_pos_001890_20260510_222309_253.png,60,80,0.806,0
orange_pos_001890_20260510_222309_253.png,80,80,0.674,0
orange_pos_001890_20260510_222309_253.png,100,80,0.674,0
orange_pos_001890_20260510_222309_253.png,120,80,0.674,0
orange_pos_001890_20260510_222309_253.png,140,80,0.811,0
orange_pos_001890_20260510_222309_253.png,0,100,0.679,0
orange_pos_001890_20260510_222309_253.png,20,100,0.939,0
orange_pos_001890_20260510_222309_253.png,40,100,3.027,0
orange_pos_001890_20260510_222309_253.png,60,100,1.217,0
orange_pos_001890_20260510_222309_253.png,80,100,0.674,0
orange_pos_001890_20260510_222309_253.png,100,100,0.674,0
orange_pos_001890_20260510_222309_253.png,120,100,0.698,0
orange_pos_001890_20260510_222309_253.png,140,100,0.734,0
orange_pos_001891_20260510_222309_626.png,0,0,1.134,0
orange_pos_001891_20260510_222309_626.png,20,0,5.237,0
orange_pos_001891_20260510_222309_626.png,40,0,11.851,0
orange_pos_001891_20260510_222309_626.png,60,0,16.222,0
orange_pos_001891_20260510_222309_626.png,80,0,2.724,0
orange_pos_001891_20260510_222309_626.png,100,0,0.674,0
orange_pos_001891_20260510_222309_626.png,120,0,0.728,0
orange_pos_001891_20260510_222309_626.png,140,0,3.397,0
orange_pos_001891_20260510_222309_626.png,0,20,1.021,0
orange_pos_001891_20260510_222309_626.png,20,20,9.107,0
orange_pos_001891_20260510_222309_626.png,40,20,12.410,0
orange_pos_001891_20260510_222309_626.png,60,20,8.205,0
orange_pos_001891_20260510_222309_626.png,80,20,0.674,0
orange_pos_001891_20260510_222309_626.png,100,20,0.674,0
orange_pos_001891_20260510_222309_626.png,120,20,0.674,0
orange_pos_001891_20260510_222309_626.png,140,20,2.006,0
orange_pos_001891_20260510_222309_626.png,0,40,0.814,0
orange_pos_001891_20260510_222309_626.png,20,40,2.515,0
orange_pos_001891_20260510_222309_626.png,40,40,4.600,0
orange_pos_001891_20260510_222309_626.png,60,40,1.090,0
orange_pos_001891_20260510_222309_626.png,80,40,0.674,0
orange_pos_001891_20260510_222309_626.png,100,40,0.674,0
orange_pos_001891_20260510_222309_626.png,120,40,0.674,0
orange_pos_001891_20260510_222309_626.png,140,40,1.219,0
orange_pos_001891_20260510_222309_626.png,0,60,1.041,0
orange_pos_001891_20260510_222309_626.png,20,60,2.292,0
orange_pos_001891_20260510_222309_626.png,40,60,7.920,0
orange_pos_001891_20260510_222309_626.png,60,60,2.747,0
orange_pos_001891_20260510_222309_626.png,80,60,0.674,0
orange_pos_001891_20260510_222309_626.png,100,60,0.674,0
orange_pos_001891_20260510_222309_626.png,120,60,0.674,0
orange_pos_001891_20260510_222309_626.png,140,60,1.848,0
orange_pos_001891_20260510_222309_626.png,0,80,1.476,0
orange_pos_001891_20260510_222309_626.png,20,80,2.688,0
orange_pos_001891_20260510_222309_626.png,40,80,15.753,0
orange_pos_001891_20260510_222309_626.png,60,80,5.743,0
orange_pos_001891_20260510_222309_626.png,80,80,0.674,0
orange_pos_001891_20260510_222309_626.png,100,80,0.674,0
orange_pos_001891_20260510_222309_626.png,120,80,1.542,0
orange_pos_001891_20260510_222309_626.png,140,80,6.500,0
orange_pos_001891_20260510_222309_626.png,0,100,1.004,0
orange_pos_001891_20260510_222309_626.png,20,100,2.744,0
orange_pos_001891_20260510_222309_626.png,40,100,13.219,0
orange_pos_001891_20260510_222309_626.png,60,100,6.608,0
orange_pos_001891_20260510_222309_626.png,80,100,0.763,0
orange_pos_001891_20260510_222309_626.png,100,100,1.343,0
orange_pos_001891_20260510_222309_626.png,120,100,3.474,0
orange_pos_001891_20260510_222309_626.png,140,100,5.737,0
orange_pos_001967_20260510_222452_238.png,0,0,5.721,0
orange_pos_001967_20260510_222452_238.png,20,0,5.832,0
orange_pos_001967_20260510_222452_238.png,40,0,18.121,0
orange_pos_001967_20260510_222452_238.png,60,0,25.253,0
orange_pos_001967_20260510_222452_238.png,80,0,6.763,0
orange_pos_001967_20260510_222452_238.png,100,0,1.961,0
orange_pos_001967_20260510_222452_238.png,120,0,2.611,0
orange_pos_001967_20260510_222452_238.png,140,0,7.198,0
orange_pos_001967_20260510_222452_238.png,0,20,0.891,0
orange_pos_001967_20260510_222452_238.png,20,20,2.674,0
orange_pos_001967_20260510_222452_238.png,40,20,9.717,0
orange_pos_001967_20260510_222452_238.png,60,20,5.586,0
orange_pos_001967_20260510_222452_238.png,80,20,0.701,0
orange_pos_001967_20260510_222452_238.png,100,20,0.674,0
orange_pos_001967_20260510_222452_238.png,120,20,0.674,0
orange_pos_001967_20260510_222452_238.png,140,20,2.181,0
orange_pos_001967_20260510_222452_238.png,0,40,1.134,0
orange_pos_001967_20260510_222452_238.png,20,40,1.126,0
orange_pos_001967_20260510_222452_238.png,40,40,9.971,0
orange_pos_001967_20260510_222452_238.png,60,40,2.676,0
orange_pos_001967_20260510_222452_238.png,80,40,0.674,0
orange_pos_001967_20260510_222452_238.png,100,40,0.674,0
orange_pos_001967_20260510_222452_238.png,120,40,0.674,0
orange_pos_001967_20260510_222452_238.png,140,40,1.611,0
orange_pos_001967_20260510_222452_238.png,0,60,0.936,0
orange_pos_001967_20260510_222452_238.png,20,60,0.750,0
orange_pos_001967_20260510_222452_238.png,40,60,9.328,0
orange_pos_001967_20260510_222452_238.png,60,60,2.718,0
orange_pos_001967_20260510_222452_238.png,80,60,0.674,0
orange_pos_001967_20260510_222452_238.png,100,60,0.674,0
orange_pos_001967_20260510_222452_238.png,120,60,0.674,0
orange_pos_001967_20260510_222452_238.png,140,60,1.625,0
orange_pos_001967_20260510_222452_238.png,0,80,1.471,0
orange_pos_001967_20260510_222452_238.png,20,80,1.082,0
orange_pos_001967_20260510_222452_238.png,40,80,11.895,0
orange_pos_001967_20260510_222452_238.png,60,80,3.744,0
orange_pos_001967_20260510_222452_238.png,80,80,0.674,0
orange_pos_001967_20260510_222452_238.png,100,80,0.674,0
orange_pos_001967_20260510_222452_238.png,120,80,1.397,0
orange_pos_001967_20260510_222452_238.png,140,80,4.209,0
orange_pos_001967_20260510_222452_238.png,0,100,0.978,0
orange_pos_001967_20260510_222452_238.png,20,100,3.146,0
orange_pos_001967_20260510_222452_238.png,40,100,17.026,0
orange_pos_001967_20260510_222452_238.png,60,100,7.967,0
orange_pos_001967_20260510_222452_238.png,80,100,1.150,0
orange_pos_001967_20260510_222452_238.png,100,100,1.678,0
orange_pos_001967_20260510_222452_238.png,120,100,2.945,0
orange_pos_001967_20260510_222452_238.png,140,100,6.817,0
orange_pos_001968_20260510_222453_758.png,0,0,0.674,0
orange_pos_001968_20260510_222453_758.png,20,0,0.674,0
orange_pos_001968_20260510_222453_758.png,40,0,0.675,0
orange_pos_001968_20260510_222453_758.png,60,0,0.674,0
orange_pos_001968_20260510_222453_758.png,80,0,0.674,0
orange_pos_001968_20260510_222453_758.png,100,0,0.674,0
orange_pos_001968_20260510_222453_758.png,120,0,0.674,0
orange_pos_001968_20260510_222453_758.png,140,0,0.674,0
orange_pos_001968_20260510_222453_758.png,0,20,0.674,0
orange_pos_001968_20260510_222453_758.png,20,20,0.674,0
orange_pos_001968_20260510_222453_758.png,40,20,0.674,0
orange_pos_001968_20260510_222453_758.png,60,20,0.674,0
orange_pos_001968_20260510_222453_758.png,80,20,0.674,0
orange_pos_001968_20260510_222453_758.png,100,20,0.674,0
orange_pos_001968_20260510_222453_758.png,120,20,0.674,0
orange_pos_001968_20260510_222453_758.png,140,20,0.674,0
orange_pos_001968_20260510_222453_758.png,0,40,0.674,0
orange_pos_001968_20260510_222453_758.png,20,40,0.674,0
orange_pos_001968_20260510_222453_758.png,40,40,0.674,0
orange_pos_001968_20260510_222453_758.png,60,40,0.674,0
orange_pos_001968_20260510_222453_758.png,80,40,0.674,0
orange_pos_001968_20260510_222453_758.png,100,40,0.674,0
orange_pos_001968_20260510_222453_758.png,120,40,0.674,0
orange_pos_001968_20260510_222453_758.png,140,40,0.674,0
orange_pos_001968_20260510_222453_758.png,0,60,0.674,0
orange_pos_001968_20260510_222453_758.png,20,60,0.674,0
orange_pos_001968_20260510_222453_758.png,40,60,0.674,0
orange_pos_001968_20260510_222453_758.png,60,60,0.674,0
orange_pos_001968_20260510_222453_758.png,80,60,0.674,0
orange_pos_001968_20260510_222453_758.png,100,60,0.674,0
orange_pos_001968_20260510_222453_758.png,120,60,0.674,0
orange_pos_001968_20260510_222453_758.png,140,60,0.674,0
orange_pos_001968_20260510_222453_758.png,0,80,0.674,0
orange_pos_001968_20260510_222453_758.png,20,80,0.674,0
orange_pos_001968_20260510_222453_758.png,40,80,0.674,0
orange_pos_001968_20260510_222453_758.png,60,80,0.674,0
orange_pos_001968_20260510_222453_758.png,80,80,0.674,0
orange_pos_001968_20260510_222453_758.png,100,80,0.674,0
orange_pos_001968_20260510_222453_758.png,120,80,0.674,0
orange_pos_001968_20260510_222453_758.png,140,80,0.674,0
orange_pos_001968_20260510_222453_758.png,0,100,0.674,0
orange_pos_001968_20260510_222453_758.png,20,100,0.674,0
orange_pos_001968_20260510_222453_758.png,40,100,0.674,0
orange_pos_001968_20260510_222453_758.png,60,100,0.674,0
orange_pos_001968_20260510_222453_758.png,80,100,0.674,0
orange_pos_001968_20260510_222453_758.png,100,100,0.674,0
orange_pos_001968_20260510_222453_758.png,120,100,0.674,0
orange_pos_001968_20260510_222453_758.png,140,100,0.674,0
orange_pos_001970_20260510_222454_067.png,0,0,0.721,0
orange_pos_001970_20260510_222454_067.png,20,0,1.445,0
orange_pos_001970_20260510_222454_067.png,40,0,3.903,0
orange_pos_001970_20260510_222454_067.png,60,0,4.810,0
orange_pos_001970_20260510_222454_067.png,80,0,1.353,0
orange_pos_001970_20260510_222454_067.png,100,0,0.674,0
orange_pos_001970_20260510_222454_067.png,120,0,0.674,0
orange_pos_001970_20260510_222454_067.png,140,0,1.119,0
orange_pos_001970_20260510_222454_067.png,0,20,0.683,0
orange_pos_001970_20260510_222454_067.png,20,20,1.419,0
orange_pos_001970_20260510_222454_067.png,40,20,4.608,0
orange_pos_001970_20260510_222454_067.png,60,20,2.309,0
orange_pos_001970_20260510_222454_067.png,80,20,0.674,0
orange_pos_001970_20260510_222454_067.png,100,20,0.674,0
orange_pos_001970_20260510_222454_067.png,120,20,0.674,0
orange_pos_001970_20260510_222454_067.png,140,20,0.692,0
orange_pos_001970_20260510_222454_067.png,0,40,0.686,0
orange_pos_001970_20260510_222454_067.png,20,40,0.674,0
orange_pos_001970_20260510_222454_067.png,40,40,1.617,0
orange_pos_001970_20260510_222454_067.png,60,40,0.720,0
orange_pos_001970_20260510_222454_067.png,80,40,0.674,0
orange_pos_001970_20260510_222454_067.png,100,40,0.674,0
orange_pos_001970_20260510_222454_067.png,120,40,0.674,0
orange_pos_001970_20260510_222454_067.png,140,40,0.674,0
orange_pos_001970_20260510_222454_067.png,0,60,0.674,0
orange_pos_001970_20260510_222454_067.png,20,60,0.674,0
orange_pos_001970_20260510_222454_067.png,40,60,0.795,0
orange_pos_001970_20260510_222454_067.png,60,60,0.674,0
orange_pos_001970_20260510_222454_067.png,80,60,0.674,0
orange_pos_001970_20260510_222454_067.png,100,60,0.674,0
orange_pos_001970_20260510_222454_067.png,120,60,0.674,0
orange_pos_001970_20260510_222454_067.png,140,60,0.674,0
orange_pos_001970_20260510_222454_067.png,0,80,0.962,0
orange_pos_001970_20260510_222454_067.png,20,80,1.008,0
orange_pos_001970_20260510_222454_067.png,40,80,6.769,0
orange_pos_001970_20260510_222454_067.png,60,80,2.464,0
orange_pos_001970_20260510_222454_067.png,80,80,0.674,0
orange_pos_001970_20260510_222454_067.png,100,80,0.674,0
orange_pos_001970_20260510_222454_067.png,120,80,1.616,0
orange_pos_001970_20260510_222454_067.png,140,80,3.644,0
orange_pos_001970_20260510_222454_067.png,0,100,0.674,0
orange_pos_001970_20260510_222454_067.png,20,100,0.674,0
orange_pos_001970_20260510_222454_067.png,40,100,0.674,0
orange_pos_001970_20260510_222454_067.png,60,100,0.674,0
orange_pos_001970_20260510_222454_067.png,80,100,0.674,0
orange_pos_001970_20260510_222454_067.png,100,100,0.674,0
orange_pos_001970_20260510_222454_067.png,120,100,0.674,0
orange_pos_001970_20260510_222454_067.png,140,100,0.674,0
orange_pos_001971_20260510_222455_961.png,0,0,0.674,0
orange_pos_001971_20260510_222455_961.png,20,0,0.674,0
orange_pos_001971_20260510_222455_961.png,40,0,0.674,0
orange_pos_001971_20260510_222455_961.png,60,0,0.674,0
orange_pos_001971_20260510_222455_961.png,80,0,0.674,0
orange_pos_001971_20260510_222455_961.png,100,0,0.674,0
orange_pos_001971_20260510_222455_961.png,120,0,0.674,0
orange_pos_001971_20260510_222455_961.png,140,0,0.674,0
orange_pos_001971_20260510_222455_961.png,0,20,0.674,0
orange_pos_001971_20260510_222455_961.png,20,20,0.674,0
orange_pos_001971_20260510_222455_961.png,40,20,0.674,0
orange_pos_001971_20260510_222455_961.png,60,20,0.674,0
orange_pos_001971_20260510_222455_961.png,80,20,0.674,0
orange_pos_001971_20260510_222455_961.png,100,20,0.674,0
orange_pos_001971_20260510_222455_961.png,120,20,0.674,0
orange_pos_001971_20260510_222455_961.png,140,20,0.674,0
orange_pos_001971_20260510_222455_961.png,0,40,0.674,0
orange_pos_001971_20260510_222455_961.png,20,40,0.674,0
orange_pos_001971_20260510_222455_961.png,40,40,0.674,0
orange_pos_001971_20260510_222455_961.png,60,40,0.674,0
orange_pos_001971_20260510_222455_961.png,80,40,0.674,0
orange_pos_001971_20260510_222455_961.png,100,40,0.674,0
orange_pos_001971_20260510_222455_961.png,120,40,0.674,0
orange_pos_001971_20260510_222455_961.png,140,40,0.674,0
orange_pos_001971_20260510_222455_961.png,0,60,0.674,0
orange_pos_001971_20260510_222455_961.png,20,60,0.674,0
orange_pos_001971_20260510_222455_961.png,40,60,0.674,0
orange_pos_001971_20260510_222455_961.png,60,60,0.674,0
orange_pos_001971_20260510_222455_961.png,80,60,0.674,0
orange_pos_001971_20260510_222455_961.png,100,60,0.674,0
orange_pos_001971_20260510_222455_961.png,120,60,0.674,0
orange_pos_001971_20260510_222455_961.png,140,60,0.674,0
orange_pos_001971_20260510_222455_961.png,0,80,0.674,0
orange_pos_001971_20260510_222455_961.png,20,80,0.674,0
orange_pos_001971_20260510_222455_961.png,40,80,0.674,0
orange_pos_001971_20260510_222455_961.png,60,80,0.674,0
orange_pos_001971_20260510_222455_961.png,80,80,0.674,0
orange_pos_001971_20260510_222455_961.png,100,80,0.674,0
orange_pos_001971_20260510_222455_961.png,120,80,0.674,0
orange_pos_001971_20260510_222455_961.png,140,80,0.674,0
orange_pos_001971_20260510_222455_961.png,0,100,0.674,0
orange_pos_001971_20260510_222455_961.png,20,100,0.674,0
orange_pos_001971_20260510_222455_961.png,40,100,0.674,0
orange_pos_001971_20260510_222455_961.png,60,100,0.674,0
orange_pos_001971_20260510_222455_961.png,80,100,0.674,0
orange_pos_001971_20260510_222455_961.png,100,100,0.674,0
orange_pos_001971_20260510_222455_961.png,120,100,0.674,0
orange_pos_001971_20260510_222455_961.png,140,100,0.674,0
orange_pos_001972_20260510_222458_375.png,0,0,1.569,0
orange_pos_001972_20260510_222458_375.png,20,0,1.887,0
orange_pos_001972_20260510_222458_375.png,40,0,7.499,0
orange_pos_001972_20260510_222458_375.png,60,0,9.687,0
orange_pos_001972_20260510_222458_375.png,80,0,2.795,0
orange_pos_001972_20260510_222458_375.png,100,0,0.935,0
orange_pos_001972_20260510_222458_375.png,120,0,0.828,0
orange_pos_001972_20260510_222458_375.png,140,0,2.741,0
orange_pos_001972_20260510_222458_375.png,0,20,0.878,0
orange_pos_001972_20260510_222458_375.png,20,20,2.407,0
orange_pos_001972_20260510_222458_375.png,40,20,7.330,0
orange_pos_001972_20260510_222458_375.png,60,20,4.200,0
orange_pos_001972_20260510_222458_375.png,80,20,0.674,0
orange_pos_001972_20260510_222458_375.png,100,20,0.674,0
orange_pos_001972_20260510_222458_375.png,120,20,0.674,0
orange_pos_001972_20260510_222458_375.png,140,20,1.074,0
orange_pos_001972_20260510_222458_375.png,0,40,0.985,0
orange_pos_001972_20260510_222458_375.png,20,40,1.243,0
orange_pos_001972_20260510_222458_375.png,40,40,5.130,0
orange_pos_001972_20260510_222458_375.png,60,40,1.197,0
orange_pos_001972_20260510_222458_375.png,80,40,0.674,0
orange_pos_001972_20260510_222458_375.png,100,40,0.674,0
orange_pos_001972_20260510_222458_375.png,120,40,0.674,0
orange_pos_001972_20260510_222458_375.png,140,40,1.070,0
orange_pos_001972_20260510_222458_375.png,0,60,0.845,0
orange_pos_001972_20260510_222458_375.png,20,60,0.898,0
orange_pos_001972_20260510_222458_375.png,40,60,7.185,0
orange_pos_001972_20260510_222458_375.png,60,60,2.064,0
orange_pos_001972_20260510_222458_375.png,80,60,0.674,0
orange_pos_001972_20260510_222458_375.png,100,60,0.674,0
orange_pos_001972_20260510_222458_375.png,120,60,0.674,0
orange_pos_001972_20260510_222458_375.png,140,60,1.239,0
orange_pos_001972_20260510_222458_375.png,0,80,0.844,0
orange_pos_001972_20260510_222458_375.png,20,80,0.674,0
orange_pos_001972_20260510_222458_375.png,40,80,3.137,0
orange_pos_001972_20260510_222458_375.png,60,80,1.649,0
orange_pos_001972_20260510_222458_375.png,80,80,0.674,0
orange_pos_001972_20260510_222458_375.png,100,80,0.674,0
orange_pos_001972_20260510_222458_375.png,120,80,0.674,0
orange_pos_001972_20260510_222458_375.png,140,80,1.203,0
orange_pos_001972_20260510_222458_375.png,0,100,1.025,0
orange_pos_001972_20260510_222458_375.png,20,100,2.160,0
orange_pos_001972_20260510_222458_375.png,40,100,14.657,0
orange_pos_001972_20260510_222458_375.png,60,100,7.080,0
orange_pos_001972_20260510_222458_375.png,80,100,0.675,0
orange_pos_001972_20260510_222458_375.png,100,100,0.725,0
orange_pos_001972_20260510_222458_375.png,120,100,1.332,0
orange_pos_001972_20260510_222458_375.png,140,100,6.323,0
orange_pos_001973_20260510_222458_729.png,0,0,1.701,0
orange_pos_001973_20260510_222458_729.png,20,0,3.148,0
orange_pos_001973_20260510_222458_729.png,40,0,10.247,0
orange_pos_001973_20260510_222458_729.png,60,0,11.662,0
orange_pos_001973_20260510_222458_729.png,80,0,1.927,0
orange_pos_001973_20260510_222458_729.png,100,0,0.692,0
orange_pos_001973_20260510_222458_729.png,120,0,0.728,0
orange_pos_001973_20260510_222458_729.png,140,0,1.170,0
orange_pos_001973_20260510_222458_729.png,0,20,0.840,0
orange_pos_001973_20260510_222458_729.png,20,20,0.715,0
orange_pos_001973_20260510_222458_729.png,40,20,5.958,0
orange_pos_001973_20260510_222458_729.png,60,20,2.637,0
orange_pos_001973_20260510_222458_729.png,80,20,0.674,0
orange_pos_001973_20260510_222458_729.png,100,20,0.674,0
orange_pos_001973_20260510_222458_729.png,120,20,0.674,0
orange_pos_001973_20260510_222458_729.png,140,20,0.793,0
orange_pos_001973_20260510_222458_729.png,0,40,0.816,0
orange_pos_001973_20260510_222458_729.png,20,40,0.703,0
orange_pos_001973_20260510_222458_729.png,40,40,2.665,0
orange_pos_001973_20260510_222458_729.png,60,40,0.998,0
orange_pos_001973_20260510_222458_729.png,80,40,0.674,0
orange_pos_001973_20260510_222458_729.png,100,40,0.674,0
orange_pos_001973_20260510_222458_729.png,120,40,0.674,0
orange_pos_001973_20260510_222458_729.png,140,40,0.920,0
orange_pos_001973_20260510_222458_729.png,0,60,0.822,0
orange_pos_001973_20260510_222458_729.png,20,60,0.793,0
orange_pos_001973_20260510_222458_729.png,40,60,6.569,0
orange_pos_001973_20260510_222458_729.png,60,60,2.338,0
orange_pos_001973_20260510_222458_729.png,80,60,0.674,0
orange_pos_001973_20260510_222458_729.png,100,60,0.674,0
orange_pos_001973_20260510_222458_729.png,120,60,0.674,0
orange_pos_001973_20260510_222458_729.png,140,60,1.389,0
orange_pos_001973_20260510_222458_729.png,0,80,0.862,0
orange_pos_001973_20260510_222458_729.png,20,80,0.739,0
orange_pos_001973_20260510_222458_729.png,40,80,6.782,0
orange_pos_001973_20260510_222458_729.png,60,80,1.780,0
orange_pos_001973_20260510_222458_729.png,80,80,0.674,0
orange_pos_001973_20260510_222458_729.png,100,80,0.674,0
orange_pos_001973_20260510_222458_729.png,120,80,0.674,0
orange_pos_001973_20260510_222458_729.png,140,80,1.174,0
orange_pos_001973_20260510_222458_729.png,0,100,0.974,0
orange_pos_001973_20260510_222458_729.png,20,100,0.690,0
orange_pos_001973_20260510_222458_729.png,40,100,4.688,0
orange_pos_001973_20260510_222458_729.png,60,100,2.358,0
orange_pos_001973_20260510_222458_729.png,80,100,0.674,0
orange_pos_001973_20260510_222458_729.png,100,100,0.674,0
orange_pos_001973_20260510_222458_729.png,120,100,0.714,0
orange_pos_001973_20260510_222458_729.png,140,100,2.040,0
orange_pos_001974_20260510_222500_420.png,0,0,0.818,0
orange_pos_001974_20260510_222500_420.png,20,0,0.674,0
orange_pos_001974_20260510_222500_420.png,40,0,0.775,0
orange_pos_001974_20260510_222500_420.png,60,0,0.687,0
orange_pos_001974_20260510_222500_420.png,80,0,0.674,0
orange_pos_001974_20260510_222500_420.png,100,0,0.674,0
orange_pos_001974_20260510_222500_420.png,120,0,0.674,0
orange_pos_001974_20260510_222500_420.png,140,0,0.674,0
orange_pos_001974_20260510_222500_420.png,0,20,0.674,0
orange_pos_001974_20260510_222500_420.png,20,20,0.674,0
orange_pos_001974_20260510_222500_420.png,40,20,0.674,0
orange_pos_001974_20260510_222500_420.png,60,20,0.674,0
orange_pos_001974_20260510_222500_420.png,80,20,0.674,0
orange_pos_001974_20260510_222500_420.png,100,20,0.674,0
orange_pos_001974_20260510_222500_420.png,120,20,0.674,0
orange_pos_001974_20260510_222500_420.png,140,20,0.674,0
orange_pos_001974_20260510_222500_420.png,0,40,0.674,0
orange_pos_001974_20260510_222500_420.png,20,40,0.674,0
orange_pos_001974_20260510_222500_420.png,40,40,0.674,0
orange_pos_001974_20260510_222500_420.png,60,40,0.674,0
orange_pos_001974_20260510_222500_420.png,80,40,0.674,0
orange_pos_001974_20260510_222500_420.png,100,40,0.674,0
orange_pos_001974_20260510_222500_420.png,120,40,0.674,0
orange_pos_001974_20260510_222500_420.png,140,40,0.674,0
orange_pos_001974_20260510_222500_420.png,0,60,0.674,0
orange_pos_001974_20260510_222500_420.png,20,60,0.674,0
orange_pos_001974_20260510_222500_420.png,40,60,0.674,0
orange_pos_001974_20260510_222500_420.png,60,60,0.674,0
orange_pos_001974_20260510_222500_420.png,80,60,0.674,0
orange_pos_001974_20260510_222500_420.png,100,60,0.674,0
orange_pos_001974_20260510_222500_420.png,120,60,0.674,0
orange_pos_001974_20260510_222500_420.png,140,60,0.674,0
orange_pos_001974_20260510_222500_420.png,0,80,0.674,0
orange_pos_001974_20260510_222500_420.png,20,80,0.674,0
orange_pos_001974_20260510_222500_420.png,40,80,0.674,0
orange_pos_001974_20260510_222500_420.png,60,80,0.674,0
orange_pos_001974_20260510_222500_420.png,80,80,0.674,0
orange_pos_001974_20260510_222500_420.png,100,80,0.674,0
orange_pos_001974_20260510_222500_420.png,120,80,0.674,0
orange_pos_001974_20260510_222500_420.png,140,80,0.674,0
orange_pos_001974_20260510_222500_420.png,0,100,0.684,0
orange_pos_001974_20260510_222500_420.png,20,100,0.674,0
orange_pos_001974_20260510_222500_420.png,40,100,0.674,0
orange_pos_001974_20260510_222500_420.png,60,100,0.674,0
orange_pos_001974_20260510_222500_420.png,80,100,0.674,0
orange_pos_001974_20260510_222500_420.png,100,100,0.674,0
orange_pos_001974_20260510_222500_420.png,120,100,0.674,0
orange_pos_001974_20260510_222500_420.png,140,100,0.674,0
orange_pos_001975_20260510_222502_574.png,0,0,1.595,0
orange_pos_001975_20260510_222502_574.png,20,0,2.730,0
orange_pos_001975_20260510_222502_574.png,40,0,18.356,0
orange_pos_001975_20260510_222502_574.png,60,0,22.480,0
orange_pos_001975_20260510_222502_574.png,80,0,3.423,0
orange_pos_001975_20260510_222502_574.png,100,0,1.042,0
orange_pos_001975_20260510_222502_574.png,120,0,0.744,0
orange_pos_001975_20260510_222502_574.png,140,0,3.999,0
orange_pos_001975_20260510_222502_574.png,0,20,1.274,0
orange_pos_001975_20260510_222502_574.png,20,20,8.876,0
orange_pos_001975_20260510_222502_574.png,40,20,16.461,0
orange_pos_001975_20260510_222502_574.png,60,20,9.967,0
orange_pos_001975_20260510_222502_574.png,80,20,0.743,0
orange_pos_001975_20260510_222502_574.png,100,20,0.674,0
orange_pos_001975_20260510_222502_574.png,120,20,0.674,0
orange_pos_001975_20260510_222502_574.png,140,20,4.936,0
orange_pos_001975_20260510_222502_574.png,0,40,1.041,0
orange_pos_001975_20260510_222502_574.png,20,40,5.871,0
orange_pos_001975_20260510_222502_574.png,40,40,13.832,0
orange_pos_001975_20260510_222502_574.png,60,40,6.377,0
orange_pos_001975_20260510_222502_574.png,80,40,0.674,0
orange_pos_001975_20260510_222502_574.png,100,40,0.674,0
orange_pos_001975_20260510_222502_574.png,120,40,0.674,0
orange_pos_001975_20260510_222502_574.png,140,40,3.805,0
orange_pos_001975_20260510_222502_574.png,0,60,1.248,0
orange_pos_001975_20260510_222502_574.png,20,60,3.610,0
orange_pos_001975_20260510_222502_574.png,40,60,11.410,0
orange_pos_001975_20260510_222502_574.png,60,60,4.173,0
orange_pos_001975_20260510_222502_574.png,80,60,0.674,0
orange_pos_001975_20260510_222502_574.png,100,60,0.674,0
orange_pos_001975_20260510_222502_574.png,120,60,0.674,0
orange_pos_001975_20260510_222502_574.png,140,60,4.014,0
orange_pos_001975_20260510_222502_574.png,0,80,1.874,0
orange_pos_001975_20260510_222502_574.png,20,80,2.032,0
orange_pos_001975_20260510_222502_574.png,40,80,13.523,0
orange_pos_001975_20260510_222502_574.png,60,80,7.302,0
orange_pos_001975_20260510_222502_574.png,80,80,0.674,0
orange_pos_001975_20260510_222502_574.png,100,80,0.674,0
orange_pos_001975_20260510_222502_574.png,120,80,1.680,0
orange_pos_001975_20260510_222502_574.png,140,80,5.917,0
orange_pos_001975_20260510_222502_574.png,0,100,1.329,0
orange_pos_001975_20260510_222502_574.png,20,100,3.245,0
orange_pos_001975_20260510_222502_574.png,40,100,25.962,0
orange_pos_001975_20260510_222502_574.png,60,100,12.656,0
orange_pos_001975_20260510_222502_574.png,80,100,0.674,0
orange_pos_001975_20260510_222502_574.png,100,100,2.168,0
orange_pos_001975_20260510_222502_574.png,120,100,4.559,0
orange_pos_001975_20260510_222502_574.png,140,100,16.007,0
orange_pos_001976_20260510_222503_096.png,0,0,0.783,0
orange_pos_001976_20260510_222503_096.png,20,0,3.547,0
orange_pos_001976_20260510_222503_096.png,40,0,5.348,0
orange_pos_001976_20260510_222503_096.png,60,0,4.143,0
orange_pos_001976_20260510_222503_096.png,80,0,0.729,0
orange_pos_001976_20260510_222503_096.png,100,0,0.674,0
orange_pos_001976_20260510_222503_096.png,120,0,0.674,0
orange_pos_001976_20260510_222503_096.png,140,0,0.903,0
orange_pos_001976_20260510_222503_096.png,0,20,0.674,0
orange_pos_001976_20260510_222503_096.png,20,20,0.674,0
orange_pos_001976_20260510_222503_096.png,40,20,0.870,0
orange_pos_001976_20260510_222503_096.png,60,20,0.677,0
orange_pos_001976_20260510_222503_096.png,80,20,0.674,0
orange_pos_001976_20260510_222503_096.png,100,20,0.674,0
orange_pos_001976_20260510_222503_096.png,120,20,0.674,0
orange_pos_001976_20260510_222503_096.png,140,20,0.674,0
orange_pos_001976_20260510_222503_096.png,0,40,0.675,0
orange_pos_001976_20260510_222503_096.png,20,40,0.674,0
orange_pos_001976_20260510_222503_096.png,40,40,1.187,0
orange_pos_001976_20260510_222503_096.png,60,40,0.674,0
orange_pos_001976_20260510_222503_096.png,80,40,0.674,0
orange_pos_001976_20260510_222503_096.png,100,40,0.674,0
orange_pos_001976_20260510_222503_096.png,120,40,0.674,0
orange_pos_001976_20260510_222503_096.png,140,40,0.674,0
orange_pos_001976_20260510_222503_096.png,0,60,0.730,0
orange_pos_001976_20260510_222503_096.png,20,60,1.230,0
orange_pos_001976_20260510_222503_096.png,40,60,1.931,0
orange_pos_001976_20260510_222503_096.png,60,60,0.850,0
orange_pos_001976_20260510_222503_096.png,80,60,0.674,0
orange_pos_001976_20260510_222503_096.png,100,60,0.674,0
orange_pos_001976_20260510_222503_096.png,120,60,0.674,0
orange_pos_001976_20260510_222503_096.png,140,60,0.676,0
orange_pos_001976_20260510_222503_096.png,0,80,0.722,0
orange_pos_001976_20260510_222503_096.png,20,80,1.353,0
orange_pos_001976_20260510_222503_096.png,40,80,1.434,0
orange_pos_001976_20260510_222503_096.png,60,80,0.951,0
orange_pos_001976_20260510_222503_096.png,80,80,0.674,0
orange_pos_001976_20260510_222503_096.png,100,80,0.674,0
orange_pos_001976_20260510_222503_096.png,120,80,0.674,0
orange_pos_001976_20260510_222503_096.png,140,80,0.678,0
orange_pos_001976_20260510_222503_096.png,0,100,0.853,0
orange_pos_001976_20260510_222503_096.png,20,100,1.101,0
orange_pos_001976_20260510_222503_096.png,40,100,5.389,0
orange_pos_001976_20260510_222503_096.png,60,100,2.807,0
orange_pos_001976_20260510_222503_096.png,80,100,0.674,0
orange_pos_001976_20260510_222503_096.png,100,100,0.700,0
orange_pos_001976_20260510_222503_096.png,120,100,0.862,0
orange_pos_001976_20260510_222503_096.png,140,100,1.991,0
orange_pos_001977_20260510_222505_306.png,0,0,1.024,0
orange_pos_001977_20260510_222505_306.png,20,0,1.286,0
orange_pos_001977_20260510_222505_306.png,40,0,10.785,0
orange_pos_001977_20260510_222505_306.png,60,0,10.595,0
orange_pos_001977_20260510_222505_306.png,80,0,1.434,0
orange_pos_001977_20260510_222505_306.png,100,0,0.674,0
orange_pos_001977_20260510_222505_306.png,120,0,0.674,0
orange_pos_001977_20260510_222505_306.png,140,0,1.387,0
orange_pos_001977_20260510_222505_306.png,0,20,0.770,0
orange_pos_001977_20260510_222505_306.png,20,20,1.254,0
orange_pos_001977_20260510_222505_306.png,40,20,4.712,0
orange_pos_001977_20260510_222505_306.png,60,20,1.892,0
orange_pos_001977_20260510_222505_306.png,80,20,0.674,0
orange_pos_001977_20260510_222505_306.png,100,20,0.674,0
orange_pos_001977_20260510_222505_306.png,120,20,0.674,0
orange_pos_001977_20260510_222505_306.png,140,20,0.785,0
orange_pos_001977_20260510_222505_306.png,0,40,0.965,0
orange_pos_001977_20260510_222505_306.png,20,40,0.991,0
orange_pos_001977_20260510_222505_306.png,40,40,6.084,0
orange_pos_001977_20260510_222505_306.png,60,40,1.274,0
orange_pos_001977_20260510_222505_306.png,80,40,0.674,0
orange_pos_001977_20260510_222505_306.png,100,40,0.674,0
orange_pos_001977_20260510_222505_306.png,120,40,0.674,0
orange_pos_001977_20260510_222505_306.png,140,40,1.075,0
orange_pos_001977_20260510_222505_306.png,0,60,0.937,0
orange_pos_001977_20260510_222505_306.png,20,60,0.993,0
orange_pos_001977_20260510_222505_306.png,40,60,5.354,0
orange_pos_001977_20260510_222505_306.png,60,60,1.644,0
orange_pos_001977_20260510_222505_306.png,80,60,0.674,0
orange_pos_001977_20260510_222505_306.png,100,60,0.674,0
orange_pos_001977_20260510_222505_306.png,120,60,0.674,0
orange_pos_001977_20260510_222505_306.png,140,60,1.448,0
orange_pos_001977_20260510_222505_306.png,0,80,0.989,0
orange_pos_001977_20260510_222505_306.png,20,80,0.754,0
orange_pos_001977_20260510_222505_306.png,40,80,9.813,0
orange_pos_001977_20260510_222505_306.png,60,80,3.902,0
orange_pos_001977_20260510_222505_306.png,80,80,0.674,0
orange_pos_001977_20260510_222505_306.png,100,80,0.674,0
orange_pos_001977_20260510_222505_306.png,120,80,0.678,0
orange_pos_001977_20260510_222505_306.png,140,80,4.108,0
orange_pos_001977_20260510_222505_306.png,0,100,1.031,0
orange_pos_001977_20260510_222505_306.png,20,100,2.210,0
orange_pos_001977_20260510_222505_306.png,40,100,10.454,0
orange_pos_001977_20260510_222505_306.png,60,100,5.274,0
orange_pos_001977_20260510_222505_306.png,80,100,0.715,0
orange_pos_001977_20260510_222505_306.png,100,100,1.129,0
orange_pos_001977_20260510_222505_306.png,120,100,1.502,0
orange_pos_001977_20260510_222505_306.png,140,100,5.733,0
orange_pos_001978_20260510_222507_067.png,0,0,0.753,0
orange_pos_001978_20260510_222507_067.png,20,0,1.522,0
orange_pos_001978_20260510_222507_067.png,40,0,1.172,0
orange_pos_001978_20260510_222507_067.png,60,0,1.169,0
orange_pos_001978_20260510_222507_067.png,80,0,0.674,0
orange_pos_001978_20260510_222507_067.png,100,0,0.674,0
orange_pos_001978_20260510_222507_067.png,120,0,0.674,0
orange_pos_001978_20260510_222507_067.png,140,0,0.674,0
orange_pos_001978_20260510_222507_067.png,0,20,0.674,0
orange_pos_001978_20260510_222507_067.png,20,20,0.674,0
orange_pos_001978_20260510_222507_067.png,40,20,0.689,0
orange_pos_001978_20260510_222507_067.png,60,20,0.674,0
orange_pos_001978_20260510_222507_067.png,80,20,0.674,0
orange_pos_001978_20260510_222507_067.png,100,20,0.674,0
orange_pos_001978_20260510_222507_067.png,120,20,0.674,0
orange_pos_001978_20260510_222507_067.png,140,20,0.674,0
orange_pos_001978_20260510_222507_067.png,0,40,0.674,0
orange_pos_001978_20260510_222507_067.png,20,40,0.674,0
orange_pos_001978_20260510_222507_067.png,40,40,0.674,0
orange_pos_001978_20260510_222507_067.png,60,40,0.674,0
orange_pos_001978_20260510_222507_067.png,80,40,0.674,0
orange_pos_001978_20260510_222507_067.png,100,40,0.674,0
orange_pos_001978_20260510_222507_067.png,120,40,0.674,0
orange_pos_001978_20260510_222507_067.png,140,40,0.674,0
orange_pos_001978_20260510_222507_067.png,0,60,0.674,0
orange_pos_001978_20260510_222507_067.png,20,60,0.674,0
orange_pos_001978_20260510_222507_067.png,40,60,0.674,0
orange_pos_001978_20260510_222507_067.png,60,60,0.674,0
orange_pos_001978_20260510_222507_067.png,80,60,0.674,0
orange_pos_001978_20260510_222507_067.png,100,60,0.674,0
orange_pos_001978_20260510_222507_067.png,120,60,0.674,0
orange_pos_001978_20260510_222507_067.png,140,60,0.674,0
orange_pos_001978_20260510_222507_067.png,0,80,0.682,0
orange_pos_001978_20260510_222507_067.png,20,80,0.674,0
orange_pos_001978_20260510_222507_067.png,40,80,0.714,0
orange_pos_001978_20260510_222507_067.png,60,80,0.678,0
orange_pos_001978_20260510_222507_067.png,80,80,0.674,0
orange_pos_001978_20260510_222507_067.png,100,80,0.674,0
orange_pos_001978_20260510_222507_067.png,120,80,0.674,0
orange_pos_001978_20260510_222507_067.png,140,80,0.674,0
orange_pos_001978_20260510_222507_067.png,0,100,0.714,0
orange_pos_001978_20260510_222507_067.png,20,100,0.709,0
orange_pos_001978_20260510_222507_067.png,40,100,1.242,0
orange_pos_001978_20260510_222507_067.png,60,100,0.730,0
orange_pos_001978_20260510_222507_067.png,80,100,0.674,0
orange_pos_001978_20260510_222507_067.png,100,100,0.674,0
orange_pos_001978_20260510_222507_067.png,120,100,0.674,0
orange_pos_001978_20260510_222507_067.png,140,100,0.679,0
orange_pos_001979_20260510_222507_485.png,0,0,0.674,0
orange_pos_001979_20260510_222507_485.png,20,0,0.674,0
orange_pos_001979_20260510_222507_485.png,40,0,0.674,0
orange_pos_001979_20260510_222507_485.png,60,0,0.674,0
orange_pos_001979_20260510_222507_485.png,80,0,0.674,0
orange_pos_001979_20260510_222507_485.png,100,0,0.674,0
orange_pos_001979_20260510_222507_485.png,120,0,0.674,0
orange_pos_001979_20260510_222507_485.png,140,0,0.674,0
orange_pos_001979_20260510_222507_485.png,0,20,0.674,0
orange_pos_001979_20260510_222507_485.png,20,20,0.674,0
orange_pos_001979_20260510_222507_485.png,40,20,0.674,0
orange_pos_001979_20260510_222507_485.png,60,20,0.674,0
orange_pos_001979_20260510_222507_485.png,80,20,0.674,0
orange_pos_001979_20260510_222507_485.png,100,20,0.674,0
orange_pos_001979_20260510_222507_485.png,120,20,0.674,0
orange_pos_001979_20260510_222507_485.png,140,20,0.674,0
orange_pos_001979_20260510_222507_485.png,0,40,0.674,0
orange_pos_001979_20260510_222507_485.png,20,40,0.674,0
orange_pos_001979_20260510_222507_485.png,40,40,0.674,0
orange_pos_001979_20260510_222507_485.png,60,40,0.674,0
orange_pos_001979_20260510_222507_485.png,80,40,0.674,0
orange_pos_001979_20260510_222507_485.png,100,40,0.674,0
orange_pos_001979_20260510_222507_485.png,120,40,0.674,0
orange_pos_001979_20260510_222507_485.png,140,40,0.674,0
orange_pos_001979_20260510_222507_485.png,0,60,0.674,0
orange_pos_001979_20260510_222507_485.png,20,60,0.674,0
orange_pos_001979_20260510_222507_485.png,40,60,0.674,0
orange_pos_001979_20260510_222507_485.png,60,60,0.674,0
orange_pos_001979_20260510_222507_485.png,80,60,0.674,0
orange_pos_001979_20260510_222507_485.png,100,60,0.674,0
orange_pos_001979_20260510_222507_485.png,120,60,0.674,0
orange_pos_001979_20260510_222507_485.png,140,60,0.674,0
orange_pos_001979_20260510_222507_485.png,0,80,0.674,0
orange_pos_001979_20260510_222507_485.png,20,80,0.674,0
orange_pos_001979_20260510_222507_485.png,40,80,0.674,0
orange_pos_001979_20260510_222507_485.png,60,80,0.674,0
orange_pos_001979_20260510_222507_485.png,80,80,0.674,0
orange_pos_001979_20260510_222507_485.png,100,80,0.674,0
orange_pos_001979_20260510_222507_485.png,120,80,0.674,0
orange_pos_001979_20260510_222507_485.png,140,80,0.674,0
orange_pos_001979_20260510_222507_485.png,0,100,0.674,0
orange_pos_001979_20260510_222507_485.png,20,100,0.674,0
orange_pos_001979_20260510_222507_485.png,40,100,0.674,0
orange_pos_001979_20260510_222507_485.png,60,100,0.674,0
orange_pos_001979_20260510_222507_485.png,80,100,0.674,0
orange_pos_001979_20260510_222507_485.png,100,100,0.674,0
orange_pos_001979_20260510_222507_485.png,120,100,0.674,0
orange_pos_001979_20260510_222507_485.png,140,100,0.674,0
orange_pos_001980_20260510_222509_275.png,0,0,0.691,0
orange_pos_001980_20260510_222509_275.png,20,0,0.674,0
orange_pos_001980_20260510_222509_275.png,40,0,1.392,0
orange_pos_001980_20260510_222509_275.png,60,0,0.852,0
orange_pos_001980_20260510_222509_275.png,80,0,0.674,0
orange_pos_001980_20260510_222509_275.png,100,0,0.674,0
orange_pos_001980_20260510_222509_275.png,120,0,0.674,0
orange_pos_001980_20260510_222509_275.png,140,0,0.674,0
orange_pos_001980_20260510_222509_275.png,0,20,0.760,0
orange_pos_001980_20260510_222509_275.png,20,20,1.098,0
orange_pos_001980_20260510_222509_275.png,40,20,1.895,0
orange_pos_001980_20260510_222509_275.png,60,20,1.223,0
orange_pos_001980_20260510_222509_275.png,80,20,0.674,0
orange_pos_001980_20260510_222509_275.png,100,20,0.674,0
orange_pos_001980_20260510_222509_275.png,120,20,0.674,0
orange_pos_001980_20260510_222509_275.png,140,20,0.791,0
orange_pos_001980_20260510_222509_275.png,0,40,0.702,0
orange_pos_001980_20260510_222509_275.png,20,40,0.674,0
orange_pos_001980_20260510_222509_275.png,40,40,1.304,0
orange_pos_001980_20260510_222509_275.png,60,40,0.674,0
orange_pos_001980_20260510_222509_275.png,80,40,0.674,0
orange_pos_001980_20260510_222509_275.png,100,40,0.674,0
orange_pos_001980_20260510_222509_275.png,120,40,0.674,0
orange_pos_001980_20260510_222509_275.png,140,40,0.674,0
orange_pos_001980_20260510_222509_275.png,0,60,0.718,0
orange_pos_001980_20260510_222509_275.png,20,60,0.674,0
orange_pos_001980_20260510_222509_275.png,40,60,1.882,0
orange_pos_001980_20260510_222509_275.png,60,60,0.732,0
orange_pos_001980_20260510_222509_275.png,80,60,0.674,0
orange_pos_001980_20260510_222509_275.png,100,60,0.674,0
orange_pos_001980_20260510_222509_275.png,120,60,0.674,0
orange_pos_001980_20260510_222509_275.png,140,60,0.676,0
orange_pos_001980_20260510_222509_275.png,0,80,0.691,0
orange_pos_001980_20260510_222509_275.png,20,80,0.674,0
orange_pos_001980_20260510_222509_275.png,40,80,1.289,0
orange_pos_001980_20260510_222509_275.png,60,80,0.680,0
orange_pos_001980_20260510_222509_275.png,80,80,0.674,0
orange_pos_001980_20260510_222509_275.png,100,80,0.674,0
orange_pos_001980_20260510_222509_275.png,120,80,0.674,0
orange_pos_001980_20260510_222509_275.png,140,80,0.739,0
orange_pos_001980_20260510_222509_275.png,0,100,0.692,0
orange_pos_001980_20260510_222509_275.png,20,100,0.674,0
orange_pos_001980_20260510_222509_275.png,40,100,1.413,0
orange_pos_001980_20260510_222509_275.png,60,100,0.703,0
orange_pos_001980_20260510_222509_275.png,80,100,0.674,0
orange_pos_001980_20260510_222509_275.png,100,100,0.674,0
orange_pos_001980_20260510_222509_275.png,120,100,0.674,0
orange_pos_001980_20260510_222509_275.png,140,100,0.934,0
orange_pos_001981_20260510_222509_673.png,0,0,0.717,0
orange_pos_001981_20260510_222509_673.png,20,0,0.674,0
orange_pos_001981_20260510_222509_673.png,40,0,1.855,0
orange_pos_001981_20260510_222509_673.png,60,0,0.785,0
orange_pos_001981_20260510_222509_673.png,80,0,0.674,0
orange_pos_001981_20260510_222509_673.png,100,0,0.674,0
orange_pos_001981_20260510_222509_673.png,120,0,0.674,0
orange_pos_001981_20260510_222509_673.png,140,0,0.674,0
orange_pos_001981_20260510_222509_673.png,0,20,0.674,0
orange_pos_001981_20260510_222509_673.png,20,20,0.674,0
orange_pos_001981_20260510_222509_673.png,40,20,0.677,0
orange_pos_001981_20260510_222509_673.png,60,20,0.674,0
orange_pos_001981_20260510_222509_673.png,80,20,0.674,0
orange_pos_001981_20260510_222509_673.png,100,20,0.674,0
orange_pos_001981_20260510_222509_673.png,120,20,0.674,0
orange_pos_001981_20260510_222509_673.png,140,20,0.674,0
orange_pos_001981_20260510_222509_673.png,0,40,0.674,0
orange_pos_001981_20260510_222509_673.png,20,40,0.674,0
orange_pos_001981_20260510_222509_673.png,40,40,0.674,0
orange_pos_001981_20260510_222509_673.png,60,40,0.674,0
orange_pos_001981_20260510_222509_673.png,80,40,0.674,0
orange_pos_001981_20260510_222509_673.png,100,40,0.674,0
orange_pos_001981_20260510_222509_673.png,120,40,0.674,0
orange_pos_001981_20260510_222509_673.png,140,40,0.674,0
orange_pos_001981_20260510_222509_673.png,0,60,0.674,0
orange_pos_001981_20260510_222509_673.png,20,60,0.674,0
orange_pos_001981_20260510_222509_673.png,40,60,0.674,0
orange_pos_001981_20260510_222509_673.png,60,60,0.674,0
orange_pos_001981_20260510_222509_673.png,80,60,0.674,0
orange_pos_001981_20260510_222509_673.png,100,60,0.674,0
orange_pos_001981_20260510_222509_673.png,120,60,0.674,0
orange_pos_001981_20260510_222509_673.png,140,60,0.674,0
orange_pos_001981_20260510_222509_673.png,0,80,0.674,0
orange_pos_001981_20260510_222509_673.png,20,80,0.674,0
orange_pos_001981_20260510_222509_673.png,40,80,0.674,0
orange_pos_001981_20260510_222509_673.png,60,80,0.674,0
orange_pos_001981_20260510_222509_673.png,80,80,0.674,0
orange_pos_001981_20260510_222509_673.png,100,80,0.674,0
orange_pos_001981_20260510_222509_673.png,120,80,0.674,0
orange_pos_001981_20260510_222509_673.png,140,80,0.674,0
orange_pos_001981_20260510_222509_673.png,0,100,0.674,0
orange_pos_001981_20260510_222509_673.png,20,100,0.674,0
orange_pos_001981_20260510_222509_673.png,40,100,0.674,0
orange_pos_001981_20260510_222509_673.png,60,100,0.674,0
orange_pos_001981_20260510_222509_673.png,80,100,0.674,0
orange_pos_001981_20260510_222509_673.png,100,100,0.674,0
orange_pos_001981_20260510_222509_673.png,120,100,0.674,0
orange_pos_001981_20260510_222509_673.png,140,100,0.674,0
orange_pos_001983_20260510_222511_612.png,0,0,0.705,0
orange_pos_001983_20260510_222511_612.png,20,0,0.674,0
orange_pos_001983_20260510_222511_612.png,40,0,0.674,0
orange_pos_001983_20260510_222511_612.png,60,0,0.674,0
orange_pos_001983_20260510_222511_612.png,80,0,0.674,0
orange_pos_001983_20260510_222511_612.png,100,0,0.674,0
orange_pos_001983_20260510_222511_612.png,120,0,0.674,0
orange_pos_001983_20260510_222511_612.png,140,0,0.674,0
orange_pos_001983_20260510_222511_612.png,0,20,0.674,0
orange_pos_001983_20260510_222511_612.png,20,20,0.674,0
orange_pos_001983_20260510_222511_612.png,40,20,0.674,0
orange_pos_001983_20260510_222511_612.png,60,20,0.674,0
orange_pos_001983_20260510_222511_612.png,80,20,0.674,0
orange_pos_001983_20260510_222511_612.png,100,20,0.674,0
orange_pos_001983_20260510_222511_612.png,120,20,0.674,0
orange_pos_001983_20260510_222511_612.png,140,20,0.674,0
orange_pos_001983_20260510_222511_612.png,0,40,0.674,0
orange_pos_001983_20260510_222511_612.png,20,40,0.674,0
orange_pos_001983_20260510_222511_612.png,40,40,0.674,0
orange_pos_001983_20260510_222511_612.png,60,40,0.674,0
orange_pos_001983_20260510_222511_612.png,80,40,0.674,0
orange_pos_001983_20260510_222511_612.png,100,40,0.674,0
orange_pos_001983_20260510_222511_612.png,120,40,0.674,0
orange_pos_001983_20260510_222511_612.png,140,40,0.674,0
orange_pos_001983_20260510_222511_612.png,0,60,0.674,0
orange_pos_001983_20260510_222511_612.png,20,60,0.674,0
orange_pos_001983_20260510_222511_612.png,40,60,0.674,0
orange_pos_001983_20260510_222511_612.png,60,60,0.674,0
orange_pos_001983_20260510_222511_612.png,80,60,0.674,0
orange_pos_001983_20260510_222511_612.png,100,60,0.674,0
orange_pos_001983_20260510_222511_612.png,120,60,0.674,0
orange_pos_001983_20260510_222511_612.png,140,60,0.674,0
orange_pos_001983_20260510_222511_612.png,0,80,0.681,0
orange_pos_001983_20260510_222511_612.png,20,80,0.674,0
orange_pos_001983_20260510_222511_612.png,40,80,0.674,0
orange_pos_001983_20260510_222511_612.png,60,80,0.674,0
orange_pos_001983_20260510_222511_612.png,80,80,0.674,0
orange_pos_001983_20260510_222511_612.png,100,80,0.674,0
orange_pos_001983_20260510_222511_612.png,120,80,0.674,0
orange_pos_001983_20260510_222511_612.png,140,80,0.674,0
orange_pos_001983_20260510_222511_612.png,0,100,0.674,0
orange_pos_001983_20260510_222511_612.png,20,100,0.674,0
orange_pos_001983_20260510_222511_612.png,40,100,0.674,0
orange_pos_001983_20260510_222511_612.png,60,100,0.674,0
orange_pos_001983_20260510_222511_612.png,80,100,0.674,0
orange_pos_001983_20260510_222511_612.png,100,100,0.674,0
orange_pos_001983_20260510_222511_612.png,120,100,0.674,0
orange_pos_001983_20260510_222511_612.png,140,100,0.674,0
orange_pos_001984_20260510_222516_515.png,0,0,0.674,0
orange_pos_001984_20260510_222516_515.png,20,0,0.674,0
orange_pos_001984_20260510_222516_515.png,40,0,0.674,0
orange_pos_001984_20260510_222516_515.png,60,0,0.674,0
orange_pos_001984_20260510_222516_515.png,80,0,0.674,0
orange_pos_001984_20260510_222516_515.png,100,0,0.674,0
orange_pos_001984_20260510_222516_515.png,120,0,0.674,0
orange_pos_001984_20260510_222516_515.png,140,0,0.674,0
orange_pos_001984_20260510_222516_515.png,0,20,0.674,0
orange_pos_001984_20260510_222516_515.png,20,20,0.674,0
orange_pos_001984_20260510_222516_515.png,40,20,0.674,0
orange_pos_001984_20260510_222516_515.png,60,20,0.674,0
orange_pos_001984_20260510_222516_515.png,80,20,0.674,0
orange_pos_001984_20260510_222516_515.png,100,20,0.674,0
orange_pos_001984_20260510_222516_515.png,120,20,0.674,0
orange_pos_001984_20260510_222516_515.png,140,20,0.674,0
orange_pos_001984_20260510_222516_515.png,0,40,0.674,0
orange_pos_001984_20260510_222516_515.png,20,40,0.674,0
orange_pos_001984_20260510_222516_515.png,40,40,0.674,0
orange_pos_001984_20260510_222516_515.png,60,40,0.674,0
orange_pos_001984_20260510_222516_515.png,80,40,0.674,0
orange_pos_001984_20260510_222516_515.png,100,40,0.674,0
orange_pos_001984_20260510_222516_515.png,120,40,0.674,0
orange_pos_001984_20260510_222516_515.png,140,40,0.674,0
orange_pos_001984_20260510_222516_515.png,0,60,0.674,0
orange_pos_001984_20260510_222516_515.png,20,60,0.674,0
orange_pos_001984_20260510_222516_515.png,40,60,0.674,0
orange_pos_001984_20260510_222516_515.png,60,60,0.674,0
orange_pos_001984_20260510_222516_515.png,80,60,0.674,0
orange_pos_001984_20260510_222516_515.png,100,60,0.674,0
orange_pos_001984_20260510_222516_515.png,120,60,0.674,0
orange_pos_001984_20260510_222516_515.png,140,60,0.674,0
orange_pos_001984_20260510_222516_515.png,0,80,0.674,0
orange_pos_001984_20260510_222516_515.png,20,80,0.674,0
orange_pos_001984_20260510_222516_515.png,40,80,0.674,0
orange_pos_001984_20260510_222516_515.png,60,80,0.674,0
orange_pos_001984_20260510_222516_515.png,80,80,0.674,0
orange_pos_001984_20260510_222516_515.png,100,80,0.674,0
orange_pos_001984_20260510_222516_515.png,120,80,0.674,0
orange_pos_001984_20260510_222516_515.png,140,80,0.674,0
orange_pos_001984_20260510_222516_515.png,0,100,0.674,0
orange_pos_001984_20260510_222516_515.png,20,100,0.674,0
orange_pos_001984_20260510_222516_515.png,40,100,0.674,0
orange_pos_001984_20260510_222516_515.png,60,100,0.674,0
orange_pos_001984_20260510_222516_515.png,80,100,0.674,0
orange_pos_001984_20260510_222516_515.png,100,100,0.674,0
orange_pos_001984_20260510_222516_515.png,120,100,0.674,0
orange_pos_001984_20260510_222516_515.png,140,100,0.674,0
orange_pos_001985_20260510_222518_679.png,0,0,6.537,0
orange_pos_001985_20260510_222518_679.png,20,0,3.410,0
orange_pos_001985_20260510_222518_679.png,40,0,16.056,0
orange_pos_001985_20260510_222518_679.png,60,0,23.991,0
orange_pos_001985_20260510_222518_679.png,80,0,6.262,0
orange_pos_001985_20260510_222518_679.png,100,0,3.699,0
orange_pos_001985_20260510_222518_679.png,120,0,4.359,0
orange_pos_001985_20260510_222518_679.png,140,0,5.913,0
orange_pos_001985_20260510_222518_679.png,0,20,0.877,0
orange_pos_001985_20260510_222518_679.png,20,20,1.107,0
orange_pos_001985_20260510_222518_679.png,40,20,6.778,0
orange_pos_001985_20260510_222518_679.png,60,20,5.274,0
orange_pos_001985_20260510_222518_679.png,80,20,0.693,0
orange_pos_001985_20260510_222518_679.png,100,20,0.674,0
orange_pos_001985_20260510_222518_679.png,120,20,0.674,0
orange_pos_001985_20260510_222518_679.png,140,20,1.627,0
orange_pos_001985_20260510_222518_679.png,0,40,1.380,0
orange_pos_001985_20260510_222518_679.png,20,40,4.705,0
orange_pos_001985_20260510_222518_679.png,40,40,16.746,0
orange_pos_001985_20260510_222518_679.png,60,40,8.534,0
orange_pos_001985_20260510_222518_679.png,80,40,0.674,0
orange_pos_001985_20260510_222518_679.png,100,40,0.674,0
orange_pos_001985_20260510_222518_679.png,120,40,0.674,0
orange_pos_001985_20260510_222518_679.png,140,40,5.899,0
orange_pos_001985_20260510_222518_679.png,0,60,1.351,0
orange_pos_001985_20260510_222518_679.png,20,60,2.336,0
orange_pos_001985_20260510_222518_679.png,40,60,13.781,0
orange_pos_001985_20260510_222518_679.png,60,60,6.044,0
orange_pos_001985_20260510_222518_679.png,80,60,0.674,0
orange_pos_001985_20260510_222518_679.png,100,60,0.674,0
orange_pos_001985_20260510_222518_679.png,120,60,0.696,0
orange_pos_001985_20260510_222518_679.png,140,60,5.332,0
orange_pos_001985_20260510_222518_679.png,0,80,1.390,0
orange_pos_001985_20260510_222518_679.png,20,80,1.384,0
orange_pos_001985_20260510_222518_679.png,40,80,16.028,0
orange_pos_001985_20260510_222518_679.png,60,80,6.222,0
orange_pos_001985_20260510_222518_679.png,80,80,0.674,0
orange_pos_001985_20260510_222518_679.png,100,80,0.674,0
orange_pos_001985_20260510_222518_679.png,120,80,1.887,0
orange_pos_001985_20260510_222518_679.png,140,80,6.399,0
orange_pos_001985_20260510_222518_679.png,0,100,1.160,0
orange_pos_001985_20260510_222518_679.png,20,100,1.868,0
orange_pos_001985_20260510_222518_679.png,40,100,13.129,0
orange_pos_001985_20260510_222518_679.png,60,100,5.741,0
orange_pos_001985_20260510_222518_679.png,80,100,0.801,0
orange_pos_001985_20260510_222518_679.png,100,100,1.233,0
orange_pos_001985_20260510_222518_679.png,120,100,3.230,0
orange_pos_001985_20260510_222518_679.png,140,100,5.329,0
orange_pos_001986_20260510_222522_638.png,0,0,1.570,0
orange_pos_001986_20260510_222522_638.png,20,0,2.262,0
orange_pos_001986_20260510_222522_638.png,40,0,11.466,0
orange_pos_001986_20260510_222522_638.png,60,0,14.783,0
orange_pos_001986_20260510_222522_638.png,80,0,2.663,0
orange_pos_001986_20260510_222522_638.png,100,0,0.674,0
orange_pos_001986_20260510_222522_638.png,120,0,0.674,0
orange_pos_001986_20260510_222522_638.png,140,0,1.526,0
orange_pos_001986_20260510_222522_638.png,0,20,0.905,0
orange_pos_001986_20260510_222522_638.png,20,20,1.868,0
orange_pos_001986_20260510_222522_638.png,40,20,6.018,0
orange_pos_001986_20260510_222522_638.png,60,20,2.602,0
orange_pos_001986_20260510_222522_638.png,80,20,0.674,0
orange_pos_001986_20260510_222522_638.png,100,20,0.674,0
orange_pos_001986_20260510_222522_638.png,120,20,0.674,0
orange_pos_001986_20260510_222522_638.png,140,20,0.705,0
orange_pos_001986_20260510_222522_638.png,0,40,0.850,0
orange_pos_001986_20260510_222522_638.png,20,40,0.714,0
orange_pos_001986_20260510_222522_638.png,40,40,3.068,0
orange_pos_001986_20260510_222522_638.png,60,40,0.768,0
orange_pos_001986_20260510_222522_638.png,80,40,0.674,0
orange_pos_001986_20260510_222522_638.png,100,40,0.674,0
orange_pos_001986_20260510_222522_638.png,120,40,0.674,0
orange_pos_001986_20260510_222522_638.png,140,40,1.061,0
orange_pos_001986_20260510_222522_638.png,0,60,0.749,0
orange_pos_001986_20260510_222522_638.png,20,60,0.975,0
orange_pos_001986_20260510_222522_638.png,40,60,4.708,0
orange_pos_001986_20260510_222522_638.png,60,60,1.571,0
orange_pos_001986_20260510_222522_638.png,80,60,0.674,0
orange_pos_001986_20260510_222522_638.png,100,60,0.674,0
orange_pos_001986_20260510_222522_638.png,120,60,0.674,0
orange_pos_001986_20260510_222522_638.png,140,60,0.772,0
orange_pos_001986_20260510_222522_638.png,0,80,0.989,0
orange_pos_001986_20260510_222522_638.png,20,80,0.767,0
orange_pos_001986_20260510_222522_638.png,40,80,9.040,0
orange_pos_001986_20260510_222522_638.png,60,80,3.099,0
orange_pos_001986_20260510_222522_638.png,80,80,0.674,0
orange_pos_001986_20260510_222522_638.png,100,80,0.674,0
orange_pos_001986_20260510_222522_638.png,120,80,1.065,0
orange_pos_001986_20260510_222522_638.png,140,80,3.963,0
orange_pos_001986_20260510_222522_638.png,0,100,0.990,0
orange_pos_001986_20260510_222522_638.png,20,100,2.121,0
orange_pos_001986_20260510_222522_638.png,40,100,12.949,0
orange_pos_001986_20260510_222522_638.png,60,100,5.334,0
orange_pos_001986_20260510_222522_638.png,80,100,0.683,0
orange_pos_001986_20260510_222522_638.png,100,100,0.824,0
orange_pos_001986_20260510_222522_638.png,120,100,1.971,0
orange_pos_001986_20260510_222522_638.png,140,100,4.589,0
orange_pos_001987_20260510_222524_915.png,0,0,1.705,0
orange_pos_001987_20260510_222524_915.png,20,0,0.947,0
orange_pos_001987_20260510_222524_915.png,40,0,4.191,0
orange_pos_001987_20260510_222524_915.png,60,0,5.646,0
orange_pos_001987_20260510_222524_915.png,80,0,1.629,0
orange_pos_001987_20260510_222524_915.png,100,0,0.900,0
orange_pos_001987_20260510_222524_915.png,120,0,0.679,0
orange_pos_001987_20260510_222524_915.png,140,0,1.490,0
orange_pos_001987_20260510_222524_915.png,0,20,0.674,0
orange_pos_001987_20260510_222524_915.png,20,20,0.674,0
orange_pos_001987_20260510_222524_915.png,40,20,0.912,0
orange_pos_001987_20260510_222524_915.png,60,20,0.701,0
orange_pos_001987_20260510_222524_915.png,80,20,0.674,0
orange_pos_001987_20260510_222524_915.png,100,20,0.674,0
orange_pos_001987_20260510_222524_915.png,120,20,0.674,0
orange_pos_001987_20260510_222524_915.png,140,20,0.674,0
orange_pos_001987_20260510_222524_915.png,0,40,0.707,0
orange_pos_001987_20260510_222524_915.png,20,40,2.756,0
orange_pos_001987_20260510_222524_915.png,40,40,3.845,0
orange_pos_001987_20260510_222524_915.png,60,40,1.473,0
orange_pos_001987_20260510_222524_915.png,80,40,0.674,0
orange_pos_001987_20260510_222524_915.png,100,40,0.674,0
orange_pos_001987_20260510_222524_915.png,120,40,0.674,0
orange_pos_001987_20260510_222524_915.png,140,40,0.821,0
orange_pos_001987_20260510_222524_915.png,0,60,0.709,0
orange_pos_001987_20260510_222524_915.png,20,60,0.674,0
orange_pos_001987_20260510_222524_915.png,40,60,2.154,0
orange_pos_001987_20260510_222524_915.png,60,60,0.844,0
orange_pos_001987_20260510_222524_915.png,80,60,0.674,0
orange_pos_001987_20260510_222524_915.png,100,60,0.674,0
orange_pos_001987_20260510_222524_915.png,120,60,0.674,0
orange_pos_001987_20260510_222524_915.png,140,60,0.679,0
orange_pos_001987_20260510_222524_915.png,0,80,0.997,0
orange_pos_001987_20260510_222524_915.png,20,80,0.725,0
orange_pos_001987_20260510_222524_915.png,40,80,6.353,0
orange_pos_001987_20260510_222524_915.png,60,80,1.843,0
orange_pos_001987_20260510_222524_915.png,80,80,0.674,0
orange_pos_001987_20260510_222524_915.png,100,80,0.674,0
orange_pos_001987_20260510_222524_915.png,120,80,0.787,0
orange_pos_001987_20260510_222524_915.png,140,80,2.173,0
orange_pos_001987_20260510_222524_915.png,0,100,0.905,0
orange_pos_001987_20260510_222524_915.png,20,100,1.060,0
orange_pos_001987_20260510_222524_915.png,40,100,6.336,0
orange_pos_001987_20260510_222524_915.png,60,100,2.527,0
orange_pos_001987_20260510_222524_915.png,80,100,0.674,0
orange_pos_001987_20260510_222524_915.png,100,100,0.674,0
orange_pos_001987_20260510_222524_915.png,120,100,0.705,0
orange_pos_001987_20260510_222524_915.png,140,100,1.861,0
orange_pos_001989_20260510_222525_325.png,0,0,0.696,0
orange_pos_001989_20260510_222525_325.png,20,0,0.697,0
orange_pos_001989_20260510_222525_325.png,40,0,1.025,0
orange_pos_001989_20260510_222525_325.png,60,0,0.710,0
orange_pos_001989_20260510_222525_325.png,80,0,0.674,0
orange_pos_001989_20260510_222525_325.png,100,0,0.674,0
orange_pos_001989_20260510_222525_325.png,120,0,0.674,0
orange_pos_001989_20260510_222525_325.png,140,0,0.674,0
orange_pos_001989_20260510_222525_325.png,0,20,0.674,0
orange_pos_001989_20260510_222525_325.png,20,20,0.674,0
orange_pos_001989_20260510_222525_325.png,40,20,0.674,0
orange_pos_001989_20260510_222525_325.png,60,20,0.674,0
orange_pos_001989_20260510_222525_325.png,80,20,0.674,0
orange_pos_001989_20260510_222525_325.png,100,20,0.674,0
orange_pos_001989_20260510_222525_325.png,120,20,0.674,0
orange_pos_001989_20260510_222525_325.png,140,20,0.674,0
orange_pos_001989_20260510_222525_325.png,0,40,0.674,0
orange_pos_001989_20260510_222525_325.png,20,40,0.674,0
orange_pos_001989_20260510_222525_325.png,40,40,0.674,0
orange_pos_001989_20260510_222525_325.png,60,40,0.674,0
orange_pos_001989_20260510_222525_325.png,80,40,0.674,0
orange_pos_001989_20260510_222525_325.png,100,40,0.674,0
orange_pos_001989_20260510_222525_325.png,120,40,0.674,0
orange_pos_001989_20260510_222525_325.png,140,40,0.674,0
orange_pos_001989_20260510_222525_325.png,0,60,0.674,0
orange_pos_001989_20260510_222525_325.png,20,60,0.674,0
orange_pos_001989_20260510_222525_325.png,40,60,0.674,0
orange_pos_001989_20260510_222525_325.png,60,60,0.674,0
orange_pos_001989_20260510_222525_325.png,80,60,0.674,0
orange_pos_001989_20260510_222525_325.png,100,60,0.674,0
orange_pos_001989_20260510_222525_325.png,120,60,0.674,0
orange_pos_001989_20260510_222525_325.png,140,60,0.674,0
orange_pos_001989_20260510_222525_325.png,0,80,0.674,0
orange_pos_001989_20260510_222525_325.png,20,80,0.674,0
orange_pos_001989_20260510_222525_325.png,40,80,0.675,0
orange_pos_001989_20260510_222525_325.png,60,80,0.674,0
orange_pos_001989_20260510_222525_325.png,80,80,0.674,0
orange_pos_001989_20260510_222525_325.png,100,80,0.674,0
orange_pos_001989_20260510_222525_325.png,120,80,0.674,0
orange_pos_001989_20260510_222525_325.png,140,80,0.674,0
orange_pos_001989_20260510_222525_325.png,0,100,0.674,0
orange_pos_001989_20260510_222525_325.png,20,100,0.674,0
orange_pos_001989_20260510_222525_325.png,40,100,0.674,0
orange_pos_001989_20260510_222525_325.png,60,100,0.674,0
orange_pos_001989_20260510_222525_325.png,80,100,0.674,0
orange_pos_001989_20260510_222525_325.png,100,100,0.674,0
orange_pos_001989_20260510_222525_325.png,120,100,0.674,0
orange_pos_001989_20260510_222525_325.png,140,100,0.674,0
orange_pos_001990_20260510_222527_213.png,0,0,0.700,0
orange_pos_001990_20260510_222527_213.png,20,0,0.674,0
orange_pos_001990_20260510_222527_213.png,40,0,6.094,0
orange_pos_001990_20260510_222527_213.png,60,0,3.811,0
orange_pos_001990_20260510_222527_213.png,80,0,0.674,0
orange_pos_001990_20260510_222527_213.png,100,0,0.674,0
orange_pos_001990_20260510_222527_213.png,120,0,0.674,0
orange_pos_001990_20260510_222527_213.png,140,0,0.693,0
orange_pos_001990_20260510_222527_213.png,0,20,0.712,0
orange_pos_001990_20260510_222527_213.png,20,20,1.242,0
orange_pos_001990_20260510_222527_213.png,40,20,3.612,0
orange_pos_001990_20260510_222527_213.png,60,20,1.266,0
orange_pos_001990_20260510_222527_213.png,80,20,0.674,0
orange_pos_001990_20260510_222527_213.png,100,20,0.674,0
orange_pos_001990_20260510_222527_213.png,120,20,0.674,0
orange_pos_001990_20260510_222527_213.png,140,20,0.870,0
orange_pos_001990_20260510_222527_213.png,0,40,0.834,0
orange_pos_001990_20260510_222527_213.png,20,40,1.025,0
orange_pos_001990_20260510_222527_213.png,40,40,4.798,0
orange_pos_001990_20260510_222527_213.png,60,40,1.643,0
orange_pos_001990_20260510_222527_213.png,80,40,0.674,0
orange_pos_001990_20260510_222527_213.png,100,40,0.674,0
orange_pos_001990_20260510_222527_213.png,120,40,0.674,0
orange_pos_001990_20260510_222527_213.png,140,40,1.225,0
orange_pos_001990_20260510_222527_213.png,0,60,0.785,0
orange_pos_001990_20260510_222527_213.png,20,60,0.674,0
orange_pos_001990_20260510_222527_213.png,40,60,2.603,0
orange_pos_001990_20260510_222527_213.png,60,60,1.424,0
orange_pos_001990_20260510_222527_213.png,80,60,0.674,0
orange_pos_001990_20260510_222527_213.png,100,60,0.674,0
orange_pos_001990_20260510_222527_213.png,120,60,0.674,0
orange_pos_001990_20260510_222527_213.png,140,60,0.720,0
orange_pos_001990_20260510_222527_213.png,0,80,0.761,0
orange_pos_001990_20260510_222527_213.png,20,80,0.674,0
orange_pos_001990_20260510_222527_213.png,40,80,3.050,0
orange_pos_001990_20260510_222527_213.png,60,80,1.161,0
orange_pos_001990_20260510_222527_213.png,80,80,0.674,0
orange_pos_001990_20260510_222527_213.png,100,80,0.674,0
orange_pos_001990_20260510_222527_213.png,120,80,0.674,0
orange_pos_001990_20260510_222527_213.png,140,80,1.479,0
orange_pos_001990_20260510_222527_213.png,0,100,0.685,0
orange_pos_001990_20260510_222527_213.png,20,100,1.035,0
orange_pos_001990_20260510_222527_213.png,40,100,5.366,0
orange_pos_001990_20260510_222527_213.png,60,100,1.958,0
orange_pos_001990_20260510_222527_213.png,80,100,0.674,0
orange_pos_001990_20260510_222527_213.png,100,100,0.674,0
orange_pos_001990_20260510_222527_213.png,120,100,0.942,0
orange_pos_001990_20260510_222527_213.png,140,100,1.893,0
orange_pos_001991_20260510_222529_204.png,0,0,2.218,0
orange_pos_001991_20260510_222529_204.png,20,0,3.202,0
orange_pos_001991_20260510_222529_204.png,40,0,11.972,0
orange_pos_001991_20260510_222529_204.png,60,0,13.606,0
orange_pos_001991_20260510_222529_204.png,80,0,3.263,0
orange_pos_001991_20260510_222529_204.png,100,0,0.674,0
orange_pos_001991_20260510_222529_204.png,120,0,0.855,0
orange_pos_001991_20260510_222529_204.png,140,0,4.927,0
orange_pos_001991_20260510_222529_204.png,0,20,1.140,0
orange_pos_001991_20260510_222529_204.png,20,20,3.548,0
orange_pos_001991_20260510_222529_204.png,40,20,8.066,0
orange_pos_001991_20260510_222529_204.png,60,20,4.526,0
orange_pos_001991_20260510_222529_204.png,80,20,0.674,0
orange_pos_001991_20260510_222529_204.png,100,20,0.674,0
orange_pos_001991_20260510_222529_204.png,120,20,0.674,0
orange_pos_001991_20260510_222529_204.png,140,20,2.145,0
orange_pos_001991_20260510_222529_204.png,0,40,1.039,0
orange_pos_001991_20260510_222529_204.png,20,40,3.587,0
orange_pos_001991_20260510_222529_204.png,40,40,12.468,0
orange_pos_001991_20260510_222529_204.png,60,40,4.276,0
orange_pos_001991_20260510_222529_204.png,80,40,0.674,0
orange_pos_001991_20260510_222529_204.png,100,40,0.674,0
orange_pos_001991_20260510_222529_204.png,120,40,0.674,0
orange_pos_001991_20260510_222529_204.png,140,40,2.233,0
orange_pos_001991_20260510_222529_204.png,0,60,1.090,0
orange_pos_001991_20260510_222529_204.png,20,60,4.662,0
orange_pos_001991_20260510_222529_204.png,40,60,15.541,0
orange_pos_001991_20260510_222529_204.png,60,60,5.851,0
orange_pos_001991_20260510_222529_204.png,80,60,0.674,0
orange_pos_001991_20260510_222529_204.png,100,60,0.674,0
orange_pos_001991_20260510_222529_204.png,120,60,0.674,0
orange_pos_001991_20260510_222529_204.png,140,60,4.036,0
orange_pos_001991_20260510_222529_204.png,0,80,1.584,0
orange_pos_001991_20260510_222529_204.png,20,80,3.180,0
orange_pos_001991_20260510_222529_204.png,40,80,12.634,0
orange_pos_001991_20260510_222529_204.png,60,80,5.558,0
orange_pos_001991_20260510_222529_204.png,80,80,0.674,0
orange_pos_001991_20260510_222529_204.png,100,80,0.674,0
orange_pos_001991_20260510_222529_204.png,120,80,1.122,0
orange_pos_001991_20260510_222529_204.png,140,80,5.925,0
orange_pos_001991_20260510_222529_204.png,0,100,1.368,0
orange_pos_001991_20260510_222529_204.png,20,100,3.054,0
orange_pos_001991_20260510_222529_204.png,40,100,17.644,0
orange_pos_001991_20260510_222529_204.png,60,100,7.833,0
orange_pos_001991_20260510_222529_204.png,80,100,1.007,0
orange_pos_001991_20260510_222529_204.png,100,100,1.370,0
orange_pos_001991_20260510_222529_204.png,120,100,4.086,0
orange_pos_001991_20260510_222529_204.png,140,100,8.951,0
orange_pos_001992_20260510_222529_734.png,0,0,1.901,0
orange_pos_001992_20260510_222529_734.png,20,0,1.684,0
orange_pos_001992_20260510_222529_734.png,40,0,9.076,0
orange_pos_001992_20260510_222529_734.png,60,0,14.432,0
orange_pos_001992_20260510_222529_734.png,80,0,2.358,0
orange_pos_001992_20260510_222529_734.png,100,0,0.699,0
orange_pos_001992_20260510_222529_734.png,120,0,0.770,0
orange_pos_001992_20260510_222529_734.png,140,0,2.565,0
orange_pos_001992_20260510_222529_734.png,0,20,0.753,0
orange_pos_001992_20260510_222529_734.png,20,20,0.675,0
orange_pos_001992_20260510_222529_734.png,40,20,6.465,0
orange_pos_001992_20260510_222529_734.png,60,20,2.659,0
orange_pos_001992_20260510_222529_734.png,80,20,0.674,0
orange_pos_001992_20260510_222529_734.png,100,20,0.674,0
orange_pos_001992_20260510_222529_734.png,120,20,0.674,0
orange_pos_001992_20260510_222529_734.png,140,20,0.773,0
orange_pos_001992_20260510_222529_734.png,0,40,0.789,0
orange_pos_001992_20260510_222529_734.png,20,40,0.674,0
orange_pos_001992_20260510_222529_734.png,40,40,3.545,0
orange_pos_001992_20260510_222529_734.png,60,40,0.862,0
orange_pos_001992_20260510_222529_734.png,80,40,0.674,0
orange_pos_001992_20260510_222529_734.png,100,40,0.674,0
orange_pos_001992_20260510_222529_734.png,120,40,0.674,0
orange_pos_001992_20260510_222529_734.png,140,40,0.729,0
orange_pos_001992_20260510_222529_734.png,0,60,0.827,0
orange_pos_001992_20260510_222529_734.png,20,60,0.674,0
orange_pos_001992_20260510_222529_734.png,40,60,5.442,0
orange_pos_001992_20260510_222529_734.png,60,60,1.710,0
orange_pos_001992_20260510_222529_734.png,80,60,0.674,0
orange_pos_001992_20260510_222529_734.png,100,60,0.674,0
orange_pos_001992_20260510_222529_734.png,120,60,0.674,0
orange_pos_001992_20260510_222529_734.png,140,60,1.119,0
orange_pos_001992_20260510_222529_734.png,0,80,0.863,0
orange_pos_001992_20260510_222529_734.png,20,80,0.674,0
orange_pos_001992_20260510_222529_734.png,40,80,4.550,0
orange_pos_001992_20260510_222529_734.png,60,80,1.112,0
orange_pos_001992_20260510_222529_734.png,80,80,0.674,0
orange_pos_001992_20260510_222529_734.png,100,80,0.674,0
orange_pos_001992_20260510_222529_734.png,120,80,0.674,0
orange_pos_001992_20260510_222529_734.png,140,80,0.859,0
orange_pos_001992_20260510_222529_734.png,0,100,0.914,0
orange_pos_001992_20260510_222529_734.png,20,100,1.120,0
orange_pos_001992_20260510_222529_734.png,40,100,4.999,0
orange_pos_001992_20260510_222529_734.png,60,100,2.468,0
orange_pos_001992_20260510_222529_734.png,80,100,0.674,0
orange_pos_001992_20260510_222529_734.png,100,100,0.674,0
orange_pos_001992_20260510_222529_734.png,120,100,0.674,0
orange_pos_001992_20260510_222529_734.png,140,100,2.295,0
orange_pos_001993_20260510_222531_599.png,0,0,2.517,0
orange_pos_001993_20260510_222531_599.png,20,0,4.872,0
orange_pos_001993_20260510_222531_599.png,40,0,14.275,0
orange_pos_001993_20260510_222531_599.png,60,0,18.423,0
orange_pos_001993_20260510_222531_599.png,80,0,5.049,0
orange_pos_001993_20260510_222531_599.png,100,0,1.247,0
orange_pos_001993_20260510_222531_599.png,120,0,1.061,0
orange_pos_001993_20260510_222531_599.png,140,0,5.751,0
orange_pos_001993_20260510_222531_599.png,0,20,1.205,0
orange_pos_001993_20260510_222531_599.png,20,20,5.207,0
orange_pos_001993_20260510_222531_599.png,40,20,12.605,0
orange_pos_001993_20260510_222531_599.png,60,20,7.764,0
orange_pos_001993_20260510_222531_599.png,80,20,0.686,0
orange_pos_001993_20260510_222531_599.png,100,20,0.674,0
orange_pos_001993_20260510_222531_599.png,120,20,0.674,0
orange_pos_001993_20260510_222531_599.png,140,20,2.358,0
orange_pos_001993_20260510_222531_599.png,0,40,0.725,0
orange_pos_001993_20260510_222531_599.png,20,40,0.971,0
orange_pos_001993_20260510_222531_599.png,40,40,5.321,0
orange_pos_001993_20260510_222531_599.png,60,40,1.269,0
orange_pos_001993_20260510_222531_599.png,80,40,0.674,0
orange_pos_001993_20260510_222531_599.png,100,40,0.674,0
orange_pos_001993_20260510_222531_599.png,120,40,0.674,0
orange_pos_001993_20260510_222531_599.png,140,40,0.967,0
orange_pos_001993_20260510_222531_599.png,0,60,0.879,0
orange_pos_001993_20260510_222531_599.png,20,60,1.218,0
orange_pos_001993_20260510_222531_599.png,40,60,8.664,0
orange_pos_001993_20260510_222531_599.png,60,60,4.149,0
orange_pos_001993_20260510_222531_599.png,80,60,0.674,0
orange_pos_001993_20260510_222531_599.png,100,60,0.674,0
orange_pos_001993_20260510_222531_599.png,120,60,0.674,0
orange_pos_001993_20260510_222531_599.png,140,60,2.124,0
orange_pos_001993_20260510_222531_599.png,0,80,1.068,0
orange_pos_001993_20260510_222531_599.png,20,80,1.309,0
orange_pos_001993_20260510_222531_599.png,40,80,11.324,0
orange_pos_001993_20260510_222531_599.png,60,80,4.788,0
orange_pos_001993_20260510_222531_599.png,80,80,0.674,0
orange_pos_001993_20260510_222531_599.png,100,80,0.674,0
orange_pos_001993_20260510_222531_599.png,120,80,1.195,0
orange_pos_001993_20260510_222531_599.png,140,80,6.022,0
orange_pos_001993_20260510_222531_599.png,0,100,1.231,0
orange_pos_001993_20260510_222531_599.png,20,100,1.764,0
orange_pos_001993_20260510_222531_599.png,40,100,14.727,0
orange_pos_001993_20260510_222531_599.png,60,100,7.675,0
orange_pos_001993_20260510_222531_599.png,80,100,0.692,0
orange_pos_001993_20260510_222531_599.png,100,100,0.703,0
orange_pos_001993_20260510_222531_599.png,120,100,2.113,0
orange_pos_001993_20260510_222531_599.png,140,100,9.715,0
orange_pos_001994_20260510_222532_048.png,0,0,2.517,0
orange_pos_001994_20260510_222532_048.png,20,0,4.872,0
orange_pos_001994_20260510_222532_048.png,40,0,14.275,0
orange_pos_001994_20260510_222532_048.png,60,0,18.423,0
orange_pos_001994_20260510_222532_048.png,80,0,5.049,0
orange_pos_001994_20260510_222532_048.png,100,0,1.247,0
orange_pos_001994_20260510_222532_048.png,120,0,1.061,0
orange_pos_001994_20260510_222532_048.png,140,0,5.751,0
orange_pos_001994_20260510_222532_048.png,0,20,1.205,0
orange_pos_001994_20260510_222532_048.png,20,20,5.207,0
orange_pos_001994_20260510_222532_048.png,40,20,12.605,0
orange_pos_001994_20260510_222532_048.png,60,20,7.764,0
orange_pos_001994_20260510_222532_048.png,80,20,0.686,0
orange_pos_001994_20260510_222532_048.png,100,20,0.674,0
orange_pos_001994_20260510_222532_048.png,120,20,0.674,0
orange_pos_001994_20260510_222532_048.png,140,20,2.358,0
orange_pos_001994_20260510_222532_048.png,0,40,0.725,0
orange_pos_001994_20260510_222532_048.png,20,40,0.971,0
orange_pos_001994_20260510_222532_048.png,40,40,5.321,0
orange_pos_001994_20260510_222532_048.png,60,40,1.269,0
orange_pos_001994_20260510_222532_048.png,80,40,0.674,0
orange_pos_001994_20260510_222532_048.png,100,40,0.674,0
orange_pos_001994_20260510_222532_048.png,120,40,0.674,0
orange_pos_001994_20260510_222532_048.png,140,40,0.967,0
orange_pos_001994_20260510_222532_048.png,0,60,0.879,0
orange_pos_001994_20260510_222532_048.png,20,60,1.218,0
orange_pos_001994_20260510_222532_048.png,40,60,8.664,0
orange_pos_001994_20260510_222532_048.png,60,60,4.149,0
orange_pos_001994_20260510_222532_048.png,80,60,0.674,0
orange_pos_001994_20260510_222532_048.png,100,60,0.674,0
orange_pos_001994_20260510_222532_048.png,120,60,0.674,0
orange_pos_001994_20260510_222532_048.png,140,60,2.124,0
orange_pos_001994_20260510_222532_048.png,0,80,1.068,0
orange_pos_001994_20260510_222532_048.png,20,80,1.309,0
orange_pos_001994_20260510_222532_048.png,40,80,11.324,0
orange_pos_001994_20260510_222532_048.png,60,80,4.788,0
orange_pos_001994_20260510_222532_048.png,80,80,0.674,0
orange_pos_001994_20260510_222532_048.png,100,80,0.674,0
orange_pos_001994_20260510_222532_048.png,120,80,1.195,0
orange_pos_001994_20260510_222532_048.png,140,80,6.022,0
orange_pos_001994_20260510_222532_048.png,0,100,1.231,0
orange_pos_001994_20260510_222532_048.png,20,100,1.764,0
orange_pos_001994_20260510_222532_048.png,40,100,14.727,0
orange_pos_001994_20260510_222532_048.png,60,100,7.675,0
orange_pos_001994_20260510_222532_048.png,80,100,0.692,0
orange_pos_001994_20260510_222532_048.png,100,100,0.703,0
orange_pos_001994_20260510_222532_048.png,120,100,2.113,0
orange_pos_001994_20260510_222532_048.png,140,100,9.715,0
orange_pos_001995_20260510_222536_069.png,0,0,0.796,0
orange_pos_001995_20260510_222536_069.png,20,0,0.674,0
orange_pos_001995_20260510_222536_069.png,40,0,3.205,0
orange_pos_001995_20260510_222536_069.png,60,0,1.920,0
orange_pos_001995_20260510_222536_069.png,80,0,0.680,0
orange_pos_001995_20260510_222536_069.png,100,0,0.674,0
orange_pos_001995_20260510_222536_069.png,120,0,0.674,0
orange_pos_001995_20260510_222536_069.png,140,0,0.676,0
orange_pos_001995_20260510_222536_069.png,0,20,0.689,0
orange_pos_001995_20260510_222536_069.png,20,20,0.674,0
orange_pos_001995_20260510_222536_069.png,40,20,1.806,0
orange_pos_001995_20260510_222536_069.png,60,20,0.768,0
orange_pos_001995_20260510_222536_069.png,80,20,0.674,0
orange_pos_001995_20260510_222536_069.png,100,20,0.674,0
orange_pos_001995_20260510_222536_069.png,120,20,0.674,0
orange_pos_001995_20260510_222536_069.png,140,20,0.674,0
orange_pos_001995_20260510_222536_069.png,0,40,0.674,0
orange_pos_001995_20260510_222536_069.png,20,40,0.674,0
orange_pos_001995_20260510_222536_069.png,40,40,0.674,0
orange_pos_001995_20260510_222536_069.png,60,40,0.674,0
orange_pos_001995_20260510_222536_069.png,80,40,0.674,0
orange_pos_001995_20260510_222536_069.png,100,40,0.674,0
orange_pos_001995_20260510_222536_069.png,120,40,0.674,0
orange_pos_001995_20260510_222536_069.png,140,40,0.674,0
orange_pos_001995_20260510_222536_069.png,0,60,0.674,0
orange_pos_001995_20260510_222536_069.png,20,60,0.674,0
orange_pos_001995_20260510_222536_069.png,40,60,0.681,0
orange_pos_001995_20260510_222536_069.png,60,60,0.674,0
orange_pos_001995_20260510_222536_069.png,80,60,0.674,0
orange_pos_001995_20260510_222536_069.png,100,60,0.674,0
orange_pos_001995_20260510_222536_069.png,120,60,0.674,0
orange_pos_001995_20260510_222536_069.png,140,60,0.674,0
orange_pos_001995_20260510_222536_069.png,0,80,0.710,0
orange_pos_001995_20260510_222536_069.png,20,80,0.674,0
orange_pos_001995_20260510_222536_069.png,40,80,1.322,0
orange_pos_001995_20260510_222536_069.png,60,80,0.745,0
orange_pos_001995_20260510_222536_069.png,80,80,0.674,0
orange_pos_001995_20260510_222536_069.png,100,80,0.674,0
orange_pos_001995_20260510_222536_069.png,120,80,0.674,0
orange_pos_001995_20260510_222536_069.png,140,80,0.674,0
orange_pos_001995_20260510_222536_069.png,0,100,0.717,0
orange_pos_001995_20260510_222536_069.png,20,100,1.001,0
orange_pos_001995_20260510_222536_069.png,40,100,5.766,0
orange_pos_001995_20260510_222536_069.png,60,100,2.226,0
orange_pos_001995_20260510_222536_069.png,80,100,0.674,0
orange_pos_001995_20260510_222536_069.png,100,100,0.674,0
orange_pos_001995_20260510_222536_069.png,120,100,0.675,0
orange_pos_001995_20260510_222536_069.png,140,100,1.036,0
orange_pos_001996_20260510_222536_422.png,0,0,0.674,0
orange_pos_001996_20260510_222536_422.png,20,0,0.674,0
orange_pos_001996_20260510_222536_422.png,40,0,0.782,0
orange_pos_001996_20260510_222536_422.png,60,0,0.691,0
orange_pos_001996_20260510_222536_422.png,80,0,0.674,0
orange_pos_001996_20260510_222536_422.png,100,0,0.674,0
orange_pos_001996_20260510_222536_422.png,120,0,0.674,0
orange_pos_001996_20260510_222536_422.png,140,0,0.674,0
orange_pos_001996_20260510_222536_422.png,0,20,0.674,0
orange_pos_001996_20260510_222536_422.png,20,20,0.674,0
orange_pos_001996_20260510_222536_422.png,40,20,0.674,0
orange_pos_001996_20260510_222536_422.png,60,20,0.674,0
orange_pos_001996_20260510_222536_422.png,80,20,0.674,0
orange_pos_001996_20260510_222536_422.png,100,20,0.674,0
orange_pos_001996_20260510_222536_422.png,120,20,0.674,0
orange_pos_001996_20260510_222536_422.png,140,20,0.674,0
orange_pos_001996_20260510_222536_422.png,0,40,0.674,0
orange_pos_001996_20260510_222536_422.png,20,40,0.674,0
orange_pos_001996_20260510_222536_422.png,40,40,0.674,0
orange_pos_001996_20260510_222536_422.png,60,40,0.674,0
orange_pos_001996_20260510_222536_422.png,80,40,0.674,0
orange_pos_001996_20260510_222536_422.png,100,40,0.674,0
orange_pos_001996_20260510_222536_422.png,120,40,0.674,0
orange_pos_001996_20260510_222536_422.png,140,40,0.674,0
orange_pos_001996_20260510_222536_422.png,0,60,0.674,0
orange_pos_001996_20260510_222536_422.png,20,60,0.674,0
orange_pos_001996_20260510_222536_422.png,40,60,0.674,0
orange_pos_001996_20260510_222536_422.png,60,60,0.674,0
orange_pos_001996_20260510_222536_422.png,80,60,0.674,0
orange_pos_001996_20260510_222536_422.png,100,60,0.674,0
orange_pos_001996_20260510_222536_422.png,120,60,0.674,0
orange_pos_001996_20260510_222536_422.png,140,60,0.674,0
orange_pos_001996_20260510_222536_422.png,0,80,0.674,0
orange_pos_001996_20260510_222536_422.png,20,80,0.674,0
orange_pos_001996_20260510_222536_422.png,40,80,0.778,0
orange_pos_001996_20260510_222536_422.png,60,80,0.674,0
orange_pos_001996_20260510_222536_422.png,80,80,0.674,0
orange_pos_001996_20260510_222536_422.png,100,80,0.674,0
orange_pos_001996_20260510_222536_422.png,120,80,0.674,0
orange_pos_001996_20260510_222536_422.png,140,80,0.674,0
orange_pos_001996_20260510_222536_422.png,0,100,0.674,0
orange_pos_001996_20260510_222536_422.png,20,100,0.674,0
orange_pos_001996_20260510_222536_422.png,40,100,0.752,0
orange_pos_001996_20260510_222536_422.png,60,100,0.674,0
orange_pos_001996_20260510_222536_422.png,80,100,0.674,0
orange_pos_001996_20260510_222536_422.png,100,100,0.674,0
orange_pos_001996_20260510_222536_422.png,120,100,0.674,0
orange_pos_001996_20260510_222536_422.png,140,100,0.674,0
orange_pos_001997_20260510_222538_328.png,0,0,5.319,0
orange_pos_001997_20260510_222538_328.png,20,0,5.097,0
orange_pos_001997_20260510_222538_328.png,40,0,16.653,0
orange_pos_001997_20260510_222538_328.png,60,0,23.070,0
orange_pos_001997_20260510_222538_328.png,80,0,8.209,0
orange_pos_001997_20260510_222538_328.png,100,0,3.169,0
orange_pos_001997_20260510_222538_328.png,120,0,2.878,0
orange_pos_001997_20260510_222538_328.png,140,0,9.215,0
orange_pos_001997_20260510_222538_328.png,0,20,1.319,0
orange_pos_001997_20260510_222538_328.png,20,20,4.855,0
orange_pos_001997_20260510_222538_328.png,40,20,13.000,0
orange_pos_001997_20260510_222538_328.png,60,20,8.556,0
orange_pos_001997_20260510_222538_328.png,80,20,0.912,0
orange_pos_001997_20260510_222538_328.png,100,20,0.674,0
orange_pos_001997_20260510_222538_328.png,120,20,0.674,0
orange_pos_001997_20260510_222538_328.png,140,20,3.024,0
orange_pos_001997_20260510_222538_328.png,0,40,1.372,0
orange_pos_001997_20260510_222538_328.png,20,40,5.615,0
orange_pos_001997_20260510_222538_328.png,40,40,14.274,0
orange_pos_001997_20260510_222538_328.png,60,40,4.919,0
orange_pos_001997_20260510_222538_328.png,80,40,0.674,0
orange_pos_001997_20260510_222538_328.png,100,40,0.674,0
orange_pos_001997_20260510_222538_328.png,120,40,0.674,0
orange_pos_001997_20260510_222538_328.png,140,40,3.673,0
orange_pos_001997_20260510_222538_328.png,0,60,1.343,0
orange_pos_001997_20260510_222538_328.png,20,60,2.829,0
orange_pos_001997_20260510_222538_328.png,40,60,14.331,0
orange_pos_001997_20260510_222538_328.png,60,60,6.182,0
orange_pos_001997_20260510_222538_328.png,80,60,0.674,0
orange_pos_001997_20260510_222538_328.png,100,60,0.674,0
orange_pos_001997_20260510_222538_328.png,120,60,0.674,0
orange_pos_001997_20260510_222538_328.png,140,60,4.376,0
orange_pos_001997_20260510_222538_328.png,0,80,1.680,0
orange_pos_001997_20260510_222538_328.png,20,80,2.296,0
orange_pos_001997_20260510_222538_328.png,40,80,13.599,0
orange_pos_001997_20260510_222538_328.png,60,80,5.440,0
orange_pos_001997_20260510_222538_328.png,80,80,0.674,0
orange_pos_001997_20260510_222538_328.png,100,80,0.674,0
orange_pos_001997_20260510_222538_328.png,120,80,1.831,0
orange_pos_001997_20260510_222538_328.png,140,80,5.806,0
orange_pos_001997_20260510_222538_328.png,0,100,1.412,0
orange_pos_001997_20260510_222538_328.png,20,100,2.526,0
orange_pos_001997_20260510_222538_328.png,40,100,17.514,0
orange_pos_001997_20260510_222538_328.png,60,100,7.619,0
orange_pos_001997_20260510_222538_328.png,80,100,1.235,0
orange_pos_001997_20260510_222538_328.png,100,100,1.859,0
orange_pos_001997_20260510_222538_328.png,120,100,3.463,0
orange_pos_001997_20260510_222538_328.png,140,100,10.104,0
orange_pos_001998_20260510_222538_652.png,0,0,0.807,0
orange_pos_001998_20260510_222538_652.png,20,0,2.142,0
orange_pos_001998_20260510_222538_652.png,40,0,4.705,0
orange_pos_001998_20260510_222538_652.png,60,0,6.037,0
orange_pos_001998_20260510_222538_652.png,80,0,1.508,0
orange_pos_001998_20260510_222538_652.png,100,0,0.674,0
orange_pos_001998_20260510_222538_652.png,120,0,0.676,0
orange_pos_001998_20260510_222538_652.png,140,0,0.783,0
orange_pos_001998_20260510_222538_652.png,0,20,0.674,0
orange_pos_001998_20260510_222538_652.png,20,20,0.674,0
orange_pos_001998_20260510_222538_652.png,40,20,0.886,0
orange_pos_001998_20260510_222538_652.png,60,20,0.690,0
orange_pos_001998_20260510_222538_652.png,80,20,0.674,0
orange_pos_001998_20260510_222538_652.png,100,20,0.674,0
orange_pos_001998_20260510_222538_652.png,120,20,0.674,0
orange_pos_001998_20260510_222538_652.png,140,20,0.674,0
orange_pos_001998_20260510_222538_652.png,0,40,0.674,0
orange_pos_001998_20260510_222538_652.png,20,40,0.983,0
orange_pos_001998_20260510_222538_652.png,40,40,0.992,0
orange_pos_001998_20260510_222538_652.png,60,40,0.674,0
orange_pos_001998_20260510_222538_652.png,80,40,0.674,0
orange_pos_001998_20260510_222538_652.png,100,40,0.674,0
orange_pos_001998_20260510_222538_652.png,120,40,0.674,0
orange_pos_001998_20260510_222538_652.png,140,40,0.674,0
orange_pos_001998_20260510_222538_652.png,0,60,0.704,0
orange_pos_001998_20260510_222538_652.png,20,60,0.674,0
orange_pos_001998_20260510_222538_652.png,40,60,2.272,0
orange_pos_001998_20260510_222538_652.png,60,60,0.856,0
orange_pos_001998_20260510_222538_652.png,80,60,0.674,0
orange_pos_001998_20260510_222538_652.png,100,60,0.674,0
orange_pos_001998_20260510_222538_652.png,120,60,0.674,0
orange_pos_001998_20260510_222538_652.png,140,60,0.707,0
orange_pos_001998_20260510_222538_652.png,0,80,0.710,0
orange_pos_001998_20260510_222538_652.png,20,80,0.674,0
orange_pos_001998_20260510_222538_652.png,40,80,1.583,0
orange_pos_001998_20260510_222538_652.png,60,80,0.674,0
orange_pos_001998_20260510_222538_652.png,80,80,0.674,0
orange_pos_001998_20260510_222538_652.png,100,80,0.674,0
orange_pos_001998_20260510_222538_652.png,120,80,0.674,0
orange_pos_001998_20260510_222538_652.png,140,80,0.686,0
orange_pos_001998_20260510_222538_652.png,0,100,0.674,0
orange_pos_001998_20260510_222538_652.png,20,100,0.674,0
orange_pos_001998_20260510_222538_652.png,40,100,1.233,0
orange_pos_001998_20260510_222538_652.png,60,100,0.690,0
orange_pos_001998_20260510_222538_652.png,80,100,0.674,0
orange_pos_001998_20260510_222538_652.png,100,100,0.674,0
orange_pos_001998_20260510_222538_652.png,120,100,0.674,0
orange_pos_001998_20260510_222538_652.png,140,100,0.707,0
orange_pos_001999_20260510_222540_787.png,0,0,4.032,0
orange_pos_001999_20260510_222540_787.png,20,0,2.713,0
orange_pos_001999_20260510_222540_787.png,40,0,12.250,0
orange_pos_001999_20260510_222540_787.png,60,0,18.931,0
orange_pos_001999_20260510_222540_787.png,80,0,4.767,0
orange_pos_001999_20260510_222540_787.png,100,0,1.468,0
orange_pos_001999_20260510_222540_787.png,120,0,2.037,0
orange_pos_001999_20260510_222540_787.png,140,0,4.675,0
orange_pos_001999_20260510_222540_787.png,0,20,0.830,0
orange_pos_001999_20260510_222540_787.png,20,20,0.674,0
orange_pos_001999_20260510_222540_787.png,40,20,6.534,0
orange_pos_001999_20260510_222540_787.png,60,20,4.390,0
orange_pos_001999_20260510_222540_787.png,80,20,0.674,0
orange_pos_001999_20260510_222540_787.png,100,20,0.674,0
orange_pos_001999_20260510_222540_787.png,120,20,0.674,0
orange_pos_001999_20260510_222540_787.png,140,20,1.139,0
orange_pos_001999_20260510_222540_787.png,0,40,1.023,0
orange_pos_001999_20260510_222540_787.png,20,40,0.674,0
orange_pos_001999_20260510_222540_787.png,40,40,8.463,0
orange_pos_001999_20260510_222540_787.png,60,40,1.963,0
orange_pos_001999_20260510_222540_787.png,80,40,0.674,0
orange_pos_001999_20260510_222540_787.png,100,40,0.674,0
orange_pos_001999_20260510_222540_787.png,120,40,0.674,0
orange_pos_001999_20260510_222540_787.png,140,40,1.441,0
orange_pos_001999_20260510_222540_787.png,0,60,0.798,0
orange_pos_001999_20260510_222540_787.png,20,60,0.674,0
orange_pos_001999_20260510_222540_787.png,40,60,6.019,0
orange_pos_001999_20260510_222540_787.png,60,60,1.280,0
orange_pos_001999_20260510_222540_787.png,80,60,0.674,0
orange_pos_001999_20260510_222540_787.png,100,60,0.674,0
orange_pos_001999_20260510_222540_787.png,120,60,0.674,0
orange_pos_001999_20260510_222540_787.png,140,60,1.125,0
orange_pos_001999_20260510_222540_787.png,0,80,1.175,0
orange_pos_001999_20260510_222540_787.png,20,80,0.674,0
orange_pos_001999_20260510_222540_787.png,40,80,9.947,0
orange_pos_001999_20260510_222540_787.png,60,80,4.619,0
orange_pos_001999_20260510_222540_787.png,80,80,0.674,0
orange_pos_001999_20260510_222540_787.png,100,80,0.674,0
orange_pos_001999_20260510_222540_787.png,120,80,0.880,0
orange_pos_001999_20260510_222540_787.png,140,80,4.315,0
orange_pos_001999_20260510_222540_787.png,0,100,1.030,0
orange_pos_001999_20260510_222540_787.png,20,100,2.022,0
orange_pos_001999_20260510_222540_787.png,40,100,15.641,0
orange_pos_001999_20260510_222540_787.png,60,100,7.611,0
orange_pos_001999_20260510_222540_787.png,80,100,0.674,0
orange_pos_001999_20260510_222540_787.png,100,100,1.534,0
orange_pos_001999_20260510_222540_787.png,120,100,2.857,0
orange_pos_001999_20260510_222540_787.png,140,100,9.719,0
orange_pos_002000_20260510_222543_185.png,0,0,0.674,0
orange_pos_002000_20260510_222543_185.png,20,0,0.674,0
orange_pos_002000_20260510_222543_185.png,40,0,0.674,0
orange_pos_002000_20260510_222543_185.png,60,0,0.674,0
orange_pos_002000_20260510_222543_185.png,80,0,0.674,0
orange_pos_002000_20260510_222543_185.png,100,0,0.674,0
orange_pos_002000_20260510_222543_185.png,120,0,0.674,0
orange_pos_002000_20260510_222543_185.png,140,0,0.674,0
orange_pos_002000_20260510_222543_185.png,0,20,0.674,0
orange_pos_002000_20260510_222543_185.png,20,20,0.674,0
orange_pos_002000_20260510_222543_185.png,40,20,0.674,0
orange_pos_002000_20260510_222543_185.png,60,20,0.674,0
orange_pos_002000_20260510_222543_185.png,80,20,0.674,0
orange_pos_002000_20260510_222543_185.png,100,20,0.674,0
orange_pos_002000_20260510_222543_185.png,120,20,0.674,0
orange_pos_002000_20260510_222543_185.png,140,20,0.674,0
orange_pos_002000_20260510_222543_185.png,0,40,0.674,0
orange_pos_002000_20260510_222543_185.png,20,40,0.674,0
orange_pos_002000_20260510_222543_185.png,40,40,0.674,0
orange_pos_002000_20260510_222543_185.png,60,40,0.674,0
orange_pos_002000_20260510_222543_185.png,80,40,0.674,0
orange_pos_002000_20260510_222543_185.png,100,40,0.674,0
orange_pos_002000_20260510_222543_185.png,120,40,0.674,0
orange_pos_002000_20260510_222543_185.png,140,40,0.674,0
orange_pos_002000_20260510_222543_185.png,0,60,0.674,0
orange_pos_002000_20260510_222543_185.png,20,60,0.674,0
orange_pos_002000_20260510_222543_185.png,40,60,0.674,0
orange_pos_002000_20260510_222543_185.png,60,60,0.674,0
orange_pos_002000_20260510_222543_185.png,80,60,0.674,0
orange_pos_002000_20260510_222543_185.png,100,60,0.674,0
orange_pos_002000_20260510_222543_185.png,120,60,0.674,0
orange_pos_002000_20260510_222543_185.png,140,60,0.674,0
orange_pos_002000_20260510_222543_185.png,0,80,0.674,0
orange_pos_002000_20260510_222543_185.png,20,80,0.674,0
orange_pos_002000_20260510_222543_185.png,40,80,0.674,0
orange_pos_002000_20260510_222543_185.png,60,80,0.674,0
orange_pos_002000_20260510_222543_185.png,80,80,0.674,0
orange_pos_002000_20260510_222543_185.png,100,80,0.674,0
orange_pos_002000_20260510_222543_185.png,120,80,0.674,0
orange_pos_002000_20260510_222543_185.png,140,80,0.674,0
orange_pos_002000_20260510_222543_185.png,0,100,0.674,0
orange_pos_002000_20260510_222543_185.png,20,100,0.674,0
orange_pos_002000_20260510_222543_185.png,40,100,0.674,0
orange_pos_002000_20260510_222543_185.png,60,100,0.674,0
orange_pos_002000_20260510_222543_185.png,80,100,0.674,0
orange_pos_002000_20260510_222543_185.png,100,100,0.674,0
orange_pos_002000_20260510_222543_185.png,120,100,0.674,0
orange_pos_002000_20260510_222543_185.png,140,100,0.674,0
orange_pos_002001_20260510_222544_832.png,0,0,0.996,0
orange_pos_002001_20260510_222544_832.png,20,0,2.617,0
orange_pos_002001_20260510_222544_832.png,40,0,3.204,0
orange_pos_002001_20260510_222544_832.png,60,0,3.801,0
orange_pos_002001_20260510_222544_832.png,80,0,1.023,0
orange_pos_002001_20260510_222544_832.png,100,0,0.695,0
orange_pos_002001_20260510_222544_832.png,120,0,0.674,0
orange_pos_002001_20260510_222544_832.png,140,0,0.934,0
orange_pos_002001_20260510_222544_832.png,0,20,0.674,0
orange_pos_002001_20260510_222544_832.png,20,20,0.674,0
orange_pos_002001_20260510_222544_832.png,40,20,0.915,0
orange_pos_002001_20260510_222544_832.png,60,20,0.772,0
orange_pos_002001_20260510_222544_832.png,80,20,0.674,0
orange_pos_002001_20260510_222544_832.png,100,20,0.674,0
orange_pos_002001_20260510_222544_832.png,120,20,0.674,0
orange_pos_002001_20260510_222544_832.png,140,20,0.674,0
orange_pos_002001_20260510_222544_832.png,0,40,0.674,0
orange_pos_002001_20260510_222544_832.png,20,40,1.170,0
orange_pos_002001_20260510_222544_832.png,40,40,0.974,0
orange_pos_002001_20260510_222544_832.png,60,40,0.725,0
orange_pos_002001_20260510_222544_832.png,80,40,0.674,0
orange_pos_002001_20260510_222544_832.png,100,40,0.674,0
orange_pos_002001_20260510_222544_832.png,120,40,0.674,0
orange_pos_002001_20260510_222544_832.png,140,40,0.674,0
orange_pos_002001_20260510_222544_832.png,0,60,0.674,0
orange_pos_002001_20260510_222544_832.png,20,60,0.674,0
orange_pos_002001_20260510_222544_832.png,40,60,0.674,0
orange_pos_002001_20260510_222544_832.png,60,60,0.674,0
orange_pos_002001_20260510_222544_832.png,80,60,0.674,0
orange_pos_002001_20260510_222544_832.png,100,60,0.674,0
orange_pos_002001_20260510_222544_832.png,120,60,0.674,0
orange_pos_002001_20260510_222544_832.png,140,60,0.674,0
orange_pos_002001_20260510_222544_832.png,0,80,0.687,0
orange_pos_002001_20260510_222544_832.png,20,80,0.674,0
orange_pos_002001_20260510_222544_832.png,40,80,1.042,0
orange_pos_002001_20260510_222544_832.png,60,80,0.805,0
orange_pos_002001_20260510_222544_832.png,80,80,0.674,0
orange_pos_002001_20260510_222544_832.png,100,80,0.674,0
orange_pos_002001_20260510_222544_832.png,120,80,0.674,0
orange_pos_002001_20260510_222544_832.png,140,80,0.674,0
orange_pos_002001_20260510_222544_832.png,0,100,0.793,0
orange_pos_002001_20260510_222544_832.png,20,100,1.101,0
orange_pos_002001_20260510_222544_832.png,40,100,2.398,0
orange_pos_002001_20260510_222544_832.png,60,100,0.874,0
orange_pos_002001_20260510_222544_832.png,80,100,0.674,0
orange_pos_002001_20260510_222544_832.png,100,100,0.674,0
orange_pos_002001_20260510_222544_832.png,120,100,0.674,0
orange_pos_002001_20260510_222544_832.png,140,100,1.109,0
orange_pos_002002_20260510_222547_463.png,0,0,6.508,0
orange_pos_002002_20260510_222547_463.png,20,0,2.445,0
orange_pos_002002_20260510_222547_463.png,40,0,15.238,0
orange_pos_002002_20260510_222547_463.png,60,0,22.319,0
orange_pos_002002_20260510_222547_463.png,80,0,6.684,0
orange_pos_002002_20260510_222547_463.png,100,0,2.622,0
orange_pos_002002_20260510_222547_463.png,120,0,3.210,0
orange_pos_002002_20260510_222547_463.png,140,0,6.128,0
orange_pos_002002_20260510_222547_463.png,0,20,0.825,0
orange_pos_002002_20260510_222547_463.png,20,20,1.228,0
orange_pos_002002_20260510_222547_463.png,40,20,6.468,0
orange_pos_002002_20260510_222547_463.png,60,20,2.872,0
orange_pos_002002_20260510_222547_463.png,80,20,0.674,0
orange_pos_002002_20260510_222547_463.png,100,20,0.674,0
orange_pos_002002_20260510_222547_463.png,120,20,0.674,0
orange_pos_002002_20260510_222547_463.png,140,20,1.040,0
orange_pos_002002_20260510_222547_463.png,0,40,1.130,0
orange_pos_002002_20260510_222547_463.png,20,40,1.139,0
orange_pos_002002_20260510_222547_463.png,40,40,9.132,0
orange_pos_002002_20260510_222547_463.png,60,40,3.040,0
orange_pos_002002_20260510_222547_463.png,80,40,0.674,0
orange_pos_002002_20260510_222547_463.png,100,40,0.674,0
orange_pos_002002_20260510_222547_463.png,120,40,0.674,0
orange_pos_002002_20260510_222547_463.png,140,40,1.758,0
orange_pos_002002_20260510_222547_463.png,0,60,1.370,0
orange_pos_002002_20260510_222547_463.png,20,60,1.132,0
orange_pos_002002_20260510_222547_463.png,40,60,11.443,0
orange_pos_002002_20260510_222547_463.png,60,60,3.869,0
orange_pos_002002_20260510_222547_463.png,80,60,0.674,0
orange_pos_002002_20260510_222547_463.png,100,60,0.674,0
orange_pos_002002_20260510_222547_463.png,120,60,0.674,0
orange_pos_002002_20260510_222547_463.png,140,60,2.680,0
orange_pos_002002_20260510_222547_463.png,0,80,1.150,0
orange_pos_002002_20260510_222547_463.png,20,80,0.674,0
orange_pos_002002_20260510_222547_463.png,40,80,10.553,0
orange_pos_002002_20260510_222547_463.png,60,80,4.133,0
orange_pos_002002_20260510_222547_463.png,80,80,0.674,0
orange_pos_002002_20260510_222547_463.png,100,80,0.674,0
orange_pos_002002_20260510_222547_463.png,120,80,1.219,0
orange_pos_002002_20260510_222547_463.png,140,80,3.286,0
orange_pos_002002_20260510_222547_463.png,0,100,0.927,0
orange_pos_002002_20260510_222547_463.png,20,100,1.650,0
orange_pos_002002_20260510_222547_463.png,40,100,8.465,0
orange_pos_002002_20260510_222547_463.png,60,100,4.265,0
orange_pos_002002_20260510_222547_463.png,80,100,0.766,0
orange_pos_002002_20260510_222547_463.png,100,100,0.719,0
orange_pos_002002_20260510_222547_463.png,120,100,3.147,0
orange_pos_002002_20260510_222547_463.png,140,100,4.252,0
orange_pos_002003_20260510_222549_695.png,0,0,9.173,0
orange_pos_002003_20260510_222549_695.png,20,0,3.345,0
orange_pos_002003_20260510_222549_695.png,40,0,16.017,0
orange_pos_002003_20260510_222549_695.png,60,0,21.606,0
orange_pos_002003_20260510_222549_695.png,80,0,7.770,0
orange_pos_002003_20260510_222549_695.png,100,0,4.605,0
orange_pos_002003_20260510_222549_695.png,120,0,3.513,0
orange_pos_002003_20260510_222549_695.png,140,0,6.496,0
orange_pos_002003_20260510_222549_695.png,0,20,1.081,0
orange_pos_002003_20260510_222549_695.png,20,20,2.401,0
orange_pos_002003_20260510_222549_695.png,40,20,12.280,0
orange_pos_002003_20260510_222549_695.png,60,20,9.213,0
orange_pos_002003_20260510_222549_695.png,80,20,0.811,0
orange_pos_002003_20260510_222549_695.png,100,20,0.674,0
orange_pos_002003_20260510_222549_695.png,120,20,0.674,0
orange_pos_002003_20260510_222549_695.png,140,20,4.328,0
orange_pos_002003_20260510_222549_695.png,0,40,1.378,0
orange_pos_002003_20260510_222549_695.png,20,40,3.024,0
orange_pos_002003_20260510_222549_695.png,40,40,14.937,0
orange_pos_002003_20260510_222549_695.png,60,40,5.462,0
orange_pos_002003_20260510_222549_695.png,80,40,0.674,0
orange_pos_002003_20260510_222549_695.png,100,40,0.674,0
orange_pos_002003_20260510_222549_695.png,120,40,0.674,0
orange_pos_002003_20260510_222549_695.png,140,40,4.204,0
orange_pos_002003_20260510_222549_695.png,0,60,1.104,0
orange_pos_002003_20260510_222549_695.png,20,60,1.276,0
orange_pos_002003_20260510_222549_695.png,40,60,12.935,0
orange_pos_002003_20260510_222549_695.png,60,60,6.936,0
orange_pos_002003_20260510_222549_695.png,80,60,0.674,0
orange_pos_002003_20260510_222549_695.png,100,60,0.674,0
orange_pos_002003_20260510_222549_695.png,120,60,0.674,0
orange_pos_002003_20260510_222549_695.png,140,60,3.877,0
orange_pos_002003_20260510_222549_695.png,0,80,1.396,0
orange_pos_002003_20260510_222549_695.png,20,80,1.316,0
orange_pos_002003_20260510_222549_695.png,40,80,17.028,0
orange_pos_002003_20260510_222549_695.png,60,80,7.782,0
orange_pos_002003_20260510_222549_695.png,80,80,0.674,0
orange_pos_002003_20260510_222549_695.png,100,80,0.821,0
orange_pos_002003_20260510_222549_695.png,120,80,2.749,0
orange_pos_002003_20260510_222549_695.png,140,80,9.104,0
orange_pos_002003_20260510_222549_695.png,0,100,1.223,0
orange_pos_002003_20260510_222549_695.png,20,100,1.997,0
orange_pos_002003_20260510_222549_695.png,40,100,16.523,0
orange_pos_002003_20260510_222549_695.png,60,100,8.423,0
orange_pos_002003_20260510_222549_695.png,80,100,0.946,0
orange_pos_002003_20260510_222549_695.png,100,100,1.445,0
orange_pos_002003_20260510_222549_695.png,120,100,2.890,0
orange_pos_002003_20260510_222549_695.png,140,100,8.235,0
orange_pos_002004_20260510_222551_900.png,0,0,0.722,0
orange_pos_002004_20260510_222551_900.png,20,0,1.321,0
orange_pos_002004_20260510_222551_900.png,40,0,1.566,0
orange_pos_002004_20260510_222551_900.png,60,0,1.211,0
orange_pos_002004_20260510_222551_900.png,80,0,0.674,0
orange_pos_002004_20260510_222551_900.png,100,0,0.674,0
orange_pos_002004_20260510_222551_900.png,120,0,0.674,0
orange_pos_002004_20260510_222551_900.png,140,0,0.674,0
orange_pos_002004_20260510_222551_900.png,0,20,0.684,0
orange_pos_002004_20260510_222551_900.png,20,20,0.741,0
orange_pos_002004_20260510_222551_900.png,40,20,1.108,0
orange_pos_002004_20260510_222551_900.png,60,20,0.865,0
orange_pos_002004_20260510_222551_900.png,80,20,0.674,0
orange_pos_002004_20260510_222551_900.png,100,20,0.674,0
orange_pos_002004_20260510_222551_900.png,120,20,0.674,0
orange_pos_002004_20260510_222551_900.png,140,20,0.674,0
orange_pos_002004_20260510_222551_900.png,0,40,0.696,0
orange_pos_002004_20260510_222551_900.png,20,40,0.674,0
orange_pos_002004_20260510_222551_900.png,40,40,1.360,0
orange_pos_002004_20260510_222551_900.png,60,40,0.678,0
orange_pos_002004_20260510_222551_900.png,80,40,0.674,0
orange_pos_002004_20260510_222551_900.png,100,40,0.674,0
orange_pos_002004_20260510_222551_900.png,120,40,0.674,0
orange_pos_002004_20260510_222551_900.png,140,40,0.674,0
orange_pos_002004_20260510_222551_900.png,0,60,0.694,0
orange_pos_002004_20260510_222551_900.png,20,60,0.674,0
orange_pos_002004_20260510_222551_900.png,40,60,1.015,0
orange_pos_002004_20260510_222551_900.png,60,60,0.674,0
orange_pos_002004_20260510_222551_900.png,80,60,0.674,0
orange_pos_002004_20260510_222551_900.png,100,60,0.674,0
orange_pos_002004_20260510_222551_900.png,120,60,0.674,0
orange_pos_002004_20260510_222551_900.png,140,60,0.674,0
orange_pos_002004_20260510_222551_900.png,0,80,0.693,0
orange_pos_002004_20260510_222551_900.png,20,80,0.674,0
orange_pos_002004_20260510_222551_900.png,40,80,1.010,0
orange_pos_002004_20260510_222551_900.png,60,80,0.674,0
orange_pos_002004_20260510_222551_900.png,80,80,0.674,0
orange_pos_002004_20260510_222551_900.png,100,80,0.674,0
orange_pos_002004_20260510_222551_900.png,120,80,0.674,0
orange_pos_002004_20260510_222551_900.png,140,80,0.674,0
orange_pos_002004_20260510_222551_900.png,0,100,0.729,0
orange_pos_002004_20260510_222551_900.png,20,100,0.709,0
orange_pos_002004_20260510_222551_900.png,40,100,1.784,0
orange_pos_002004_20260510_222551_900.png,60,100,0.827,0
orange_pos_002004_20260510_222551_900.png,80,100,0.674,0
orange_pos_002004_20260510_222551_900.png,100,100,0.674,0
orange_pos_002004_20260510_222551_900.png,120,100,0.674,0
orange_pos_002004_20260510_222551_900.png,140,100,0.895,0
orange_pos_002005_20260510_222553_864.png,0,0,0.674,0
orange_pos_002005_20260510_222553_864.png,20,0,0.674,0
orange_pos_002005_20260510_222553_864.png,40,0,0.841,0
orange_pos_002005_20260510_222553_864.png,60,0,0.674,0
orange_pos_002005_20260510_222553_864.png,80,0,0.674,0
orange_pos_002005_20260510_222553_864.png,100,0,0.674,0
orange_pos_002005_20260510_222553_864.png,120,0,0.674,0
orange_pos_002005_20260510_222553_864.png,140,0,0.674,0
orange_pos_002005_20260510_222553_864.png,0,20,0.674,0
orange_pos_002005_20260510_222553_864.png,20,20,0.674,0
orange_pos_002005_20260510_222553_864.png,40,20,0.674,0
orange_pos_002005_20260510_222553_864.png,60,20,0.674,0
orange_pos_002005_20260510_222553_864.png,80,20,0.674,0
orange_pos_002005_20260510_222553_864.png,100,20,0.674,0
orange_pos_002005_20260510_222553_864.png,120,20,0.674,0
orange_pos_002005_20260510_222553_864.png,140,20,0.674,0
orange_pos_002005_20260510_222553_864.png,0,40,0.674,0
orange_pos_002005_20260510_222553_864.png,20,40,0.674,0
orange_pos_002005_20260510_222553_864.png,40,40,0.694,0
orange_pos_002005_20260510_222553_864.png,60,40,0.674,0
orange_pos_002005_20260510_222553_864.png,80,40,0.674,0
orange_pos_002005_20260510_222553_864.png,100,40,0.674,0
orange_pos_002005_20260510_222553_864.png,120,40,0.674,0
orange_pos_002005_20260510_222553_864.png,140,40,0.674,0
orange_pos_002005_20260510_222553_864.png,0,60,0.674,0
orange_pos_002005_20260510_222553_864.png,20,60,0.674,0
orange_pos_002005_20260510_222553_864.png,40,60,0.674,0
orange_pos_002005_20260510_222553_864.png,60,60,0.674,0
orange_pos_002005_20260510_222553_864.png,80,60,0.674,0
orange_pos_002005_20260510_222553_864.png,100,60,0.674,0
orange_pos_002005_20260510_222553_864.png,120,60,0.674,0
orange_pos_002005_20260510_222553_864.png,140,60,0.674,0
orange_pos_002005_20260510_222553_864.png,0,80,0.674,0
orange_pos_002005_20260510_222553_864.png,20,80,0.674,0
orange_pos_002005_20260510_222553_864.png,40,80,0.674,0
orange_pos_002005_20260510_222553_864.png,60,80,0.674,0
orange_pos_002005_20260510_222553_864.png,80,80,0.674,0
orange_pos_002005_20260510_222553_864.png,100,80,0.674,0
orange_pos_002005_20260510_222553_864.png,120,80,0.674,0
orange_pos_002005_20260510_222553_864.png,140,80,0.674,0
orange_pos_002005_20260510_222553_864.png,0,100,0.674,0
orange_pos_002005_20260510_222553_864.png,20,100,0.674,0
orange_pos_002005_20260510_222553_864.png,40,100,0.674,0
orange_pos_002005_20260510_222553_864.png,60,100,0.674,0
orange_pos_002005_20260510_222553_864.png,80,100,0.674,0
orange_pos_002005_20260510_222553_864.png,100,100,0.674,0
orange_pos_002005_20260510_222553_864.png,120,100,0.674,0
orange_pos_002005_20260510_222553_864.png,140,100,0.674,0
orange_pos_002006_20260510_222554_172.png,0,0,0.674,0
orange_pos_002006_20260510_222554_172.png,20,0,0.674,0
orange_pos_002006_20260510_222554_172.png,40,0,0.674,0
orange_pos_002006_20260510_222554_172.png,60,0,0.674,0
orange_pos_002006_20260510_222554_172.png,80,0,0.674,0
orange_pos_002006_20260510_222554_172.png,100,0,0.674,0
orange_pos_002006_20260510_222554_172.png,120,0,0.674,0
orange_pos_002006_20260510_222554_172.png,140,0,0.674,0
orange_pos_002006_20260510_222554_172.png,0,20,0.674,0
orange_pos_002006_20260510_222554_172.png,20,20,0.674,0
orange_pos_002006_20260510_222554_172.png,40,20,0.674,0
orange_pos_002006_20260510_222554_172.png,60,20,0.674,0
orange_pos_002006_20260510_222554_172.png,80,20,0.674,0
orange_pos_002006_20260510_222554_172.png,100,20,0.674,0
orange_pos_002006_20260510_222554_172.png,120,20,0.674,0
orange_pos_002006_20260510_222554_172.png,140,20,0.674,0
orange_pos_002006_20260510_222554_172.png,0,40,0.674,0
orange_pos_002006_20260510_222554_172.png,20,40,0.674,0
orange_pos_002006_20260510_222554_172.png,40,40,0.674,0
orange_pos_002006_20260510_222554_172.png,60,40,0.674,0
orange_pos_002006_20260510_222554_172.png,80,40,0.674,0
orange_pos_002006_20260510_222554_172.png,100,40,0.674,0
orange_pos_002006_20260510_222554_172.png,120,40,0.674,0
orange_pos_002006_20260510_222554_172.png,140,40,0.674,0
orange_pos_002006_20260510_222554_172.png,0,60,0.674,0
orange_pos_002006_20260510_222554_172.png,20,60,0.674,0
orange_pos_002006_20260510_222554_172.png,40,60,0.674,0
orange_pos_002006_20260510_222554_172.png,60,60,0.674,0
orange_pos_002006_20260510_222554_172.png,80,60,0.674,0
orange_pos_002006_20260510_222554_172.png,100,60,0.674,0
orange_pos_002006_20260510_222554_172.png,120,60,0.674,0
orange_pos_002006_20260510_222554_172.png,140,60,0.674,0
orange_pos_002006_20260510_222554_172.png,0,80,0.674,0
orange_pos_002006_20260510_222554_172.png,20,80,0.674,0
orange_pos_002006_20260510_222554_172.png,40,80,0.674,0
orange_pos_002006_20260510_222554_172.png,60,80,0.674,0
orange_pos_002006_20260510_222554_172.png,80,80,0.674,0
orange_pos_002006_20260510_222554_172.png,100,80,0.674,0
orange_pos_002006_20260510_222554_172.png,120,80,0.674,0
orange_pos_002006_20260510_222554_172.png,140,80,0.674,0
orange_pos_002006_20260510_222554_172.png,0,100,0.674,0
orange_pos_002006_20260510_222554_172.png,20,100,0.674,0
orange_pos_002006_20260510_222554_172.png,40,100,0.674,0
orange_pos_002006_20260510_222554_172.png,60,100,0.674,0
orange_pos_002006_20260510_222554_172.png,80,100,0.674,0
orange_pos_002006_20260510_222554_172.png,100,100,0.674,0
orange_pos_002006_20260510_222554_172.png,120,100,0.674,0
orange_pos_002006_20260510_222554_172.png,140,100,0.674,0
orange_pos_002007_20260510_222556_132.png,0,0,3.083,0
orange_pos_002007_20260510_222556_132.png,20,0,0.913,0
orange_pos_002007_20260510_222556_132.png,40,0,12.305,0
orange_pos_002007_20260510_222556_132.png,60,0,15.438,0
orange_pos_002007_20260510_222556_132.png,80,0,3.360,0
orange_pos_002007_20260510_222556_132.png,100,0,1.172,0
orange_pos_002007_20260510_222556_132.png,120,0,0.946,0
orange_pos_002007_20260510_222556_132.png,140,0,2.543,0
orange_pos_002007_20260510_222556_132.png,0,20,0.784,0
orange_pos_002007_20260510_222556_132.png,20,20,0.699,0
orange_pos_002007_20260510_222556_132.png,40,20,4.949,0
orange_pos_002007_20260510_222556_132.png,60,20,3.122,0
orange_pos_002007_20260510_222556_132.png,80,20,0.674,0
orange_pos_002007_20260510_222556_132.png,100,20,0.674,0
orange_pos_002007_20260510_222556_132.png,120,20,0.674,0
orange_pos_002007_20260510_222556_132.png,140,20,1.342,0
orange_pos_002007_20260510_222556_132.png,0,40,1.015,0
orange_pos_002007_20260510_222556_132.png,20,40,1.069,0
orange_pos_002007_20260510_222556_132.png,40,40,5.564,0
orange_pos_002007_20260510_222556_132.png,60,40,1.833,0
orange_pos_002007_20260510_222556_132.png,80,40,0.674,0
orange_pos_002007_20260510_222556_132.png,100,40,0.674,0
orange_pos_002007_20260510_222556_132.png,120,40,0.674,0
orange_pos_002007_20260510_222556_132.png,140,40,1.645,0
orange_pos_002007_20260510_222556_132.png,0,60,1.181,0
orange_pos_002007_20260510_222556_132.png,20,60,0.674,0
orange_pos_002007_20260510_222556_132.png,40,60,10.752,0
orange_pos_002007_20260510_222556_132.png,60,60,4.924,0
orange_pos_002007_20260510_222556_132.png,80,60,0.674,0
orange_pos_002007_20260510_222556_132.png,100,60,0.674,0
orange_pos_002007_20260510_222556_132.png,120,60,0.674,0
orange_pos_002007_20260510_222556_132.png,140,60,3.017,0
orange_pos_002007_20260510_222556_132.png,0,80,0.831,0
orange_pos_002007_20260510_222556_132.png,20,80,0.674,0
orange_pos_002007_20260510_222556_132.png,40,80,4.836,0
orange_pos_002007_20260510_222556_132.png,60,80,2.044,0
orange_pos_002007_20260510_222556_132.png,80,80,0.674,0
orange_pos_002007_20260510_222556_132.png,100,80,0.674,0
orange_pos_002007_20260510_222556_132.png,120,80,0.689,0
orange_pos_002007_20260510_222556_132.png,140,80,1.382,0
orange_pos_002007_20260510_222556_132.png,0,100,0.993,0
orange_pos_002007_20260510_222556_132.png,20,100,1.887,0
orange_pos_002007_20260510_222556_132.png,40,100,10.661,0
orange_pos_002007_20260510_222556_132.png,60,100,4.424,0
orange_pos_002007_20260510_222556_132.png,80,100,0.674,0
orange_pos_002007_20260510_222556_132.png,100,100,0.742,0
orange_pos_002007_20260510_222556_132.png,120,100,1.700,0
orange_pos_002007_20260510_222556_132.png,140,100,4.388,0
orange_pos_002008_20260510_222556_504.png,0,0,0.674,0
orange_pos_002008_20260510_222556_504.png,20,0,0.674,0
orange_pos_002008_20260510_222556_504.png,40,0,0.674,0
orange_pos_002008_20260510_222556_504.png,60,0,0.674,0
orange_pos_002008_20260510_222556_504.png,80,0,0.674,0
orange_pos_002008_20260510_222556_504.png,100,0,0.674,0
orange_pos_002008_20260510_222556_504.png,120,0,0.674,0
orange_pos_002008_20260510_222556_504.png,140,0,0.674,0
orange_pos_002008_20260510_222556_504.png,0,20,0.674,0
orange_pos_002008_20260510_222556_504.png,20,20,0.674,0
orange_pos_002008_20260510_222556_504.png,40,20,0.674,0
orange_pos_002008_20260510_222556_504.png,60,20,0.674,0
orange_pos_002008_20260510_222556_504.png,80,20,0.674,0
orange_pos_002008_20260510_222556_504.png,100,20,0.674,0
orange_pos_002008_20260510_222556_504.png,120,20,0.674,0
orange_pos_002008_20260510_222556_504.png,140,20,0.674,0
orange_pos_002008_20260510_222556_504.png,0,40,0.674,0
orange_pos_002008_20260510_222556_504.png,20,40,0.674,0
orange_pos_002008_20260510_222556_504.png,40,40,0.674,0
orange_pos_002008_20260510_222556_504.png,60,40,0.674,0
orange_pos_002008_20260510_222556_504.png,80,40,0.674,0
orange_pos_002008_20260510_222556_504.png,100,40,0.674,0
orange_pos_002008_20260510_222556_504.png,120,40,0.674,0
orange_pos_002008_20260510_222556_504.png,140,40,0.674,0
orange_pos_002008_20260510_222556_504.png,0,60,0.674,0
orange_pos_002008_20260510_222556_504.png,20,60,0.674,0
orange_pos_002008_20260510_222556_504.png,40,60,0.674,0
orange_pos_002008_20260510_222556_504.png,60,60,0.674,0
orange_pos_002008_20260510_222556_504.png,80,60,0.674,0
orange_pos_002008_20260510_222556_504.png,100,60,0.674,0
orange_pos_002008_20260510_222556_504.png,120,60,0.674,0
orange_pos_002008_20260510_222556_504.png,140,60,0.674,0
orange_pos_002008_20260510_222556_504.png,0,80,0.674,0
orange_pos_002008_20260510_222556_504.png,20,80,0.674,0
orange_pos_002008_20260510_222556_504.png,40,80,0.674,0
orange_pos_002008_20260510_222556_504.png,60,80,0.674,0
orange_pos_002008_20260510_222556_504.png,80,80,0.674,0
orange_pos_002008_20260510_222556_504.png,100,80,0.674,0
orange_pos_002008_20260510_222556_504.png,120,80,0.674,0
orange_pos_002008_20260510_222556_504.png,140,80,0.674,0
orange_pos_002008_20260510_222556_504.png,0,100,0.674,0
orange_pos_002008_20260510_222556_504.png,20,100,0.674,0
orange_pos_002008_20260510_222556_504.png,40,100,0.674,0
orange_pos_002008_20260510_222556_504.png,60,100,0.674,0
orange_pos_002008_20260510_222556_504.png,80,100,0.674,0
orange_pos_002008_20260510_222556_504.png,100,100,0.674,0
orange_pos_002008_20260510_222556_504.png,120,100,0.674,0
orange_pos_002008_20260510_222556_504.png,140,100,0.674,0
orange_pos_002009_20260510_222558_297.png,0,0,0.674,0
orange_pos_002009_20260510_222558_297.png,20,0,0.674,0
orange_pos_002009_20260510_222558_297.png,40,0,0.674,0
orange_pos_002009_20260510_222558_297.png,60,0,0.674,0
orange_pos_002009_20260510_222558_297.png,80,0,0.674,0
orange_pos_002009_20260510_222558_297.png,100,0,0.674,0
orange_pos_002009_20260510_222558_297.png,120,0,0.674,0
orange_pos_002009_20260510_222558_297.png,140,0,0.674,0
orange_pos_002009_20260510_222558_297.png,0,20,0.674,0
orange_pos_002009_20260510_222558_297.png,20,20,0.674,0
orange_pos_002009_20260510_222558_297.png,40,20,0.674,0
orange_pos_002009_20260510_222558_297.png,60,20,0.674,0
orange_pos_002009_20260510_222558_297.png,80,20,0.674,0
orange_pos_002009_20260510_222558_297.png,100,20,0.674,0
orange_pos_002009_20260510_222558_297.png,120,20,0.674,0
orange_pos_002009_20260510_222558_297.png,140,20,0.674,0
orange_pos_002009_20260510_222558_297.png,0,40,0.674,0
orange_pos_002009_20260510_222558_297.png,20,40,0.839,0
orange_pos_002009_20260510_222558_297.png,40,40,0.674,0
orange_pos_002009_20260510_222558_297.png,60,40,0.674,0
orange_pos_002009_20260510_222558_297.png,80,40,0.674,0
orange_pos_002009_20260510_222558_297.png,100,40,0.674,0
orange_pos_002009_20260510_222558_297.png,120,40,0.674,0
orange_pos_002009_20260510_222558_297.png,140,40,0.674,0
orange_pos_002009_20260510_222558_297.png,0,60,0.674,0
orange_pos_002009_20260510_222558_297.png,20,60,0.674,0
orange_pos_002009_20260510_222558_297.png,40,60,0.674,0
orange_pos_002009_20260510_222558_297.png,60,60,0.674,0
orange_pos_002009_20260510_222558_297.png,80,60,0.674,0
orange_pos_002009_20260510_222558_297.png,100,60,0.674,0
orange_pos_002009_20260510_222558_297.png,120,60,0.674,0
orange_pos_002009_20260510_222558_297.png,140,60,0.674,0
orange_pos_002009_20260510_222558_297.png,0,80,0.674,0
orange_pos_002009_20260510_222558_297.png,20,80,0.674,0
orange_pos_002009_20260510_222558_297.png,40,80,0.674,0
orange_pos_002009_20260510_222558_297.png,60,80,0.674,0
orange_pos_002009_20260510_222558_297.png,80,80,0.674,0
orange_pos_002009_20260510_222558_297.png,100,80,0.674,0
orange_pos_002009_20260510_222558_297.png,120,80,0.674,0
orange_pos_002009_20260510_222558_297.png,140,80,0.674,0
orange_pos_002009_20260510_222558_297.png,0,100,0.674,0
orange_pos_002009_20260510_222558_297.png,20,100,0.674,0
orange_pos_002009_20260510_222558_297.png,40,100,0.674,0
orange_pos_002009_20260510_222558_297.png,60,100,0.674,0
orange_pos_002009_20260510_222558_297.png,80,100,0.674,0
orange_pos_002009_20260510_222558_297.png,100,100,0.674,0
orange_pos_002009_20260510_222558_297.png,120,100,0.674,0
orange_pos_002009_20260510_222558_297.png,140,100,0.674,0
orange_pos_002010_20260510_222600_518.png,0,0,0.695,0
orange_pos_002010_20260510_222600_518.png,20,0,0.674,0
orange_pos_002010_20260510_222600_518.png,40,0,0.674,0
orange_pos_002010_20260510_222600_518.png,60,0,0.674,0
orange_pos_002010_20260510_222600_518.png,80,0,0.674,0
orange_pos_002010_20260510_222600_518.png,100,0,0.674,0
orange_pos_002010_20260510_222600_518.png,120,0,0.674,0
orange_pos_002010_20260510_222600_518.png,140,0,0.674,0
orange_pos_002010_20260510_222600_518.png,0,20,0.726,0
orange_pos_002010_20260510_222600_518.png,20,20,0.769,0
orange_pos_002010_20260510_222600_518.png,40,20,1.457,0
orange_pos_002010_20260510_222600_518.png,60,20,0.821,0
orange_pos_002010_20260510_222600_518.png,80,20,0.674,0
orange_pos_002010_20260510_222600_518.png,100,20,0.674,0
orange_pos_002010_20260510_222600_518.png,120,20,0.674,0
orange_pos_002010_20260510_222600_518.png,140,20,0.674,0
orange_pos_002010_20260510_222600_518.png,0,40,0.674,0
orange_pos_002010_20260510_222600_518.png,20,40,0.674,0
orange_pos_002010_20260510_222600_518.png,40,40,0.674,0
orange_pos_002010_20260510_222600_518.png,60,40,0.674,0
orange_pos_002010_20260510_222600_518.png,80,40,0.674,0
orange_pos_002010_20260510_222600_518.png,100,40,0.674,0
orange_pos_002010_20260510_222600_518.png,120,40,0.674,0
orange_pos_002010_20260510_222600_518.png,140,40,0.674,0
orange_pos_002010_20260510_222600_518.png,0,60,0.675,0
orange_pos_002010_20260510_222600_518.png,20,60,0.674,0
orange_pos_002010_20260510_222600_518.png,40,60,0.884,0
orange_pos_002010_20260510_222600_518.png,60,60,0.674,0
orange_pos_002010_20260510_222600_518.png,80,60,0.674,0
orange_pos_002010_20260510_222600_518.png,100,60,0.674,0
orange_pos_002010_20260510_222600_518.png,120,60,0.674,0
orange_pos_002010_20260510_222600_518.png,140,60,0.674,0
orange_pos_002010_20260510_222600_518.png,0,80,0.674,0
orange_pos_002010_20260510_222600_518.png,20,80,0.674,0
orange_pos_002010_20260510_222600_518.png,40,80,0.674,0
orange_pos_002010_20260510_222600_518.png,60,80,0.674,0
orange_pos_002010_20260510_222600_518.png,80,80,0.674,0
orange_pos_002010_20260510_222600_518.png,100,80,0.674,0
orange_pos_002010_20260510_222600_518.png,120,80,0.674,0
orange_pos_002010_20260510_222600_518.png,140,80,0.674,0
orange_pos_002010_20260510_222600_518.png,0,100,0.674,0
orange_pos_002010_20260510_222600_518.png,20,100,0.675,0
orange_pos_002010_20260510_222600_518.png,40,100,0.920,0
orange_pos_002010_20260510_222600_518.png,60,100,0.700,0
orange_pos_002010_20260510_222600_518.png,80,100,0.674,0
orange_pos_002010_20260510_222600_518.png,100,100,0.674,0
orange_pos_002010_20260510_222600_518.png,120,100,0.674,0
orange_pos_002010_20260510_222600_518.png,140,100,0.674,0
orange_pos_002011_20260510_222602_882.png,0,0,8.443,0
orange_pos_002011_20260510_222602_882.png,20,0,5.320,0
orange_pos_002011_20260510_222602_882.png,40,0,17.575,0
orange_pos_002011_20260510_222602_882.png,60,0,26.690,0
orange_pos_002011_20260510_222602_882.png,80,0,8.028,0
orange_pos_002011_20260510_222602_882.png,100,0,2.873,0
orange_pos_002011_20260510_222602_882.png,120,0,4.166,0
orange_pos_002011_20260510_222602_882.png,140,0,8.092,0
orange_pos_002011_20260510_222602_882.png,0,20,1.177,0
orange_pos_002011_20260510_222602_882.png,20,20,3.106,0
orange_pos_002011_20260510_222602_882.png,40,20,12.606,0
orange_pos_002011_20260510_222602_882.png,60,20,10.306,0
orange_pos_002011_20260510_222602_882.png,80,20,0.842,0
orange_pos_002011_20260510_222602_882.png,100,20,0.674,0
orange_pos_002011_20260510_222602_882.png,120,20,0.674,0
orange_pos_002011_20260510_222602_882.png,140,20,4.522,0
orange_pos_002011_20260510_222602_882.png,0,40,1.258,0
orange_pos_002011_20260510_222602_882.png,20,40,1.561,0
orange_pos_002011_20260510_222602_882.png,40,40,13.827,0
orange_pos_002011_20260510_222602_882.png,60,40,6.596,0
orange_pos_002011_20260510_222602_882.png,80,40,0.674,0
orange_pos_002011_20260510_222602_882.png,100,40,0.674,0
orange_pos_002011_20260510_222602_882.png,120,40,0.674,0
orange_pos_002011_20260510_222602_882.png,140,40,2.292,0
orange_pos_002011_20260510_222602_882.png,0,60,1.350,0
orange_pos_002011_20260510_222602_882.png,20,60,1.148,0
orange_pos_002011_20260510_222602_882.png,40,60,14.719,0
orange_pos_002011_20260510_222602_882.png,60,60,8.558,0
orange_pos_002011_20260510_222602_882.png,80,60,0.674,0
orange_pos_002011_20260510_222602_882.png,100,60,0.674,0
orange_pos_002011_20260510_222602_882.png,120,60,0.674,0
orange_pos_002011_20260510_222602_882.png,140,60,5.154,0
orange_pos_002011_20260510_222602_882.png,0,80,1.968,0
orange_pos_002011_20260510_222602_882.png,20,80,2.633,0
orange_pos_002011_20260510_222602_882.png,40,80,17.798,0
orange_pos_002011_20260510_222602_882.png,60,80,8.674,0
orange_pos_002011_20260510_222602_882.png,80,80,0.674,0
orange_pos_002011_20260510_222602_882.png,100,80,0.682,0
orange_pos_002011_20260510_222602_882.png,120,80,1.812,0
orange_pos_002011_20260510_222602_882.png,140,80,11.232,0
orange_pos_002011_20260510_222602_882.png,0,100,1.091,0
orange_pos_002011_20260510_222602_882.png,20,100,1.842,0
orange_pos_002011_20260510_222602_882.png,40,100,14.310,0
orange_pos_002011_20260510_222602_882.png,60,100,6.276,0
orange_pos_002011_20260510_222602_882.png,80,100,0.674,0
orange_pos_002011_20260510_222602_882.png,100,100,0.674,0
orange_pos_002011_20260510_222602_882.png,120,100,2.058,0
orange_pos_002011_20260510_222602_882.png,140,100,5.404,0
orange_pos_002012_20260510_222609_254.png,0,0,1.696,0
orange_pos_002012_20260510_222609_254.png,20,0,4.007,0
orange_pos_002012_20260510_222609_254.png,40,0,14.474,0
orange_pos_002012_20260510_222609_254.png,60,0,17.881,0
orange_pos_002012_20260510_222609_254.png,80,0,3.210,0
orange_pos_002012_20260510_222609_254.png,100,0,0.817,0
orange_pos_002012_20260510_222609_254.png,120,0,0.744,0
orange_pos_002012_20260510_222609_254.png,140,0,3.035,0
orange_pos_002012_20260510_222609_254.png,0,20,0.698,0
orange_pos_002012_20260510_222609_254.png,20,20,2.263,0
orange_pos_002012_20260510_222609_254.png,40,20,4.257,0
orange_pos_002012_20260510_222609_254.png,60,20,1.671,0
orange_pos_002012_20260510_222609_254.png,80,20,0.674,0
orange_pos_002012_20260510_222609_254.png,100,20,0.674,0
orange_pos_002012_20260510_222609_254.png,120,20,0.674,0
orange_pos_002012_20260510_222609_254.png,140,20,0.756,0
orange_pos_002012_20260510_222609_254.png,0,40,1.032,0
orange_pos_002012_20260510_222609_254.png,20,40,2.718,0
orange_pos_002012_20260510_222609_254.png,40,40,11.771,0
orange_pos_002012_20260510_222609_254.png,60,40,2.486,0
orange_pos_002012_20260510_222609_254.png,80,40,0.674,0
orange_pos_002012_20260510_222609_254.png,100,40,0.674,0
orange_pos_002012_20260510_222609_254.png,120,40,0.674,0
orange_pos_002012_20260510_222609_254.png,140,40,2.408,0
orange_pos_002012_20260510_222609_254.png,0,60,0.674,0
orange_pos_002012_20260510_222609_254.png,20,60,0.674,0
orange_pos_002012_20260510_222609_254.png,40,60,0.674,0
orange_pos_002012_20260510_222609_254.png,60,60,0.674,0
orange_pos_002012_20260510_222609_254.png,80,60,0.674,0
orange_pos_002012_20260510_222609_254.png,100,60,0.674,0
orange_pos_002012_20260510_222609_254.png,120,60,0.674,0
orange_pos_002012_20260510_222609_254.png,140,60,0.674,0
orange_pos_002012_20260510_222609_254.png,0,80,2.022,0
orange_pos_002012_20260510_222609_254.png,20,80,2.836,0
orange_pos_002012_20260510_222609_254.png,40,80,17.776,0
orange_pos_002012_20260510_222609_254.png,60,80,8.469,0
orange_pos_002012_20260510_222609_254.png,80,80,0.674,0
orange_pos_002012_20260510_222609_254.png,100,80,0.674,0
orange_pos_002012_20260510_222609_254.png,120,80,1.190,0
orange_pos_002012_20260510_222609_254.png,140,80,8.905,0
orange_pos_002012_20260510_222609_254.png,0,100,1.148,0
orange_pos_002012_20260510_222609_254.png,20,100,1.445,0
orange_pos_002012_20260510_222609_254.png,40,100,12.835,0
orange_pos_002012_20260510_222609_254.png,60,100,6.062,0
orange_pos_002012_20260510_222609_254.png,80,100,0.676,0
orange_pos_002012_20260510_222609_254.png,100,100,0.875,0
orange_pos_002012_20260510_222609_254.png,120,100,2.767,0
orange_pos_002012_20260510_222609_254.png,140,100,7.645,0
orange_pos_002013_20260510_222609_608.png,0,0,2.577,0
orange_pos_002013_20260510_222609_608.png,20,0,4.911,0
orange_pos_002013_20260510_222609_608.png,40,0,13.530,0
orange_pos_002013_20260510_222609_608.png,60,0,21.265,0
orange_pos_002013_20260510_222609_608.png,80,0,4.280,0
orange_pos_002013_20260510_222609_608.png,100,0,0.961,0
orange_pos_002013_20260510_222609_608.png,120,0,0.950,0
orange_pos_002013_20260510_222609_608.png,140,0,5.790,0
orange_pos_002013_20260510_222609_608.png,0,20,0.788,0
orange_pos_002013_20260510_222609_608.png,20,20,0.674,0
orange_pos_002013_20260510_222609_608.png,40,20,4.314,0
orange_pos_002013_20260510_222609_608.png,60,20,1.951,0
orange_pos_002013_20260510_222609_608.png,80,20,0.674,0
orange_pos_002013_20260510_222609_608.png,100,20,0.674,0
orange_pos_002013_20260510_222609_608.png,120,20,0.674,0
orange_pos_002013_20260510_222609_608.png,140,20,0.761,0
orange_pos_002013_20260510_222609_608.png,0,40,0.939,0
orange_pos_002013_20260510_222609_608.png,20,40,3.353,0
orange_pos_002013_20260510_222609_608.png,40,40,8.154,0
orange_pos_002013_20260510_222609_608.png,60,40,2.327,0
orange_pos_002013_20260510_222609_608.png,80,40,0.674,0
orange_pos_002013_20260510_222609_608.png,100,40,0.674,0
orange_pos_002013_20260510_222609_608.png,120,40,0.674,0
orange_pos_002013_20260510_222609_608.png,140,40,2.182,0
orange_pos_002013_20260510_222609_608.png,0,60,0.979,0
orange_pos_002013_20260510_222609_608.png,20,60,1.044,0
orange_pos_002013_20260510_222609_608.png,40,60,7.076,0
orange_pos_002013_20260510_222609_608.png,60,60,2.522,0
orange_pos_002013_20260510_222609_608.png,80,60,0.674,0
orange_pos_002013_20260510_222609_608.png,100,60,0.674,0
orange_pos_002013_20260510_222609_608.png,120,60,0.674,0
orange_pos_002013_20260510_222609_608.png,140,60,1.417,0
orange_pos_002013_20260510_222609_608.png,0,80,1.174,0
orange_pos_002013_20260510_222609_608.png,20,80,0.954,0
orange_pos_002013_20260510_222609_608.png,40,80,8.292,0
orange_pos_002013_20260510_222609_608.png,60,80,2.812,0
orange_pos_002013_20260510_222609_608.png,80,80,0.674,0
orange_pos_002013_20260510_222609_608.png,100,80,0.674,0
orange_pos_002013_20260510_222609_608.png,120,80,1.053,0
orange_pos_002013_20260510_222609_608.png,140,80,2.909,0
orange_pos_002013_20260510_222609_608.png,0,100,0.978,0
orange_pos_002013_20260510_222609_608.png,20,100,1.258,0
orange_pos_002013_20260510_222609_608.png,40,100,8.626,0
orange_pos_002013_20260510_222609_608.png,60,100,3.373,0
orange_pos_002013_20260510_222609_608.png,80,100,0.674,0
orange_pos_002013_20260510_222609_608.png,100,100,0.674,0
orange_pos_002013_20260510_222609_608.png,120,100,1.675,0
orange_pos_002013_20260510_222609_608.png,140,100,3.255,0
orange_pos_002014_20260510_222609_968.png,0,0,0.674,0
orange_pos_002014_20260510_222609_968.png,20,0,1.066,0
orange_pos_002014_20260510_222609_968.png,40,0,2.184,0
orange_pos_002014_20260510_222609_968.png,60,0,1.693,0
orange_pos_002014_20260510_222609_968.png,80,0,0.674,0
orange_pos_002014_20260510_222609_968.png,100,0,0.674,0
orange_pos_002014_20260510_222609_968.png,120,0,0.674,0
orange_pos_002014_20260510_222609_968.png,140,0,0.674,0
orange_pos_002014_20260510_222609_968.png,0,20,0.674,0
orange_pos_002014_20260510_222609_968.png,20,20,0.674,0
orange_pos_002014_20260510_222609_968.png,40,20,1.435,0
orange_pos_002014_20260510_222609_968.png,60,20,0.674,0
orange_pos_002014_20260510_222609_968.png,80,20,0.674,0
orange_pos_002014_20260510_222609_968.png,100,20,0.674,0
orange_pos_002014_20260510_222609_968.png,120,20,0.674,0
orange_pos_002014_20260510_222609_968.png,140,20,0.674,0
orange_pos_002014_20260510_222609_968.png,0,40,0.674,0
orange_pos_002014_20260510_222609_968.png,20,40,0.674,0
orange_pos_002014_20260510_222609_968.png,40,40,0.937,0
orange_pos_002014_20260510_222609_968.png,60,40,0.674,0
orange_pos_002014_20260510_222609_968.png,80,40,0.674,0
orange_pos_002014_20260510_222609_968.png,100,40,0.674,0
orange_pos_002014_20260510_222609_968.png,120,40,0.674,0
orange_pos_002014_20260510_222609_968.png,140,40,0.674,0
orange_pos_002014_20260510_222609_968.png,0,60,0.681,0
orange_pos_002014_20260510_222609_968.png,20,60,0.674,0
orange_pos_002014_20260510_222609_968.png,40,60,0.753,0
orange_pos_002014_20260510_222609_968.png,60,60,0.674,0
orange_pos_002014_20260510_222609_968.png,80,60,0.674,0
orange_pos_002014_20260510_222609_968.png,100,60,0.674,0
orange_pos_002014_20260510_222609_968.png,120,60,0.674,0
orange_pos_002014_20260510_222609_968.png,140,60,0.674,0
orange_pos_002014_20260510_222609_968.png,0,80,0.690,0
orange_pos_002014_20260510_222609_968.png,20,80,0.674,0
orange_pos_002014_20260510_222609_968.png,40,80,1.823,0
orange_pos_002014_20260510_222609_968.png,60,80,0.767,0
orange_pos_002014_20260510_222609_968.png,80,80,0.674,0
orange_pos_002014_20260510_222609_968.png,100,80,0.674,0
orange_pos_002014_20260510_222609_968.png,120,80,0.674,0
orange_pos_002014_20260510_222609_968.png,140,80,0.674,0
orange_pos_002014_20260510_222609_968.png,0,100,0.674,0
orange_pos_002014_20260510_222609_968.png,20,100,0.674,0
orange_pos_002014_20260510_222609_968.png,40,100,0.704,0
orange_pos_002014_20260510_222609_968.png,60,100,0.674,0
orange_pos_002014_20260510_222609_968.png,80,100,0.674,0
orange_pos_002014_20260510_222609_968.png,100,100,0.674,0
orange_pos_002014_20260510_222609_968.png,120,100,0.674,0
orange_pos_002014_20260510_222609_968.png,140,100,0.674,0
orange_pos_002015_20260510_222613_702.png,0,0,0.700,0
orange_pos_002015_20260510_222613_702.png,20,0,0.674,0
orange_pos_002015_20260510_222613_702.png,40,0,0.674,0
orange_pos_002015_20260510_222613_702.png,60,0,0.674,0
orange_pos_002015_20260510_222613_702.png,80,0,0.674,0
orange_pos_002015_20260510_222613_702.png,100,0,0.674,0
orange_pos_002015_20260510_222613_702.png,120,0,0.674,0
orange_pos_002015_20260510_222613_702.png,140,0,0.674,0
orange_pos_002015_20260510_222613_702.png,0,20,0.674,0
orange_pos_002015_20260510_222613_702.png,20,20,0.674,0
orange_pos_002015_20260510_222613_702.png,40,20,0.674,0
orange_pos_002015_20260510_222613_702.png,60,20,0.674,0
orange_pos_002015_20260510_222613_702.png,80,20,0.674,0
orange_pos_002015_20260510_222613_702.png,100,20,0.674,0
orange_pos_002015_20260510_222613_702.png,120,20,0.674,0
orange_pos_002015_20260510_222613_702.png,140,20,0.674,0
orange_pos_002015_20260510_222613_702.png,0,40,0.674,0
orange_pos_002015_20260510_222613_702.png,20,40,0.674,0
orange_pos_002015_20260510_222613_702.png,40,40,0.674,0
orange_pos_002015_20260510_222613_702.png,60,40,0.913,0
orange_pos_002015_20260510_222613_702.png,80,40,0.965,0
orange_pos_002015_20260510_222613_702.png,100,40,0.674,0
orange_pos_002015_20260510_222613_702.png,120,40,0.674,0
orange_pos_002015_20260510_222613_702.png,140,40,0.674,0
orange_pos_002015_20260510_222613_702.png,0,60,0.674,0
orange_pos_002015_20260510_222613_702.png,20,60,0.674,0
orange_pos_002015_20260510_222613_702.png,40,60,1.868,0
orange_pos_002015_20260510_222613_702.png,60,60,251.831,1
orange_pos_002015_20260510_222613_702.png,80,60,115.180,1
orange_pos_002015_20260510_222613_702.png,100,60,0.674,0
orange_pos_002015_20260510_222613_702.png,120,60,0.674,0
orange_pos_002015_20260510_222613_702.png,140,60,0.674,0
orange_pos_002015_20260510_222613_702.png,0,80,0.674,0
orange_pos_002015_20260510_222613_702.png,20,80,0.674,0
orange_pos_002015_20260510_222613_702.png,40,80,0.674,0
orange_pos_002015_20260510_222613_702.png,60,80,166.746,1
orange_pos_002015_20260510_222613_702.png,80,80,66.179,1
orange_pos_002015_20260510_222613_702.png,100,80,0.674,0
orange_pos_002015_20260510_222613_702.png,120,80,0.674,0
orange_pos_002015_20260510_222613_702.png,140,80,0.674,0
orange_pos_002015_20260510_222613_702.png,0,100,0.674,0
orange_pos_002015_20260510_222613_702.png,20,100,0.674,0
orange_pos_002015_20260510_222613_702.png,40,100,0.674,0
orange_pos_002015_20260510_222613_702.png,60,100,0.674,0
orange_pos_002015_20260510_222613_702.png,80,100,0.674,0
orange_pos_002015_20260510_222613_702.png,100,100,0.674,0
orange_pos_002015_20260510_222613_702.png,120,100,0.674,0
orange_pos_002015_20260510_222613_702.png,140,100,0.674,0
orange_pos_002016_20260510_222616_016.png,0,0,2.489,0
orange_pos_002016_20260510_222616_016.png,20,0,2.610,0
orange_pos_002016_20260510_222616_016.png,40,0,5.262,0
orange_pos_002016_20260510_222616_016.png,60,0,6.677,0
orange_pos_002016_20260510_222616_016.png,80,0,1.333,0
orange_pos_002016_20260510_222616_016.png,100,0,1.387,0
orange_pos_002016_20260510_222616_016.png,120,0,0.990,0
orange_pos_002016_20260510_222616_016.png,140,0,2.107,0
orange_pos_002016_20260510_222616_016.png,0,20,0.741,0
orange_pos_002016_20260510_222616_016.png,20,20,0.745,0
orange_pos_002016_20260510_222616_016.png,40,20,3.023,0
orange_pos_002016_20260510_222616_016.png,60,20,1.784,0
orange_pos_002016_20260510_222616_016.png,80,20,0.674,0
orange_pos_002016_20260510_222616_016.png,100,20,0.674,0
orange_pos_002016_20260510_222616_016.png,120,20,0.674,0
orange_pos_002016_20260510_222616_016.png,140,20,0.674,0
orange_pos_002016_20260510_222616_016.png,0,40,0.685,0
orange_pos_002016_20260510_222616_016.png,20,40,0.674,0
orange_pos_002016_20260510_222616_016.png,40,40,3.602,0
orange_pos_002016_20260510_222616_016.png,60,40,0.823,0
orange_pos_002016_20260510_222616_016.png,80,40,0.674,0
orange_pos_002016_20260510_222616_016.png,100,40,0.674,0
orange_pos_002016_20260510_222616_016.png,120,40,0.674,0
orange_pos_002016_20260510_222616_016.png,140,40,0.679,0
orange_pos_002016_20260510_222616_016.png,0,60,0.935,0
orange_pos_002016_20260510_222616_016.png,20,60,0.674,0
orange_pos_002016_20260510_222616_016.png,40,60,2.955,0
orange_pos_002016_20260510_222616_016.png,60,60,1.070,0
orange_pos_002016_20260510_222616_016.png,80,60,0.674,0
orange_pos_002016_20260510_222616_016.png,100,60,0.674,0
orange_pos_002016_20260510_222616_016.png,120,60,0.674,0
orange_pos_002016_20260510_222616_016.png,140,60,2.972,0
orange_pos_002016_20260510_222616_016.png,0,80,1.013,0
orange_pos_002016_20260510_222616_016.png,20,80,0.674,0
orange_pos_002016_20260510_222616_016.png,40,80,4.279,0
orange_pos_002016_20260510_222616_016.png,60,80,1.559,0
orange_pos_002016_20260510_222616_016.png,80,80,0.674,0
orange_pos_002016_20260510_222616_016.png,100,80,40.596,0
orange_pos_002016_20260510_222616_016.png,120,80,54.815,0
orange_pos_002016_20260510_222616_016.png,140,80,3.718,0
orange_pos_002016_20260510_222616_016.png,0,100,1.081,0
orange_pos_002016_20260510_222616_016.png,20,100,0.923,0
orange_pos_002016_20260510_222616_016.png,40,100,4.228,0
orange_pos_002016_20260510_222616_016.png,60,100,1.713,0
orange_pos_002016_20260510_222616_016.png,80,100,0.674,0
orange_pos_002016_20260510_222616_016.png,100,100,59.999,0
orange_pos_002016_20260510_222616_016.png,120,100,68.562,1
orange_pos_002016_20260510_222616_016.png,140,100,7.888,0
orange_pos_002017_20260510_222616_421.png,0,0,0.692,0
orange_pos_002017_20260510_222616_421.png,20,0,0.674,0
orange_pos_002017_20260510_222616_421.png,40,0,2.179,0
orange_pos_002017_20260510_222616_421.png,60,0,2.397,0
orange_pos_002017_20260510_222616_421.png,80,0,0.674,0
orange_pos_002017_20260510_222616_421.png,100,0,0.674,0
orange_pos_002017_20260510_222616_421.png,120,0,0.674,0
orange_pos_002017_20260510_222616_421.png,140,0,0.674,0
orange_pos_002017_20260510_222616_421.png,0,20,0.696,0
orange_pos_002017_20260510_222616_421.png,20,20,0.675,0
orange_pos_002017_20260510_222616_421.png,40,20,2.610,0
orange_pos_002017_20260510_222616_421.png,60,20,1.440,0
orange_pos_002017_20260510_222616_421.png,80,20,0.674,0
orange_pos_002017_20260510_222616_421.png,100,20,0.674,0
orange_pos_002017_20260510_222616_421.png,120,20,0.674,0
orange_pos_002017_20260510_222616_421.png,140,20,0.681,0
orange_pos_002017_20260510_222616_421.png,0,40,0.688,0
orange_pos_002017_20260510_222616_421.png,20,40,0.674,0
orange_pos_002017_20260510_222616_421.png,40,40,2.727,0
orange_pos_002017_20260510_222616_421.png,60,40,1.158,0
orange_pos_002017_20260510_222616_421.png,80,40,0.674,0
orange_pos_002017_20260510_222616_421.png,100,40,0.674,0
orange_pos_002017_20260510_222616_421.png,120,40,0.674,0
orange_pos_002017_20260510_222616_421.png,140,40,0.674,0
orange_pos_002017_20260510_222616_421.png,0,60,0.852,0
orange_pos_002017_20260510_222616_421.png,20,60,0.677,0
orange_pos_002017_20260510_222616_421.png,40,60,4.842,0
orange_pos_002017_20260510_222616_421.png,60,60,1.434,0
orange_pos_002017_20260510_222616_421.png,80,60,0.674,0
orange_pos_002017_20260510_222616_421.png,100,60,0.674,0
orange_pos_002017_20260510_222616_421.png,120,60,1.403,0
orange_pos_002017_20260510_222616_421.png,140,60,2.329,0
orange_pos_002017_20260510_222616_421.png,0,80,0.695,0
orange_pos_002017_20260510_222616_421.png,20,80,0.674,0
orange_pos_002017_20260510_222616_421.png,40,80,0.681,0
orange_pos_002017_20260510_222616_421.png,60,80,0.674,0
orange_pos_002017_20260510_222616_421.png,80,80,0.674,0
orange_pos_002017_20260510_222616_421.png,100,80,29.325,0
orange_pos_002017_20260510_222616_421.png,120,80,39.887,0
orange_pos_002017_20260510_222616_421.png,140,80,1.332,0
orange_pos_002017_20260510_222616_421.png,0,100,0.865,0
orange_pos_002017_20260510_222616_421.png,20,100,0.701,0
orange_pos_002017_20260510_222616_421.png,40,100,1.534,0
orange_pos_002017_20260510_222616_421.png,60,100,1.046,0
orange_pos_002017_20260510_222616_421.png,80,100,0.674,0
orange_pos_002017_20260510_222616_421.png,100,100,47.232,0
orange_pos_002017_20260510_222616_421.png,120,100,69.205,1
orange_pos_002017_20260510_222616_421.png,140,100,4.095,0
orange_pos_002018_20260510_222618_466.png,0,0,0.877,0
orange_pos_002018_20260510_222618_466.png,20,0,0.674,0
orange_pos_002018_20260510_222618_466.png,40,0,2.423,0
orange_pos_002018_20260510_222618_466.png,60,0,6.114,0
orange_pos_002018_20260510_222618_466.png,80,0,61.303,0
orange_pos_002018_20260510_222618_466.png,100,0,7.558,0
orange_pos_002018_20260510_222618_466.png,120,0,3.869,0
orange_pos_002018_20260510_222618_466.png,140,0,4.655,0
orange_pos_002018_20260510_222618_466.png,0,20,0.845,0
orange_pos_002018_20260510_222618_466.png,20,20,0.674,0
orange_pos_002018_20260510_222618_466.png,40,20,1.977,0
orange_pos_002018_20260510_222618_466.png,60,20,43.872,0
orange_pos_002018_20260510_222618_466.png,80,20,153.172,1
orange_pos_002018_20260510_222618_466.png,100,20,33.002,0
orange_pos_002018_20260510_222618_466.png,120,20,0.817,0
orange_pos_002018_20260510_222618_466.png,140,20,5.859,0
orange_pos_002018_20260510_222618_466.png,0,40,0.956,0
orange_pos_002018_20260510_222618_466.png,20,40,0.674,0
orange_pos_002018_20260510_222618_466.png,40,40,2.027,0
orange_pos_002018_20260510_222618_466.png,60,40,0.761,0
orange_pos_002018_20260510_222618_466.png,80,40,27.673,0
orange_pos_002018_20260510_222618_466.png,100,40,1.374,0
orange_pos_002018_20260510_222618_466.png,120,40,2.326,0
orange_pos_002018_20260510_222618_466.png,140,40,2.864,0
orange_pos_002018_20260510_222618_466.png,0,60,0.742,0
orange_pos_002018_20260510_222618_466.png,20,60,0.674,0
orange_pos_002018_20260510_222618_466.png,40,60,2.004,0
orange_pos_002018_20260510_222618_466.png,60,60,1.290,0
orange_pos_002018_20260510_222618_466.png,80,60,0.674,0
orange_pos_002018_20260510_222618_466.png,100,60,0.674,0
orange_pos_002018_20260510_222618_466.png,120,60,0.674,0
orange_pos_002018_20260510_222618_466.png,140,60,0.789,0
orange_pos_002018_20260510_222618_466.png,0,80,0.691,0
orange_pos_002018_20260510_222618_466.png,20,80,0.674,0
orange_pos_002018_20260510_222618_466.png,40,80,1.184,0
orange_pos_002018_20260510_222618_466.png,60,80,0.701,0
orange_pos_002018_20260510_222618_466.png,80,80,0.674,0
orange_pos_002018_20260510_222618_466.png,100,80,0.674,0
orange_pos_002018_20260510_222618_466.png,120,80,0.675,0
orange_pos_002018_20260510_222618_466.png,140,80,0.674,0
orange_pos_002018_20260510_222618_466.png,0,100,0.692,0
orange_pos_002018_20260510_222618_466.png,20,100,0.754,0
orange_pos_002018_20260510_222618_466.png,40,100,1.558,0
orange_pos_002018_20260510_222618_466.png,60,100,1.208,0
orange_pos_002018_20260510_222618_466.png,80,100,0.674,0
orange_pos_002018_20260510_222618_466.png,100,100,0.674,0
orange_pos_002018_20260510_222618_466.png,120,100,0.674,0
orange_pos_002018_20260510_222618_466.png,140,100,0.780,0
orange_pos_002019_20260510_222620_619.png,0,0,0.674,0
orange_pos_002019_20260510_222620_619.png,20,0,0.674,0
orange_pos_002019_20260510_222620_619.png,40,0,0.674,0
orange_pos_002019_20260510_222620_619.png,60,0,0.674,0
orange_pos_002019_20260510_222620_619.png,80,0,0.674,0
orange_pos_002019_20260510_222620_619.png,100,0,0.674,0
orange_pos_002019_20260510_222620_619.png,120,0,0.674,0
orange_pos_002019_20260510_222620_619.png,140,0,0.674,0
orange_pos_002019_20260510_222620_619.png,0,20,0.674,0
orange_pos_002019_20260510_222620_619.png,20,20,0.674,0
orange_pos_002019_20260510_222620_619.png,40,20,0.674,0
orange_pos_002019_20260510_222620_619.png,60,20,0.674,0
orange_pos_002019_20260510_222620_619.png,80,20,0.674,0
orange_pos_002019_20260510_222620_619.png,100,20,0.674,0
orange_pos_002019_20260510_222620_619.png,120,20,0.674,0
orange_pos_002019_20260510_222620_619.png,140,20,0.674,0
orange_pos_002019_20260510_222620_619.png,0,40,0.674,0
orange_pos_002019_20260510_222620_619.png,20,40,0.819,0
orange_pos_002019_20260510_222620_619.png,40,40,0.674,0
orange_pos_002019_20260510_222620_619.png,60,40,39.002,0
orange_pos_002019_20260510_222620_619.png,80,40,58.202,0
orange_pos_002019_20260510_222620_619.png,100,40,0.674,0
orange_pos_002019_20260510_222620_619.png,120,40,0.674,0
orange_pos_002019_20260510_222620_619.png,140,40,0.674,0
orange_pos_002019_20260510_222620_619.png,0,60,0.674,0
orange_pos_002019_20260510_222620_619.png,20,60,0.674,0
orange_pos_002019_20260510_222620_619.png,40,60,0.674,0
orange_pos_002019_20260510_222620_619.png,60,60,117.284,1
orange_pos_002019_20260510_222620_619.png,80,60,162.766,1
orange_pos_002019_20260510_222620_619.png,100,60,0.678,0
orange_pos_002019_20260510_222620_619.png,120,60,0.674,0
orange_pos_002019_20260510_222620_619.png,140,60,0.674,0
orange_pos_002019_20260510_222620_619.png,0,80,0.674,0
orange_pos_002019_20260510_222620_619.png,20,80,0.674,0
orange_pos_002019_20260510_222620_619.png,40,80,0.674,0
orange_pos_002019_20260510_222620_619.png,60,80,0.674,0
orange_pos_002019_20260510_222620_619.png,80,80,0.674,0
orange_pos_002019_20260510_222620_619.png,100,80,0.674,0
orange_pos_002019_20260510_222620_619.png,120,80,0.674,0
orange_pos_002019_20260510_222620_619.png,140,80,0.674,0
orange_pos_002019_20260510_222620_619.png,0,100,0.676,0
orange_pos_002019_20260510_222620_619.png,20,100,0.674,0
orange_pos_002019_20260510_222620_619.png,40,100,1.752,0
orange_pos_002019_20260510_222620_619.png,60,100,0.771,0
orange_pos_002019_20260510_222620_619.png,80,100,0.674,0
orange_pos_002019_20260510_222620_619.png,100,100,0.674,0
orange_pos_002019_20260510_222620_619.png,120,100,0.674,0
orange_pos_002019_20260510_222620_619.png,140,100,0.674,0
orange_pos_002020_20260510_222620_998.png,0,0,1.604,0
orange_pos_002020_20260510_222620_998.png,20,0,3.396,0
orange_pos_002020_20260510_222620_998.png,40,0,0.674,0
orange_pos_002020_20260510_222620_998.png,60,0,0.675,0
orange_pos_002020_20260510_222620_998.png,80,0,2.168,0
orange_pos_002020_20260510_222620_998.png,100,0,1.372,0
orange_pos_002020_20260510_222620_998.png,120,0,0.912,0
orange_pos_002020_20260510_222620_998.png,140,0,2.472,0
orange_pos_002020_20260510_222620_998.png,0,20,0.765,0
orange_pos_002020_20260510_222620_998.png,20,20,0.674,0
orange_pos_002020_20260510_222620_998.png,40,20,0.674,0
orange_pos_002020_20260510_222620_998.png,60,20,0.674,0
orange_pos_002020_20260510_222620_998.png,80,20,0.674,0
orange_pos_002020_20260510_222620_998.png,100,20,0.674,0
orange_pos_002020_20260510_222620_998.png,120,20,0.674,0
orange_pos_002020_20260510_222620_998.png,140,20,0.674,0
orange_pos_002020_20260510_222620_998.png,0,40,1.005,0
orange_pos_002020_20260510_222620_998.png,20,40,1.323,0
orange_pos_002020_20260510_222620_998.png,40,40,1.051,0
orange_pos_002020_20260510_222620_998.png,60,40,6.835,0
orange_pos_002020_20260510_222620_998.png,80,40,21.715,0
orange_pos_002020_20260510_222620_998.png,100,40,0.674,0
orange_pos_002020_20260510_222620_998.png,120,40,0.674,0
orange_pos_002020_20260510_222620_998.png,140,40,1.382,0
orange_pos_002020_20260510_222620_998.png,0,60,0.816,0
orange_pos_002020_20260510_222620_998.png,20,60,0.693,0
orange_pos_002020_20260510_222620_998.png,40,60,1.449,0
orange_pos_002020_20260510_222620_998.png,60,60,141.910,1
orange_pos_002020_20260510_222620_998.png,80,60,203.470,1
orange_pos_002020_20260510_222620_998.png,100,60,1.838,0
orange_pos_002020_20260510_222620_998.png,120,60,0.674,0
orange_pos_002020_20260510_222620_998.png,140,60,0.988,0
orange_pos_002020_20260510_222620_998.png,0,80,0.686,0
orange_pos_002020_20260510_222620_998.png,20,80,0.674,0
orange_pos_002020_20260510_222620_998.png,40,80,2.941,0
orange_pos_002020_20260510_222620_998.png,60,80,17.526,0
orange_pos_002020_20260510_222620_998.png,80,80,47.519,0
orange_pos_002020_20260510_222620_998.png,100,80,0.674,0
orange_pos_002020_20260510_222620_998.png,120,80,0.674,0
orange_pos_002020_20260510_222620_998.png,140,80,0.674,0
orange_pos_002020_20260510_222620_998.png,0,100,0.768,0
orange_pos_002020_20260510_222620_998.png,20,100,0.893,0
orange_pos_002020_20260510_222620_998.png,40,100,3.385,0
orange_pos_002020_20260510_222620_998.png,60,100,1.996,0
orange_pos_002020_20260510_222620_998.png,80,100,0.674,0
orange_pos_002020_20260510_222620_998.png,100,100,0.674,0
orange_pos_002020_20260510_222620_998.png,120,100,0.674,0
orange_pos_002020_20260510_222620_998.png,140,100,1.061,0
orange_pos_002021_20260510_222622_768.png,0,0,1.306,0
orange_pos_002021_20260510_222622_768.png,20,0,1.114,0
orange_pos_002021_20260510_222622_768.png,40,0,5.270,0
orange_pos_002021_20260510_222622_768.png,60,0,0.765,0
orange_pos_002021_20260510_222622_768.png,80,0,1.801,0
orange_pos_002021_20260510_222622_768.png,100,0,3.295,0
orange_pos_002021_20260510_222622_768.png,120,0,1.505,0
orange_pos_002021_20260510_222622_768.png,140,0,3.328,0
orange_pos_002021_20260510_222622_768.png,0,20,0.869,0
orange_pos_002021_20260510_222622_768.png,20,20,0.674,0
orange_pos_002021_20260510_222622_768.png,40,20,1.287,0
orange_pos_002021_20260510_222622_768.png,60,20,0.674,0
orange_pos_002021_20260510_222622_768.png,80,20,0.674,0
orange_pos_002021_20260510_222622_768.png,100,20,1.567,0
orange_pos_002021_20260510_222622_768.png,120,20,0.674,0
orange_pos_002021_20260510_222622_768.png,140,20,1.433,0
orange_pos_002021_20260510_222622_768.png,0,40,0.706,0
orange_pos_002021_20260510_222622_768.png,20,40,0.674,0
orange_pos_002021_20260510_222622_768.png,40,40,1.025,0
orange_pos_002021_20260510_222622_768.png,60,40,0.703,0
orange_pos_002021_20260510_222622_768.png,80,40,0.674,0
orange_pos_002021_20260510_222622_768.png,100,40,30.056,0
orange_pos_002021_20260510_222622_768.png,120,40,43.989,0
orange_pos_002021_20260510_222622_768.png,140,40,0.766,0
orange_pos_002021_20260510_222622_768.png,0,60,0.864,0
orange_pos_002021_20260510_222622_768.png,20,60,0.674,0
orange_pos_002021_20260510_222622_768.png,40,60,2.542,0
orange_pos_002021_20260510_222622_768.png,60,60,1.204,0
orange_pos_002021_20260510_222622_768.png,80,60,0.674,0
orange_pos_002021_20260510_222622_768.png,100,60,68.133,1
orange_pos_002021_20260510_222622_768.png,120,60,73.296,1
orange_pos_002021_20260510_222622_768.png,140,60,0.833,0
orange_pos_002021_20260510_222622_768.png,0,80,0.806,0
orange_pos_002021_20260510_222622_768.png,20,80,0.710,0
orange_pos_002021_20260510_222622_768.png,40,80,4.037,0
orange_pos_002021_20260510_222622_768.png,60,80,1.600,0
orange_pos_002021_20260510_222622_768.png,80,80,0.674,0
orange_pos_002021_20260510_222622_768.png,100,80,0.674,0
orange_pos_002021_20260510_222622_768.png,120,80,0.674,0
orange_pos_002021_20260510_222622_768.png,140,80,1.855,0
orange_pos_002021_20260510_222622_768.png,0,100,0.800,0
orange_pos_002021_20260510_222622_768.png,20,100,0.726,0
orange_pos_002021_20260510_222622_768.png,40,100,2.763,0
orange_pos_002021_20260510_222622_768.png,60,100,1.493,0
orange_pos_002021_20260510_222622_768.png,80,100,0.674,0
orange_pos_002021_20260510_222622_768.png,100,100,0.674,0
orange_pos_002021_20260510_222622_768.png,120,100,0.674,0
orange_pos_002021_20260510_222622_768.png,140,100,1.453,0
orange_pos_002023_20260510_222623_196.png,0,0,0.674,0
orange_pos_002023_20260510_222623_196.png,20,0,0.674,0
orange_pos_002023_20260510_222623_196.png,40,0,0.674,0
orange_pos_002023_20260510_222623_196.png,60,0,0.674,0
orange_pos_002023_20260510_222623_196.png,80,0,0.674,0
orange_pos_002023_20260510_222623_196.png,100,0,0.674,0
orange_pos_002023_20260510_222623_196.png,120,0,0.674,0
orange_pos_002023_20260510_222623_196.png,140,0,0.674,0
orange_pos_002023_20260510_222623_196.png,0,20,0.674,0
orange_pos_002023_20260510_222623_196.png,20,20,0.674,0
orange_pos_002023_20260510_222623_196.png,40,20,0.674,0
orange_pos_002023_20260510_222623_196.png,60,20,0.674,0
orange_pos_002023_20260510_222623_196.png,80,20,0.674,0
orange_pos_002023_20260510_222623_196.png,100,20,0.674,0
orange_pos_002023_20260510_222623_196.png,120,20,0.674,0
orange_pos_002023_20260510_222623_196.png,140,20,0.674,0
orange_pos_002023_20260510_222623_196.png,0,40,0.674,0
orange_pos_002023_20260510_222623_196.png,20,40,0.674,0
orange_pos_002023_20260510_222623_196.png,40,40,0.674,0
orange_pos_002023_20260510_222623_196.png,60,40,0.674,0
orange_pos_002023_20260510_222623_196.png,80,40,0.674,0
orange_pos_002023_20260510_222623_196.png,100,40,2.899,0
orange_pos_002023_20260510_222623_196.png,120,40,0.674,0
orange_pos_002023_20260510_222623_196.png,140,40,0.674,0
orange_pos_002023_20260510_222623_196.png,0,60,0.674,0
orange_pos_002023_20260510_222623_196.png,20,60,0.674,0
orange_pos_002023_20260510_222623_196.png,40,60,0.674,0
orange_pos_002023_20260510_222623_196.png,60,60,0.674,0
orange_pos_002023_20260510_222623_196.png,80,60,0.674,0
orange_pos_002023_20260510_222623_196.png,100,60,16.305,0
orange_pos_002023_20260510_222623_196.png,120,60,14.836,0
orange_pos_002023_20260510_222623_196.png,140,60,0.674,0
orange_pos_002023_20260510_222623_196.png,0,80,0.674,0
orange_pos_002023_20260510_222623_196.png,20,80,0.674,0
orange_pos_002023_20260510_222623_196.png,40,80,0.674,0
orange_pos_002023_20260510_222623_196.png,60,80,0.674,0
orange_pos_002023_20260510_222623_196.png,80,80,0.674,0
orange_pos_002023_20260510_222623_196.png,100,80,0.674,0
orange_pos_002023_20260510_222623_196.png,120,80,0.674,0
orange_pos_002023_20260510_222623_196.png,140,80,0.674,0
orange_pos_002023_20260510_222623_196.png,0,100,0.674,0
orange_pos_002023_20260510_222623_196.png,20,100,0.674,0
orange_pos_002023_20260510_222623_196.png,40,100,0.674,0
orange_pos_002023_20260510_222623_196.png,60,100,0.674,0
orange_pos_002023_20260510_222623_196.png,80,100,0.674,0
orange_pos_002023_20260510_222623_196.png,100,100,0.674,0
orange_pos_002023_20260510_222623_196.png,120,100,0.674,0
orange_pos_002023_20260510_222623_196.png,140,100,0.674,0
orange_pos_002024_20260510_222625_359.png,0,0,2.918,0
orange_pos_002024_20260510_222625_359.png,20,0,2.159,0
orange_pos_002024_20260510_222625_359.png,40,0,5.530,0
orange_pos_002024_20260510_222625_359.png,60,0,5.071,0
orange_pos_002024_20260510_222625_359.png,80,0,0.765,0
orange_pos_002024_20260510_222625_359.png,100,0,2.021,0
orange_pos_002024_20260510_222625_359.png,120,0,15.827,0
orange_pos_002024_20260510_222625_359.png,140,0,10.431,0
orange_pos_002024_20260510_222625_359.png,0,20,0.799,0
orange_pos_002024_20260510_222625_359.png,20,20,1.468,0
orange_pos_002024_20260510_222625_359.png,40,20,1.351,0
orange_pos_002024_20260510_222625_359.png,60,20,3.005,0
orange_pos_002024_20260510_222625_359.png,80,20,0.675,0
orange_pos_002024_20260510_222625_359.png,100,20,0.674,0
orange_pos_002024_20260510_222625_359.png,120,20,1.230,0
orange_pos_002024_20260510_222625_359.png,140,20,2.731,0
orange_pos_002024_20260510_222625_359.png,0,40,0.828,0
orange_pos_002024_20260510_222625_359.png,20,40,0.710,0
orange_pos_002024_20260510_222625_359.png,40,40,3.505,0
orange_pos_002024_20260510_222625_359.png,60,40,2.059,0
orange_pos_002024_20260510_222625_359.png,80,40,0.674,0
orange_pos_002024_20260510_222625_359.png,100,40,0.674,0
orange_pos_002024_20260510_222625_359.png,120,40,0.674,0
orange_pos_002024_20260510_222625_359.png,140,40,0.743,0
orange_pos_002024_20260510_222625_359.png,0,60,0.854,0
orange_pos_002024_20260510_222625_359.png,20,60,0.683,0
orange_pos_002024_20260510_222625_359.png,40,60,7.611,0
orange_pos_002024_20260510_222625_359.png,60,60,3.082,0
orange_pos_002024_20260510_222625_359.png,80,60,0.674,0
orange_pos_002024_20260510_222625_359.png,100,60,0.674,0
orange_pos_002024_20260510_222625_359.png,120,60,0.674,0
orange_pos_002024_20260510_222625_359.png,140,60,1.047,0
orange_pos_002024_20260510_222625_359.png,0,80,0.916,0
orange_pos_002024_20260510_222625_359.png,20,80,1.305,0
orange_pos_002024_20260510_222625_359.png,40,80,4.889,0
orange_pos_002024_20260510_222625_359.png,60,80,3.046,0
orange_pos_002024_20260510_222625_359.png,80,80,0.674,0
orange_pos_002024_20260510_222625_359.png,100,80,0.674,0
orange_pos_002024_20260510_222625_359.png,120,80,0.674,0
orange_pos_002024_20260510_222625_359.png,140,80,2.145,0
orange_pos_002024_20260510_222625_359.png,0,100,0.899,0
orange_pos_002024_20260510_222625_359.png,20,100,2.011,0
orange_pos_002024_20260510_222625_359.png,40,100,9.933,0
orange_pos_002024_20260510_222625_359.png,60,100,4.503,0
orange_pos_002024_20260510_222625_359.png,80,100,0.776,0
orange_pos_002024_20260510_222625_359.png,100,100,0.713,0
orange_pos_002024_20260510_222625_359.png,120,100,1.719,0
orange_pos_002024_20260510_222625_359.png,140,100,3.950,0
orange_pos_002025_20260510_222627_209.png,0,0,3.966,0
orange_pos_002025_20260510_222627_209.png,20,0,1.800,0
orange_pos_002025_20260510_222627_209.png,40,0,12.538,0
orange_pos_002025_20260510_222627_209.png,60,0,18.617,0
orange_pos_002025_20260510_222627_209.png,80,0,7.917,0
orange_pos_002025_20260510_222627_209.png,100,0,20.227,0
orange_pos_002025_20260510_222627_209.png,120,0,13.036,0
orange_pos_002025_20260510_222627_209.png,140,0,8.551,0
orange_pos_002025_20260510_222627_209.png,0,20,1.003,0
orange_pos_002025_20260510_222627_209.png,20,20,0.674,0
orange_pos_002025_20260510_222627_209.png,40,20,1.087,0
orange_pos_002025_20260510_222627_209.png,60,20,5.475,0
orange_pos_002025_20260510_222627_209.png,80,20,73.111,1
orange_pos_002025_20260510_222627_209.png,100,20,143.486,1
orange_pos_002025_20260510_222627_209.png,120,20,12.270,0
orange_pos_002025_20260510_222627_209.png,140,20,13.261,0
orange_pos_002025_20260510_222627_209.png,0,40,1.135,0
orange_pos_002025_20260510_222627_209.png,20,40,0.674,0
orange_pos_002025_20260510_222627_209.png,40,40,3.940,0
orange_pos_002025_20260510_222627_209.png,60,40,3.410,0
orange_pos_002025_20260510_222627_209.png,80,40,21.714,0
orange_pos_002025_20260510_222627_209.png,100,40,63.911,0
orange_pos_002025_20260510_222627_209.png,120,40,3.041,0
orange_pos_002025_20260510_222627_209.png,140,40,5.788,0
orange_pos_002025_20260510_222627_209.png,0,60,1.099,0
orange_pos_002025_20260510_222627_209.png,20,60,0.674,0
orange_pos_002025_20260510_222627_209.png,40,60,5.764,0
orange_pos_002025_20260510_222627_209.png,60,60,2.841,0
orange_pos_002025_20260510_222627_209.png,80,60,0.674,0
orange_pos_002025_20260510_222627_209.png,100,60,0.685,0
orange_pos_002025_20260510_222627_209.png,120,60,1.440,0
orange_pos_002025_20260510_222627_209.png,140,60,3.711,0
orange_pos_002025_20260510_222627_209.png,0,80,0.940,0
orange_pos_002025_20260510_222627_209.png,20,80,0.674,0
orange_pos_002025_20260510_222627_209.png,40,80,6.044,0
orange_pos_002025_20260510_222627_209.png,60,80,2.995,0
orange_pos_002025_20260510_222627_209.png,80,80,0.674,0
orange_pos_002025_20260510_222627_209.png,100,80,0.674,0
orange_pos_002025_20260510_222627_209.png,120,80,0.674,0
orange_pos_002025_20260510_222627_209.png,140,80,2.345,0
orange_pos_002025_20260510_222627_209.png,0,100,0.871,0
orange_pos_002025_20260510_222627_209.png,20,100,1.069,0
orange_pos_002025_20260510_222627_209.png,40,100,8.141,0
orange_pos_002025_20260510_222627_209.png,60,100,4.285,0
orange_pos_002025_20260510_222627_209.png,80,100,0.674,0
orange_pos_002025_20260510_222627_209.png,100,100,0.682,0
orange_pos_002025_20260510_222627_209.png,120,100,0.707,0
orange_pos_002025_20260510_222627_209.png,140,100,1.832,0
orange_pos_002026_20260510_222629_816.png,0,0,7.551,0
orange_pos_002026_20260510_222629_816.png,20,0,1.871,0
orange_pos_002026_20260510_222629_816.png,40,0,20.594,0
orange_pos_002026_20260510_222629_816.png,60,0,33.739,0
orange_pos_002026_20260510_222629_816.png,80,0,10.598,0
orange_pos_002026_20260510_222629_816.png,100,0,4.684,0
orange_pos_002026_20260510_222629_816.png,120,0,5.079,0
orange_pos_002026_20260510_222629_816.png,140,0,13.664,0
orange_pos_002026_20260510_222629_816.png,0,20,2.019,0
orange_pos_002026_20260510_222629_816.png,20,20,0.870,0
orange_pos_002026_20260510_222629_816.png,40,20,1.735,0
orange_pos_002026_20260510_222629_816.png,60,20,10.224,0
orange_pos_002026_20260510_222629_816.png,80,20,0.948,0
orange_pos_002026_20260510_222629_816.png,100,20,0.674,0
orange_pos_002026_20260510_222629_816.png,120,20,0.674,0
orange_pos_002026_20260510_222629_816.png,140,20,20.084,0
orange_pos_002026_20260510_222629_816.png,0,40,1.602,0
orange_pos_002026_20260510_222629_816.png,20,40,0.675,0
orange_pos_002026_20260510_222629_816.png,40,40,9.548,0
orange_pos_002026_20260510_222629_816.png,60,40,4.150,0
orange_pos_002026_20260510_222629_816.png,80,40,0.674,0
orange_pos_002026_20260510_222629_816.png,100,40,0.674,0
orange_pos_002026_20260510_222629_816.png,120,40,1.160,0
orange_pos_002026_20260510_222629_816.png,140,40,15.894,0
orange_pos_002026_20260510_222629_816.png,0,60,1.250,0
orange_pos_002026_20260510_222629_816.png,20,60,0.776,0
orange_pos_002026_20260510_222629_816.png,40,60,12.741,0
orange_pos_002026_20260510_222629_816.png,60,60,65.043,1
orange_pos_002026_20260510_222629_816.png,80,60,54.266,0
orange_pos_002026_20260510_222629_816.png,100,60,0.740,0
orange_pos_002026_20260510_222629_816.png,120,60,3.897,0
orange_pos_002026_20260510_222629_816.png,140,60,11.836,0
orange_pos_002026_20260510_222629_816.png,0,80,1.320,0
orange_pos_002026_20260510_222629_816.png,20,80,1.156,0
orange_pos_002026_20260510_222629_816.png,40,80,16.868,0
orange_pos_002026_20260510_222629_816.png,60,80,241.877,1
orange_pos_002026_20260510_222629_816.png,80,80,188.529,1
orange_pos_002026_20260510_222629_816.png,100,80,2.947,0
orange_pos_002026_20260510_222629_816.png,120,80,4.537,0
orange_pos_002026_20260510_222629_816.png,140,80,9.226,0
orange_pos_002026_20260510_222629_816.png,0,100,1.302,0
orange_pos_002026_20260510_222629_816.png,20,100,3.165,0
orange_pos_002026_20260510_222629_816.png,40,100,21.901,0
orange_pos_002026_20260510_222629_816.png,60,100,42.128,0
orange_pos_002026_20260510_222629_816.png,80,100,29.860,0
orange_pos_002026_20260510_222629_816.png,100,100,3.539,0
orange_pos_002026_20260510_222629_816.png,120,100,6.227,0
orange_pos_002026_20260510_222629_816.png,140,100,13.505,0
orange_pos_002027_20260510_222631_878.png,0,0,1.285,0
orange_pos_002027_20260510_222631_878.png,20,0,1.569,0
orange_pos_002027_20260510_222631_878.png,40,0,3.922,0
orange_pos_002027_20260510_222631_878.png,60,0,3.354,0
orange_pos_002027_20260510_222631_878.png,80,0,0.922,0
orange_pos_002027_20260510_222631_878.png,100,0,0.674,0
orange_pos_002027_20260510_222631_878.png,120,0,0.693,0
orange_pos_002027_20260510_222631_878.png,140,0,1.040,0
orange_pos_002027_20260510_222631_878.png,0,20,0.762,0
orange_pos_002027_20260510_222631_878.png,20,20,0.674,0
orange_pos_002027_20260510_222631_878.png,40,20,0.691,0
orange_pos_002027_20260510_222631_878.png,60,20,1.046,0
orange_pos_002027_20260510_222631_878.png,80,20,0.674,0
orange_pos_002027_20260510_222631_878.png,100,20,0.674,0
orange_pos_002027_20260510_222631_878.png,120,20,0.674,0
orange_pos_002027_20260510_222631_878.png,140,20,0.706,0
orange_pos_002027_20260510_222631_878.png,0,40,0.674,0
orange_pos_002027_20260510_222631_878.png,20,40,0.674,0
orange_pos_002027_20260510_222631_878.png,40,40,0.824,0
orange_pos_002027_20260510_222631_878.png,60,40,0.674,0
orange_pos_002027_20260510_222631_878.png,80,40,0.674,0
orange_pos_002027_20260510_222631_878.png,100,40,0.674,0
orange_pos_002027_20260510_222631_878.png,120,40,0.674,0
orange_pos_002027_20260510_222631_878.png,140,40,0.674,0
orange_pos_002027_20260510_222631_878.png,0,60,0.674,0
orange_pos_002027_20260510_222631_878.png,20,60,0.674,0
orange_pos_002027_20260510_222631_878.png,40,60,0.674,0
orange_pos_002027_20260510_222631_878.png,60,60,0.674,0
orange_pos_002027_20260510_222631_878.png,80,60,0.674,0
orange_pos_002027_20260510_222631_878.png,100,60,0.674,0
orange_pos_002027_20260510_222631_878.png,120,60,0.674,0
orange_pos_002027_20260510_222631_878.png,140,60,0.674,0
orange_pos_002027_20260510_222631_878.png,0,80,0.749,0
orange_pos_002027_20260510_222631_878.png,20,80,0.674,0
orange_pos_002027_20260510_222631_878.png,40,80,0.694,0
orange_pos_002027_20260510_222631_878.png,60,80,0.708,0
orange_pos_002027_20260510_222631_878.png,80,80,0.674,0
orange_pos_002027_20260510_222631_878.png,100,80,4.606,0
orange_pos_002027_20260510_222631_878.png,120,80,0.674,0
orange_pos_002027_20260510_222631_878.png,140,80,0.678,0
orange_pos_002027_20260510_222631_878.png,0,100,0.767,0
orange_pos_002027_20260510_222631_878.png,20,100,0.719,0
orange_pos_002027_20260510_222631_878.png,40,100,1.359,0
orange_pos_002027_20260510_222631_878.png,60,100,1.205,0
orange_pos_002027_20260510_222631_878.png,80,100,8.809,0
orange_pos_002027_20260510_222631_878.png,100,100,101.881,1
orange_pos_002027_20260510_222631_878.png,120,100,22.059,0
orange_pos_002027_20260510_222631_878.png,140,100,2.189,0
orange_pos_002028_20260510_222634_254.png,0,0,0.725,0
orange_pos_002028_20260510_222634_254.png,20,0,0.674,0
orange_pos_002028_20260510_222634_254.png,40,0,0.674,0
orange_pos_002028_20260510_222634_254.png,60,0,0.674,0
orange_pos_002028_20260510_222634_254.png,80,0,0.674,0
orange_pos_002028_20260510_222634_254.png,100,0,0.674,0
orange_pos_002028_20260510_222634_254.png,120,0,0.674,0
orange_pos_002028_20260510_222634_254.png,140,0,0.674,0
orange_pos_002028_20260510_222634_254.png,0,20,0.674,0
orange_pos_002028_20260510_222634_254.png,20,20,0.674,0
orange_pos_002028_20260510_222634_254.png,40,20,0.674,0
orange_pos_002028_20260510_222634_254.png,60,20,0.674,0
orange_pos_002028_20260510_222634_254.png,80,20,0.674,0
orange_pos_002028_20260510_222634_254.png,100,20,0.674,0
orange_pos_002028_20260510_222634_254.png,120,20,0.674,0
orange_pos_002028_20260510_222634_254.png,140,20,0.674,0
orange_pos_002028_20260510_222634_254.png,0,40,0.674,0
orange_pos_002028_20260510_222634_254.png,20,40,0.674,0
orange_pos_002028_20260510_222634_254.png,40,40,0.674,0
orange_pos_002028_20260510_222634_254.png,60,40,0.674,0
orange_pos_002028_20260510_222634_254.png,80,40,0.674,0
orange_pos_002028_20260510_222634_254.png,100,40,0.674,0
orange_pos_002028_20260510_222634_254.png,120,40,0.674,0
orange_pos_002028_20260510_222634_254.png,140,40,0.674,0
orange_pos_002028_20260510_222634_254.png,0,60,0.674,0
orange_pos_002028_20260510_222634_254.png,20,60,0.674,0
orange_pos_002028_20260510_222634_254.png,40,60,0.674,0
orange_pos_002028_20260510_222634_254.png,60,60,89.795,1
orange_pos_002028_20260510_222634_254.png,80,60,26.892,0
orange_pos_002028_20260510_222634_254.png,100,60,0.674,0
orange_pos_002028_20260510_222634_254.png,120,60,0.674,0
orange_pos_002028_20260510_222634_254.png,140,60,0.674,0
orange_pos_002028_20260510_222634_254.png,0,80,0.674,0
orange_pos_002028_20260510_222634_254.png,20,80,0.674,0
orange_pos_002028_20260510_222634_254.png,40,80,3.016,0
orange_pos_002028_20260510_222634_254.png,60,80,255.000,1
orange_pos_002028_20260510_222634_254.png,80,80,105.278,1
orange_pos_002028_20260510_222634_254.png,100,80,0.674,0
orange_pos_002028_20260510_222634_254.png,120,80,0.674,0
orange_pos_002028_20260510_222634_254.png,140,80,0.674,0
orange_pos_002028_20260510_222634_254.png,0,100,0.674,0
orange_pos_002028_20260510_222634_254.png,20,100,0.674,0
orange_pos_002028_20260510_222634_254.png,40,100,0.674,0
orange_pos_002028_20260510_222634_254.png,60,100,20.691,0
orange_pos_002028_20260510_222634_254.png,80,100,2.845,0
orange_pos_002028_20260510_222634_254.png,100,100,0.674,0
orange_pos_002028_20260510_222634_254.png,120,100,0.674,0
orange_pos_002028_20260510_222634_254.png,140,100,0.674,0
orange_pos_002029_20260510_222636_335.png,0,0,0.674,0
orange_pos_002029_20260510_222636_335.png,20,0,0.674,0
orange_pos_002029_20260510_222636_335.png,40,0,0.674,0
orange_pos_002029_20260510_222636_335.png,60,0,0.674,0
orange_pos_002029_20260510_222636_335.png,80,0,0.674,0
orange_pos_002029_20260510_222636_335.png,100,0,0.674,0
orange_pos_002029_20260510_222636_335.png,120,0,0.674,0
orange_pos_002029_20260510_222636_335.png,140,0,0.674,0
orange_pos_002029_20260510_222636_335.png,0,20,0.674,0
orange_pos_002029_20260510_222636_335.png,20,20,0.674,0
orange_pos_002029_20260510_222636_335.png,40,20,0.674,0
orange_pos_002029_20260510_222636_335.png,60,20,4.047,0
orange_pos_002029_20260510_222636_335.png,80,20,87.123,1
orange_pos_002029_20260510_222636_335.png,100,20,12.192,0
orange_pos_002029_20260510_222636_335.png,120,20,0.674,0
orange_pos_002029_20260510_222636_335.png,140,20,0.674,0
orange_pos_002029_20260510_222636_335.png,0,40,0.675,0
orange_pos_002029_20260510_222636_335.png,20,40,0.674,0
orange_pos_002029_20260510_222636_335.png,40,40,0.674,0
orange_pos_002029_20260510_222636_335.png,60,40,17.164,0
orange_pos_002029_20260510_222636_335.png,80,40,191.097,1
orange_pos_002029_20260510_222636_335.png,100,40,39.549,0
orange_pos_002029_20260510_222636_335.png,120,40,0.674,0
orange_pos_002029_20260510_222636_335.png,140,40,0.674,0
orange_pos_002029_20260510_222636_335.png,0,60,0.674,0
orange_pos_002029_20260510_222636_335.png,20,60,0.674,0
orange_pos_002029_20260510_222636_335.png,40,60,0.674,0
orange_pos_002029_20260510_222636_335.png,60,60,0.674,0
orange_pos_002029_20260510_222636_335.png,80,60,0.674,0
orange_pos_002029_20260510_222636_335.png,100,60,0.674,0
orange_pos_002029_20260510_222636_335.png,120,60,0.674,0
orange_pos_002029_20260510_222636_335.png,140,60,0.674,0
orange_pos_002029_20260510_222636_335.png,0,80,0.674,0
orange_pos_002029_20260510_222636_335.png,20,80,0.674,0
orange_pos_002029_20260510_222636_335.png,40,80,0.674,0
orange_pos_002029_20260510_222636_335.png,60,80,0.674,0
orange_pos_002029_20260510_222636_335.png,80,80,0.674,0
orange_pos_002029_20260510_222636_335.png,100,80,0.674,0
orange_pos_002029_20260510_222636_335.png,120,80,0.674,0
orange_pos_002029_20260510_222636_335.png,140,80,0.674,0
orange_pos_002029_20260510_222636_335.png,0,100,0.674,0
orange_pos_002029_20260510_222636_335.png,20,100,0.674,0
orange_pos_002029_20260510_222636_335.png,40,100,0.674,0
orange_pos_002029_20260510_222636_335.png,60,100,0.674,0
orange_pos_002029_20260510_222636_335.png,80,100,0.674,0
orange_pos_002029_20260510_222636_335.png,100,100,0.674,0
orange_pos_002029_20260510_222636_335.png,120,100,0.674,0
orange_pos_002029_20260510_222636_335.png,140,100,0.674,0
orange_pos_002030_20260510_222636_695.png,0,0,0.674,0
orange_pos_002030_20260510_222636_695.png,20,0,0.674,0
orange_pos_002030_20260510_222636_695.png,40,0,0.674,0
orange_pos_002030_20260510_222636_695.png,60,0,0.674,0
orange_pos_002030_20260510_222636_695.png,80,0,0.674,0
orange_pos_002030_20260510_222636_695.png,100,0,0.674,0
orange_pos_002030_20260510_222636_695.png,120,0,0.674,0
orange_pos_002030_20260510_222636_695.png,140,0,0.674,0
orange_pos_002030_20260510_222636_695.png,0,20,0.674,0
orange_pos_002030_20260510_222636_695.png,20,20,0.674,0
orange_pos_002030_20260510_222636_695.png,40,20,0.674,0
orange_pos_002030_20260510_222636_695.png,60,20,4.047,0
orange_pos_002030_20260510_222636_695.png,80,20,87.123,1
orange_pos_002030_20260510_222636_695.png,100,20,12.192,0
orange_pos_002030_20260510_222636_695.png,120,20,0.674,0
orange_pos_002030_20260510_222636_695.png,140,20,0.674,0
orange_pos_002030_20260510_222636_695.png,0,40,0.675,0
orange_pos_002030_20260510_222636_695.png,20,40,0.674,0
orange_pos_002030_20260510_222636_695.png,40,40,0.674,0
orange_pos_002030_20260510_222636_695.png,60,40,17.164,0
orange_pos_002030_20260510_222636_695.png,80,40,191.097,1
orange_pos_002030_20260510_222636_695.png,100,40,39.549,0
orange_pos_002030_20260510_222636_695.png,120,40,0.674,0
orange_pos_002030_20260510_222636_695.png,140,40,0.674,0
orange_pos_002030_20260510_222636_695.png,0,60,0.674,0
orange_pos_002030_20260510_222636_695.png,20,60,0.674,0
orange_pos_002030_20260510_222636_695.png,40,60,0.674,0
orange_pos_002030_20260510_222636_695.png,60,60,0.674,0
orange_pos_002030_20260510_222636_695.png,80,60,0.674,0
orange_pos_002030_20260510_222636_695.png,100,60,0.674,0
orange_pos_002030_20260510_222636_695.png,120,60,0.674,0
orange_pos_002030_20260510_222636_695.png,140,60,0.674,0
orange_pos_002030_20260510_222636_695.png,0,80,0.674,0
orange_pos_002030_20260510_222636_695.png,20,80,0.674,0
orange_pos_002030_20260510_222636_695.png,40,80,0.674,0
orange_pos_002030_20260510_222636_695.png,60,80,0.674,0
orange_pos_002030_20260510_222636_695.png,80,80,0.674,0
orange_pos_002030_20260510_222636_695.png,100,80,0.674,0
orange_pos_002030_20260510_222636_695.png,120,80,0.674,0
orange_pos_002030_20260510_222636_695.png,140,80,0.674,0
orange_pos_002030_20260510_222636_695.png,0,100,0.674,0
orange_pos_002030_20260510_222636_695.png,20,100,0.674,0
orange_pos_002030_20260510_222636_695.png,40,100,0.674,0
orange_pos_002030_20260510_222636_695.png,60,100,0.674,0
orange_pos_002030_20260510_222636_695.png,80,100,0.674,0
orange_pos_002030_20260510_222636_695.png,100,100,0.674,0
orange_pos_002030_20260510_222636_695.png,120,100,0.674,0
orange_pos_002030_20260510_222636_695.png,140,100,0.674,0
orange_pos_002031_20260510_222638_190.png,0,0,3.238,0
orange_pos_002031_20260510_222638_190.png,20,0,0.735,0
orange_pos_002031_20260510_222638_190.png,40,0,12.195,0
orange_pos_002031_20260510_222638_190.png,60,0,22.296,0
orange_pos_002031_20260510_222638_190.png,80,0,180.492,1
orange_pos_002031_20260510_222638_190.png,100,0,97.776,1
orange_pos_002031_20260510_222638_190.png,120,0,25.425,0
orange_pos_002031_20260510_222638_190.png,140,0,28.971,0
orange_pos_002031_20260510_222638_190.png,0,20,1.340,0
orange_pos_002031_20260510_222638_190.png,20,20,0.674,0
orange_pos_002031_20260510_222638_190.png,40,20,2.332,0
orange_pos_002031_20260510_222638_190.png,60,20,8.736,0
orange_pos_002031_20260510_222638_190.png,80,20,59.546,0
orange_pos_002031_20260510_222638_190.png,100,20,25.629,0
orange_pos_002031_20260510_222638_190.png,120,20,5.877,0
orange_pos_002031_20260510_222638_190.png,140,20,16.772,0
orange_pos_002031_20260510_222638_190.png,0,40,0.903,0
orange_pos_002031_20260510_222638_190.png,20,40,0.676,0
orange_pos_002031_20260510_222638_190.png,40,40,6.126,0
orange_pos_002031_20260510_222638_190.png,60,40,2.471,0
orange_pos_002031_20260510_222638_190.png,80,40,0.674,0
orange_pos_002031_20260510_222638_190.png,100,40,0.674,0
orange_pos_002031_20260510_222638_190.png,120,40,0.674,0
orange_pos_002031_20260510_222638_190.png,140,40,0.860,0
orange_pos_002031_20260510_222638_190.png,0,60,0.937,0
orange_pos_002031_20260510_222638_190.png,20,60,0.674,0
orange_pos_002031_20260510_222638_190.png,40,60,8.860,0
orange_pos_002031_20260510_222638_190.png,60,60,5.831,0
orange_pos_002031_20260510_222638_190.png,80,60,0.674,0
orange_pos_002031_20260510_222638_190.png,100,60,0.674,0
orange_pos_002031_20260510_222638_190.png,120,60,0.674,0
orange_pos_002031_20260510_222638_190.png,140,60,3.657,0
orange_pos_002031_20260510_222638_190.png,0,80,1.613,0
orange_pos_002031_20260510_222638_190.png,20,80,0.811,0
orange_pos_002031_20260510_222638_190.png,40,80,16.350,0
orange_pos_002031_20260510_222638_190.png,60,80,8.445,0
orange_pos_002031_20260510_222638_190.png,80,80,0.674,0
orange_pos_002031_20260510_222638_190.png,100,80,0.676,0
orange_pos_002031_20260510_222638_190.png,120,80,2.864,0
orange_pos_002031_20260510_222638_190.png,140,80,10.580,0
orange_pos_002031_20260510_222638_190.png,0,100,0.997,0
orange_pos_002031_20260510_222638_190.png,20,100,1.476,0
orange_pos_002031_20260510_222638_190.png,40,100,11.877,0
orange_pos_002031_20260510_222638_190.png,60,100,4.258,0
orange_pos_002031_20260510_222638_190.png,80,100,0.674,0
orange_pos_002031_20260510_222638_190.png,100,100,0.778,0
orange_pos_002031_20260510_222638_190.png,120,100,0.836,0
orange_pos_002031_20260510_222638_190.png,140,100,4.489,0
orange_pos_002033_20260510_222640_889.png,0,0,6.615,0
orange_pos_002033_20260510_222640_889.png,20,0,1.598,0
orange_pos_002033_20260510_222640_889.png,40,0,14.266,0
orange_pos_002033_20260510_222640_889.png,60,0,18.672,0
orange_pos_002033_20260510_222640_889.png,80,0,8.049,0
orange_pos_002033_20260510_222640_889.png,100,0,1.853,0
orange_pos_002033_20260510_222640_889.png,120,0,4.232,0
orange_pos_002033_20260510_222640_889.png,140,0,18.651,0
orange_pos_002033_20260510_222640_889.png,0,20,2.618,0
orange_pos_002033_20260510_222640_889.png,20,20,1.979,0
orange_pos_002033_20260510_222640_889.png,40,20,3.472,0
orange_pos_002033_20260510_222640_889.png,60,20,9.749,0
orange_pos_002033_20260510_222640_889.png,80,20,1.342,0
orange_pos_002033_20260510_222640_889.png,100,20,0.674,0
orange_pos_002033_20260510_222640_889.png,120,20,7.993,0
orange_pos_002033_20260510_222640_889.png,140,20,46.563,0
orange_pos_002033_20260510_222640_889.png,0,40,1.650,0
orange_pos_002033_20260510_222640_889.png,20,40,2.307,0
orange_pos_002033_20260510_222640_889.png,40,40,11.500,0
orange_pos_002033_20260510_222640_889.png,60,40,5.596,0
orange_pos_002033_20260510_222640_889.png,80,40,0.674,0
orange_pos_002033_20260510_222640_889.png,100,40,0.674,0
orange_pos_002033_20260510_222640_889.png,120,40,25.876,0
orange_pos_002033_20260510_222640_889.png,140,40,50.322,0
orange_pos_002033_20260510_222640_889.png,0,60,1.861,0
orange_pos_002033_20260510_222640_889.png,20,60,1.655,0
orange_pos_002033_20260510_222640_889.png,40,60,22.149,0
orange_pos_002033_20260510_222640_889.png,60,60,12.667,0
orange_pos_002033_20260510_222640_889.png,80,60,0.674,0
orange_pos_002033_20260510_222640_889.png,100,60,0.674,0
orange_pos_002033_20260510_222640_889.png,120,60,1.751,0
orange_pos_002033_20260510_222640_889.png,140,60,21.992,0
orange_pos_002033_20260510_222640_889.png,0,80,1.398,0
orange_pos_002033_20260510_222640_889.png,20,80,1.088,0
orange_pos_002033_20260510_222640_889.png,40,80,16.722,0
orange_pos_002033_20260510_222640_889.png,60,80,10.021,0
orange_pos_002033_20260510_222640_889.png,80,80,0.676,0
orange_pos_002033_20260510_222640_889.png,100,80,0.873,0
orange_pos_002033_20260510_222640_889.png,120,80,6.232,0
orange_pos_002033_20260510_222640_889.png,140,80,12.631,0
orange_pos_002033_20260510_222640_889.png,0,100,1.218,0
orange_pos_002033_20260510_222640_889.png,20,100,3.163,0
orange_pos_002033_20260510_222640_889.png,40,100,22.660,0
orange_pos_002033_20260510_222640_889.png,60,100,11.062,0
orange_pos_002033_20260510_222640_889.png,80,100,1.066,0
orange_pos_002033_20260510_222640_889.png,100,100,2.503,0
orange_pos_002033_20260510_222640_889.png,120,100,6.317,0
orange_pos_002033_20260510_222640_889.png,140,100,13.888,0
orange_pos_002034_20260510_222642_840.png,0,0,1.262,0
orange_pos_002034_20260510_222642_840.png,20,0,0.803,0
orange_pos_002034_20260510_222642_840.png,40,0,6.474,0
orange_pos_002034_20260510_222642_840.png,60,0,9.704,0
orange_pos_002034_20260510_222642_840.png,80,0,1.538,0
orange_pos_002034_20260510_222642_840.png,100,0,0.769,0
orange_pos_002034_20260510_222642_840.png,120,0,0.699,0
orange_pos_002034_20260510_222642_840.png,140,0,2.136,0
orange_pos_002034_20260510_222642_840.png,0,20,1.006,0
orange_pos_002034_20260510_222642_840.png,20,20,0.674,0
orange_pos_002034_20260510_222642_840.png,40,20,1.069,0
orange_pos_002034_20260510_222642_840.png,60,20,1.817,0
orange_pos_002034_20260510_222642_840.png,80,20,0.674,0
orange_pos_002034_20260510_222642_840.png,100,20,0.674,0
orange_pos_002034_20260510_222642_840.png,120,20,0.674,0
orange_pos_002034_20260510_222642_840.png,140,20,1.533,0
orange_pos_002034_20260510_222642_840.png,0,40,1.360,0
orange_pos_002034_20260510_222642_840.png,20,40,1.271,0
orange_pos_002034_20260510_222642_840.png,40,40,4.867,0
orange_pos_002034_20260510_222642_840.png,60,40,1.685,0
orange_pos_002034_20260510_222642_840.png,80,40,0.674,0
orange_pos_002034_20260510_222642_840.png,100,40,0.674,0
orange_pos_002034_20260510_222642_840.png,120,40,0.674,0
orange_pos_002034_20260510_222642_840.png,140,40,8.073,0
orange_pos_002034_20260510_222642_840.png,0,60,1.321,0
orange_pos_002034_20260510_222642_840.png,20,60,0.674,0
orange_pos_002034_20260510_222642_840.png,40,60,2.639,0
orange_pos_002034_20260510_222642_840.png,60,60,1.176,0
orange_pos_002034_20260510_222642_840.png,80,60,1.091,0
orange_pos_002034_20260510_222642_840.png,100,60,63.246,0
orange_pos_002034_20260510_222642_840.png,120,60,12.066,0
orange_pos_002034_20260510_222642_840.png,140,60,2.988,0
orange_pos_002034_20260510_222642_840.png,0,80,1.166,0
orange_pos_002034_20260510_222642_840.png,20,80,0.842,0
orange_pos_002034_20260510_222642_840.png,40,80,5.846,0
orange_pos_002034_20260510_222642_840.png,60,80,2.741,0
orange_pos_002034_20260510_222642_840.png,80,80,6.513,0
orange_pos_002034_20260510_222642_840.png,100,80,151.240,1
orange_pos_002034_20260510_222642_840.png,120,80,47.510,0
orange_pos_002034_20260510_222642_840.png,140,80,7.738,0
orange_pos_002034_20260510_222642_840.png,0,100,0.674,0
orange_pos_002034_20260510_222642_840.png,20,100,0.807,0
orange_pos_002034_20260510_222642_840.png,40,100,1.221,0
orange_pos_002034_20260510_222642_840.png,60,100,0.770,0
orange_pos_002034_20260510_222642_840.png,80,100,0.674,0
orange_pos_002034_20260510_222642_840.png,100,100,0.674,0
orange_pos_002034_20260510_222642_840.png,120,100,0.674,0
orange_pos_002034_20260510_222642_840.png,140,100,0.674,0
orange_pos_002035_20260510_222643_217.png,0,0,1.262,0
orange_pos_002035_20260510_222643_217.png,20,0,0.803,0
orange_pos_002035_20260510_222643_217.png,40,0,6.474,0
orange_pos_002035_20260510_222643_217.png,60,0,9.704,0
orange_pos_002035_20260510_222643_217.png,80,0,1.538,0
orange_pos_002035_20260510_222643_217.png,100,0,0.769,0
orange_pos_002035_20260510_222643_217.png,120,0,0.699,0
orange_pos_002035_20260510_222643_217.png,140,0,2.136,0
orange_pos_002035_20260510_222643_217.png,0,20,1.006,0
orange_pos_002035_20260510_222643_217.png,20,20,0.674,0
orange_pos_002035_20260510_222643_217.png,40,20,1.069,0
orange_pos_002035_20260510_222643_217.png,60,20,1.817,0
orange_pos_002035_20260510_222643_217.png,80,20,0.674,0
orange_pos_002035_20260510_222643_217.png,100,20,0.674,0
orange_pos_002035_20260510_222643_217.png,120,20,0.674,0
orange_pos_002035_20260510_222643_217.png,140,20,1.533,0
orange_pos_002035_20260510_222643_217.png,0,40,1.360,0
orange_pos_002035_20260510_222643_217.png,20,40,1.271,0
orange_pos_002035_20260510_222643_217.png,40,40,4.867,0
orange_pos_002035_20260510_222643_217.png,60,40,1.685,0
orange_pos_002035_20260510_222643_217.png,80,40,0.674,0
orange_pos_002035_20260510_222643_217.png,100,40,0.674,0
orange_pos_002035_20260510_222643_217.png,120,40,0.674,0
orange_pos_002035_20260510_222643_217.png,140,40,8.073,0
orange_pos_002035_20260510_222643_217.png,0,60,1.321,0
orange_pos_002035_20260510_222643_217.png,20,60,0.674,0
orange_pos_002035_20260510_222643_217.png,40,60,2.639,0
orange_pos_002035_20260510_222643_217.png,60,60,1.176,0
orange_pos_002035_20260510_222643_217.png,80,60,1.091,0
orange_pos_002035_20260510_222643_217.png,100,60,63.246,0
orange_pos_002035_20260510_222643_217.png,120,60,12.066,0
orange_pos_002035_20260510_222643_217.png,140,60,2.988,0
orange_pos_002035_20260510_222643_217.png,0,80,1.166,0
orange_pos_002035_20260510_222643_217.png,20,80,0.842,0
orange_pos_002035_20260510_222643_217.png,40,80,5.846,0
orange_pos_002035_20260510_222643_217.png,60,80,2.741,0
orange_pos_002035_20260510_222643_217.png,80,80,6.513,0
orange_pos_002035_20260510_222643_217.png,100,80,151.240,1
orange_pos_002035_20260510_222643_217.png,120,80,47.510,0
orange_pos_002035_20260510_222643_217.png,140,80,7.738,0
orange_pos_002035_20260510_222643_217.png,0,100,0.674,0
orange_pos_002035_20260510_222643_217.png,20,100,0.807,0
orange_pos_002035_20260510_222643_217.png,40,100,1.221,0
orange_pos_002035_20260510_222643_217.png,60,100,0.770,0
orange_pos_002035_20260510_222643_217.png,80,100,0.674,0
orange_pos_002035_20260510_222643_217.png,100,100,0.674,0
orange_pos_002035_20260510_222643_217.png,120,100,0.674,0
orange_pos_002035_20260510_222643_217.png,140,100,0.674,0
orange_pos_002036_20260510_222645_071.png,0,0,1.107,0
orange_pos_002036_20260510_222645_071.png,20,0,2.324,0
orange_pos_002036_20260510_222645_071.png,40,0,2.733,0
orange_pos_002036_20260510_222645_071.png,60,0,4.222,0
orange_pos_002036_20260510_222645_071.png,80,0,1.038,0
orange_pos_002036_20260510_222645_071.png,100,0,0.730,0
orange_pos_002036_20260510_222645_071.png,120,0,0.694,0
orange_pos_002036_20260510_222645_071.png,140,0,1.540,0
orange_pos_002036_20260510_222645_071.png,0,20,0.674,0
orange_pos_002036_20260510_222645_071.png,20,20,0.674,0
orange_pos_002036_20260510_222645_071.png,40,20,0.684,0
orange_pos_002036_20260510_222645_071.png,60,20,0.687,0
orange_pos_002036_20260510_222645_071.png,80,20,0.674,0
orange_pos_002036_20260510_222645_071.png,100,20,0.674,0
orange_pos_002036_20260510_222645_071.png,120,20,0.674,0
orange_pos_002036_20260510_222645_071.png,140,20,0.674,0
orange_pos_002036_20260510_222645_071.png,0,40,0.753,0
orange_pos_002036_20260510_222645_071.png,20,40,0.674,0
orange_pos_002036_20260510_222645_071.png,40,40,1.604,0
orange_pos_002036_20260510_222645_071.png,60,40,0.678,0
orange_pos_002036_20260510_222645_071.png,80,40,0.674,0
orange_pos_002036_20260510_222645_071.png,100,40,0.674,0
orange_pos_002036_20260510_222645_071.png,120,40,0.674,0
orange_pos_002036_20260510_222645_071.png,140,40,1.695,0
orange_pos_002036_20260510_222645_071.png,0,60,0.958,0
orange_pos_002036_20260510_222645_071.png,20,60,0.674,0
orange_pos_002036_20260510_222645_071.png,40,60,1.240,0
orange_pos_002036_20260510_222645_071.png,60,60,0.674,0
orange_pos_002036_20260510_222645_071.png,80,60,0.674,0
orange_pos_002036_20260510_222645_071.png,100,60,0.674,0
orange_pos_002036_20260510_222645_071.png,120,60,0.674,0
orange_pos_002036_20260510_222645_071.png,140,60,1.846,0
orange_pos_002036_20260510_222645_071.png,0,80,0.771,0
orange_pos_002036_20260510_222645_071.png,20,80,0.674,0
orange_pos_002036_20260510_222645_071.png,40,80,1.781,0
orange_pos_002036_20260510_222645_071.png,60,80,20.669,0
orange_pos_002036_20260510_222645_071.png,80,80,166.213,1
orange_pos_002036_20260510_222645_071.png,100,80,30.578,0
orange_pos_002036_20260510_222645_071.png,120,80,0.674,0
orange_pos_002036_20260510_222645_071.png,140,80,1.841,0
orange_pos_002036_20260510_222645_071.png,0,100,0.785,0
orange_pos_002036_20260510_222645_071.png,20,100,0.852,0
orange_pos_002036_20260510_222645_071.png,40,100,4.338,0
orange_pos_002036_20260510_222645_071.png,60,100,20.782,0
orange_pos_002036_20260510_222645_071.png,80,100,161.482,1
orange_pos_002036_20260510_222645_071.png,100,100,28.644,0
orange_pos_002036_20260510_222645_071.png,120,100,1.099,0
orange_pos_002036_20260510_222645_071.png,140,100,1.030,0
orange_pos_002037_20260510_222645_441.png,0,0,1.107,0
orange_pos_002037_20260510_222645_441.png,20,0,2.324,0
orange_pos_002037_20260510_222645_441.png,40,0,2.733,0
orange_pos_002037_20260510_222645_441.png,60,0,4.222,0
orange_pos_002037_20260510_222645_441.png,80,0,1.038,0
orange_pos_002037_20260510_222645_441.png,100,0,0.730,0
orange_pos_002037_20260510_222645_441.png,120,0,0.694,0
orange_pos_002037_20260510_222645_441.png,140,0,1.540,0
orange_pos_002037_20260510_222645_441.png,0,20,0.674,0
orange_pos_002037_20260510_222645_441.png,20,20,0.674,0
orange_pos_002037_20260510_222645_441.png,40,20,0.684,0
orange_pos_002037_20260510_222645_441.png,60,20,0.687,0
orange_pos_002037_20260510_222645_441.png,80,20,0.674,0
orange_pos_002037_20260510_222645_441.png,100,20,0.674,0
orange_pos_002037_20260510_222645_441.png,120,20,0.674,0
orange_pos_002037_20260510_222645_441.png,140,20,0.674,0
orange_pos_002037_20260510_222645_441.png,0,40,0.753,0
orange_pos_002037_20260510_222645_441.png,20,40,0.674,0
orange_pos_002037_20260510_222645_441.png,40,40,1.604,0
orange_pos_002037_20260510_222645_441.png,60,40,0.678,0
orange_pos_002037_20260510_222645_441.png,80,40,0.674,0
orange_pos_002037_20260510_222645_441.png,100,40,0.674,0
orange_pos_002037_20260510_222645_441.png,120,40,0.674,0
orange_pos_002037_20260510_222645_441.png,140,40,1.695,0
orange_pos_002037_20260510_222645_441.png,0,60,0.958,0
orange_pos_002037_20260510_222645_441.png,20,60,0.674,0
orange_pos_002037_20260510_222645_441.png,40,60,1.240,0
orange_pos_002037_20260510_222645_441.png,60,60,0.674,0
orange_pos_002037_20260510_222645_441.png,80,60,0.674,0
orange_pos_002037_20260510_222645_441.png,100,60,0.674,0
orange_pos_002037_20260510_222645_441.png,120,60,0.674,0
orange_pos_002037_20260510_222645_441.png,140,60,1.846,0
orange_pos_002037_20260510_222645_441.png,0,80,0.771,0
orange_pos_002037_20260510_222645_441.png,20,80,0.674,0
orange_pos_002037_20260510_222645_441.png,40,80,1.781,0
orange_pos_002037_20260510_222645_441.png,60,80,20.669,0
orange_pos_002037_20260510_222645_441.png,80,80,166.213,1
orange_pos_002037_20260510_222645_441.png,100,80,30.578,0
orange_pos_002037_20260510_222645_441.png,120,80,0.674,0
orange_pos_002037_20260510_222645_441.png,140,80,1.841,0
orange_pos_002037_20260510_222645_441.png,0,100,0.785,0
orange_pos_002037_20260510_222645_441.png,20,100,0.852,0
orange_pos_002037_20260510_222645_441.png,40,100,4.338,0
orange_pos_002037_20260510_222645_441.png,60,100,20.782,0
orange_pos_002037_20260510_222645_441.png,80,100,161.482,1
orange_pos_002037_20260510_222645_441.png,100,100,28.644,0
orange_pos_002037_20260510_222645_441.png,120,100,1.099,0
orange_pos_002037_20260510_222645_441.png,140,100,1.030,0
orange_pos_002038_20260510_222647_668.png,0,0,0.869,0
orange_pos_002038_20260510_222647_668.png,20,0,0.674,0
orange_pos_002038_20260510_222647_668.png,40,0,1.356,0
orange_pos_002038_20260510_222647_668.png,60,0,1.317,0
orange_pos_002038_20260510_222647_668.png,80,0,0.690,0
orange_pos_002038_20260510_222647_668.png,100,0,0.674,0
orange_pos_002038_20260510_222647_668.png,120,0,0.674,0
orange_pos_002038_20260510_222647_668.png,140,0,0.679,0
orange_pos_002038_20260510_222647_668.png,0,20,0.674,0
orange_pos_002038_20260510_222647_668.png,20,20,0.674,0
orange_pos_002038_20260510_222647_668.png,40,20,0.674,0
orange_pos_002038_20260510_222647_668.png,60,20,0.674,0
orange_pos_002038_20260510_222647_668.png,80,20,0.674,0
orange_pos_002038_20260510_222647_668.png,100,20,0.674,0
orange_pos_002038_20260510_222647_668.png,120,20,0.674,0
orange_pos_002038_20260510_222647_668.png,140,20,0.763,0
orange_pos_002038_20260510_222647_668.png,0,40,0.696,0
orange_pos_002038_20260510_222647_668.png,20,40,0.674,0
orange_pos_002038_20260510_222647_668.png,40,40,38.995,0
orange_pos_002038_20260510_222647_668.png,60,40,51.648,0
orange_pos_002038_20260510_222647_668.png,80,40,0.971,0
orange_pos_002038_20260510_222647_668.png,100,40,0.674,0
orange_pos_002038_20260510_222647_668.png,120,40,0.674,0
orange_pos_002038_20260510_222647_668.png,140,40,0.756,0
orange_pos_002038_20260510_222647_668.png,0,60,0.706,0
orange_pos_002038_20260510_222647_668.png,20,60,0.674,0
orange_pos_002038_20260510_222647_668.png,40,60,247.365,1
orange_pos_002038_20260510_222647_668.png,60,60,255.000,1
orange_pos_002038_20260510_222647_668.png,80,60,0.674,0
orange_pos_002038_20260510_222647_668.png,100,60,0.674,0
orange_pos_002038_20260510_222647_668.png,120,60,0.674,0
orange_pos_002038_20260510_222647_668.png,140,60,0.674,0
orange_pos_002038_20260510_222647_668.png,0,80,0.674,0
orange_pos_002038_20260510_222647_668.png,20,80,0.674,0
orange_pos_002038_20260510_222647_668.png,40,80,48.884,0
orange_pos_002038_20260510_222647_668.png,60,80,52.012,0
orange_pos_002038_20260510_222647_668.png,80,80,0.674,0
orange_pos_002038_20260510_222647_668.png,100,80,0.674,0
orange_pos_002038_20260510_222647_668.png,120,80,0.674,0
orange_pos_002038_20260510_222647_668.png,140,80,0.674,0
orange_pos_002038_20260510_222647_668.png,0,100,0.685,0
orange_pos_002038_20260510_222647_668.png,20,100,0.761,0
orange_pos_002038_20260510_222647_668.png,40,100,1.260,0
orange_pos_002038_20260510_222647_668.png,60,100,0.829,0
orange_pos_002038_20260510_222647_668.png,80,100,0.674,0
orange_pos_002038_20260510_222647_668.png,100,100,0.674,0
orange_pos_002038_20260510_222647_668.png,120,100,0.674,0
orange_pos_002038_20260510_222647_668.png,140,100,0.692,0
orange_pos_002039_20260510_222649_719.png,0,0,1.361,0
orange_pos_002039_20260510_222649_719.png,20,0,0.674,0
orange_pos_002039_20260510_222649_719.png,40,0,12.479,0
orange_pos_002039_20260510_222649_719.png,60,0,20.961,0
orange_pos_002039_20260510_222649_719.png,80,0,15.091,0
orange_pos_002039_20260510_222649_719.png,100,0,6.274,0
orange_pos_002039_20260510_222649_719.png,120,0,10.609,0
orange_pos_002039_20260510_222649_719.png,140,0,1.315,0
orange_pos_002039_20260510_222649_719.png,0,20,1.326,0
orange_pos_002039_20260510_222649_719.png,20,20,0.674,0
orange_pos_002039_20260510_222649_719.png,40,20,0.953,0
orange_pos_002039_20260510_222649_719.png,60,20,166.282,1
orange_pos_002039_20260510_222649_719.png,80,20,176.457,1
orange_pos_002039_20260510_222649_719.png,100,20,3.209,0
orange_pos_002039_20260510_222649_719.png,120,20,4.409,0
orange_pos_002039_20260510_222649_719.png,140,20,13.052,0
orange_pos_002039_20260510_222649_719.png,0,40,1.179,0
orange_pos_002039_20260510_222649_719.png,20,40,0.752,0
orange_pos_002039_20260510_222649_719.png,40,40,11.668,0
orange_pos_002039_20260510_222649_719.png,60,40,106.288,1
orange_pos_002039_20260510_222649_719.png,80,40,103.293,1
orange_pos_002039_20260510_222649_719.png,100,40,5.367,0
orange_pos_002039_20260510_222649_719.png,120,40,4.034,0
orange_pos_002039_20260510_222649_719.png,140,40,3.850,0
orange_pos_002039_20260510_222649_719.png,0,60,1.001,0
orange_pos_002039_20260510_222649_719.png,20,60,0.674,0
orange_pos_002039_20260510_222649_719.png,40,60,10.256,0
orange_pos_002039_20260510_222649_719.png,60,60,6.065,0
orange_pos_002039_20260510_222649_719.png,80,60,0.674,0
orange_pos_002039_20260510_222649_719.png,100,60,0.674,0
orange_pos_002039_20260510_222649_719.png,120,60,0.674,0
orange_pos_002039_20260510_222649_719.png,140,60,2.484,0
orange_pos_002039_20260510_222649_719.png,0,80,1.246,0
orange_pos_002039_20260510_222649_719.png,20,80,0.681,0
orange_pos_002039_20260510_222649_719.png,40,80,14.362,0
orange_pos_002039_20260510_222649_719.png,60,80,7.832,0
orange_pos_002039_20260510_222649_719.png,80,80,0.674,0
orange_pos_002039_20260510_222649_719.png,100,80,0.767,0
orange_pos_002039_20260510_222649_719.png,120,80,1.897,0
orange_pos_002039_20260510_222649_719.png,140,80,8.078,0
orange_pos_002039_20260510_222649_719.png,0,100,1.180,0
orange_pos_002039_20260510_222649_719.png,20,100,2.547,0
orange_pos_002039_20260510_222649_719.png,40,100,19.543,0
orange_pos_002039_20260510_222649_719.png,60,100,8.444,0
orange_pos_002039_20260510_222649_719.png,80,100,0.674,0
orange_pos_002039_20260510_222649_719.png,100,100,1.132,0
orange_pos_002039_20260510_222649_719.png,120,100,4.011,0
orange_pos_002039_20260510_222649_719.png,140,100,9.488,0
orange_pos_002040_20260510_222650_094.png,0,0,1.361,0
orange_pos_002040_20260510_222650_094.png,20,0,0.674,0
orange_pos_002040_20260510_222650_094.png,40,0,12.479,0
orange_pos_002040_20260510_222650_094.png,60,0,20.961,0
orange_pos_002040_20260510_222650_094.png,80,0,15.091,0
orange_pos_002040_20260510_222650_094.png,100,0,6.274,0
orange_pos_002040_20260510_222650_094.png,120,0,10.609,0
orange_pos_002040_20260510_222650_094.png,140,0,1.315,0
orange_pos_002040_20260510_222650_094.png,0,20,1.326,0
orange_pos_002040_20260510_222650_094.png,20,20,0.674,0
orange_pos_002040_20260510_222650_094.png,40,20,0.953,0
orange_pos_002040_20260510_222650_094.png,60,20,166.282,1
orange_pos_002040_20260510_222650_094.png,80,20,176.457,1
orange_pos_002040_20260510_222650_094.png,100,20,3.209,0
orange_pos_002040_20260510_222650_094.png,120,20,4.409,0
orange_pos_002040_20260510_222650_094.png,140,20,13.052,0
orange_pos_002040_20260510_222650_094.png,0,40,1.179,0
orange_pos_002040_20260510_222650_094.png,20,40,0.752,0
orange_pos_002040_20260510_222650_094.png,40,40,11.668,0
orange_pos_002040_20260510_222650_094.png,60,40,106.288,1
orange_pos_002040_20260510_222650_094.png,80,40,103.293,1
orange_pos_002040_20260510_222650_094.png,100,40,5.367,0
orange_pos_002040_20260510_222650_094.png,120,40,4.034,0
orange_pos_002040_20260510_222650_094.png,140,40,3.850,0
orange_pos_002040_20260510_222650_094.png,0,60,1.001,0
orange_pos_002040_20260510_222650_094.png,20,60,0.674,0
orange_pos_002040_20260510_222650_094.png,40,60,10.256,0
orange_pos_002040_20260510_222650_094.png,60,60,6.065,0
orange_pos_002040_20260510_222650_094.png,80,60,0.674,0
orange_pos_002040_20260510_222650_094.png,100,60,0.674,0
orange_pos_002040_20260510_222650_094.png,120,60,0.674,0
orange_pos_002040_20260510_222650_094.png,140,60,2.484,0
orange_pos_002040_20260510_222650_094.png,0,80,1.246,0
orange_pos_002040_20260510_222650_094.png,20,80,0.681,0
orange_pos_002040_20260510_222650_094.png,40,80,14.362,0
orange_pos_002040_20260510_222650_094.png,60,80,7.832,0
orange_pos_002040_20260510_222650_094.png,80,80,0.674,0
orange_pos_002040_20260510_222650_094.png,100,80,0.767,0
orange_pos_002040_20260510_222650_094.png,120,80,1.897,0
orange_pos_002040_20260510_222650_094.png,140,80,8.078,0
orange_pos_002040_20260510_222650_094.png,0,100,1.180,0
orange_pos_002040_20260510_222650_094.png,20,100,2.547,0
orange_pos_002040_20260510_222650_094.png,40,100,19.543,0
orange_pos_002040_20260510_222650_094.png,60,100,8.444,0
orange_pos_002040_20260510_222650_094.png,80,100,0.674,0
orange_pos_002040_20260510_222650_094.png,100,100,1.132,0
orange_pos_002040_20260510_222650_094.png,120,100,4.011,0
orange_pos_002040_20260510_222650_094.png,140,100,9.488,0
